pdb_id,emdb_ids,resolution,release_date,title,polymer_composition,reconstruction_method
10AC,EMD-75023,2.47,2026-08-12T00:00:00.000+00:00,Cryo-EM structure of major outer membrane protein (PorA) in C. jejuni,homomeric protein,SINGLE PARTICLE
10AD,EMD-75024,3.44,2026-02-04T00:00:00.000+00:00,Cryo-EM structure of the human BK channel bound to the agonist NS1619,homomeric protein,SINGLE PARTICLE
10AL,EMD-75028,2.45,2026-09-16T00:00:00.000+00:00,indoleacetate decarboxylase with bound indole-3-acetate,homomeric protein,SINGLE PARTICLE
10AM,EMD-75029,3.13,2026-08-12T00:00:00.000+00:00,C. Jejuni Simpl-Like Protein,homomeric protein,SINGLE PARTICLE
10AW,EMD-75037,2.82,2026-08-12T00:00:00.000+00:00,Cryo-EM structure of 50 kDa outer membrane protein (omp50) in C. jejuni,homomeric protein,SINGLE PARTICLE
10AY,EMD-75038,2.9,2026-04-22T00:00:00.000+00:00,Cryo-EM structure of CRBN-DDB1 in complex with HBS1L and TNG961,heteromeric protein,SINGLE PARTICLE
10BU,EMD-75053,3.2,2026-05-27T00:00:00.000+00:00,Adenovirus hexon displaying BAP insertion in the HVR5 region,homomeric protein,SINGLE PARTICLE
10DB,EMD-75081,2.74,2026-08-12T00:00:00.000+00:00,Cryo-EM structure of major outer membrane protein (PorA) with Loop4 missing,homomeric protein,SINGLE PARTICLE
10DK,EMD-75090,3.22,2026-05-27T00:00:00.000+00:00,Structure of an adenovirus hexon with Zwitterionic insertion in HVR5,homomeric protein,SINGLE PARTICLE
10DN,EMD-75093,2.81,2026-08-12T00:00:00.000+00:00,Cryo-EM structure of 50 kDa outer membrane protein (omp50) with no N-ternimal helix,homomeric protein,SINGLE PARTICLE
10DP,EMD-75094,3.25,2026-05-27T00:00:00.000+00:00,Human adenovirus hexon and polyclonal antibody complex,homomeric protein,SINGLE PARTICLE
10DW,EMD-75101,2.9,2026-08-12T00:00:00.000+00:00,Structure of CRBN/DDB1dB-KAT2A-Compound4 ternary complex,heteromeric protein,SINGLE PARTICLE
10ED,EMD-75104,1.95,2026-08-26T00:00:00.000+00:00,CbrXA SLC5-STAC domains,heteromeric protein,SINGLE PARTICLE
10EG,EMD-75106,3.4,2026-07-01T00:00:00.000+00:00,Thermosynechococcus vestitus (BP-1) Photosystem I Complexed with Platinum Nanoparticles,heteromeric protein,SINGLE PARTICLE
10EN,EMD-75112,3.7,2026-03-25T00:00:00.000+00:00,"SK3D-Matured in complex with GluN1-GluN2B, full refinement",heteromeric protein,SINGLE PARTICLE
10EO,EMD-75113,3.2,2026-05-27T00:00:00.000+00:00,Chloroplast Glutamyl Peptidase S781R in closed-closed conformation,homomeric protein,SINGLE PARTICLE
10EP,EMD-75114,3.2,2026-05-27T00:00:00.000+00:00,Chloroplast Glutamyl Peptidase S781R in open-closed conformation,homomeric protein,SINGLE PARTICLE
10EQ,EMD-75115,3.3,2026-05-27T00:00:00.000+00:00,Chloroplast Glutamyl Peptidase WT in open-closed conformation,homomeric protein,SINGLE PARTICLE
10ER,EMD-75116,3.2,2026-05-27T00:00:00.000+00:00,Chloroplast Glutamyl Peptidase S781R in open-open conformation,homomeric protein,SINGLE PARTICLE
10ES,EMD-75117,3.0,2026-05-27T00:00:00.000+00:00,Chloroplast Glutamyl Peptidase WT in open-open conformation,homomeric protein,SINGLE PARTICLE
10ET,EMD-75118,3.0,2026-05-27T00:00:00.000+00:00,Chloroplast Glutamyl Peptidase D855N in open-closed conformation,homomeric protein,SINGLE PARTICLE
10EU,EMD-75119,3.0,2026-05-27T00:00:00.000+00:00,Chloroplast Glutamyl Peptidase D855N in open-open conformation,homomeric protein,SINGLE PARTICLE
10EZ,EMD-75123,3.76,2026-03-25T00:00:00.000+00:00,"SK3D-Germline in complex with GluN1-GluN2B, full refinement",heteromeric protein,SINGLE PARTICLE
10FA,EMD-75124,3.52,2026-07-15T00:00:00.000+00:00,E. coli tRNA guanine transgylcosylase,homomeric protein,SINGLE PARTICLE
10FD,EMD-75127,3.09,2026-03-25T00:00:00.000+00:00,"SK5G-Matured in complex with GluN1-GluN2B, full refinement",heteromeric protein,SINGLE PARTICLE
10FI,EMD-75131,3.3,2026-07-08T00:00:00.000+00:00,apo CCAN purified from budding yeast,heteromeric protein,SINGLE PARTICLE
10FJ,EMD-75133,3.5,2026-07-01T00:00:00.000+00:00,FcgRIIa in complex with IV.3 Fab,heteromeric protein,SINGLE PARTICLE
10FL,EMD-75134,3.81,2026-03-25T00:00:00.000+00:00,SK5G-Germline,heteromeric protein,SINGLE PARTICLE
10FM,EMD-75135,3.03,2026-01-28T00:00:00.000+00:00,CryoEM structure of Aldehyde dehydrogenase from Francisella tularensis subsp. tularensis at 3.03A resolution,homomeric protein,SINGLE PARTICLE
10FT,EMD-75142,3.21,2026-02-25T00:00:00.000+00:00,Cryo-EM structure of receptor tyrosine kinase ROS1 in complex with NELL2,heteromeric protein,SINGLE PARTICLE
10GH,EMD-75151;EMD-45172,3.06,2026-02-25T00:00:00.000+00:00,Cryo-EM structure of Receptor Tyrosine Kinase ROS1 in complex with Fab-RX5,protein/oligosaccharide,SINGLE PARTICLE
10GX,EMD-75163,3.2,2026-07-22T00:00:00.000+00:00,Yeast Blm10 apo Structure,homomeric protein,SINGLE PARTICLE
10JA,EMD-75211,3.43,2026-08-26T00:00:00.000+00:00,Cryo-EM structure of Gi-coupled GPR84 in complex with OX04539,heteromeric protein,SINGLE PARTICLE
10JB,EMD-75212,3.22,2026-08-26T00:00:00.000+00:00,Cryo-EM structure of Gi-coupled GPR84 in complex with OX04539 and PSB-16671,heteromeric protein,SINGLE PARTICLE
10KF,EMD-75232,3.57,2026-09-02T00:00:00.000+00:00,Cryo-EM structure of a chemically treated Cyanobacterial Photosystem I core with bound platinum nanoparticles,heteromeric protein,SINGLE PARTICLE
10LM,EMD-75270,3.5,2026-09-02T00:00:00.000+00:00,Native flagellar filament from Leptospira biflexa,heteromeric protein,SINGLE PARTICLE
10MT,EMD-75294,3.7,2026-07-22T00:00:00.000+00:00,"C2 symmetry expanded and subtracted 20S Proteasome, Blm10, Fub1 Complex Halfmer",heteromeric protein,SINGLE PARTICLE
10MU,EMD-75295,3.16,2026-03-11T00:00:00.000+00:00,SARS-CoV-2 S2 in complex with polyclonal Fab_Donor2,protein/oligosaccharide,SINGLE PARTICLE
10MY,EMD-75296,3.44,2026-05-20T00:00:00.000+00:00,"Single particle reconstruction of PilU from Vibrio cholerae El Tor E7946, form 1",homomeric protein,SINGLE PARTICLE
10MZ,EMD-75297,3.68,2026-05-20T00:00:00.000+00:00,"Single particle reconstruction of PilU from Vibrio cholerae El Tor E7946, form 2",homomeric protein,SINGLE PARTICLE
10NA,EMD-75298,3.49,2026-05-20T00:00:00.000+00:00,"Single particle reconstruction of PilU from Vibrio cholerae El Tor E7946, form 3",homomeric protein,SINGLE PARTICLE
10NB,EMD-75299,3.76,2026-05-20T00:00:00.000+00:00,"Single particle reconstruction of PilU from Vibrio cholerae El Tor E7946, form 4",homomeric protein,SINGLE PARTICLE
10NK,EMD-75305,3.95,2026-09-02T00:00:00.000+00:00,Xenopus KCNQ1 Intermediate State (E1R/R2E) in complex with UCL2077,heteromeric protein,SINGLE PARTICLE
10NL,EMD-75306,3.81,2026-09-02T00:00:00.000+00:00,Xenopus KCNQ1 in complex with UCL2077,heteromeric protein,SINGLE PARTICLE
10NM,EMD-75307,2.92,2026-04-08T00:00:00.000+00:00,CRYO-EM STRUCTURE OF THE A149T DIMER VARIANT OF SERINE HYDROXYMETHYLTRANSFERASE 8 FROM SOYBEAN CULTIVAR ESSEX IN COMPLEX WITH PLP,homomeric protein,SINGLE PARTICLE
10OP,EMD-75339,2.63,2026-03-18T00:00:00.000+00:00,"Cryo-EM structure of Sudan Ebolavirus GP bound by three neutralizing antibodies 545S, 523S and 294S",protein/oligosaccharide,SINGLE PARTICLE
10OR,EMD-75340,2.46,2026-03-18T00:00:00.000+00:00,"Cryo-EM structure of Sudan Ebolavirus GP bound by three neutralizing antibodies 316L, 523S and 294S",protein/oligosaccharide,SINGLE PARTICLE
10OZ,EMD-75366,3.06,2026-05-06T00:00:00.000+00:00,Structure of PDE5 PDE6 chimera,heteromeric protein,SINGLE PARTICLE
10PL,EMD-75374,3.44,2026-07-01T00:00:00.000+00:00,Asymmetric architecture and adaptation of Treponema flagella,heteromeric protein,SINGLE PARTICLE
10PM,EMD-75375,3.67,2026-07-01T00:00:00.000+00:00,Asymmetric architecture and adaptation of Treponema flagella,homomeric protein,SINGLE PARTICLE
10PP,EMD-75376,3.72,2026-07-01T00:00:00.000+00:00,Asymmetric architecture and adaptation of Treponema flagella,homomeric protein,SINGLE PARTICLE
10QQ,EMD-75391,2.13,2026-03-18T00:00:00.000+00:00,Structure of human VCP/p97 dodecamer bound to ADP (DMSO control),homomeric protein,SINGLE PARTICLE
10QR,EMD-75392,2.3,2026-03-18T00:00:00.000+00:00,Structure of human VCP/p97 hexamer bound to ADP (DMSO control),homomeric protein,SINGLE PARTICLE
10QT,EMD-75393,3.4,2026-07-22T00:00:00.000+00:00,"C2 expanded and subtracted 20S Alpha 3 Deletion proteasome core particle in complex with Blm10, Halfmer",heteromeric protein,SINGLE PARTICLE
10RI,EMD-75407,3.6,2026-06-10T00:00:00.000+00:00,"Dimeric complex of VEGF, VEGFR2 and Neuropilin 1",heteromeric protein,SINGLE PARTICLE
10RJ,EMD-75408,3.34,2026-06-10T00:00:00.000+00:00,"Heparin-induced cis tetrameric complex of VEGF, VEGFR2 and Neuropilin 1",protein/oligosaccharide,SINGLE PARTICLE
10RK,EMD-75409,3.65,2026-06-10T00:00:00.000+00:00,"Heparin-induced trans tetrameric complex of VEGF, VEGFR2 and Neuropilin 1",protein/oligosaccharide,SINGLE PARTICLE
10RN,EMD-75411,3.6,2026-08-26T00:00:00.000+00:00,Human RNase PNK bound to ATPyS ligand,heteromeric protein,SINGLE PARTICLE
10RX,EMD-75424,2.51,2026-04-29T00:00:00.000+00:00,"SthK closed state at low temperature, cAMP-bound in DOPC nanodiscs",homomeric protein,SINGLE PARTICLE
10SJ,EMD-75436,3.7,2026-07-22T00:00:00.000+00:00,20S Alpha 3 Deletion proteasome core particle in complex with Blm10,heteromeric protein,SINGLE PARTICLE
10SM,EMD-75437,3.5,2026-05-27T00:00:00.000+00:00,Importin-9 bound to ETS homologous factor (EHF),heteromeric protein,SINGLE PARTICLE
10TL,EMD-71869,3.5,2026-05-27T00:00:00.000+00:00,Cryo-EM structure of human MOR bound with DAMGO and BMS986187,heteromeric protein,SINGLE PARTICLE
10TM,EMD-71871,3.0,2026-05-27T00:00:00.000+00:00,Cryo-EM structure of MOR bound with DAMGO,heteromeric protein,SINGLE PARTICLE
10TP,EMD-75462,3.6,2026-03-11T00:00:00.000+00:00,ArsB from L. ferriphilum in inward-facing state (parallel dimer),homomeric protein,SINGLE PARTICLE
10TQ,EMD-75463,3.1,2026-03-11T00:00:00.000+00:00,ArsB from L. ferriphilum in inward-facing state (antiparallel dimer),homomeric protein,SINGLE PARTICLE
10TU,EMD-75467,3.2,2026-03-11T00:00:00.000+00:00,ArsB from L. ferriphilum bound to arsenite in inward-facing state (parallel dimer),homomeric protein,SINGLE PARTICLE
10UA,EMD-75468,3.1,2026-03-11T00:00:00.000+00:00,ArsB from L. ferriphilum bound to antimonite in inward-facing state (antiparallel dimer),homomeric protein,SINGLE PARTICLE
10UJ,EMD-75470,3.9,2026-06-03T00:00:00.000+00:00,Hna Monomer,homomeric protein,SINGLE PARTICLE
10UP,EMD-75471,2.86,2026-09-09T00:00:00.000+00:00,Structure of human TM6SF1,homomeric protein,SINGLE PARTICLE
10WC,EMD-75498,2.42,2026-05-20T00:00:00.000+00:00,"KpSwz DUF4062 (Hexamer, catalytic mutant E97A)",homomeric protein,SINGLE PARTICLE
10XW,EMD-75516,3.5,2026-07-15T00:00:00.000+00:00,C6 Tail assembly of phage Oekolampad (Bas18),homomeric protein,SINGLE PARTICLE
10ZK,EMD-75566,2.73,2026-07-15T00:00:00.000+00:00,CryoEM structure of Gluconacetobacter diazotrophicus nitrogenase complex (2:1 FeP:MoFeP) inhibited by BeFx (C2 symmetry),heteromeric protein,SINGLE PARTICLE
10ZL,EMD-75567,2.15,2026-07-15T00:00:00.000+00:00,CryoEM structure of Gluconacetobacter diazotrophicus MoFeP (C2 symmetry),heteromeric protein,SINGLE PARTICLE
10ZM,EMD-75568,2.22,2026-07-15T00:00:00.000+00:00,CryoEM structure of heterologous nitrogenase complex (2:1 G. diazotrophicus-FeP:A. vinelandii-MoFeP) inhibited by BeFx (C2 symmetry),heteromeric protein,SINGLE PARTICLE
10ZN,EMD-75569,2.92,2026-07-15T00:00:00.000+00:00,CryoEM structure of Heterologous nitrogenase complex (2:1 A. vinelandii-FeP:G. diazotrophicus-MoFeP) inhibited by BeFx (C2 symmetry),heteromeric protein,SINGLE PARTICLE
11AH,EMD-75585,3.6,2026-09-09T00:00:00.000+00:00,Cryo-EM structure of a bovine CLC-K S68N/R355K chloride channel,homomeric protein,SINGLE PARTICLE
11AI,EMD-75586,2.8,2026-09-09T00:00:00.000+00:00,Cryo-EM structure of a bovine CLC-K S68N/R355K chloride channel with inhibitor M-BIM1,homomeric protein,SINGLE PARTICLE
11AK,EMD-75588,3.0,2026-09-09T00:00:00.000+00:00,Cryo-EM structure of a bovine CLC-K S68N/R355K chloride channel with inhibitor M-BIM15,homomeric protein,SINGLE PARTICLE
11AM,EMD-75590,3.4,2026-09-09T00:00:00.000+00:00,Cryo-EM structure of a bovine CLC-K S68N/R355K chloride channel with 100 mM Ca2+,homomeric protein,SINGLE PARTICLE
11BC,EMD-75601,3.3,2026-05-13T00:00:00.000+00:00,Human Nap1 in complex with HIV-1 Rev,heteromeric protein,SINGLE PARTICLE
11BR,EMD-75606,3.37,2026-09-09T00:00:00.000+00:00,Structure of cholesterol binding deficient human TM6SF1,homomeric protein,SINGLE PARTICLE
11BT,EMD-75608,3.57,2026-08-19T00:00:00.000+00:00,C3 Hexon Map of Phage Goslar,homomeric protein,SINGLE PARTICLE
11CJ,EMD-75616,2.52,2026-06-03T00:00:00.000+00:00,Structure of human TRPV1 in Apo state,homomeric protein,SINGLE PARTICLE
11CK,EMD-75617,2.9,2026-06-03T00:00:00.000+00:00,Structure of human TRPV1 in complex with 6-Iodo-CAP (CAY10448),homomeric protein,SINGLE PARTICLE
11CL,EMD-75618,2.1,2026-06-03T00:00:00.000+00:00,Structure of human TRPV1 in complex with Asivatrep,homomeric protein,SINGLE PARTICLE
11CN,EMD-75619,2.37,2026-06-03T00:00:00.000+00:00,Structure of human TRPV1 in complex with Mavatrep,homomeric protein,SINGLE PARTICLE
11CO,EMD-75620,2.49,2026-06-03T00:00:00.000+00:00,Structure of human TRPV1 in Complex with JNJ-17203212,homomeric protein,SINGLE PARTICLE
11CQ,EMD-75622,2.53,2026-05-20T00:00:00.000+00:00,KpSwz in complex with bacteriophage Bas14 Portal,heteromeric protein,SINGLE PARTICLE
11CV,EMD-75626,2.66,2026-05-20T00:00:00.000+00:00,"KpSwz DUF4062 (Tetramer, catalytic mutant E97A)",homomeric protein,SINGLE PARTICLE
11CZ,EMD-75627,2.6,2026-09-23T00:00:00.000+00:00,Human Slo1-paxilline complex under divalent chelated condition - full model,homomeric protein,SINGLE PARTICLE
11DA,EMD-75628,2.57,2026-09-23T00:00:00.000+00:00,Human Slo1-PenitremA complex under divalent chelated condition - full model,homomeric protein,SINGLE PARTICLE
11DB,EMD-75629,2.71,2026-09-23T00:00:00.000+00:00,Human Slo1-Paxilline complex under divalent chelated condition - gating-ring masked,homomeric protein,SINGLE PARTICLE
11DC,EMD-75630,2.58,2026-09-23T00:00:00.000+00:00,Human Slo1-PenitremA complex under divalent chelated condition - gating-ring masked out,homomeric protein,SINGLE PARTICLE
11DD,EMD-75631,2.9,2026-09-23T00:00:00.000+00:00,Human Slo1-Charybdotoxin complex under divalent chelated condition,heteromeric protein,SINGLE PARTICLE
11DE,EMD-75632,3.0,2026-09-23T00:00:00.000+00:00,Human Slo1-Charybdotoxin complex under divalent chelated condition - gating ring masked map,heteromeric protein,SINGLE PARTICLE
11DF,EMD-75633,3.1,2026-09-23T00:00:00.000+00:00,Human Slo1-Iberiotoxin complex under divalent chelated condition - gating ring masked map,heteromeric protein,SINGLE PARTICLE
11DR,EMD-75638,2.62,2026-05-20T00:00:00.000+00:00,"Human Brain RNA Vault Shoulder bound to ADPR, focused refinement (EMPIAR-10766)",homomeric protein,SINGLE PARTICLE
11DV,EMD-75642,2.33,2026-05-20T00:00:00.000+00:00,"RNA Vault waist region, focused refinement (MVP/TEP1 sample)",homomeric protein,SINGLE PARTICLE
11EC,EMD-75645,3.22,2026-08-19T00:00:00.000+00:00,Tail Tube of Bacteriophage Goslar,homomeric protein,SINGLE PARTICLE
11ED,EMD-75646,3.82,2026-08-19T00:00:00.000+00:00,C12 Portal Assembly of Bacteriophage Goslar,heteromeric protein,SINGLE PARTICLE
11EE,EMD-75647,1.87,2026-05-20T00:00:00.000+00:00,"RNA Vault shoulder region with BAD bound, focused refinement (MVP/TEP1 sample)",homomeric protein,SINGLE PARTICLE
11EI,EMD-75649,3.36,2026-08-19T00:00:00.000+00:00,Tail Sheath of Bacteriophage Goslar,homomeric protein,SINGLE PARTICLE
11EQ,EMD-75656,2.17,2026-05-20T00:00:00.000+00:00,RNA Vault with BAD bound (MVP/TEP1 sample),homomeric protein,SINGLE PARTICLE
11EU,EMD-75586,2.8,2026-09-09T00:00:00.000+00:00,Cryo-EM structure of a bovine CLC-K S68N/R355K chloride channel with inhibitor P-BIM1,homomeric protein,SINGLE PARTICLE
11EV,EMD-75588,3.0,2026-09-09T00:00:00.000+00:00,Cryo-EM structure of a bovine CLC-K S68N/R355K chloride channel with inhibitor P-BIM15,homomeric protein,SINGLE PARTICLE
11FG,EMD-75663,3.57,2026-08-19T00:00:00.000+00:00,Penton Vertex Complex of Bacteriophage Goslar,heteromeric protein,SINGLE PARTICLE
11FH,EMD-75664,1.92,2026-05-20T00:00:00.000+00:00,RNA Vault cap (MVP/PARP4/TEP1 sample),homomeric protein,SINGLE PARTICLE
11FW,EMD-75669,3.35,2026-06-24T00:00:00.000+00:00,Cryo-EM structure of the bacteriophage N4 virion RNA polymerase (open plug state),homomeric protein,SINGLE PARTICLE
11GP,EMD-75681,3.43,2026-06-24T00:00:00.000+00:00,Cryo-EM structure of the bacteriophage N4 virion RNA polymerase (closed plug state),homomeric protein,SINGLE PARTICLE
11GQ,EMD-75682,3.54,2026-07-29T00:00:00.000+00:00,Cryo-EM structure of human CNNM4(E284A) tetramer with Magnesium and MgATP in outward-facing state,protein/oligosaccharide,SINGLE PARTICLE
11HF,EMD-75688,3.39,2026-08-19T00:00:00.000+00:00,Bacteriophage Goslar Tail Assembly,heteromeric protein,SINGLE PARTICLE
11HK,EMD-75694,2.7,2026-05-13T00:00:00.000+00:00,SARS-CoV-2 spike S2 trimer stabilized in the early fusion intermediate conformation (E-FICs-v3) bound to the VN01H1 Fab (Fab local refinement),heteromeric protein,SINGLE PARTICLE
11HL,EMD-75695,2.8,2026-05-13T00:00:00.000+00:00,SARS-CoV-2 spike S2 trimer stabilized in the early fusion intermediate conformation (E-FICs-v3) bound to the VN01H1 Fab (S2 local refinement),homomeric protein,SINGLE PARTICLE
11HM,EMD-75696,3.56,2026-08-26T00:00:00.000+00:00,1332D4-RBD KP3.1.1 Complex,heteromeric protein,SINGLE PARTICLE
11HN,EMD-75697,2.7,2026-03-18T00:00:00.000+00:00,SARS-CoV-2 spike S2 trimer stabilized in the early fusion intermediate conformation (E-FICs-v3) bound to C77G12 (S2 local refinement),homomeric protein,SINGLE PARTICLE
11HO,EMD-75698,3.26,2026-08-26T00:00:00.000+00:00,1332D4 Spike KP3.1.1 Complex,protein/oligosaccharide,SINGLE PARTICLE
11HW,EMD-75705,2.8,2026-05-13T00:00:00.000+00:00,SARS-CoV-2 spike S2 trimer stabilized in the early fusion intermediate conformation (E-FICs-v3) bound to C77G12 (Fab local refinement),heteromeric protein,SINGLE PARTICLE
11HZ,EMD-75707,3.36,2026-09-02T00:00:00.000+00:00,"Apo human TRPV2, wild-type",homomeric protein,SINGLE PARTICLE
11IA,EMD-75708,2.76,2026-09-02T00:00:00.000+00:00,"Apo human TRPV2, S651H/T654D/D655N",homomeric protein,SINGLE PARTICLE
11IB,EMD-75709,3.33,2026-09-02T00:00:00.000+00:00,"2-APB bound human TRPV2, S651H/T654D/D655N",homomeric protein,SINGLE PARTICLE
11ID,EMD-75711,2.95,2026-09-02T00:00:00.000+00:00,"apo rat TRPV2, H651S/D654T/N655D",homomeric protein,SINGLE PARTICLE
11IE,EMD-75712,3.07,2026-09-02T00:00:00.000+00:00,"2-APB bound rat TRPV2, H651S/D654T/N655D",homomeric protein,SINGLE PARTICLE
11IS,EMD-75725,3.23,2026-08-26T00:00:00.000+00:00,1332E5 Spike KP3.1.1 Complex,protein/oligosaccharide,SINGLE PARTICLE
11IT,EMD-75726,3.62,2026-08-26T00:00:00.000+00:00,1332E5-RBD KP3.1.1 Complex Local Refine,heteromeric protein,SINGLE PARTICLE
11IW,EMD-75729,3.01,2026-08-19T00:00:00.000+00:00,Mouse monoclonal antibody A2 in complex with rabies virus glycoprotein,heteromeric protein,SINGLE PARTICLE
11IY,EMD-75730,3.57,2026-05-06T00:00:00.000+00:00,Protocadherin-15 extracellular domains 1-7,homomeric protein,SINGLE PARTICLE
11JB,EMD-75731,2.16,2026-05-20T00:00:00.000+00:00,RNA Vault with ADPR bound (MVP/PARP4/TEP1 NADP sample),homomeric protein,SINGLE PARTICLE
11JC,EMD-75732,1.96,2026-05-20T00:00:00.000+00:00,"RNA Vault Shoulder with ADPR bound, compact conformation, focused refinement (MVP/PARP4/TEP1 NADP sample)",homomeric protein,SINGLE PARTICLE
11JD,EMD-75733,2.37,2026-05-20T00:00:00.000+00:00,"RNA Vault Shoulder with ADPR bound, extended conformation, focused refinement (MVP/PARP4/TEP1 NADP sample)",homomeric protein,SINGLE PARTICLE
11JF,EMD-75735,2.85,2026-05-20T00:00:00.000+00:00,"RNA Vault bound to PARP4 MINT, focused refinement (MVP/PARP4/TEP1 NADP sample)",heteromeric protein,SINGLE PARTICLE
11KM,EMD-75776,2.97,2026-07-22T00:00:00.000+00:00,SpACSA with propyl-AMP and CoA,homomeric protein,SINGLE PARTICLE
11LP,EMD-75811,2.92,2026-08-19T00:00:00.000+00:00,Mouse monoclonal antibody A11 in complex with rabies virus glycoprotein,heteromeric protein,SINGLE PARTICLE
11LQ,EMD-75813,3.24,2026-08-19T00:00:00.000+00:00,Human monoclonal antibodies 4C12 and 4H3 in complex with rabies virus glycoprotein,heteromeric protein,SINGLE PARTICLE
11LR,EMD-75814,3.16,2026-08-19T00:00:00.000+00:00,Human monoclonal antibody 8C5 in complex with rabies virus glycoprotein,heteromeric protein,SINGLE PARTICLE
11LS,EMD-75815,3.15,2026-08-19T00:00:00.000+00:00,Human Monoclonal Antibody RVC68 in complex with rabies virus glycoprotein,heteromeric protein,SINGLE PARTICLE
11LT,EMD-75818,2.63,2026-05-27T00:00:00.000+00:00,Cryo-EM structure of EV-D68 B3 VLP bound by neutralizing antibody 1E11,heteromeric protein,SINGLE PARTICLE
11LX,EMD-75829,3.88,2026-08-19T00:00:00.000+00:00,Bacteriophage Goslar Baseplate,heteromeric protein,SINGLE PARTICLE
11MG,EMD-75834,2.88,2026-06-17T00:00:00.000+00:00,"Cryo-EM Structure of Human C3 Pro-Convertase bound to the Compstatin Analog Cp60, TED Conformation 1",protein/oligosaccharide,SINGLE PARTICLE
11MH,EMD-75835,3.0,2026-06-17T00:00:00.000+00:00,"Cryo-EM Structure of Human C3 Pro-Convertase bound to the Compstatin Analog Cp60, TED Conformation 2",protein/oligosaccharide,SINGLE PARTICLE
11MN,EMD-75838,3.3,2026-06-10T00:00:00.000+00:00,N4 Periplasmic Tunnel Fragment,homomeric protein,SINGLE PARTICLE
11MR,EMD-75840,2.6,2026-05-06T00:00:00.000+00:00,Cryo-EM structure of CRBN in complex with HBS1L and TNG-4857 (focused refinement),heteromeric protein,SINGLE PARTICLE
11MS,EMD-75844,2.39,2026-04-08T00:00:00.000+00:00,Influenza A virus Hemagglutinin (A/Darwin/6/2021 H3N2) (C1 symmetry) determined using the SPT Labtech chameleon in the presence of 0.25x SurfACT,homomeric protein,SINGLE PARTICLE
11MT,EMD-75845,2.16,2026-04-08T00:00:00.000+00:00,Influenza A virus Hemagglutinin (A/Darwin/6/2021 H3N2) (C3 symmetry) determined using the SPT Labtech chameleon in the presence of 0.25x SurfACT,homomeric protein,SINGLE PARTICLE
11MU,EMD-75846,2.67,2026-04-08T00:00:00.000+00:00,Influenza A virus Hemagglutinin (A/Darwin/6/2021 H3N2) (C1 symmetry) determined using the SPT Labtech chameleon in the presence of 1x SurfACT,homomeric protein,SINGLE PARTICLE
11MV,EMD-75847,2.47,2026-04-08T00:00:00.000+00:00,Influenza A virus Hemagglutinin (A/Darwin/6/2021 H3N2) (C3 symmetry) determined using the SPT Labtech chameleon in the presence of 1x SurfACT,homomeric protein,SINGLE PARTICLE
11MX,EMD-75851,2.94,2026-04-08T00:00:00.000+00:00,"Influenza A virus Hemagglutinin (A/California/04/2009 H1N1), E47K HA2 stabilizing mutation (C1 symmetry) determined using the SPT Labtech chameleon in the presence of 0.25x SurfACT",homomeric protein,SINGLE PARTICLE
11MY,EMD-75852,3.0,2026-09-23T00:00:00.000+00:00,Cryo-EM structure of trimeric Nitrogenase MoFe protein from Methanosarcina acetivorans bound to the NifI inhibitor complex,heteromeric protein,SINGLE PARTICLE
11MZ,EMD-75853,2.64,2026-04-08T00:00:00.000+00:00,"Influenza A virus Hemagglutinin (A/California/04/2009 H1N1), E47K HA2 stabilizing mutation (C3 symmetry) determined using the SPT Labtech chameleon in the presence of 0.25x SurfACT",homomeric protein,SINGLE PARTICLE
11NA,EMD-75854,2.69,2026-04-08T00:00:00.000+00:00,Azotobacter vinelandii MoFeP (C1 symmetry) determined using the SPT Labtech chameleon in the presence of 0x SurfACT,heteromeric protein,SINGLE PARTICLE
11NB,EMD-75855,2.46,2026-04-08T00:00:00.000+00:00,Azotobacter vinelandii MoFeP (C2 symmetry) determined using the SPT Labtech chameleon in the presence of 0x SurfACT,heteromeric protein,SINGLE PARTICLE
11NC,EMD-75856,2.16,2026-04-08T00:00:00.000+00:00,Azotobacter vinelandii MoFeP (C1 symmetry) determined using the SPT Labtech chameleon in the presence of 0.25x SurfACT,heteromeric protein,SINGLE PARTICLE
11ND,EMD-75857,2.06,2026-04-08T00:00:00.000+00:00,Azotobacter vinelandii MoFeP (C2 symmetry) determined using the SPT Labtech chameleon in the presence of 0.25x SurfACT,heteromeric protein,SINGLE PARTICLE
11NE,EMD-75858,2.49,2026-04-08T00:00:00.000+00:00,Azotobacter vinelandii MoFeP (C1 symmetry) determined using the SPT Labtech chameleon in the presence of 1x SurfACT,heteromeric protein,SINGLE PARTICLE
11NF,EMD-75859,2.34,2026-04-08T00:00:00.000+00:00,Azotobacter vinelandii MoFeP (C2 symmetry) determined using the SPT Labtech chameleon in the presence of 1x SurfACT,heteromeric protein,SINGLE PARTICLE
11NH,EMD-75860,2.42,2026-04-08T00:00:00.000+00:00,Rabbit muscle Aldolase (C1 symmetry) determined using the SPT Labtech chameleon in the presence of 0x SurfACT,homomeric protein,SINGLE PARTICLE
11NI,EMD-75861,2.27,2026-04-08T00:00:00.000+00:00,Rabbit muscle Aldolase (D2 symmetry) determined using the SPT Labtech chameleon in the presence of 0x SurfACT,homomeric protein,SINGLE PARTICLE
11NJ,EMD-75862,2.4,2026-04-08T00:00:00.000+00:00,Rabbit muscle Aldolase (C1 symmetry) determined using the SPT Labtech chameleon in the presence of 0.25x SurfACT,homomeric protein,SINGLE PARTICLE
11NK,EMD-75863,2.17,2026-04-08T00:00:00.000+00:00,Rabbit muscle Aldolase (D2 symmetry) determined using the SPT Labtech chameleon in the presence of 0.25x SurfACT,homomeric protein,SINGLE PARTICLE
11NL,EMD-75864,2.41,2026-04-08T00:00:00.000+00:00,Rabbit muscle Aldolase (C1 symmetry) determined using the SPT Labtech chameleon in the presence of 0.5x SurfACT,homomeric protein,SINGLE PARTICLE
11NM,EMD-75865,2.19,2026-04-08T00:00:00.000+00:00,Rabbit muscle Aldolase (D2 symmetry) determined using the SPT Labtech chameleon in the presence of 0.5x SurfACT,homomeric protein,SINGLE PARTICLE
11NN,EMD-75866,2.34,2026-04-08T00:00:00.000+00:00,Rabbit muscle Aldolase (C1 symmetry) determined using the SPT Labtech chameleon in the presence of 1x SurfACT,homomeric protein,SINGLE PARTICLE
11NO,EMD-75867,2.1,2026-04-08T00:00:00.000+00:00,Rabbit muscle Aldolase (D2 symmetry) determined using the SPT Labtech chameleon in the presence of 1x SurfACT,homomeric protein,SINGLE PARTICLE
11NP,EMD-75868,2.43,2026-04-08T00:00:00.000+00:00,Rabbit muscle Aldolase (C1 symmetry) determined using the SPT Labtech chameleon (gold-coated grids) in the presence of 1x SurfACT,homomeric protein,SINGLE PARTICLE
11NR,EMD-75869,2.17,2026-04-08T00:00:00.000+00:00,Rabbit muscle Aldolase (D2 symmetry) determined using the SPT Labtech chameleon (gold-coated grids) in the presence of 1x SurfACT,homomeric protein,SINGLE PARTICLE
11NT,EMD-75870,2.25,2026-04-08T00:00:00.000+00:00,Rabbit muscle Aldolase (C1 symmetry) determined using the TFS Vitrobot Mark IV in the presence of 0x SurfACT,homomeric protein,SINGLE PARTICLE
11NU,EMD-75871,1.97,2026-04-08T00:00:00.000+00:00,Rabbit muscle Aldolase (D2 symmetry) determined using the TFS Vitrobot Mark IV in the presence of 0x SurfACT,homomeric protein,SINGLE PARTICLE
11NW,EMD-75873,2.16,2026-04-08T00:00:00.000+00:00,Rabbit muscle Aldolase (C1 symmetry) determined using the TFS Vitrobot Mark IV in the presence of 1x SurfACT,homomeric protein,SINGLE PARTICLE
11NX,EMD-75874,1.98,2026-04-08T00:00:00.000+00:00,Rabbit muscle Aldolase (D2 symmetry) determined using the TFS Vitrobot Mark IV in the presence of 1x SurfACT,homomeric protein,SINGLE PARTICLE
11OB,EMD-75878,2.38,2026-04-08T00:00:00.000+00:00,Rabbit muscle Aldolase (C1 symmetry) determined using a manually-operated plunging device in the presence of 0.25x SurfACT,homomeric protein,SINGLE PARTICLE
11OC,EMD-75879,2.18,2026-04-08T00:00:00.000+00:00,Rabbit muscle Aldolase (D2 symmetry) determined using a manually-operated plunging device in the presence of 0.25x SurfACT,homomeric protein,SINGLE PARTICLE
11OH,EMD-75885,3.58,2026-08-19T00:00:00.000+00:00,Cryo-EM structure of human DNMT3A homo-tetramer,homomeric protein,SINGLE PARTICLE
11OI,EMD-75886,3.66,2026-08-19T00:00:00.000+00:00,Cryo-EM structure of human DNMT3A homo-hexamer,homomeric protein,SINGLE PARTICLE
11OL,EMD-75887,3.2,2026-04-08T00:00:00.000+00:00,SARS-CoV-2 Omicron BA.4 RBD in complex with Omi32 Fab and LC-Kappa VHH,heteromeric protein,SINGLE PARTICLE
11OO,EMD-75889,3.4,2026-04-08T00:00:00.000+00:00,SARS-CoV-2 Omicron BA.4 RBD in complex with Omi32 germline Fab and LC-Kappa VHH,heteromeric protein,SINGLE PARTICLE
11OQ,EMD-75891,3.2,2026-04-08T00:00:00.000+00:00,SARS-CoV-2 Omicron BA.1 RBD in complex with Omi32 germline Fab and LC-Kappa VHH,heteromeric protein,SINGLE PARTICLE
11OR,EMD-75892,3.2,2026-04-08T00:00:00.000+00:00,Omi32 Fab in complex with LC-Kappa VHH,heteromeric protein,SINGLE PARTICLE
11OU,EMD-75893,3.2,2026-04-08T00:00:00.000+00:00,Omi32 germline Fab in complex with LC-Kappa VHH,heteromeric protein,SINGLE PARTICLE
11OV,EMD-75894,2.83,2026-05-27T00:00:00.000+00:00,Cryo-EM structure of EV-D68 B3 VLP bound by neutralizing antibody 5H03,heteromeric protein,SINGLE PARTICLE
11QC,EMD-75944,2.4,2026-05-27T00:00:00.000+00:00,Human transferrin receptor ectodomain,homomeric protein,SINGLE PARTICLE
11RM,EMD-75979,2.95,2026-07-29T00:00:00.000+00:00,Cryo-EM structure of human exportin-1 conjugated with FR-027*,homomeric protein,SINGLE PARTICLE
11RN,EMD-75980,2.4,2026-05-27T00:00:00.000+00:00,Complex of B19V VP1u RBD and human transferrin receptor ectodomain,heteromeric protein,SINGLE PARTICLE
11SM,EMD-76007,3.4,2026-08-05T00:00:00.000+00:00,Core of EcMscM in NaCl in a closed conformation,homomeric protein,SINGLE PARTICLE
11SQ,EMD-76016,3.2,2026-08-05T00:00:00.000+00:00,"EcMscM in KCl in an open conformation, composite structure",homomeric protein,SINGLE PARTICLE
11SX,EMD-76025,3.5,2026-09-23T00:00:00.000+00:00,Cryo-EM structure of trimeric Nitrogenase MoFe protein from Methanosarcina acetivorans,heteromeric protein,SINGLE PARTICLE
11SZ,EMD-76027,2.94,2026-04-15T00:00:00.000+00:00,Antibody (1B2) Bound Rifamycin Synthetase Module 2,heteromeric protein,SINGLE PARTICLE
11TA,EMD-76028,3.58,2026-04-22T00:00:00.000+00:00,Cryo-EM structure of substrate engaged p97-Ufd1-NPL4-Faf1 complex (motor focused),heteromeric protein,SINGLE PARTICLE
11TD,EMD-76031,3.7,2026-04-01T00:00:00.000+00:00,Structure of human CCR4 in apo state,heteromeric protein,SINGLE PARTICLE
11TF,EMD-76032,3.4,2026-04-01T00:00:00.000+00:00,Structure of human CCR4 in complex with PRT193,heteromeric protein,SINGLE PARTICLE
11TH,EMD-76035,3.5,2026-04-01T00:00:00.000+00:00,Structure of human CCR4 in complex with FLX475,heteromeric protein,SINGLE PARTICLE
11TK,EMD-76037,3.54,2026-04-01T00:00:00.000+00:00,Structure of human CCR4 in complex with AZD2098,heteromeric protein,SINGLE PARTICLE
11TL,EMD-76038,3.9,2026-04-01T00:00:00.000+00:00,Structure of human CCR4 in complex with GSK2239633A,heteromeric protein,SINGLE PARTICLE
11UF,EMD-76055,3.39,2026-09-23T00:00:00.000+00:00,GluA2-y5-CNIH1 open state + RR2b + Glu (LBD-TMD),heteromeric protein,SINGLE PARTICLE
11UG,EMD-76056,3.35,2026-09-23T00:00:00.000+00:00,GluA2-GSG1L apo state (LBD-TMD),heteromeric protein,SINGLE PARTICLE
11UH,EMD-76057,3.49,2026-09-23T00:00:00.000+00:00,GluA2-GSG1L open state + RR2b + Glu (LBD-TMD),heteromeric protein,SINGLE PARTICLE
11UI,EMD-76058,3.88,2026-09-23T00:00:00.000+00:00,GluA2 open state + RR2b + Glu (full-length composite map),homomeric protein,SINGLE PARTICLE
11VE,EMD-76074,3.85,2026-04-22T00:00:00.000+00:00,Cryo-EM structure of substrate engaged p97-Ufd1-NPL4-Faf1 complex (State1),heteromeric protein,SINGLE PARTICLE
11VV,EMD-76084,2.93,2026-09-23T00:00:00.000+00:00,GluA2-STZ apo state (full-length composite),homomeric protein,SINGLE PARTICLE
11VW,EMD-76085,3.84,2026-09-23T00:00:00.000+00:00,GluA2-STZ desensitized state with partial agonist FW at 25 degrees C (full-length composite),homomeric protein,SINGLE PARTICLE
11VX,EMD-76086,3.37,2026-09-23T00:00:00.000+00:00,GluA2-STZ open state with partial agonist FW at 25 degrees C (full-length composite),homomeric protein,SINGLE PARTICLE
11VY,EMD-76087,3.47,2026-09-23T00:00:00.000+00:00,GluA2-STZ open state with partial agonist IW at 25 degrees C (full-length composite),homomeric protein,SINGLE PARTICLE
11VZ,EMD-76088,3.98,2026-09-23T00:00:00.000+00:00,GluA2-STZ pre-active state with partial agonist kainic acid (KA) at 25 degrees C (full-length composite),homomeric protein,SINGLE PARTICLE
11WB,EMD-76090,3.55,2026-09-23T00:00:00.000+00:00,GluA2-STZ open state with partial agonist NOW at 25 degrees C (full-length composite),homomeric protein,SINGLE PARTICLE
11WD,EMD-76092,3.69,2026-09-23T00:00:00.000+00:00,GluA2-STZ desensitized state with full agonist glutamate (Glu) at 25 degrees C (full-length composite),homomeric protein,SINGLE PARTICLE
11WE,EMD-76093,3.58,2026-09-23T00:00:00.000+00:00,GluA2-STZ open state with full agonist glutamate (Glu) at 25 degrees C (full-length composite),homomeric protein,SINGLE PARTICLE
11WN,EMD-76136,3.2,2026-07-22T00:00:00.000+00:00,SpACSA with AMP and acetyl-CoA,homomeric protein,SINGLE PARTICLE
11WO,EMD-76137,3.3,2026-07-22T00:00:00.000+00:00,"SpACSA with AMPCPP, conformation 1",homomeric protein,SINGLE PARTICLE
11WP,EMD-76138,3.2,2026-07-22T00:00:00.000+00:00,"SpACSA with AMPCPP, conformation 2",homomeric protein,SINGLE PARTICLE
11WQ,EMD-76139,3.2,2026-07-22T00:00:00.000+00:00,Schizosaccharomyces pombe acetyl-CoA synthetase,homomeric protein,SINGLE PARTICLE
11WR,EMD-76140,3.56,2026-08-19T00:00:00.000+00:00,Cryo-EM structure of Candida albicans fluoride channel FEX in complex with Fab fragment in LiCl,heteromeric protein,SINGLE PARTICLE
11XX,EMD-76175,3.6,2026-09-16T00:00:00.000+00:00,Staphylococcus aureus MurJ in the outward-facing conformation,homomeric protein,SINGLE PARTICLE
11XY,EMD-76176,3.9,2026-09-16T00:00:00.000+00:00,Escherichia coli MurJ in the outward-facing conformation,homomeric protein,SINGLE PARTICLE
11XZ,EMD-76177,3.5,2026-09-16T00:00:00.000+00:00,Staphylococcus aureus MurJ in the inward-facing conformation,homomeric protein,SINGLE PARTICLE
11YA,EMD-76178,3.6,2026-09-16T00:00:00.000+00:00,Staphylococcus aureus MurJ R176A mutant,homomeric protein,SINGLE PARTICLE
11YB,EMD-76179,3.4,2026-09-09T00:00:00.000+00:00,Structure of AlphaIIbBeta3-R21C11 Fab in the near-bent conformation,heteromeric protein,SINGLE PARTICLE
11YE,EMD-76184,3.7,2026-04-29T00:00:00.000+00:00,Curved structure of mPiezo1 in plasma membrane vesicles,homomeric protein,SINGLE PARTICLE
11YZ,EMD-76206,2.77,2026-04-01T00:00:00.000+00:00,Cryo EM Structure of GTP cyclohydrolase 1 (FolE) from Mycobacterium tuberculosis,homomeric protein,SINGLE PARTICLE
11ZK,EMD-76217,3.02,2026-09-23T00:00:00.000+00:00,Cryo-EM structure of NifI free Nitrogenase MoFe protein from Methanosarcina acetivorans,heteromeric protein,SINGLE PARTICLE
11ZS,EMD-76231,3.28,2026-04-08T00:00:00.000+00:00,Cryo EM structure of glutamine synthetase from Brucella melitensis,homomeric protein,SINGLE PARTICLE
11ZV,EMD-76232,2.84,2026-05-13T00:00:00.000+00:00,"Structure of the Porcine deltacoronavirus (PDCoV) receptor-binding domain bound to the RBD minibinder 11, the PD3 Fab, and the Kappa light chain nanobody (local refinement)",protein/oligosaccharide,SINGLE PARTICLE
11ZW,EMD-76233,2.8,2026-05-13T00:00:00.000+00:00,"Structure of the Porcine deltacoronavirus (PDCoV) receptor-binding domain bound to the RBD minibinder 11, the PD3 Fab, and the Kappa light chain nanobody",protein/oligosaccharide,SINGLE PARTICLE
12AD,EMD-76260,3.32,2026-07-29T00:00:00.000+00:00,"Structure of mammalian Type 2 Inositol 1,4,5-trisphosphate receptors (IP3R2) in the Apo-state",homomeric protein,SINGLE PARTICLE
12AG,EMD-76261,3.48,2026-06-10T00:00:00.000+00:00,Spermine-blocked open-state cryo-EM structure of human TRPV6 channel in cNW30 nanodiscs,homomeric protein,SINGLE PARTICLE
12AH,EMD-76263,2.97,2026-09-23T00:00:00.000+00:00,Cryo-EM structure of Nitrogenase MoFe protein from Methanosarcina acetivorans bound to the NifI inhibitor complex in C3 symmetry,heteromeric protein,SINGLE PARTICLE
12AI,EMD-76264,3.64,2026-07-29T00:00:00.000+00:00,"Structure of mammalian Type 2 Inositol 1,4,5-trisphosphate receptor (IP3R2) in the presence of IP3/Ca2+/ATP",homomeric protein,SINGLE PARTICLE
12BI,EMD-76279,3.97,2026-07-29T00:00:00.000+00:00,Moorella thermoacetica LarC (conformation 1),homomeric protein,SINGLE PARTICLE
12BJ,EMD-76280,3.85,2026-07-29T00:00:00.000+00:00,Moorella thermoacetica LarC (conformation 2),homomeric protein,SINGLE PARTICLE
12BK,EMD-76281,3.87,2026-07-29T00:00:00.000+00:00,Moorella thermoacetica LarC (conformation 3),homomeric protein,SINGLE PARTICLE
12BL,EMD-76282,3.33,2026-07-29T00:00:00.000+00:00,Moorella thermoacetica LarC in complex with P2TAD,homomeric protein,SINGLE PARTICLE
12BM,EMD-76283,3.89,2026-07-01T00:00:00.000+00:00,Human 19S proteasome bound to TXNL1 PITH domain state 2,heteromeric protein,SINGLE PARTICLE
12BN,EMD-76288,3.4,2026-09-09T00:00:00.000+00:00,Structural insights into the exosite-mediated activation of Factor IX by Factor XIa using cryoEM,heteromeric protein,SINGLE PARTICLE
12BP,EMD-76291,2.9,2026-08-26T00:00:00.000+00:00,Cryo-EM structure of human DDB1-CRBN-GSPT1 in complex with GT19630,heteromeric protein,SINGLE PARTICLE
12BW,EMD-76298,2.86,2026-07-08T00:00:00.000+00:00,Gelsolin domain G2 transitionally bound to F-actin,heteromeric protein,SINGLE PARTICLE
12BX,EMD-76299,3.03,2026-07-08T00:00:00.000+00:00,Gelsolin domain G2G3 transitionally bound to F-actin,heteromeric protein,SINGLE PARTICLE
12BY,EMD-76300,2.76,2026-07-08T00:00:00.000+00:00,Gelsolin domain G2G3 fully bound to F-actin,heteromeric protein,SINGLE PARTICLE
12BZ,EMD-76301,3.44,2026-07-08T00:00:00.000+00:00,Two gelsolin domains G2G3 bound to F-actin,heteromeric protein,SINGLE PARTICLE
12DK,EMD-76332,3.47,2026-05-06T00:00:00.000+00:00,structure of human KCNQ1-CaM-PIP2 intermediate state,heteromeric protein,SINGLE PARTICLE
12DL,EMD-76334,3.5,2026-04-08T00:00:00.000+00:00,Native structure of the cytoplasmic lattice (CPL) asymmetric unit from mouse MII eggs,heteromeric protein,SINGLE PARTICLE
12DR,EMD-76344,3.37,2026-08-26T00:00:00.000+00:00,In situ cryo-EM structure of the MS ring RBM3 of the flagellar motor in Borrelia burgdorferi,homomeric protein,SINGLE PARTICLE
12DS,EMD-76345,3.25,2026-08-26T00:00:00.000+00:00,In situ cryo-EM structure of the MS RBM12 inner ring of the flagellar motor in Borrelia burgdorferi,homomeric protein,SINGLE PARTICLE
12DU,EMD-76347,3.87,2026-08-26T00:00:00.000+00:00,In situ cryo-EM structure of the flagellar export gate in complex with the FliF RBM12 ring in Borrelia burgdorferi,heteromeric protein,SINGLE PARTICLE
12ER,EMD-76384,2.99,2026-08-12T00:00:00.000+00:00,Cryo-EM structure of BCMA in complex with the BCMA-targeted Fab arm of teclistamab and the Fab fragment of an anti-lambda light chain antibody REGN15499,heteromeric protein,SINGLE PARTICLE
12ES,EMD-76385,3.43,2026-08-12T00:00:00.000+00:00,Cryo-EM structure of BCMA in complex with the BCMA-targeted Fab arm of linvoseltamab and the Fab fragment of an anti-kappa light chain antibody REGN654,heteromeric protein,SINGLE PARTICLE
12ID,EMD-76453,2.4,2026-08-26T00:00:00.000+00:00,Cryo-EM structure of B/Lee/1940 hemagglutinin trimer in complex with three KL-BHA-3F4 Fab fragments,protein/oligosaccharide,SINGLE PARTICLE
12IE,EMD-76454,2.61,2026-08-26T00:00:00.000+00:00,Cryo-EM structure of B/Lee/1940 hemagglutinin trimer in complex with three KL-BHA-4C2 Fab fragments,protein/oligosaccharide,SINGLE PARTICLE
12IF,EMD-76455,3.98,2026-08-26T00:00:00.000+00:00,Cryo-EM structure of B/Phuket/3037/2013 hemagglutinin trimer in complex with two KL-BHA-3D7 Fab fragments,protein/oligosaccharide,SINGLE PARTICLE
12IU,EMD-76461,3.06,2026-09-16T00:00:00.000+00:00,CryoEM structure of monoclonal Fab 047-09M 2F03 binding the lateral patch of influenza virus H1 HA (A/California/04/2009),protein/oligosaccharide,SINGLE PARTICLE
12IV,EMD-76462,3.76,2026-09-23T00:00:00.000+00:00,CryoEM structure of monoclonal Fab 047-09 1A02 binding the lateral patch of influenza virus H1 HA (A/California/04/2009 H1N1),heteromeric protein,SINGLE PARTICLE
12IY,EMD-76463,2.94,2026-07-15T00:00:00.000+00:00,Locally refined cryo-EM structure of human cannabinoid receptor 2 with agonist '5249,homomeric protein,SINGLE PARTICLE
12IZ,EMD-76464,2.72,2026-07-15T00:00:00.000+00:00,Cryo-EM structure of human cannabinoid receptor 2-Gi complex with agonist '5249,heteromeric protein,SINGLE PARTICLE
12JA,EMD-76465,2.9,2026-07-15T00:00:00.000+00:00,Cryo-EM structure of human cannabinoid receptor 2-Gi complex with agonist '1029,heteromeric protein,SINGLE PARTICLE
12JP,EMD-76487,3.46,2026-06-10T00:00:00.000+00:00,Structural determination of lipid-bound Factor VIII,homomeric protein,SINGLE PARTICLE
12JT,EMD-76493,2.4,2026-06-17T00:00:00.000+00:00,SARS-CoV-2 BA.3.2.1 Spike with N529Q mutation,protein/oligosaccharide,SINGLE PARTICLE
12JV,EMD-76497,3.56,2026-06-10T00:00:00.000+00:00,Structural determination of lipid-bound Factor VIII,homomeric protein,SINGLE PARTICLE
12JZ,EMD-76501,2.35,2026-06-17T00:00:00.000+00:00,"Cryo-EM structure of SARS-CoV-2 BA.3.2.1 Spike with K852A mutation, closed conformation",protein/oligosaccharide,SINGLE PARTICLE
12OY,EMD-76655,3.6,2026-05-13T00:00:00.000+00:00,Single particle cryo-EM structure of human MTCH2,heteromeric protein,SINGLE PARTICLE
12OZ,EMD-76656,3.3,2026-05-13T00:00:00.000+00:00,Single particle cryo-EM structure of human MTCH2 (hyperactive mutant F285N F286N),heteromeric protein,SINGLE PARTICLE
12PB,EMD-76659,3.1,2026-05-13T00:00:00.000+00:00,Single particle cryo-EM structure of human MTCH2 (hyperactive mutant K25E Y235A V238D),heteromeric protein,SINGLE PARTICLE
12QJ,EMD-76684,3.35,2026-06-03T00:00:00.000+00:00,Pneumococcal choline binding CbpE surface protein bounds to 5992-2 Fab,heteromeric protein,SINGLE PARTICLE
12RI,EMD-76708,2.7,2026-09-09T00:00:00.000+00:00,Cryo-EM structure of a novel beta-galactosidase (HhGH116) from human gut,homomeric protein,SINGLE PARTICLE
12RJ,EMD-76709,2.23,2026-09-09T00:00:00.000+00:00,Cryo-EM structure of a novel beta-galactosidase (EiGH116) from animal gut,homomeric protein,SINGLE PARTICLE
12RP,EMD-76713,2.78,2026-06-17T00:00:00.000+00:00,"Local refinement of RBDA, RBDC, and NTDB of SARS-CoV-2 BA.3.2.1 spike with K852A mutation, closed conformation",homomeric protein,SINGLE PARTICLE
12ZE,EMD-76875,2.6,2026-05-06T00:00:00.000+00:00,CryoEM structure of Papaya Meleira Virus (PMeV) particles purified directly from Carica papaya latex,homomeric protein,SINGLE PARTICLE
12ZN,EMD-76887,2.65,2026-09-09T00:00:00.000+00:00,Septin tetrameric complex from Caenorhabditis elegans by Cryo-EM,heteromeric protein,SINGLE PARTICLE
13AJ,EMD-76915,3.18,2026-09-02T00:00:00.000+00:00,Structure of the HPII Catalase from Escherichia coli,homomeric protein,SINGLE PARTICLE
13BD,EMD-76936,2.65,2026-06-17T00:00:00.000+00:00,Local refinement of the RBD and NTD in the closed BA.3.2.1 spike with N529Q mutant,protein/oligosaccharide,SINGLE PARTICLE
13BF,EMD-76938,3.0,2026-07-15T00:00:00.000+00:00,Cryo-EM structure of COL6A3-Fab complex,heteromeric protein,SINGLE PARTICLE
13BR,EMD-76947,3.1,2026-07-15T00:00:00.000+00:00,Cryo-EM structure of AZGP1-Fab complex,heteromeric protein,SINGLE PARTICLE
13BS,EMD-76948,3.1,2026-07-15T00:00:00.000+00:00,CryoEM structure of IL36RA-Fab complex,heteromeric protein,SINGLE PARTICLE
13BV,EMD-76934,3.77,2026-05-13T00:00:00.000+00:00,Cryo-EM structure of human PI3KC3-C1 complex,heteromeric protein,SINGLE PARTICLE
13CM,EMD-76963,3.2,2026-07-08T00:00:00.000+00:00,HAdV-C5 Hexon with coagulation factor II,heteromeric protein,SINGLE PARTICLE
13CO,EMD-76971,2.81,2026-09-16T00:00:00.000+00:00,Cryo-EM structure of an intact human acetylcholinesterase (T-form) tetramer in complex with ColQ,protein/oligosaccharide,SINGLE PARTICLE
13CP,EMD-76975,2.94,2026-09-16T00:00:00.000+00:00,Cryo-EM structure of an intact human acetylcholinesterase (T-form) tetramer in complex with PRiMA,protein/oligosaccharide,SINGLE PARTICLE
13DE,EMD-76990,2.9,2026-08-05T00:00:00.000+00:00,Cryo-EM structure of ATR-ATRIP-ETAA1 AAD (S95D/S111D),heteromeric protein,SINGLE PARTICLE
13DJ,EMD-76991,3.17,2026-07-08T00:00:00.000+00:00,HAdV-C5 hexon trimer,homomeric protein,SINGLE PARTICLE
13DM,EMD-76994,3.26,2026-07-08T00:00:00.000+00:00,HAdV-C6 Hexon trimer,homomeric protein,SINGLE PARTICLE
13ER,EMD-77024,3.22,2026-07-08T00:00:00.000+00:00,Cryo-EM structure of HAdV-C6 hexon trimer in complex with prothrombin (FII),heteromeric protein,SINGLE PARTICLE
13ES,EMD-77025,3.23,2026-07-08T00:00:00.000+00:00,Cryo-EM structure of HAdV-C5 hexon trimer in complex with human coagulation factor X (FX),heteromeric protein,SINGLE PARTICLE
13EU,EMD-77027,3.26,2026-07-08T00:00:00.000+00:00,Cryo-EM structure of HAdV-C6 hexon trimer in complex with human coagulation factor X (FX),heteromeric protein,SINGLE PARTICLE
13HQ,EMD-77071,2.67,2026-05-20T00:00:00.000+00:00,Cryo-EM structure of Pseudomonas aeruginosa soluble lipoprotein PA3214,homomeric protein,SINGLE PARTICLE
13HR,EMD-77072,2.7,2026-05-20T00:00:00.000+00:00,Cryo-EM structure of Pseudomonas aeruginosa outer-membrane lipoprotein PA3214 bound to MCE protein PA3213 C-terminal peptide,heteromeric protein,SINGLE PARTICLE
13HS,EMD-77073,3.7,2026-05-20T00:00:00.000+00:00,Cryo-EM structure of Pseudomonas aeruginosa outer-membrane lipoprotein PA3214 in the open conformation,homomeric protein,SINGLE PARTICLE
13IB,EMD-77079,2.68,2026-09-02T00:00:00.000+00:00,Structure of GGCX-BGP-Anisindione complex,protein/oligosaccharide,SINGLE PARTICLE
13IO,EMD-77084,2.98,2026-07-08T00:00:00.000+00:00,MCU-EMRE complex with spermine,heteromeric protein,SINGLE PARTICLE
13JV,EMD-77099,3.3,2026-07-15T00:00:00.000+00:00,"Cryo-EM structure of the mature SLEV, asymmetric unit",protein/oligosaccharide,SINGLE PARTICLE
13KK,EMD-77112,3.76,2026-07-15T00:00:00.000+00:00,Human Double-ring Hsp10,homomeric protein,SINGLE PARTICLE
13KW,EMD-77126,4.0,2026-07-15T00:00:00.000+00:00,Human Single-ring Hsp10,homomeric protein,SINGLE PARTICLE
13LJ,EMD-77134,2.86,2026-07-01T00:00:00.000+00:00,Structure of human TRPV3-G568C Olmsted syndrome mutant in the closed state,homomeric protein,SINGLE PARTICLE
13LK,EMD-77135,3.18,2026-07-01T00:00:00.000+00:00,Structure of human TRPV3-G568C Olmsted syndrome mutant in the open state,homomeric protein,SINGLE PARTICLE
13LL,EMD-77136,2.96,2026-07-08T00:00:00.000+00:00,Structure of human TRPV3-Q580P Olmsted syndrome mutant in the closed state,homomeric protein,SINGLE PARTICLE
13LM,EMD-77137,3.29,2026-07-01T00:00:00.000+00:00,Structure of human TRPV3-Q580P Olmsted syndrome mutant in the open state,homomeric protein,SINGLE PARTICLE
13LN,EMD-77138,3.02,2026-07-01T00:00:00.000+00:00,Structure of human TRPV3-Q580P Olmsted syndrome mutant in the inactivated state,homomeric protein,SINGLE PARTICLE
13LO,EMD-77139,3.34,2026-07-01T00:00:00.000+00:00,Structure of human TRPV3-W692G Olmsted syndrome mutant in the open state,homomeric protein,SINGLE PARTICLE
13LP,EMD-77140,3.02,2026-07-01T00:00:00.000+00:00,Structure of human TRPV3-W692G Olmsted syndrome mutant in the inactivated state,homomeric protein,SINGLE PARTICLE
13LR,EMD-77142,3.33,2026-07-01T00:00:00.000+00:00,Structure of human TRPV3-G568D Olmsted syndrome mutant in the 4-fold symmetrical inactivated state,homomeric protein,SINGLE PARTICLE
13LS,EMD-77143,3.02,2026-07-01T00:00:00.000+00:00,Structure of human TRPV3-G568D Olmsted syndrome mutant in the 2-fold symmetrical closed state,homomeric protein,SINGLE PARTICLE
13LT,EMD-77144,3.25,2026-07-01T00:00:00.000+00:00,Structure of human TRPV3-G568D Olmsted syndrome mutant in the 2-fold symmetrical open state,homomeric protein,SINGLE PARTICLE
13LU,EMD-77145,2.49,2026-07-01T00:00:00.000+00:00,Structure of human TRPV3-W521S Olmsted syndrome mutant in the closed state,homomeric protein,SINGLE PARTICLE
20YC,EMD-67392,3.4,2026-04-15T00:00:00.000+00:00,Cryo-EM structure of GPR174-Gi complex,heteromeric protein,SINGLE PARTICLE
20YR,EMD-67417,3.0,2026-02-18T00:00:00.000+00:00,R583A mutant of glycogen phosphorylase from Segatella copri,homomeric protein,SINGLE PARTICLE
20YS,EMD-67418,2.96,2026-02-18T00:00:00.000+00:00,R583A mutant of glycogen phosphorylase from Segatella copri in the presence of AMP,homomeric protein,SINGLE PARTICLE
20YV,EMD-67420,3.28,2026-04-22T00:00:00.000+00:00,Cryo-EM structure of SspE from E.coli,homomeric protein,SINGLE PARTICLE
20YW,EMD-67421,2.81,2026-04-22T00:00:00.000+00:00,Cryo-EM structure of SspE-R133A from E.coli,homomeric protein,SINGLE PARTICLE
20YY,EMD-67423,2.57,2026-07-08T00:00:00.000+00:00,Cryo-EM structure of MexJK from Pseudomonas aeruginosa,heteromeric protein,SINGLE PARTICLE
20ZC,EMD-67426,2.6,2026-06-03T00:00:00.000+00:00,Cryo-EM structure of human Neurotensin Receptor 1 (hNTSR1)-Gi1 (delipidated) complex in nucleotide-free C state,heteromeric protein,SINGLE PARTICLE
20ZD,EMD-67427,2.8,2026-06-03T00:00:00.000+00:00,Cryo-EM structure of human Neurotensin Receptor 1 (hNTSR1)-Gi1 (delipidated) complex in nucleotide-free NC state,heteromeric protein,SINGLE PARTICLE
20ZG,EMD-67429,2.4,2026-06-03T00:00:00.000+00:00,"Cryo-EM structure of the human neurotensin receptor 1 (hNTSR1)-Gi1 complex in the GTP-bound, AHD-open C state 1, plunge-frozen 0-5 seconds after GTP addition",heteromeric protein,SINGLE PARTICLE
20ZH,EMD-67430,2.4,2026-06-03T00:00:00.000+00:00,"Cryo-EM structure of the human neurotensin receptor 1 (hNTSR1)-Gi1 complex in the GTP-bound, AHD-open C state 2, plunge-frozen 0-5 seconds after GTP addition",heteromeric protein,SINGLE PARTICLE
20ZI,EMD-67431,2.7,2026-06-03T00:00:00.000+00:00,"Cryo-EM structure of the human neurotensin receptor 1 (hNTSR1)-Gi1 complex in the GTP-bound, AHD-open NC state 1, plunge-frozen 0-5 seconds after GTP addition",heteromeric protein,SINGLE PARTICLE
20ZJ,EMD-67432,2.9,2026-06-03T00:00:00.000+00:00,"Cryo-EM structure of the human neurotensin receptor 1 (hNTSR1)-Gi1 complex in the GTP-bound, AHD-open NC state 2, plunge-frozen 0-5 seconds after GTP addition",heteromeric protein,SINGLE PARTICLE
20ZK,EMD-67433,2.7,2026-06-03T00:00:00.000+00:00,"Cryo-EM structure of the human neurotensin receptor 1 (hNTSR1)-Gi1 complex in the GTP-bound, AHD-open NC state 3, plunge-frozen 0-5 seconds after GTP addition",heteromeric protein,SINGLE PARTICLE
20ZL,EMD-67434,3.1,2026-06-03T00:00:00.000+00:00,"Cryo-EM structure of the human neurotensin receptor 1 (hNTSR1)-Gi1 complex in the GTP-bound, AHD-open NC state 4, plunge-frozen 0-5 seconds after GTP addition",heteromeric protein,SINGLE PARTICLE
20ZN,EMD-67436,2.76,2026-08-05T00:00:00.000+00:00,Human FATP2 K572A mutant in complex with oleic acids and ATP in pre-catalytic state,homomeric protein,SINGLE PARTICLE
20ZX,EMD-67439,2.96,2026-06-17T00:00:00.000+00:00,Cryo-EM structure of Gq-coupled LPAR5 in complex with LPA,heteromeric protein,SINGLE PARTICLE
21AG,EMD-67446,3.13,2026-04-08T00:00:00.000+00:00,LY334370-bound serotonin 1F (5-HT1F) receptor-miniGoA protein complex,heteromeric protein,SINGLE PARTICLE
21AH,EMD-67447,3.18,2026-04-08T00:00:00.000+00:00,LY334370-bound serotonin 1F (5-HT1F) receptor,homomeric protein,SINGLE PARTICLE
21AK,EMD-67448,3.23,2026-03-25T00:00:00.000+00:00,Cryo-EM structure of the E. coli ArnA hexamer,homomeric protein,SINGLE PARTICLE
21AL,EMD-67470,3.57,2026-03-11T00:00:00.000+00:00,Tetrameric complex of the Borna disease virus 1 nucleoprotein (mutant Arg341Ala),homomeric protein,SINGLE PARTICLE
21AM,EMD-67514,3.59,2026-09-09T00:00:00.000+00:00,CryoEM structure of hGZMA-hGSDMBctd,heteromeric protein,SINGLE PARTICLE
21AO,EMD-67523,2.85,2026-05-06T00:00:00.000+00:00,Epitope and functional classification of human neutralizing antibodies against SFTSV Gn,protein/oligosaccharide,SINGLE PARTICLE
21AQ,EMD-67524,2.97,2026-04-29T00:00:00.000+00:00,Epitope and functional classification of human neutralizing antibodies against SFTSV Gn,protein/oligosaccharide,SINGLE PARTICLE
21AU,EMD-67539,2.69,2026-04-29T00:00:00.000+00:00,Epitope and functional classification of human neutralizing antibodies against SFTSV Gn,protein/oligosaccharide,SINGLE PARTICLE
21AV,EMD-67541,2.69,2026-04-29T00:00:00.000+00:00,Epitope and functional classification of human neutralizing antibodies against SFTSV Gn,protein/oligosaccharide,SINGLE PARTICLE
21CO,EMD-67574,2.99,2026-07-08T00:00:00.000+00:00,Mfa1 type V pilus from P.gingivalis,heteromeric protein,SINGLE PARTICLE
21DI,EMD-67586,3.5,2026-04-22T00:00:00.000+00:00,Cryo-EM reconstruction of the cyanophage Pam5 small terminase,homomeric protein,SINGLE PARTICLE
21DU,EMD-67602,2.9,2026-02-11T00:00:00.000+00:00,Cryo-EM structure of the apomorphine bound ADGRG6-Gs complex,heteromeric protein,SINGLE PARTICLE
21DX,EMD-67603,2.95,2026-04-01T00:00:00.000+00:00,"Cryo-EM structure of the human P2X3 receptor in the ATP-bound, desensitized state",homomeric protein,SINGLE PARTICLE
21EN,EMD-67612,2.95,2026-06-17T00:00:00.000+00:00,Cryo-EM structure of monomeric Cu/Zn-superoxide dismutase from dog (Canis familiaris) complexed with 19A9 triabody in the closed conformation,heteromeric protein,SINGLE PARTICLE
21EO,EMD-67613,3.91,2026-06-17T00:00:00.000+00:00,Cryo-EM structure of monomeric Cu/Zn-superoxide dismutase from dog (Canis familiaris) complexed with 19A9 triabody in the open conformation,heteromeric protein,SINGLE PARTICLE
21FF,EMD-67623,2.8,2026-05-20T00:00:00.000+00:00,Cryo-EM structure of DddT in closed substrate-free conformation,homomeric protein,SINGLE PARTICLE
21FG,EMD-67624,3.34,2026-04-01T00:00:00.000+00:00,Cryo-EM structure of the human P2X3 receptor in the ATP- and sivopixant-bound closed state,homomeric protein,SINGLE PARTICLE
21FH,EMD-67625,2.66,2026-05-20T00:00:00.000+00:00,Cryo-EM structure of DddT G101D in substrate-free outward open conformation,homomeric protein,SINGLE PARTICLE
21FI,EMD-67626,2.52,2026-05-20T00:00:00.000+00:00,Cryo-EM structure of DddT in closed DMSP-bound conformation,homomeric protein,SINGLE PARTICLE
21FJ,EMD-67627,3.18,2026-05-20T00:00:00.000+00:00,Cryo-EM structure of DddT in closed substrate-free conformation in the presence of potassium ions and dimethylsulfoniopropionate,homomeric protein,SINGLE PARTICLE
21FK,EMD-67628,3.29,2026-05-20T00:00:00.000+00:00,Cryo-EM structure of DddT G101D in substrate-free inward open conformation,homomeric protein,SINGLE PARTICLE
21FY,EMD-67634,2.85,2026-04-15T00:00:00.000+00:00,The cryo-EM structure of IscS-PptA complex,heteromeric protein,SINGLE PARTICLE
21GF,EMD-67646,3.75,2026-08-05T00:00:00.000+00:00,Structure of the heptameric pore state of alpha-hemolysin in the presence of A549 cells at pH 5.5,homomeric protein,SINGLE PARTICLE
21GL,EMD-67656,3.25,2026-08-12T00:00:00.000+00:00,The atomic coordinate of p24 complex at pH 6.8,heteromeric protein,SINGLE PARTICLE
21GM,EMD-67657,3.2,2026-08-12T00:00:00.000+00:00,The atomic coordinate of p24 complex at pH 7.5,heteromeric protein,SINGLE PARTICLE
21GQ,EMD-67658,2.68,2026-09-02T00:00:00.000+00:00,"DPR epimerase complex, DLM-bound state",heteromeric protein,SINGLE PARTICLE
21GR,EMD-67659,2.73,2026-09-02T00:00:00.000+00:00,"DPR epimerase complex, PMD-bound state",heteromeric protein,SINGLE PARTICLE
21GT,EMD-67660,2.82,2026-09-02T00:00:00.000+00:00,"DPR epimerase complex, substrate-bound state",heteromeric protein,SINGLE PARTICLE
21JU,EMD-67739,1.93,2026-04-29T00:00:00.000+00:00,Alcohol Oxidase Mod1p from Ogataea methanolica,homomeric protein,SINGLE PARTICLE
21JV,EMD-67740,2.65,2026-04-29T00:00:00.000+00:00,Alcohol Oxidase Mod2p from Ogataea methanolica,homomeric protein,SINGLE PARTICLE
21KR,EMD-67778,2.9,2026-06-03T00:00:00.000+00:00,A Wnt3a/Fzd8-CRD/LRP6-E3E4 complex with FKBP,protein/oligosaccharide,SINGLE PARTICLE
21KS,EMD-67779,3.01,2026-06-03T00:00:00.000+00:00,A Wnt3a/Fzd8-CRD/LRP6-E3E4-LA complex with FKBP,protein/oligosaccharide,SINGLE PARTICLE
21KT,EMD-67780,3.33,2026-06-03T00:00:00.000+00:00,Wnt3a signalosome extracellular complex,protein/oligosaccharide,SINGLE PARTICLE
21LT,EMD-67804,3.11,2026-08-12T00:00:00.000+00:00,Cryo-EM structure of the setmelanotide-bound human melanocortin receptor 4 (MC4R)-Gq complex,heteromeric protein,SINGLE PARTICLE
21NP,EMD-67846,3.3,2026-05-27T00:00:00.000+00:00,Structure of human SLC37A4 bound to chlorogenic acid in a lipid nanodisc,homomeric protein,SINGLE PARTICLE
21NQ,EMD-67847,2.8,2026-05-27T00:00:00.000+00:00,Structure of human SLC37A4-apo,homomeric protein,SINGLE PARTICLE
21NW,EMD-67854,2.9,2026-05-06T00:00:00.000+00:00,Cryo-EM structure of human Lipid Phosphate Phosphatase 2,homomeric protein,SINGLE PARTICLE
21NX,EMD-67855,2.99,2026-08-26T00:00:00.000+00:00,Cryo-EM structure of mouse IgG2b-Fc in complex with FcgammaRIV,protein/oligosaccharide,SINGLE PARTICLE
21NY,EMD-67856,3.39,2026-08-26T00:00:00.000+00:00,Cryo-EM structure of the rat IgE-Fc in complex with FcgammaRIIB,protein/oligosaccharide,SINGLE PARTICLE
21NZ,EMD-67857,2.98,2026-08-26T00:00:00.000+00:00,Cryo-EM structure of the rat IgE-Fc in complex with FcgammaRIV,protein/oligosaccharide,SINGLE PARTICLE
21OR,EMD-67869,3.2,2026-05-27T00:00:00.000+00:00,Structure of human SLC37A4 bound to G6P,homomeric protein,SINGLE PARTICLE
21RH,EMD-67942,2.6,2026-09-23T00:00:00.000+00:00,a bacterial caspase bound to ligand,homomeric protein,SINGLE PARTICLE
21RJ,EMD-67943,2.58,2026-09-23T00:00:00.000+00:00,a bacterial caspase,homomeric protein,SINGLE PARTICLE
21RK,EMD-67944,2.21,2026-09-23T00:00:00.000+00:00,A bacterial caspase in an inhibited state,heteromeric protein,SINGLE PARTICLE
21RN,EMD-67945,2.95,2026-09-16T00:00:00.000+00:00,Cryo-EM structure of mouse myeloperoxidase in complex with Fab fragments of antibodies mAb-A24 and mAb-A46,heteromeric protein,SINGLE PARTICLE
21RS,EMD-67950,2.76,2026-05-27T00:00:00.000+00:00,"DRT4 homohexamer with dATP, dGTPaS, SSB, RNA",homomeric protein,SINGLE PARTICLE
21RT,EMD-67951,2.95,2026-09-16T00:00:00.000+00:00,Cryo-EM structure of mouse myeloperoxidase in complex with Fab fragments of antibodies mAb-A46 and mAb-B88,heteromeric protein,SINGLE PARTICLE
21TP,EMD-67990,3.0,2026-03-25T00:00:00.000+00:00,Open-state structure of veratridine-activated human Nav1.7,protein/oligosaccharide,SINGLE PARTICLE
21TQ,EMD-67991,2.7,2026-03-11T00:00:00.000+00:00,The structure of Nav1.7 with veratridine standing near the IFM motif (site I),protein/oligosaccharide,SINGLE PARTICLE
21TW,EMD-67994,2.43,2026-04-29T00:00:00.000+00:00,"Cryo-EM structure of TNF-alpha in complex with two anti-TNF-alpha nanobodies, TNF30, derived from the TNF-alpha inhibitor Ozoralizumab (OZR)",heteromeric protein,SINGLE PARTICLE
21TY,EMD-67995,2.93,2026-09-09T00:00:00.000+00:00,Cryo-EM structure of Free fatty acid receptor 2 (FFA2)-ARK1 with GLPG0974,homomeric protein,SINGLE PARTICLE
21UY,EMD-68019,3.0,2026-07-22T00:00:00.000+00:00,Cryo-EM structure of bacteriophage phi92 mature head,heteromeric protein,SINGLE PARTICLE
21VL,EMD-68036,3.3,2026-07-22T00:00:00.000+00:00,Cryo-EM structure of portal-adaptor of bacteriophage phi92,heteromeric protein,SINGLE PARTICLE
21VM,EMD-68037,3.4,2026-07-22T00:00:00.000+00:00,Cryo-EM structure of bacteriophage phi92 neck-tail,heteromeric protein,SINGLE PARTICLE
21VQ,EMD-68038,3.2,2026-07-22T00:00:00.000+00:00,Cryo-EM structure of bacteriophage phi92 baseplate,heteromeric protein,SINGLE PARTICLE
21WL,EMD-68052,3.7,2026-07-22T00:00:00.000+00:00,Cryo-EM structure of the tail sheath from the contracted phi92 bacteriophage,homomeric protein,SINGLE PARTICLE
21WY,EMD-68061,3.0,2026-08-12T00:00:00.000+00:00,resting conformation of PSCC1,homomeric protein,SINGLE PARTICLE
21XO,EMD-68072,2.92,2026-04-29T00:00:00.000+00:00,Cryo-EM Structure of Nipah Virus Polymerase in complex with G671,heteromeric protein,SINGLE PARTICLE
22AJ,EMD-68133,2.48,2026-04-01T00:00:00.000+00:00,GDP human alpha1A/beta3 S239C microtubule,heteromeric protein,SINGLE PARTICLE
22AK,EMD-68134,2.41,2026-04-01T00:00:00.000+00:00,GDP human alpha1A/beta3 microtubule,heteromeric protein,SINGLE PARTICLE
22AY,EMD-68141,2.3,2026-06-03T00:00:00.000+00:00,KCNQ2 homotetramer in apo state,homomeric protein,SINGLE PARTICLE
22AZ,EMD-68142,2.7,2026-06-03T00:00:00.000+00:00,"ICA-1103811 bound KCNQ2/3 heteromer with 3:1 stoichiometry, state 1",heteromeric protein,SINGLE PARTICLE
22BA,EMD-68143,2.9,2026-06-03T00:00:00.000+00:00,"ICA-1103811 bound KCNQ2/3 heteromer with 3:1 stoichiometry, state 2",heteromeric protein,SINGLE PARTICLE
22BC,EMD-68145,2.8,2026-06-03T00:00:00.000+00:00,"ICA-1103811 bound KCNQ2/3 heteromer with 3:1 stoichiometry, state 3",heteromeric protein,SINGLE PARTICLE
22BD,EMD-68146,3.0,2026-06-03T00:00:00.000+00:00,ICA-1103811 bound KCNQ2/3 heteromer with 2:2 stoichiometry,heteromeric protein,SINGLE PARTICLE
22BE,EMD-68147,2.6,2026-06-03T00:00:00.000+00:00,"XEN1101 bound KCNQ2/3 heteromer with 3:1 stoichiometry, state 1",heteromeric protein,SINGLE PARTICLE
22BF,EMD-68148,2.5,2026-06-03T00:00:00.000+00:00,"XEN1101 bound KCNQ2/3 heteromer with 3:1 stoichiometry, state 2",heteromeric protein,SINGLE PARTICLE
22BG,EMD-68149,2.5,2026-06-03T00:00:00.000+00:00,"XEN1101 bound KCNQ2/3 heteromer with 3:1 stoichiometry, state 3",heteromeric protein,SINGLE PARTICLE
22BH,EMD-68150,2.8,2026-06-03T00:00:00.000+00:00,"XEN1101 bound KCNQ2/3 heteromer with 3:1 stoichiometry, state 4",heteromeric protein,SINGLE PARTICLE
22BI,EMD-68151,2.6,2026-06-03T00:00:00.000+00:00,XEN1101 bound KCNQ2/3 heteromer with 2:2 stoichiometry,heteromeric protein,SINGLE PARTICLE
22BJ,EMD-68152,2.4,2026-06-03T00:00:00.000+00:00,KCNQ2/3 heterotetramer with 3:1 stoichiometry,heteromeric protein,SINGLE PARTICLE
22BK,EMD-68153,2.7,2026-06-03T00:00:00.000+00:00,KCNQ2/3 heterotetramer with 2:2 stoichiometry,heteromeric protein,SINGLE PARTICLE
22BU,EMD-68158,2.6,2026-07-29T00:00:00.000+00:00,Cryo-EM structure of A-H(M) complex (one ADP),heteromeric protein,SINGLE PARTICLE
22BV,EMD-68159,2.35,2026-07-29T00:00:00.000+00:00,Cryo-EM structure of A-H(M) complex (two ADP),heteromeric protein,SINGLE PARTICLE
22CR,EMD-68177,2.9,2026-07-22T00:00:00.000+00:00,C5a-desArg bound C5aR2 in complex with beta-arrestin1,heteromeric protein,SINGLE PARTICLE
22DX,EMD-68188,3.29,2026-09-02T00:00:00.000+00:00,Cryo-EM structure of MERS-CoV S protein bound with receptor DPP4 in the conformation 1 (1 up RBD and 1 DPP4 bound).,heteromeric protein,SINGLE PARTICLE
22DY,EMD-68189,3.35,2026-09-02T00:00:00.000+00:00,Local structure of MERS-CoV S protein bound with receptor DPP4 in the conformation 2 (2 up RBD and 2 DPP4 bound),heteromeric protein,SINGLE PARTICLE
22DZ,EMD-68190,3.01,2026-09-02T00:00:00.000+00:00,Local structure of MERS-CoV RBD protein bound with receptor DPP4 in the conformation 2 (2 up RBD and 2 DPP4 bound),homomeric protein,SINGLE PARTICLE
22EA,EMD-68191,3.44,2026-09-02T00:00:00.000+00:00,Cryo-EM structure of MERS-CoV S protein bound with receptor DPP4 in the conformation 3 (3 up RBD and 3 DPP4 bound).,heteromeric protein,SINGLE PARTICLE
22EB,EMD-68192,2.88,2026-09-02T00:00:00.000+00:00,MERS-CoV RBD in complex with receptor DPP4,heteromeric protein,SINGLE PARTICLE
22EC,EMD-68193,3.23,2026-09-02T00:00:00.000+00:00,Post-fusion structure of MERS-CoV spike glycoprotein,homomeric protein,SINGLE PARTICLE
22EM,EMD-68208,2.86,2026-05-06T00:00:00.000+00:00,Gi bound kappa-opioid receptor in complex with beta01,heteromeric protein,SINGLE PARTICLE
22ES,EMD-68217,2.43,2026-05-06T00:00:00.000+00:00,Gi bound kappa-opioid receptor in complex with difelikefalin,heteromeric protein,SINGLE PARTICLE
22FY,EMD-68252,3.24,2026-09-02T00:00:00.000+00:00,Structure of MERS-CoV S protein with 3down-RBDs,homomeric protein,SINGLE PARTICLE
22GK,EMD-68262,2.84,2026-07-22T00:00:00.000+00:00,C5a bound C5aR2 in complex with beta-arrestin1,heteromeric protein,SINGLE PARTICLE
22GL,EMD-68263,3.3,2026-07-22T00:00:00.000+00:00,C5a bound C5aR1 in complex with beta-arrestin1,heteromeric protein,SINGLE PARTICLE
22GM,EMD-68264,2.7,2026-07-22T00:00:00.000+00:00,C5a bound C5aR1 in complex with beta-arrestin1,heteromeric protein,SINGLE PARTICLE
22HG,EMD-68270,2.61,2026-08-12T00:00:00.000+00:00,SARS-CoV-2 BA.3.2.2(RE.2.2) RBD in complex with human ACE2 and monoclonal antibody S2H97,protein/oligosaccharide,SINGLE PARTICLE
22HP,EMD-68274,3.19,2026-08-05T00:00:00.000+00:00,SARS-CoV-2 BA.3.2.2(RE.2.2) RBD in complex with monoclonal antibodies S2K146 and L4.65,heteromeric protein,SINGLE PARTICLE
22IB,EMD-68281,3.22,2026-04-22T00:00:00.000+00:00,CryoEM structure of Human LonP1-TFAM complex,heteromeric protein,SINGLE PARTICLE
22JW,EMD-68387,2.84,2026-08-12T00:00:00.000+00:00,Perinereis linea erythrocruorin,heteromeric protein,SINGLE PARTICLE
22JX,EMD-68388,3.7,2026-09-09T00:00:00.000+00:00,Cryo-EM structure of the mGlu5-beta-arrestin 1 complex,heteromeric protein,SINGLE PARTICLE
22JY,EMD-68389,2.2,2026-02-04T00:00:00.000+00:00,P301L/S320F human tau filaments from mouse brain,homomeric protein,SINGLE PARTICLE
22JZ,EMD-68390,3.4,2026-09-09T00:00:00.000+00:00,Cryo-EM structure of the mGlu7-beta-arrestin 1 complex,heteromeric protein,SINGLE PARTICLE
22KG,EMD-68393,3.52,2026-08-26T00:00:00.000+00:00,Cryo-EM Structure of a 24mer MucD cage,homomeric protein,SINGLE PARTICLE
22KK,EMD-68398,3.1,2026-08-26T00:00:00.000+00:00,Cryo-EM structure of the BTNL3-BTNL8-TCR complex,heteromeric protein,SINGLE PARTICLE
22LL,EMD-68429,3.3,2026-09-02T00:00:00.000+00:00,Structure of neutralizing antibody G4 with MPXV M1R,heteromeric protein,SINGLE PARTICLE
22MM,EMD-68472,3.42,2026-04-01T00:00:00.000+00:00,Structure of human 26S proteasome complexed with midnolin(1-111+337-468),heteromeric protein,SINGLE PARTICLE
22OF,EMD-68536,3.6,2026-07-01T00:00:00.000+00:00,Cryo-EM structure of CeTECR-CeHACD complex,heteromeric protein,SINGLE PARTICLE
22OV,EMD-68575,2.37,2026-08-05T00:00:00.000+00:00,SARS-CoV-2 BA.3.2.2(RE.2.2) spike protein,protein/oligosaccharide,SINGLE PARTICLE
22PD,EMD-68583,2.95,2026-09-16T00:00:00.000+00:00,Cryo EM structure of SARS-COV-2 (BA.4) RBD in complex with THZ937 Fab (local refine),heteromeric protein,SINGLE PARTICLE
22PL,EMD-68584,3.3,2026-08-26T00:00:00.000+00:00,Structure of the IL-31/IL-31RA/OSMRB complex,protein/oligosaccharide,SINGLE PARTICLE
22PS,EMD-68593,2.96,2026-02-04T00:00:00.000+00:00,Structure of ozureprubart Fab in complex with human IgE-Fc,heteromeric protein,SINGLE PARTICLE
22QS,EMD-68607,2.57,2026-08-12T00:00:00.000+00:00,Cryo-EM structure of the Deg-3/Des-2 apo state,protein/oligosaccharide,SINGLE PARTICLE
22QT,EMD-68608,2.66,2026-08-12T00:00:00.000+00:00,Cryo-EM structure of the Deg-3/Des-2 betaine-bound intermediate state,protein/oligosaccharide,SINGLE PARTICLE
22QU,EMD-68609,2.5,2026-08-12T00:00:00.000+00:00,Cryo-EM structure of the Deg-3/Des-2 betaine-bound open state,protein/oligosaccharide,SINGLE PARTICLE
22QV,EMD-68610,2.67,2026-08-12T00:00:00.000+00:00,Cryo-EM structure of the Deg-3/Des-2 choline-bound intermediate state,protein/oligosaccharide,SINGLE PARTICLE
22QW,EMD-68611,2.77,2026-08-12T00:00:00.000+00:00,Cryo-EM structure of the Deg-3/Des-2 choline-bound open state,protein/oligosaccharide,SINGLE PARTICLE
22RD,EMD-68616,3.38,2026-04-29T00:00:00.000+00:00,High-resolution cryo-EM structure of human Polo-like kinase 1 in complex with onvansertib,homomeric protein,SINGLE PARTICLE
22RJ,EMD-68620,2.82,2026-06-03T00:00:00.000+00:00,Human KCNQ3-CaM in apo state,heteromeric protein,SINGLE PARTICLE
22RQ,EMD-68626,2.9,2026-06-03T00:00:00.000+00:00,Human KCNQ3-XEN1101 complex in the presence of PIP2,homomeric protein,SINGLE PARTICLE
22SK,EMD-68645,3.0,2026-08-26T00:00:00.000+00:00,Client peptide-bound structure of a MucD trimer within a 24mer cage,heteromeric protein,SINGLE PARTICLE
22TE,EMD-68655,2.59,2026-08-19T00:00:00.000+00:00,Cryo-EM structure of Crimean-Congo hemorrhagic fever virus RNA polymerase in apo state,homomeric protein,SINGLE PARTICLE
22TH,EMD-68657,2.5,2026-08-19T00:00:00.000+00:00,Cryo-EM structure of Crimean-Congo hemorrhagic fever virus RNA polymerase in complex with suramin,homomeric protein,SINGLE PARTICLE
22VL,EMD-68717,3.2,2026-06-17T00:00:00.000+00:00,Cryo-EM structure of Chlamydomonas reinhardtii chloroplast F1Fo-ATP synthase,heteromeric protein,SINGLE PARTICLE
22VT,EMD-68728,3.3,2026-05-20T00:00:00.000+00:00,"Structure of human MCM2-7 single hexamer with MCM3-WHD attached to MCM2-CTD, containing Meier-Gorlin Syndrome mutation (MCM3-Q761L)",heteromeric protein,SINGLE PARTICLE
22WP,EMD-68735,3.33,2026-09-16T00:00:00.000+00:00,local reifnement of 5HT2AR-miniGq heterotrimer in complex with a psychedelic psilocin,homomeric protein,SINGLE PARTICLE
22WR,EMD-68737,3.2,2026-09-16T00:00:00.000+00:00,local refinement of 5HT2AR-miniGq heterotrimer in complex with a selective agonist IHCH-2330,homomeric protein,SINGLE PARTICLE
22WT,EMD-68739,3.21,2026-09-16T00:00:00.000+00:00,local refinement of 5HT2BR-fab heterotrimer in complex with a novel antagonist IHCH-2330,homomeric protein,SINGLE PARTICLE
22XC,EMD-68747,3.28,2026-04-22T00:00:00.000+00:00,Structure of CXCR4 in complex with a de-novo designed mini-protein antagonist,heteromeric protein,SINGLE PARTICLE
22XK,EMD-67812,3.6,2026-03-11T00:00:00.000+00:00,MexBYB-Ka asymmetry,homomeric protein,SINGLE PARTICLE
22XM,EMD-67813,3.55,2026-03-11T00:00:00.000+00:00,MexBYB-Ka symmetry-like,homomeric protein,SINGLE PARTICLE
22XO,EMD-68756,2.72,2026-02-11T00:00:00.000+00:00,Cryo-EM structure of E.coli LrhA,homomeric protein,SINGLE PARTICLE
22ZO,EMD-71647,2.2,2026-06-24T00:00:00.000+00:00,Single full-length subunit of the Vpb4Aa2 pore complex,homomeric protein,SINGLE PARTICLE
23AY,EMD-68820,2.27,2026-09-09T00:00:00.000+00:00,CryoEM structure of EV-D68 US/MO/14-18947 mature virion,heteromeric protein,SINGLE PARTICLE
23BB,EMD-68823,3.6,2026-06-24T00:00:00.000+00:00,Caspase-4 p20/p10 and human GSDMD,heteromeric protein,SINGLE PARTICLE
23BD,EMD-68825,3.4,2026-06-24T00:00:00.000+00:00,Caspase-4 p22/p10 and human GSDMD complex,heteromeric protein,SINGLE PARTICLE
23BG,EMD-68830,2.47,2026-09-09T00:00:00.000+00:00,CryoEM structure of EV-D68 US/MO/14-18947 in complex with MFSD6-L3,protein/oligosaccharide,SINGLE PARTICLE
23BT,EMD-68840,2.42,2026-07-08T00:00:00.000+00:00,Structure of mouse urate oxidase in complex with uric acid,homomeric protein,SINGLE PARTICLE
23BX,EMD-68851,2.62,2026-09-09T00:00:00.000+00:00,CryoEM structure of EV-D68 US/KY/14-18953 mature virion,heteromeric protein,SINGLE PARTICLE
23CP,EMD-68865,3.12,2026-08-12T00:00:00.000+00:00,Cryo-EM structure of RSC complex from Chaetomium thermophilum,heteromeric protein,SINGLE PARTICLE
23DJ,EMD-68883,2.55,2026-09-09T00:00:00.000+00:00,anti-Crispr protein in apo form,homomeric protein,SINGLE PARTICLE
23EW,EMD-68913,2.7,2026-08-26T00:00:00.000+00:00,Cryo-EM structure of human ATR-ATRIP complex with Berzosertib,heteromeric protein,SINGLE PARTICLE
23EX,EMD-68914,3.2,2026-08-26T00:00:00.000+00:00,Cryo-EM structure of human ATR-ATRIP complex with Ceralasertib,heteromeric protein,SINGLE PARTICLE
23EY,EMD-68915,3.2,2026-08-26T00:00:00.000+00:00,Cryo-EM structure of human ATR-ATRIP complex with Elimusertib,heteromeric protein,SINGLE PARTICLE
23FA,EMD-68917,3.1,2026-08-26T00:00:00.000+00:00,Cryo-EM structure of human ATR-ATRIP complex with Gartisertib,heteromeric protein,SINGLE PARTICLE
23FB,EMD-68918,3.0,2026-08-26T00:00:00.000+00:00,Cryo-EM structure of human ATR-ATRIP complex with ATPgammaS,heteromeric protein,SINGLE PARTICLE
23FC,EMD-68919,2.7,2026-05-13T00:00:00.000+00:00,Cryo-EM structure of human ATR-ATRIP complex with ATPgammaS and Chk1,heteromeric protein,SINGLE PARTICLE
23FD,EMD-68920,3.6,2026-08-26T00:00:00.000+00:00,"Cryo-EM structure of human ATR-ATRIP complex with ATPgammaS, Chk1 and TopBp1",heteromeric protein,SINGLE PARTICLE
23FE,EMD-68921,2.9,2026-08-26T00:00:00.000+00:00,"Cryo-EM structure of human ATR-ATRIP complex with ATPgammaS, Chk1 and ETAA1",heteromeric protein,SINGLE PARTICLE
23FJ,EMD-68925,2.96,2026-08-12T00:00:00.000+00:00,Cryo-EM structure of SWI/SNF complex from Chaetomium thermophilum,heteromeric protein,SINGLE PARTICLE
23GF,EMD-68941,3.3,2026-09-09T00:00:00.000+00:00,The atomic coordinate of GPI-MT-I complex with Gpi14 D38A mutation,protein/oligosaccharide,SINGLE PARTICLE
23GX,EMD-68960,3.9,2026-09-09T00:00:00.000+00:00,The atomic coordinate of GPI-MT-I complex,protein/oligosaccharide,SINGLE PARTICLE
23IC,EMD-68988,3.5,2026-08-12T00:00:00.000+00:00,Cryo-EM structure of Oryza sativa vacuolar phosphate efflux transporter 2 (OsVPE2),homomeric protein,SINGLE PARTICLE
23IF,EMD-68990,3.3,2026-08-12T00:00:00.000+00:00,Cryo-EM structure of Oryza sativa vacuolar phosphate efflux transporter 2 (OsVPE2) with phosphate,homomeric protein,SINGLE PARTICLE
23IG,EMD-68992,3.7,2026-08-12T00:00:00.000+00:00,Cryo-EM structure of Oryza sativa vacuolar phosphate efflux transporter 2 (OsVPE2) at pH5.,homomeric protein,SINGLE PARTICLE
23IT,EMD-69003,2.24,2026-09-09T00:00:00.000+00:00,Complex of FMDV O/HN/CHA/93 and porcine-derived neutralizing monoclonal antibody pO18-29,heteromeric protein,SINGLE PARTICLE
23IU,EMD-69004,2.34,2026-09-09T00:00:00.000+00:00,Complex of FMDV O/18074 and porcine-derived neutralizing monoclonal antibody pO18-29,heteromeric protein,SINGLE PARTICLE
23IV,EMD-69005,2.42,2026-05-20T00:00:00.000+00:00,Cannabinoid Receptor 1-Gi Complex,heteromeric protein,SINGLE PARTICLE
23IW,EMD-69006,2.42,2026-05-20T00:00:00.000+00:00,Cannabinoid Receptor 1-Gi Complex,heteromeric protein,SINGLE PARTICLE
23NX,EMD-69118,3.32,2026-08-19T00:00:00.000+00:00,Structure of mouse DNMT3A-TCL1A complex,heteromeric protein,SINGLE PARTICLE
23OI,EMD-69126,2.74,2026-07-01T00:00:00.000+00:00,Cryo-EM structure of the cebranopadol-NOP receptor-Gi complex,heteromeric protein,SINGLE PARTICLE
23PG,EMD-69143,2.87,2026-06-03T00:00:00.000+00:00,Cryo-EM structure of human ABCB7 in complex with CoPP:GSH/ADPVO4,homomeric protein,SINGLE PARTICLE
23PH,EMD-69144,3.01,2026-06-03T00:00:00.000+00:00,Cryo-EM structures of the human ABCB7 in the apo state,homomeric protein,SINGLE PARTICLE
23PI,EMD-69145,2.33,2026-06-03T00:00:00.000+00:00,Cryo-EM structure of the human ABCB7 in occluded state,homomeric protein,SINGLE PARTICLE
23PS,EMD-69155,2.65,2026-09-09T00:00:00.000+00:00,CryoEM structure of EV-D68 US/KY/14-18953 in complex with MFSD6-L3,protein/oligosaccharide,SINGLE PARTICLE
23PX,EMD-69160,3.01,2026-09-02T00:00:00.000+00:00,YghJ protein zymogen-like autoinhibited state,homomeric protein,SINGLE PARTICLE
23PY,EMD-69161,3.0,2026-09-02T00:00:00.000+00:00,N-His tagged YghJ protein substrate-accessible state,homomeric protein,SINGLE PARTICLE
23PZ,EMD-69162,3.36,2026-09-02T00:00:00.000+00:00,C-His tagged YghJ protein substrate-accessible state,homomeric protein,SINGLE PARTICLE
23SF,EMD-69207,3.4,2026-05-27T00:00:00.000+00:00,Cryo-EM structure of icosahedrally averaged bacteriophage RAN69 capsid,heteromeric protein,SINGLE PARTICLE
23SG,EMD-69208,3.0,2026-05-27T00:00:00.000+00:00,The composite Cryo-EM structure of bacteriophage RAN69 pre-ejectosome-portal complex,heteromeric protein,SINGLE PARTICLE
23SH,EMD-69212,3.2,2026-05-27T00:00:00.000+00:00,The composite Cryo-EM structure of the tail region of bacteriophage RAN69,heteromeric protein,SINGLE PARTICLE
23SO,EMD-69218,2.95,2026-07-01T00:00:00.000+00:00,Cryo-EM structure of the cebranopadol-mu opioid receptor-Gi complex,heteromeric protein,SINGLE PARTICLE
23SP,EMD-69219,3.71,2026-06-03T00:00:00.000+00:00,TamA complex with TamB DUF490 in lipid nanodisc,heteromeric protein,SINGLE PARTICLE
23SQ,EMD-69220,3.51,2026-06-03T00:00:00.000+00:00,TamA complex with TamB DUF490 in detergent micelles.,heteromeric protein,SINGLE PARTICLE
23SR,EMD-69221,2.85,2026-07-01T00:00:00.000+00:00,Cryo-EM structure of CDK2 in complex with CRBN/DDB1 and B11,heteromeric protein,SINGLE PARTICLE
23WM,EMD-69321,3.13,2026-08-05T00:00:00.000+00:00,Cryo-EM structure of the de novo designed metalloprotease PP507 E110Q mutant,heteromeric protein,SINGLE PARTICLE
23WN,EMD-69322,2.98,2026-08-05T00:00:00.000+00:00,Cryo-EM structure of the de novo designed metalloprotease DP622 E96Q mutant,heteromeric protein,SINGLE PARTICLE
23WO,EMD-69323,3.5,2026-08-05T00:00:00.000+00:00,Cryo-EM structure of the de novo designed metalloprotease DP221 E85Q mutant,heteromeric protein,SINGLE PARTICLE
23XI,EMD-69357,2.93,2026-08-05T00:00:00.000+00:00,Cryo-EM structure of human sodium/proton antiporter NHE1 in complex with Zoniporide in an outward-open conformation,homomeric protein,SINGLE PARTICLE
23XK,EMD-69358,3.1,2026-04-08T00:00:00.000+00:00,Cryo-EM structure of human sodium/proton antiporter NHE1 in complex with Cariporide in an outward-open conformation,homomeric protein,SINGLE PARTICLE
23XM,EMD-69359,3.24,2026-04-08T00:00:00.000+00:00,Cryo-EM structure of human sodium/proton antiporter NHE1 in complex with Eniporide in an outward-open conformation,homomeric protein,SINGLE PARTICLE
23XO,EMD-69360,3.16,2026-04-08T00:00:00.000+00:00,Cryo-EM structure of human sodium/proton antiporter NHE1 in complex with Rimeporide in an outward-open conformation,homomeric protein,SINGLE PARTICLE
24GL,EMD-69488,3.4,2026-09-16T00:00:00.000+00:00,BAM-SurA complex (P1_P2-visible 1),heteromeric protein,SINGLE PARTICLE
24ID,EMD-69539,3.34,2026-07-29T00:00:00.000+00:00,Cryo-EM structure of the monomeric WDR11-FAM91A1-C17orf75 complex,heteromeric protein,SINGLE PARTICLE
24IP,EMD-69549,3.07,2026-07-29T00:00:00.000+00:00,Cryo-EM structure of the dimeric WDR11-FAM91A1-C17orf75 complex,heteromeric protein,SINGLE PARTICLE
24KR,EMD-69590,2.53,2026-06-10T00:00:00.000+00:00,Structural basis of influenza A virus neutralization by broadly active single-domain antibody G2.3 recognizing glycosylated epitope within hemagglutinin stem,heteromeric protein,SINGLE PARTICLE
24MC,EMD-69647,3.4,2026-05-06T00:00:00.000+00:00,Structure of oocyte cytoplasmic lattices,heteromeric protein,SINGLE PARTICLE
24NA,EMD-69681,2.8,2026-05-27T00:00:00.000+00:00,DRT4 homohexamer with dGTP,homomeric protein,SINGLE PARTICLE
24NB,EMD-69682,2.54,2026-05-27T00:00:00.000+00:00,"DRT4 homohexamer with dGTP, GMP",homomeric protein,SINGLE PARTICLE
24NC,EMD-69683,2.22,2026-05-27T00:00:00.000+00:00,"DRT4 homohexamer with dGTP, RNA",homomeric protein,SINGLE PARTICLE
24QH,EMD-69759,2.74,2026-07-08T00:00:00.000+00:00,Cryo-EM Structure of the FFAR4-Gi complex with unknown density,heteromeric protein,SINGLE PARTICLE
24RC,EMD-69776,2.61,2026-05-27T00:00:00.000+00:00,Cryo-EM structure of human sodium pump W931R mutant in K+-occluded E2-Pi state,heteromeric protein,SINGLE PARTICLE
24RT,EMD-69786,2.8,2026-06-10T00:00:00.000+00:00,Heimdallarchaeales alpha/beta tubulin microtubule with a single seam,heteromeric protein,SINGLE PARTICLE
24TB,EMD-69803,3.03,2026-07-08T00:00:00.000+00:00,Cryo-EM structure of the ligand-free (Apo) GHRHR-Gs complex,heteromeric protein,SINGLE PARTICLE
24TI,EMD-69804,2.88,2026-07-08T00:00:00.000+00:00,Cryo-EM structure of the PCO371-bound GHRHR-Gs complex,heteromeric protein,SINGLE PARTICLE
24VC,EMD-69835,2.8,2026-07-01T00:00:00.000+00:00,Structure of lumen-open ABCD4-LMBD1 complex,heteromeric protein,SINGLE PARTICLE
24VD,EMD-69836,2.83,2026-07-01T00:00:00.000+00:00,Structure of substrate-bound ABCD4-LMBD1 complex,heteromeric protein,SINGLE PARTICLE
24VE,EMD-69837,2.98,2026-07-01T00:00:00.000+00:00,Structure of cytosol-open ABCD4-LMBD1,heteromeric protein,SINGLE PARTICLE
24VI,EMD-69840,2.98,2026-08-12T00:00:00.000+00:00,"Cryo-EM structure of the human KCNQ2/KCNQ3 heterotetramer (3:1 stoichiometry) in apo state (M2223 apo, without symmetry expansion)",heteromeric protein,SINGLE PARTICLE
24VJ,EMD-69841,3.07,2026-08-12T00:00:00.000+00:00,"Cryo-EM structure of the human KCNQ2/KCNQ3 heterotetramer (3:1 stoichiometry) with CLM142 (M2223 CLM142, without symmetry expansion)",heteromeric protein,SINGLE PARTICLE
24VK,EMD-69842,3.75,2026-08-12T00:00:00.000+00:00,"Cryo-EM structure of the human KCNQ2/KCNQ3 heterotetramer (3:1 stoichiometry) with CLM142 and PIP2 in open state (M2223 open, without symmetry expansion)",heteromeric protein,SINGLE PARTICLE
24VM,EMD-69844,3.54,2026-08-12T00:00:00.000+00:00,"Cryo-EM structure of the human wild-type KCNQ2/KCNQ3 heterotetramer (2:2 stoichiometry) in apo state (M2233 WT, without symmetry expansion)",heteromeric protein,SINGLE PARTICLE
24VN,EMD-69845,3.58,2026-08-12T00:00:00.000+00:00,"Cryo-EM structure of the human wild-type KCNQ2/KCNQ3 heterotetramer (2:2 stoichiometry) in apo state (M2323 WT, without symmetry expansion)",heteromeric protein,SINGLE PARTICLE
24VO,EMD-69846,3.64,2026-08-12T00:00:00.000+00:00,"Cryo-EM structure of the human wild-type KCNQ2/KCNQ3 heterotetramer (1:3 stoichiometry) in apo state (M2333 WT, without symmetry expansion)",heteromeric protein,SINGLE PARTICLE
24VP,EMD-69847,3.26,2026-08-12T00:00:00.000+00:00,"Cryo-EM structure of the human KCNQ2/KCNQ3 heterotetramer (3:1 stoichiometry) in apo state (M2223 apo, with symmetry expansion)",heteromeric protein,SINGLE PARTICLE
24VQ,EMD-69848,3.48,2026-08-12T00:00:00.000+00:00,"Cryo-EM structure of the human KCNQ2/KCNQ3 heterotetramer (2:2 stoichiometry) in apo state (M2233 apo, with symmetry expansion)",heteromeric protein,SINGLE PARTICLE
24VR,EMD-69849,3.3,2026-08-12T00:00:00.000+00:00,"Cryo-EM structure of the human KCNQ2/KCNQ3 heterotetramer (2:2 stoichiometry) in apo state (M2323 apo, with symmetry expansion)",heteromeric protein,SINGLE PARTICLE
24VS,EMD-69850,3.51,2026-08-12T00:00:00.000+00:00,"Cryo-EM structure of the human KCNQ2/KCNQ3 heterotetramer (1:3 stoichiometry) in apo state (M2333 apo, with symmetry expansion)",heteromeric protein,SINGLE PARTICLE
24VT,EMD-69851,3.56,2026-08-12T00:00:00.000+00:00,"Cryo-EM structure of the human KCNQ2/KCNQ3 heterotetramer (3:1 stoichiometry) with CLM142 (M2223 CLM142, with symmetry expansion)",heteromeric protein,SINGLE PARTICLE
24VU,EMD-69852,3.68,2026-08-12T00:00:00.000+00:00,"Cryo-EM structure of the human KCNQ2/KCNQ3 heterotetramer (2:2 stoichiometry) with CLM142 (M2233 CLM142, with symmetry expansion)",heteromeric protein,SINGLE PARTICLE
24VV,EMD-69853,3.6,2026-08-12T00:00:00.000+00:00,"Cryo-EM structure of the human KCNQ2/KCNQ3 heterotetramer (2:2 stoichiometry) with CLM142 (M2323 CLM142, with symmetry expansion)",heteromeric protein,SINGLE PARTICLE
24VW,EMD-69854,3.93,2026-08-12T00:00:00.000+00:00,"Cryo-EM structure of the human KCNQ2/KCNQ3 heterotetramer (1:3 stoichiometry) with CLM142 (M2333 CLM142, with symmetry expansion)",heteromeric protein,SINGLE PARTICLE
24VY,EMD-69856,3.9,2026-08-12T00:00:00.000+00:00,"Cryo-EM structure of the human KCNQ2/KCNQ3 heterotetramer (2:2 stoichiometry) with CLM142 and PIP2 in open state (M2233 open, with symmetry expansion)",heteromeric protein,SINGLE PARTICLE
24VZ,EMD-69857,3.82,2026-08-12T00:00:00.000+00:00,"Cryo-EM structure of the human KCNQ2/KCNQ3 heterotetramer (2:2 stoichiometry) with CLM142 and PIP2 in open state (M2323 open, with symmetry expansion)",heteromeric protein,SINGLE PARTICLE
24WA,EMD-69858,3.83,2026-08-12T00:00:00.000+00:00,"Cryo-EM structure of the human KCNQ2/KCNQ3 heterotetramer (1:3 stoichiometry) with CLM142 and PIP2 in open state (M2333 open, with symmetry expansion)",heteromeric protein,SINGLE PARTICLE
24XB,EMD-69886,2.65,2026-07-08T00:00:00.000+00:00,Cryo-EM Structure of the Apo FFAR4-Gq Complex,heteromeric protein,SINGLE PARTICLE
24XY,EMD-69904,3.0,2026-06-10T00:00:00.000+00:00,P2Y13R-Gq complex bound to ADP,heteromeric protein,SINGLE PARTICLE
24XZ,EMD-69905,2.93,2026-06-10T00:00:00.000+00:00,P2Y14R-Gi complex bound to UDP,heteromeric protein,SINGLE PARTICLE
24YE,EMD-69907,2.9,2026-08-26T00:00:00.000+00:00,Client peptide-bound structure of a MucD trimer within a 12mer cage,heteromeric protein,SINGLE PARTICLE
25EX,EMD-80068,2.66,2026-09-02T00:00:00.000+00:00,Cryo-EM structure of the Arabidopsis thaliana potassium transporter 5 in apo state,homomeric protein,SINGLE PARTICLE
25FQ,EMD-80076,3.6,2026-09-16T00:00:00.000+00:00,BAM-SurA complex (Core only),heteromeric protein,SINGLE PARTICLE
25GE,EMD-80081,3.37,2026-08-26T00:00:00.000+00:00,Cryo-EM structure of the human KPTN-ITFG2-SZT2(2189-3432) complex,heteromeric protein,SINGLE PARTICLE
25GF,EMD-80082,3.81,2026-08-26T00:00:00.000+00:00,Cryo-EM structure of the human KPTN-ITFG2-C12orf66-SZT2(2189-3432) complex,heteromeric protein,SINGLE PARTICLE
25GN,EMD-80088,3.2,2026-08-26T00:00:00.000+00:00,receptor-arrestin,heteromeric protein,SINGLE PARTICLE
25HN,EMD-80105,2.26,2026-05-27T00:00:00.000+00:00,Cryo-EM structure of native Rubisco from Nitrosospira multiformis,heteromeric protein,SINGLE PARTICLE
25HO,EMD-80106,2.2,2026-07-08T00:00:00.000+00:00,Cryo-EM structure of the Helicobacter pylori ferritin-I69C,homomeric protein,SINGLE PARTICLE
25HR,EMD-80113,3.6,2026-08-12T00:00:00.000+00:00,Cryo-EM structure of Pseudomonas aeruginosa FtsQBLWI in complex with imipenem,heteromeric protein,SINGLE PARTICLE
25HS,EMD-80118,3.12,2026-08-12T00:00:00.000+00:00,Cryo-EM structure of Pseudomonas aeruginosa FtsQBLWI in complex with aztreonam,heteromeric protein,SINGLE PARTICLE
25HW,EMD-80125,3.28,2026-08-12T00:00:00.000+00:00,Cryo-EM structure of Pseudomonas aeruginosa FtsQBLWI,heteromeric protein,SINGLE PARTICLE
25IF,EMD-80132,3.42,2026-07-01T00:00:00.000+00:00,Structure of mC5aR2 in complex with mC5a-desArg (Monomer),heteromeric protein,SINGLE PARTICLE
25IH,EMD-80133,2.8,2026-05-20T00:00:00.000+00:00,Cryo-EM structure of human Nav1.6 in complex with Cn2,protein/oligosaccharide,SINGLE PARTICLE
25II,EMD-80134,2.5,2026-05-20T00:00:00.000+00:00,Cryo-EM structure of human Nav1.6 in complex with Iota-Conotoxin RXIA,protein/oligosaccharide,SINGLE PARTICLE
25IJ,EMD-80135,3.1,2026-05-20T00:00:00.000+00:00,Cryo-EM structure of human Nav1.6 in complex with delta-paraponeritoxin-Pc1a,protein/oligosaccharide,SINGLE PARTICLE
25IK,EMD-80137,3.0,2026-05-20T00:00:00.000+00:00,Cryo-EM structure of MasR(FL)-Gq,heteromeric protein,SINGLE PARTICLE
25IL,EMD-80138,3.2,2026-05-20T00:00:00.000+00:00,Cryo-EM structure of MasR(del2-25)-Gq,heteromeric protein,SINGLE PARTICLE
25JN,EMD-80158,2.92,2026-09-02T00:00:00.000+00:00,Cryo-EM structure of the Arabidopsis thaliana potassium transporter 5 subjected to ATP dialysis,homomeric protein,SINGLE PARTICLE
25JP,EMD-80160,3.36,2026-09-02T00:00:00.000+00:00,Cryo-EM structure of the Arabidopsis thaliana potassium transporter 5 purified in the presence of NaCl and ATP,homomeric protein,SINGLE PARTICLE
25JX,EMD-80170,2.82,2026-09-02T00:00:00.000+00:00,Cryo-EM structure of the Arabidopsis thaliana potassium transporter 5 incubated with AMPPNP,homomeric protein,SINGLE PARTICLE
25LE,EMD-80182,3.22,2026-09-02T00:00:00.000+00:00,Cryo-EM structure of the Arabidopsis thaliana potassium transporter 5 mutant - H527A,homomeric protein,SINGLE PARTICLE
25LV,EMD-80193,3.26,2026-09-02T00:00:00.000+00:00,Cryo-EM structure of the Arabidopsis thaliana potassium transporter mutant - K759A,homomeric protein,SINGLE PARTICLE
25MI,EMD-80202,3.28,2026-09-02T00:00:00.000+00:00,"Cryo-EM structure of the Arabidopsis thaliana potassium transporter mutant - H527R, K759H",homomeric protein,SINGLE PARTICLE
25MJ,EMD-80203,3.08,2026-09-02T00:00:00.000+00:00,"Cryo-EM structure of the Arabidopsis thaliana potassium transporter mutant - H527R, E565N, K759H",homomeric protein,SINGLE PARTICLE
25MK,EMD-80204,3.04,2026-09-02T00:00:00.000+00:00,"Cryo-EM structure of the Arabidopsis thaliana potassium transporter mutant - H527R, E565N, K759H, K778E, E734K",homomeric protein,SINGLE PARTICLE
25NV,EMD-80237,3.21,2026-06-03T00:00:00.000+00:00,A complex of PTH1R/Gs bound to a PTHrP analogue with five beta-amino acids,heteromeric protein,SINGLE PARTICLE
25NX,EMD-80238,2.86,2026-06-03T00:00:00.000+00:00,A complex of PTH1R/Gs bound to a PTHrP analogue with three beta-amino acids,heteromeric protein,SINGLE PARTICLE
25PV,EMD-80292,3.03,2026-05-27T00:00:00.000+00:00,Structure of the anthrax protective antigen in complex with a potent neutralizing antibody,heteromeric protein,SINGLE PARTICLE
25QP,EMD-80306,2.9,2026-07-29T00:00:00.000+00:00,Cryo-EM Structure of PLPP3,homomeric protein,SINGLE PARTICLE
25RG,EMD-80320,2.5,2026-09-02T00:00:00.000+00:00,CyroEM structure of the complex between Shiga toxin Stx1a B subunit and neutralising Fab fragment of RDS045,heteromeric protein,SINGLE PARTICLE
25SB,EMD-80337,2.0,2026-08-26T00:00:00.000+00:00,CyroEM structure of the complex between Shiga toxin Stx1a B subunit and neutralising Fab fragment of RDS059,heteromeric protein,SINGLE PARTICLE
25ST,EMD-63712,3.0,2026-06-24T00:00:00.000+00:00,cryo-EM structure of human TAS2R4 with amino acids,heteromeric protein,SINGLE PARTICLE
25SU,EMD-63713,3.3,2026-07-15T00:00:00.000+00:00,cryo-EM structure of human TAS2R4,heteromeric protein,SINGLE PARTICLE
25TV,EMD-80373,3.8,2026-09-09T00:00:00.000+00:00,Cryo-EM structure of the 2:1 mGlu7-ELFN1 complex,protein/oligosaccharide,SINGLE PARTICLE
25TW,EMD-80374,3.5,2026-09-09T00:00:00.000+00:00,Cryo-EM structure of the 2:2 mGlu7-ELFN1 complex in conformation D,protein/oligosaccharide,SINGLE PARTICLE
25TX,EMD-80375,4.0,2026-09-09T00:00:00.000+00:00,Cryo-EM structure of the 2:2 mGlu7-ELFN1 complex in conformation C,protein/oligosaccharide,SINGLE PARTICLE
25TY,EMD-80376,3.6,2026-09-09T00:00:00.000+00:00,Cryo-EM structure of the 2:2 mGlu7-ELFN1 complex in conformation B,protein/oligosaccharide,SINGLE PARTICLE
25UJ,EMD-80380,3.1,2026-09-09T00:00:00.000+00:00,Cryo-EM structure of the 2:2 mGlu7-ELFN1 complex in conformation A,protein/oligosaccharide,SINGLE PARTICLE
25VD,EMD-80401,2.55,2026-08-12T00:00:00.000+00:00,Cap of F2-pyocin,heteromeric protein,SINGLE PARTICLE
25VE,EMD-80402,2.78,2026-08-12T00:00:00.000+00:00,side fiber of F2-pyocin,homomeric protein,SINGLE PARTICLE
25VF,EMD-80403,2.29,2026-08-12T00:00:00.000+00:00,F2-pyocin tail Tip,heteromeric protein,SINGLE PARTICLE
25VJ,EMD-80404,3.26,2026-08-12T00:00:00.000+00:00,tail fiber of F2-pyocin,heteromeric protein,SINGLE PARTICLE
25VK,EMD-80405,2.91,2026-09-09T00:00:00.000+00:00,Bacteroides thetaiotaomicron CcsBA mutant W703C,homomeric protein,SINGLE PARTICLE
25XL,EMD-80447,2.88,2026-08-05T00:00:00.000+00:00,Cryo-EM structure of the Crimean-Congo hemorrhagic fever virus L protein (apo form),homomeric protein,SINGLE PARTICLE
26CI,EMD-80538,2.63,2026-08-12T00:00:00.000+00:00,F2-pyocin FNIII and AHS,homomeric protein,SINGLE PARTICLE
26DE,EMD-80553,2.73,2026-08-26T00:00:00.000+00:00,Cryo-EM structure of bacteriophage A1002 mature head,heteromeric protein,SINGLE PARTICLE
26DK,EMD-80558,3.5,2026-08-26T00:00:00.000+00:00,Cryo-EM structure of bacteriophage A1002 mature collar,homomeric protein,SINGLE PARTICLE
26FB,EMD-80605,3.05,2026-08-26T00:00:00.000+00:00,Cryo-EM structure of the portal-nozzle of bacteriophage A1002,heteromeric protein,SINGLE PARTICLE
26FE,EMD-80609,3.04,2026-08-05T00:00:00.000+00:00,Cryo-EM structure of the A17(1-16) peptide-bound N-terminal 17 residue truncated D13 trimer from vaccinia virus,homomeric protein,SINGLE PARTICLE
26FV,EMD-80619,3.34,2026-09-09T00:00:00.000+00:00,Tetrameric cystathionine beta-synthase of Mycobacterium tuberculosis bound to AOAA,homomeric protein,SINGLE PARTICLE
26GA,EMD-80629,3.43,2026-09-09T00:00:00.000+00:00,Tetrameric cystathionine beta-synthase of Mycobacterium tuberculosis bound to O-Benzylhydroxylamine,homomeric protein,SINGLE PARTICLE
26GP,EMD-80643,3.8,2026-08-26T00:00:00.000+00:00,Cryo-EM structure of the local tail of bacteriophage A1002,homomeric protein,SINGLE PARTICLE
26GS,EMD-80645,3.0,2026-06-24T00:00:00.000+00:00,Colanic acid polysaccharide related protein structures,heteromeric protein,SINGLE PARTICLE
26KB,EMD-80708,2.76,2026-08-19T00:00:00.000+00:00,Cryo-EM structure of Crimean-Congo hemorrhagic fever virus RNA polymerase in the apo3 state from the 5'/3' vRNA dual-promoter dataset,homomeric protein,SINGLE PARTICLE
26KD,EMD-80710,2.64,2026-08-19T00:00:00.000+00:00,Cryo-EM structure of Crimean-Congo hemorrhagic fever virus RNA polymerase in the apo2 state from the 5'/3' vRNA dual-promoter dataset,homomeric protein,SINGLE PARTICLE
26LA,EMD-80738,3.33,2026-08-26T00:00:00.000+00:00,Cryo-EM structure of the overall tail of bacteriophage A1002,heteromeric protein,SINGLE PARTICLE
26LK,EMD-80744,3.4,2026-06-03T00:00:00.000+00:00,Cryo-EM structure of human LAS1L-NOL9 complex,heteromeric protein,SINGLE PARTICLE
26NL,EMD-80777,2.8,2026-07-22T00:00:00.000+00:00,Cryo-EM Structure of the HIV Capsid in Complex with VHL-3,heteromeric protein,SINGLE PARTICLE
26PF,EMD-80806,3.1,2026-08-12T00:00:00.000+00:00,Structure of a human monoclonal neutralizing antibody S54 targeting Epstein-Barr virus major glycoprotein gp350,heteromeric protein,SINGLE PARTICLE
26QF,EMD-80823,3.22,2026-09-02T00:00:00.000+00:00,Cryo-EM structure of human Ceramide glucosyltransferase UGCG,homomeric protein,SINGLE PARTICLE
26QG,EMD-80824,3.2,2026-09-02T00:00:00.000+00:00,Cryo-EM structure of human UGCG bound to UDP and C6-ceramide,homomeric protein,SINGLE PARTICLE
26QH,EMD-80825,3.23,2026-09-02T00:00:00.000+00:00,Cryo-EM structure of human UGCG bound to Eliglustat,homomeric protein,SINGLE PARTICLE
26QI,EMD-80826,3.43,2026-09-02T00:00:00.000+00:00,Cryo-EM structure of human UGCG bound to Ibiglustat,homomeric protein,SINGLE PARTICLE
26QJ,EMD-80827,3.34,2026-09-02T00:00:00.000+00:00,Cryo-EM structure of human UGCG bound to Miglustat,homomeric protein,SINGLE PARTICLE
26QM,EMD-80829,3.07,2026-09-02T00:00:00.000+00:00,Cryo-EM structure of human UGCG bound to UDP-glucose and a phospholipid,homomeric protein,SINGLE PARTICLE
26QS,EMD-80832,2.88,2026-09-02T00:00:00.000+00:00,Cryo-EM structure of human UGCG bound to UDP-Glucose,homomeric protein,SINGLE PARTICLE
26QT,EMD-80833,3.06,2026-09-02T00:00:00.000+00:00,Cryo-EM structure of human UGCG bound to UDP,homomeric protein,SINGLE PARTICLE
26VA,EMD-80903,3.4,2026-07-08T00:00:00.000+00:00,Biotin-bound SMVT in the occluded state,homomeric protein,SINGLE PARTICLE
26VB,EMD-80904,3.7,2026-07-08T00:00:00.000+00:00,D-pantothenic acid-bound SMVT in the occluded state,homomeric protein,SINGLE PARTICLE
26VE,EMD-80907,3.7,2026-07-08T00:00:00.000+00:00,SMVT in the inward-open state,homomeric protein,SINGLE PARTICLE
26WC,EMD-80928,3.63,2026-07-22T00:00:00.000+00:00,Local refinement of the mpox virus A35R protein in complexed with 17H1 Fab,heteromeric protein,SINGLE PARTICLE
26XH,EMD-80947,2.82,2026-06-17T00:00:00.000+00:00,Cryo-EM structure of Maleic Acid bound OXGR1-Gq complex,heteromeric protein,SINGLE PARTICLE
26ZN,EMD-80998,3.5,2026-08-26T00:00:00.000+00:00,Cryo-EM structure of human phosphorylate ATR-ATRIP complex with ATPgammaS,heteromeric protein,SINGLE PARTICLE
27EM,EMD-81097,3.0,2026-09-16T00:00:00.000+00:00,Cryo_EM structure of PACAP27_PAC1R_Beta_arrestin 1 complex,heteromeric protein,SINGLE PARTICLE
27KE,EMD-81217,3.3,2026-06-17T00:00:00.000+00:00,Cryo-EM structure of Black swan ACE2 complexed with SARS-CoV-2 RBD,heteromeric protein,SINGLE PARTICLE
27KF,EMD-81218,3.4,2026-06-17T00:00:00.000+00:00,Cryo-EM structure of Tundra swan ACE2 complexed with SARS-CoV-2 RBD,heteromeric protein,SINGLE PARTICLE
27OA,EMD-81298,3.55,2026-08-12T00:00:00.000+00:00,E.amu APN in complex with RU15-1 RBD (focused reconstruction),protein/oligosaccharide,SINGLE PARTICLE
27PT,EMD-81330,2.2,2026-08-26T00:00:00.000+00:00,Dictyostelium discoideum cytoplasmic dynein motor domain in complex with ADP.Vi (Phi-particle),homomeric protein,SINGLE PARTICLE
27PY,EMD-81335,2.61,2026-08-26T00:00:00.000+00:00,Dictyostelium discoideum cytoplasmic dynein motor domain in the presence of ADP (ADP state 1),homomeric protein,SINGLE PARTICLE
27PZ,EMD-81336,3.2,2026-08-26T00:00:00.000+00:00,Dictyostelium discoideum cytoplasmic dynein motor domain in the presence of ADP (ADP state 2),homomeric protein,SINGLE PARTICLE
27QA,EMD-81337,2.76,2026-08-26T00:00:00.000+00:00,Dictyostelium discoideum cytoplasmic dynein motor domain in the presence of ADP (Apo state 1),homomeric protein,SINGLE PARTICLE
27QB,EMD-81338,2.66,2026-08-26T00:00:00.000+00:00,Dictyostelium discoideum cytoplasmic dynein motor domain in the absence of nucleotide (Apo state 2),homomeric protein,SINGLE PARTICLE
27TM,EMD-81411,3.2,2026-06-24T00:00:00.000+00:00,GRM1-Acc State Conformation 2,homomeric protein,SINGLE PARTICLE
27XK,EMD-81535,2.64,2026-07-01T00:00:00.000+00:00,A cryo-EM structure of GLP1-Y11-GLP1R-Gs complex,heteromeric protein,SINGLE PARTICLE
27ZD,EMD-81556,3.1,2026-08-26T00:00:00.000+00:00,Human norovirus GII.3 TCH04-577 VP1,homomeric protein,SINGLE PARTICLE
27ZV,EMD-81572,3.0,2026-07-08T00:00:00.000+00:00,Structure of mouse urate oxidase in the apo state,homomeric protein,SINGLE PARTICLE
28IK,EMD-56536,3.7,2026-04-29T00:00:00.000+00:00,Leishmania mexicana secreted acid phosphatase at pH 5.6,protein/oligosaccharide,SINGLE PARTICLE
28IZ,EMD-56538,2.83,2026-08-19T00:00:00.000+00:00,Structure of the human two pore domain potassium ion channel TASK-3 L122V mutant (K2P9.1),homomeric protein,SINGLE PARTICLE
28JC,EMD-56542,2.94,2026-08-19T00:00:00.000+00:00,RNA polymerase II bound to RPAP2 and Gdown1,heteromeric protein,SINGLE PARTICLE
28JL,EMD-56543,3.6,2026-07-22T00:00:00.000+00:00,Lid-engaged Complex: BAM bound BepA with lid engaged in membrane,heteromeric protein,SINGLE PARTICLE
28JM,EMD-56544,3.29,2026-05-06T00:00:00.000+00:00,Cryo-EM structure of the human holo-TFIIH and XPC initial encounter complex,heteromeric protein,SINGLE PARTICLE
28JQ,EMD-56549,3.9,2026-07-22T00:00:00.000+00:00,Poised Complex: BAM bound BepA,heteromeric protein,SINGLE PARTICLE
28LW,EMD-56604,2.55,2026-09-23T00:00:00.000+00:00,CryoEM structure of carbon monoxide dehydrogenase from Ruminococcus flavefaciens,homomeric protein,SINGLE PARTICLE
28MJ,EMD-56614,2.77,2026-09-23T00:00:00.000+00:00,Cryo-EM structure of UBA6 in complex with FAT10 in the pre-adenylation state.,heteromeric protein,SINGLE PARTICLE
28MK,EMD-56615,3.53,2026-09-23T00:00:00.000+00:00,Cryo-EM structure of UBA6 in complex with FAT10 in the post-thiolation state.,heteromeric protein,SINGLE PARTICLE
28MO,EMD-56644,3.01,2026-09-23T00:00:00.000+00:00,Cryo-EM structure of UBA6-UbDha-UBE2Z trapped ternary complex (singly loaded),heteromeric protein,SINGLE PARTICLE
28MP,EMD-56645,3.12,2026-09-23T00:00:00.000+00:00,Cryo-EM structure of UBA6-UbDha-UBE2Z trapped ternary complex (doubly loaded),heteromeric protein,SINGLE PARTICLE
28MQ,EMD-56646,3.04,2026-09-23T00:00:00.000+00:00,Cryo-EM structure of UBA6-FAT10Dha-UBE2Z trapped ternary complex,heteromeric protein,SINGLE PARTICLE
28PN,EMD-56718,2.7,2026-05-06T00:00:00.000+00:00,CryoEM structure of native quinol dependent Nitric Oxide Reductase at pH 8.0 on gold grid.,homomeric protein,SINGLE PARTICLE
28PP,EMD-56720,2.9,2026-05-06T00:00:00.000+00:00,CryoEM structure of native quinol dependent Nitric Oxide Reductase Arg720Ala variant at pH 6.5 on gold grid.,homomeric protein,SINGLE PARTICLE
28PQ,EMD-56721,2.4,2026-05-06T00:00:00.000+00:00,CryoEM structure of native quinol dependent Nitric Oxide Reductase Trp718Ala variant at pH 6.5 on gold grid.,homomeric protein,SINGLE PARTICLE
28PR,EMD-56722,2.4,2026-05-06T00:00:00.000+00:00,CryoEM structure of native quinol dependent Nitric Oxide Reductase Trp718Ala variant with quino at pH 6.5 on gold grid.,homomeric protein,SINGLE PARTICLE
28QL,EMD-56749,2.72,2026-03-04T00:00:00.000+00:00,GFP bound to distal DARPin (AHIR dodecamer scaffold system),heteromeric protein,SINGLE PARTICLE
28QM,EMD-56750,3.4,2026-02-25T00:00:00.000+00:00,MBP bound to distal DARPin (AHIR dodecamer scaffold system),heteromeric protein,SINGLE PARTICLE
28QN,EMD-56751,3.3,2026-02-25T00:00:00.000+00:00,MBP-maltose bound to distal DARPin (AHIR dodecamer scaffold system),protein/oligosaccharide,SINGLE PARTICLE
28RO,EMD-56772,3.1,2026-04-29T00:00:00.000+00:00,split variant of Aquifex aeolicus lumazine synthase-derived nucleocapsid variant NC-4,heteromeric protein,SINGLE PARTICLE
28SD,EMD-56773,3.83,2026-07-15T00:00:00.000+00:00,portal - core interface of bacteriophage LUZ19 computed in C4 symmetry,heteromeric protein,SINGLE PARTICLE
28TO,EMD-56813,3.07,2026-07-08T00:00:00.000+00:00,15-subunit assembly of cyanide dihydratase from Stutzerimonas stutzeri (Pseudomonas stutzeri AK1),homomeric protein,SINGLE PARTICLE
28VJ,EMD-56885,2.79,2026-04-08T00:00:00.000+00:00,NorA bound to miniprotein I-23,heteromeric protein,SINGLE PARTICLE
28WY,EMD-56930,3.6,2026-06-24T00:00:00.000+00:00,Cryo-EM structure of the human SAC3D1-PCID2-SEM1 complex,heteromeric protein,SINGLE PARTICLE
28WZ,EMD-56931,3.5,2026-06-24T00:00:00.000+00:00,Cryo-EM structure of the human LENG8-PCID2-SEM1 complex,heteromeric protein,SINGLE PARTICLE
28YC,EMD-56958,3.12,2026-08-26T00:00:00.000+00:00,pentameric MscL from Escherichia coli in nanodiscs,homomeric protein,SINGLE PARTICLE
28YN,EMD-56974,2.63,2026-06-10T00:00:00.000+00:00,VgrG1 from Pseudomonas aeruginosa (PA0091),homomeric protein,SINGLE PARTICLE
28YO,EMD-56975,2.48,2026-06-10T00:00:00.000+00:00,Beta-galactosidase from E.Coli,homomeric protein,SINGLE PARTICLE
28YP,EMD-56976,1.9,2026-06-10T00:00:00.000+00:00,SpyTag-FtnA from E.Coli,homomeric protein,SINGLE PARTICLE
28YQ,EMD-56977,1.98,2026-06-10T00:00:00.000+00:00,ALFA-tag-FtnA from E.Coli,homomeric protein,SINGLE PARTICLE
28YR,EMD-56978,2.04,2026-06-10T00:00:00.000+00:00,ALFA-tag-FtnA from E.Coli isolated from in vitro translation reaction,homomeric protein,SINGLE PARTICLE
29CP,EMD-57080,3.7,2026-09-02T00:00:00.000+00:00,Structural basis of autoantibody binding in IgLON5 disease,heteromeric protein,SINGLE PARTICLE
29EX,EMD-57132,2.9,2026-09-23T00:00:00.000+00:00,Cryo-EM structure of 3-methylcrotonyl- CoA carboxylase (MCC) complex (BC-engage BCCP state) from Mycobacterium smegmatis,heteromeric protein,SINGLE PARTICLE
29GV,EMD-57153,2.6,2026-09-23T00:00:00.000+00:00,Cryo-EM structure of 3-methylcrotonyl-CoA carboxylase (MCC) complex (CT-engaged BCCP state) from Mycobacterium smegmatis,heteromeric protein,SINGLE PARTICLE
29HB,EMD-57170,2.8,2026-04-22T00:00:00.000+00:00,Cryo-EM structure of the ClpE/ClpP degradation complex from E.faecalis,heteromeric protein,SINGLE PARTICLE
29HG,EMD-57178,4.0,2026-05-06T00:00:00.000+00:00,Cryo-EM structure of the CUL1-RBX1-SKP1-FBXO22 SCF ubiquition ligase in complex with NSD2 via UNC10088,heteromeric protein,SINGLE PARTICLE
29IN,EMD-57198,3.5,2026-09-02T00:00:00.000+00:00,Structural basis of autoantibody binding in IgLON5 disease,heteromeric protein,SINGLE PARTICLE
29JF,EMD-57206,2.7,2026-07-08T00:00:00.000+00:00,E. coli beta-galactosidase with galacto-cyclophellitol,homomeric protein,SINGLE PARTICLE
29JR,EMD-57214,3.47,2026-09-23T00:00:00.000+00:00,Cryo-EM structure of human CCDC103/DNAAF19 in complex with RUVBL1/2,heteromeric protein,SINGLE PARTICLE
29KM,EMD-57240,3.1,2026-07-15T00:00:00.000+00:00,Cryo-EM structure of Bacillus subtilis DnaB,homomeric protein,SINGLE PARTICLE
29TC,EMD-57359,2.54,2026-09-09T00:00:00.000+00:00,Cryo-EM structure of homo-hexameric hLRRC8A double mutation I2C/L402W,homomeric protein,SINGLE PARTICLE
29TE,EMD-57361,3.46,2026-06-24T00:00:00.000+00:00,The complex of A1AT-NHK with the ERAD misfolded glycoprotein checkpoint complex from Chaetomium thermophilum (EDEM:PDI heterodimer).,protein/oligosaccharide,SINGLE PARTICLE
29TI,EMD-57363,3.26,2026-07-15T00:00:00.000+00:00,HRV K4058A mutant,heteromeric protein,SINGLE PARTICLE
29TX,EMD-57371,3.25,2026-07-15T00:00:00.000+00:00,HRV K2052A mutant,heteromeric protein,SINGLE PARTICLE
29XZ,EMD-57440,2.16,2026-09-09T00:00:00.000+00:00,Cryo-EM structure of Rhodobacter capsulatus cytochrome bc1 dimer at 2.16 A resolution with water molecules and quinone in the quinone reduction site,heteromeric protein,SINGLE PARTICLE
29YA,EMD-57441,2.69,2026-09-09T00:00:00.000+00:00,Cryo-EM structure of Rhodobacter capsulatus cytochrome bc1 dimer with one Rieske protein in the c position and one in the b position and quinone in the quinone oxidation site,heteromeric protein,SINGLE PARTICLE
29YB,EMD-57442,2.74,2026-09-09T00:00:00.000+00:00,Cryo-EM structure of Rhodobacter capsulatus cytochrome bc1 dimer with both Rieske proteins in the b position,heteromeric protein,SINGLE PARTICLE
29YC,EMD-57443,2.43,2026-09-09T00:00:00.000+00:00,Cryo-EM structure of Rhodobacter capsulatus cytochrome bc1 dimer with both Rieske proteins in the c position,heteromeric protein,SINGLE PARTICLE
29YD,EMD-57444,2.73,2026-09-09T00:00:00.000+00:00,Cryo-EM structure of Rhodobacter capsulatus cytochrome bc1 dimer with one Rieske protein in the c position and one in an intermediate position,heteromeric protein,SINGLE PARTICLE
29YE,EMD-57445,2.41,2026-09-09T00:00:00.000+00:00,Cryo-EM structure of +2Ala insertion mutant of Rhodobacter capsulatus cytochrome bc1 dimer at 2.41 A with quinone in quinone oxidation and reduction sites,heteromeric protein,SINGLE PARTICLE
30FM,EMD-57539,3.6,2026-09-23T00:00:00.000+00:00,Structure of histone H1 in an import-chaperone complex with importin beta and importin 7 (full-length model),heteromeric protein,SINGLE PARTICLE
30GD,EMD-57742,2.9,2026-05-13T00:00:00.000+00:00,CryoEM structure of human MATa2 in complex with MAT2B isoform v1 at 2.6 A resolution,heteromeric protein,SINGLE PARTICLE
30GH,EMD-57756,3.1,2026-05-13T00:00:00.000+00:00,CryoEM structure of human MATa2 in complex with MAT2B isoform v1 at 2.6 A resolution,heteromeric protein,SINGLE PARTICLE
30HD,EMD-57539,3.6,2026-09-23T00:00:00.000+00:00,Structure of histone H1 in an import-chaperone complex with importin beta and importin 7 (ordered regions),heteromeric protein,SINGLE PARTICLE
30HU,EMD-57775,3.5,2026-06-10T00:00:00.000+00:00,cryo-EM structure of AccA3-AccE5 complex in the presence of Arachidyl-CoA,heteromeric protein,SINGLE PARTICLE
30IE,EMD-57794,2.4,2026-08-19T00:00:00.000+00:00,PLD-fold vaccinia virus endonuclease K4,homomeric protein,SINGLE PARTICLE
30JE,EMD-57830,3.5,2026-05-06T00:00:00.000+00:00,Herpes simplex virus 2 delta28-73 glycoprotein C ectodomain in complex with C3b,heteromeric protein,SINGLE PARTICLE
30JZ,EMD-57835,3.6,2026-09-23T00:00:00.000+00:00,Structure of Importin 7 in complex with RanGTP,heteromeric protein,SINGLE PARTICLE
30KH,EMD-57856,3.7,2026-06-24T00:00:00.000+00:00,Structure of human Trpm4 in native lipid vesicles at 8 degrees celsius,homomeric protein,SINGLE PARTICLE
30KW,EMD-57864,3.1,2026-06-03T00:00:00.000+00:00,Human Trpm4 at 8 degrees Celsius,homomeric protein,SINGLE PARTICLE
30KZ,EMD-57865,3.4,2026-06-03T00:00:00.000+00:00,Human Trpm4 at 8 degrees Celsius,homomeric protein,SINGLE PARTICLE
30LA,EMD-57866,3.0,2026-06-03T00:00:00.000+00:00,Human Trpm4 with calcium at 37 degrees celsius,homomeric protein,SINGLE PARTICLE
30LD,EMD-57879,3.0,2026-06-03T00:00:00.000+00:00,Human Trpm4 with calcium and PBA at 37 degrees celsius,homomeric protein,SINGLE PARTICLE
30OD,EMD-57888,3.75,2026-06-24T00:00:00.000+00:00,HIV-1 CA hexamer (MX2 bound),homomeric protein,SINGLE PARTICLE
30OE,EMD-57889,3.47,2026-06-24T00:00:00.000+00:00,Unbound HIV-1 CA hexamer,homomeric protein,SINGLE PARTICLE
30QN,EMD-57960,3.2,2026-08-26T00:00:00.000+00:00,Cryo-EM Structure of Native Monomeric Quinol-Dependent Nitric Oxide Reductase from Achromobacter xylosoxidans.,homomeric protein,SINGLE PARTICLE
30SJ,EMD-57999,3.2,2026-06-03T00:00:00.000+00:00,Cryo-EM Structure of the N600A Quinol-Dependent Nitric Oxide Reductase,homomeric protein,SINGLE PARTICLE
30UC,EMD-58048,2.8,2026-07-22T00:00:00.000+00:00,Complex of transglutaminase 2 and the 45 kDa domain of fibronectin,heteromeric protein,SINGLE PARTICLE
30US,EMD-58070,3.0,2026-07-01T00:00:00.000+00:00,Structure of E. coli WbaP in complex with a megabody,heteromeric protein,SINGLE PARTICLE
30UT,EMD-58071,2.53,2026-07-29T00:00:00.000+00:00,Structure of the NaCT-Na-PF2 complex,homomeric protein,SINGLE PARTICLE
30UU,EMD-58072,2.51,2026-07-29T00:00:00.000+00:00,Structure of NaCT in NaCl,homomeric protein,SINGLE PARTICLE
30UV,EMD-58073,2.49,2026-07-29T00:00:00.000+00:00,Structure of NaCT in Choline Chloride,homomeric protein,SINGLE PARTICLE
30WC,EMD-58108,3.0,2026-07-01T00:00:00.000+00:00,Structure of E. coli WbaP in complex with a megabody in the presence of UDP-Gal processed in C2 symmetry,heteromeric protein,SINGLE PARTICLE
30XT,EMD-58134,2.55,2026-09-16T00:00:00.000+00:00,Structre of ANDV spike in complex with EC1 domain of human PCDH1,protein/oligosaccharide,SINGLE PARTICLE
30YS,EMD-58149,2.8,2026-06-17T00:00:00.000+00:00,Capsid of the Oenococcus oeni phage OE33PA,homomeric protein,SINGLE PARTICLE
30YT,EMD-58150,3.6,2026-06-17T00:00:00.000+00:00,Capsid-connector assembly of the phage OE33PA,heteromeric protein,SINGLE PARTICLE
30YU,EMD-58151,3.0,2026-06-17T00:00:00.000+00:00,Connector and Major Tail Protein of the phage OE33PA,heteromeric protein,SINGLE PARTICLE
30YV,EMD-58152,2.6,2026-06-17T00:00:00.000+00:00,Portal-adaptor asssembly of the phage OE33PA,heteromeric protein,SINGLE PARTICLE
30YW,EMD-58153,2.8,2026-06-17T00:00:00.000+00:00,Stopper and tail terminator assembly of the phage OE33PA,heteromeric protein,SINGLE PARTICLE
30YX,EMD-58157,2.7,2026-06-17T00:00:00.000+00:00,adhesion device (C3 symmetrized reconstruction) of the phage OE33PA,heteromeric protein,SINGLE PARTICLE
30YY,EMD-58158,2.7,2026-06-17T00:00:00.000+00:00,C6 symmetrized reconstruction of the adhesion device of the phage OE33PA,homomeric protein,SINGLE PARTICLE
30YZ,EMD-58159,3.5,2026-06-17T00:00:00.000+00:00,RBP trimer bound to a monomer of the distal tail protein of the phage OE33PA,heteromeric protein,SINGLE PARTICLE
30ZA,EMD-58160,2.9,2026-06-17T00:00:00.000+00:00,Part of the tail tube of the phage OE33PA,homomeric protein,SINGLE PARTICLE
31BG,EMD-58252,3.47,2026-08-19T00:00:00.000+00:00,Cryo-EM structure of Dopamine 3 receptor:Go complex bound to bitopic AB13-46A,heteromeric protein,SINGLE PARTICLE
31CJ,EMD-58290,3.3,2026-06-24T00:00:00.000+00:00,Reduced E.coli aerotaxis receptor,homomeric protein,SINGLE PARTICLE
31CK,EMD-58291,3.5,2026-06-24T00:00:00.000+00:00,Oxidized E.coli aerotaxis receptor in MH-cap free state,homomeric protein,SINGLE PARTICLE
31EP,EMD-58342,2.54,2026-06-17T00:00:00.000+00:00,"P1a-state of wild type human mitochondrial LONP1 protease with bound substrate protein, ADP and aluminum fluoride",heteromeric protein,SINGLE PARTICLE
31EW,EMD-58351,2.06,2026-07-01T00:00:00.000+00:00,"UapA (WT) in DDM, Apo state",homomeric protein,SINGLE PARTICLE
31EY,EMD-58353,2.59,2026-07-01T00:00:00.000+00:00,"UapA (Q408E) in DDM, Apo state",homomeric protein,SINGLE PARTICLE
31EZ,EMD-58354,3.48,2026-07-01T00:00:00.000+00:00,"UapA (Q408E) in MSP1E3D1 nanodiscs, Xanthine-bound state",homomeric protein,SINGLE PARTICLE
31IB,EMD-58426,2.83,2026-07-01T00:00:00.000+00:00,"P2a-state of wild type human mitochondrial LONP1 protease with bound substrate protein, ADP and aluminum fluoride",heteromeric protein,SINGLE PARTICLE
31IC,EMD-58427,3.5,2026-07-01T00:00:00.000+00:00,Structure of human excitatory amino acid transporter 3 (EAAT3) in complex with B11 nanobody,heteromeric protein,SINGLE PARTICLE
31MR,EMD-58555,3.07,2026-07-01T00:00:00.000+00:00,CryoEM structure of a catalytically inactive CXC Chemokine-degrading protease SpyCEP from Streptococcus pyogenes complexed with an anti-PA-domain monoclonal antibody,heteromeric protein,SINGLE PARTICLE
31OX,EMD-58601,3.55,2026-07-29T00:00:00.000+00:00,Cryo-EM structure of the CO dehydrogenase (CODH) subcomplex from Methanosarcina acetivorans,heteromeric protein,SINGLE PARTICLE
31VX,EMD-58684,3.15,2026-09-23T00:00:00.000+00:00,Cryo-EM structure of 3-methylcrotonyl-CoA carboxylase (MCC) complex (BC-engaged BCCP state)from Mycobacterium smegmatis,heteromeric protein,SINGLE PARTICLE
31ZN,EMD-58734,2.9,2026-08-19T00:00:00.000+00:00,Structure of CDK11-cyclin L-SAP30BP in complex with IACS-054647,heteromeric protein,SINGLE PARTICLE
32FE,EMD-58849,3.81,2026-07-15T00:00:00.000+00:00,R0-state of wild type human mitochondrial LONP1 protease bound to endogenous ADP,homomeric protein,SINGLE PARTICLE
32FI,EMD-58853,2.5,2026-07-29T00:00:00.000+00:00,CryoEM structure of the E494A Quinol-Dependent Nitric Oxide Reductase,homomeric protein,SINGLE PARTICLE
32GD,EMD-58869,2.95,2026-09-16T00:00:00.000+00:00,Bacterial antiviral defense protein PD-T7-3 obtained from a sample containing single-stranded DNA and tRNA,homomeric protein,SINGLE PARTICLE
32GE,EMD-58870,3.1,2026-09-16T00:00:00.000+00:00,Bacterial antiviral defense protein PD-T7-3 (82-84 residues deleted) obtained from a sample containing single-stranded DNA and tRNA,homomeric protein,SINGLE PARTICLE
32PZ,EMD-59064,2.83,2026-08-19T00:00:00.000+00:00,Cryo-EM structure of Saccharomyces cerevisiae Erv14-Qdr2 complex in detergent,heteromeric protein,SINGLE PARTICLE
32QA,EMD-59065,2.76,2026-08-19T00:00:00.000+00:00,Cryo-EM structure of Saccharomyces cerevisiae Erv14-Qdr2 complex in lipid nanodiscs (double Erv14 assembly),heteromeric protein,SINGLE PARTICLE
32QB,EMD-59066,2.85,2026-08-19T00:00:00.000+00:00,Cryo-EM structure of Saccharomyces cerevisiae Erv14-Qdr2 complex in lipid nanodiscs (single Erv14 assembly),heteromeric protein,SINGLE PARTICLE
32YY,EMD-59279,3.86,2026-08-19T00:00:00.000+00:00,"Cryo-EM structure of native, mature HERV-K pentameric capsomer",homomeric protein,SINGLE PARTICLE
32ZB,EMD-59280,3.24,2026-08-19T00:00:00.000+00:00,"Cryo-EM structure of native, mature HERV-K hexameric capsomer",homomeric protein,SINGLE PARTICLE
33BF,EMD-59321,2.79,2026-09-02T00:00:00.000+00:00,Single particle reconstruction of Rhodospirillum rubrum encapsulated ferritin in encapsulin nano compartment,homomeric protein,SINGLE PARTICLE
33CG,EMD-59342,2.2,2026-08-26T00:00:00.000+00:00,Cryo-EM structure of MAGE-A4 (230-239)-bound HLA-A*02:01 in complex with Fab VR-6,heteromeric protein,SINGLE PARTICLE
33CH,EMD-59343,2.4,2026-08-26T00:00:00.000+00:00,Cryo-EM structure of MAGE-A4 (230-239)-bound HLA-A*02:01 in complex with Fab VR-4,heteromeric protein,SINGLE PARTICLE
33CI,EMD-59344,2.2,2026-08-26T00:00:00.000+00:00,Cryo-EM structure of MAGE-A4 (230-239)-bound HLA-A*02:01 in complex with Fab VR-58,heteromeric protein,SINGLE PARTICLE
33HM,EMD-59444,3.1,2026-09-23T00:00:00.000+00:00,Murine RNF213 (Y434A),homomeric protein,SINGLE PARTICLE
35TL,EMD-77181,3.93,2026-07-22T00:00:00.000+00:00,PD-L1 complexed with Germinal-designed anti-PD-L1 scFv H5,heteromeric protein,SINGLE PARTICLE
35ZR,EMD-77302,2.99,2026-08-19T00:00:00.000+00:00,"yeast 26S proteasome base assembly intermediate, Hsm3-Rpt1-Rpt2 (base-Hsm3-Nas6 with Rpt4-EQ)",heteromeric protein,SINGLE PARTICLE
35ZV,EMD-77307,3.11,2026-08-19T00:00:00.000+00:00,"yeast 26S proteasome base assembly intermediate, Rpn14-Rpt6 (base-Rpn14-Hsm3-Nas6(2) with Rpt4-EQ)",heteromeric protein,SINGLE PARTICLE
35ZW,EMD-77308,3.31,2026-08-19T00:00:00.000+00:00,"yeast 26S proteasome base assembly intermediate, Hsm3-Rpt1-Rpt2-Rpt3-Rpt4-Rpt5 (base-Hsm3-Nas6 with Rpt4-EQ)",heteromeric protein,SINGLE PARTICLE
36AZ,EMD-77344,3.9,2026-07-15T00:00:00.000+00:00,Structure of BA.1-S-RBD/2130WT/2196-S93Y,heteromeric protein,SINGLE PARTICLE
36BB,EMD-77348,3.6,2026-07-15T00:00:00.000+00:00,Structure of BA.4-S-RBD/Ab#10-M30W-S94M,heteromeric protein,SINGLE PARTICLE
36BD,EMD-77350,3.93,2026-08-19T00:00:00.000+00:00,"yeast 26S proteasome base assembly intermediate, base-Rpn14-Hsm3-Nas6 with Rpt4-EQ",heteromeric protein,SINGLE PARTICLE
36BL,EMD-77358,3.91,2026-08-19T00:00:00.000+00:00,"yeast 26S proteasome base assembly intermediate, base-Rpn14-Hsm3-Nas6(2) with Rpt4-EQ",heteromeric protein,SINGLE PARTICLE
36BM,EMD-77359,3.82,2026-08-19T00:00:00.000+00:00,"yeast 26S proteasome base assembly intermediate, base-Hsm3-Nas6 with Rpt4-EQ",heteromeric protein,SINGLE PARTICLE
36CG,EMD-31583,3.5,2026-07-08T00:00:00.000+00:00,Apo form of human bile salts export pump ABCB11,homomeric protein,SINGLE PARTICLE
36CQ,EMD-77390,2.76,2026-06-17T00:00:00.000+00:00,Structure of the PhiX174 bacteriophage,heteromeric protein,SINGLE PARTICLE
36CR,EMD-77391,2.9,2026-07-08T00:00:00.000+00:00,Structure of the Evo-Phi36 bacteriophage,heteromeric protein,SINGLE PARTICLE
36HU,EMD-77586,2.5,2026-07-15T00:00:00.000+00:00,Salmonella Flagellar Export Gate with FlhB in the context of the intact basal body,heteromeric protein,SINGLE PARTICLE
36HW,EMD-77588,3.55,2026-07-15T00:00:00.000+00:00,Salmonella Flagellar Export Apparatus FlhA transmembrane domain nonamer in the context of the intact basal body,homomeric protein,SINGLE PARTICLE
36JA,EMD-77608,3.4,2026-09-16T00:00:00.000+00:00,"Coagulation factor V DTQQ (B-domain region 811-1491 truncated, R709Q, R1545Q) in solution-phase",protein/oligosaccharide,SINGLE PARTICLE
36JB,EMD-77609,2.9,2026-09-16T00:00:00.000+00:00,"Coagulation factor V DTQQ, membrane-bound, on Ptd-choline : Ptd-serine 75:25 vesicles",protein/oligosaccharide,SINGLE PARTICLE
36JK,EMD-77610,3.26,2026-09-16T00:00:00.000+00:00,"Coagulation factor VIII, full-length, in solution-phase",homomeric protein,SINGLE PARTICLE
36JL,EMD-77611,3.15,2026-09-16T00:00:00.000+00:00,"Coagulation factor VIII, full-length, membrane-bound, on Ptd-choline : Ptd-serine 75:25 vesicles",homomeric protein,SINGLE PARTICLE
36PY,EMD-77749,3.7,2026-09-09T00:00:00.000+00:00,Cryo-EM of filamentous alkaline phosphatase,homomeric protein,SINGLE PARTICLE
36QU,EMD-77786,3.0,2026-09-09T00:00:00.000+00:00,"Arabidopsis thaliana V-type ATPase, State 1",heteromeric protein,SINGLE PARTICLE
36QV,EMD-77787,3.0,2026-09-09T00:00:00.000+00:00,"Arabidopsis thaliana V-type ATPase, State 2, Backbone model",heteromeric protein,SINGLE PARTICLE
36QW,EMD-77788,3.0,2026-09-09T00:00:00.000+00:00,"Arabidopsis thaliana V-type ATPase, State 3, Backbone model",heteromeric protein,SINGLE PARTICLE
37CY,EMD-78079,3.8,2026-09-23T00:00:00.000+00:00,Cryo-EM structure of Nitrogenase MoFe protein from Methanosarcina acetivorans bound to the NifI inhibitor complex in strictly anaerobic condition,heteromeric protein,SINGLE PARTICLE
37HT,EMD-78192,3.13,2026-08-12T00:00:00.000+00:00,"Human sterile alpha motif domain-containing protein 9 (SAMD9), loss-of-function mutant R1562E/I1567R/E1568I",homomeric protein,SINGLE PARTICLE
37IB,EMD-78199,3.2,2026-08-12T00:00:00.000+00:00,"Sterile alpha motif domain-containing protein 9, residues 623-1589",homomeric protein,SINGLE PARTICLE
37ID,EMD-78201,3.6,2026-08-12T00:00:00.000+00:00,"Human sterile alpha motif domain-containing protein 9 (SAMD9), loss-of-function mutant Q514S/R515S/R522S/R553S/Q565S/R593S",homomeric protein,SINGLE PARTICLE
37IX,EMD-78219,2.4,2026-09-09T00:00:00.000+00:00,Gammacoronavirus IBV apo-nsp15,homomeric protein,SINGLE PARTICLE
37XD,EMD-78594,2.62,2026-08-19T00:00:00.000+00:00,Cryo-EM Structure of GTP Cyclohydrolase I from Candida albicans at 2.6 A,homomeric protein,SINGLE PARTICLE
37YA,EMD-78634,1.74,2026-08-26T00:00:00.000+00:00,Cryo-EM Structure of GTP Cyclohydrolase I from Candida albicans bound to 8-oxo GTP at 1.74 A,homomeric protein,SINGLE PARTICLE
38HM,EMD-78820,1.95,2026-09-09T00:00:00.000+00:00,Cryo-EM Structure of GTP Cyclohydrolase I from Candida albicans bound to 7-Deaza GTP and BH2 at 1.96 A,homomeric protein,SINGLE PARTICLE
38JL,EMD-78858,2.29,2026-09-09T00:00:00.000+00:00,Cofilactin filament with one AIP1 bound to middle of the filament,heteromeric protein,SINGLE PARTICLE
38KL,EMD-78879,2.69,2026-09-09T00:00:00.000+00:00,Two AIP1 bound to the Barbed End of cofilin actin,heteromeric protein,SINGLE PARTICLE
38KM,EMD-78880,2.3,2026-09-09T00:00:00.000+00:00,Cofilactin filament with two AIP1 bound to middle of the filament,heteromeric protein,SINGLE PARTICLE
38KO,EMD-78882,3.97,2026-09-09T00:00:00.000+00:00,One AIP1 bound to the Barbed End of cofilin actin,heteromeric protein,SINGLE PARTICLE
38KP,EMD-78883,2.83,2026-09-09T00:00:00.000+00:00,Pointed end of cofilin bound F-actin,heteromeric protein,SINGLE PARTICLE
38KQ,EMD-78884,2.86,2026-09-09T00:00:00.000+00:00,Two AIP1 bound to same side of cofilin filament (stacked AIP1),heteromeric protein,SINGLE PARTICLE
38KY,EMD-78897,3.18,2026-09-09T00:00:00.000+00:00,Cryo EM structure of a peroxidoxin from Trypanosoma brucei (reduced form),homomeric protein,SINGLE PARTICLE
38KZ,EMD-78898,3.03,2026-09-09T00:00:00.000+00:00,Cryo EM structure of GTP cyclohydrolase 1 (FolE) from Mycobacterium tuberculosis in complex with 8-oxo GTP,homomeric protein,SINGLE PARTICLE
38LA,EMD-78899,2.74,2026-09-09T00:00:00.000+00:00,Cryo EM structure of a formate acetyltransferase (PFL) from Amygdalobacter nucleatus,homomeric protein,SINGLE PARTICLE
38LB,EMD-78900,3.18,2026-09-09T00:00:00.000+00:00,Cryo EM structure of a formate acetyltransferase (PFL) from Fannyhessea vaginae,homomeric protein,SINGLE PARTICLE
38PA,EMD-79027,2.7,2026-09-23T00:00:00.000+00:00,Cryo EM structure of a formate acetyltransferase (PFL) from Amygdalobacter nucleatus in complex with CoA,homomeric protein,SINGLE PARTICLE
43DY,EMD-81807,3.72,2026-07-15T00:00:00.000+00:00,In situ structure of mouse urate oxidase assembly with helical symmetry applied,homomeric protein,SINGLE PARTICLE
43FX,EMD-81853,2.69,2026-09-02T00:00:00.000+00:00,"DPR epimerase complex, quabodepistat-bound state",heteromeric protein,SINGLE PARTICLE
43JF,EMD-67166,3.62,2026-09-23T00:00:00.000+00:00,Cryo-EM structure of bacteriophage Avs-1 TMP protein,homomeric protein,SINGLE PARTICLE
43JG,EMD-67166,3.62,2026-09-23T00:00:00.000+00:00,Cryo-EM structure of bacteriophage Avs-1 distal tail protein,homomeric protein,SINGLE PARTICLE
43JH,EMD-67166,3.62,2026-09-23T00:00:00.000+00:00,Cryo-EM structure of bacteriophage Avs-1 insert protein,homomeric protein,SINGLE PARTICLE
43MI,EMD-81988,2.87,2026-09-16T00:00:00.000+00:00,Yeast-expressed polio type 3 stabilized virus-like particles,heteromeric protein,SINGLE PARTICLE
43MU,EMD-81997,2.76,2026-09-16T00:00:00.000+00:00,Yeast-expressed polio type 3 expanded virus-like particles,heteromeric protein,SINGLE PARTICLE
43SN,EMD-82114,2.71,2026-08-26T00:00:00.000+00:00,Alpha-7 nicotinic acetylcholine receptor bound to inhibitory bicyclic peptide KP1877 in a resting state,protein/oligosaccharide,SINGLE PARTICLE
43YY,EMD-82402,2.3,2026-08-05T00:00:00.000+00:00,Cryo-EM structure of N19 Fab : D0D-S1A,protein/oligosaccharide,SINGLE PARTICLE
44AB,EMD-82430,3.4,2026-09-02T00:00:00.000+00:00,PC-Int1 + 13H11-Fab + 2C12-Fab + 7I13-Fab,heteromeric protein,SINGLE PARTICLE
44BV,EMD-82471,2.56,2026-08-12T00:00:00.000+00:00,Iota toxin Ib D452A pore,homomeric protein,SINGLE PARTICLE
44BW,EMD-82472,2.85,2026-09-23T00:00:00.000+00:00,Iota toxin Ib D452A prepore,homomeric protein,SINGLE PARTICLE
44FH,EMD-82558,2.86,2026-09-16T00:00:00.000+00:00,Hexadecameric complex of serine proteinase(SDH),homomeric protein,SINGLE PARTICLE
44FI,EMD-82559,3.51,2026-09-16T00:00:00.000+00:00,Undecameric complex of serine proteinase (SDH) with hypothetical protein (HP),heteromeric protein,SINGLE PARTICLE
44NX,EMD-82741,3.33,2026-08-26T00:00:00.000+00:00,Cryo-EM structure of the tail of bacteriophage A1002,heteromeric protein,SINGLE PARTICLE
44NY,EMD-82742,3.2,2026-08-26T00:00:00.000+00:00,Cryo-EM structure of bacteriophage A1002 mature capsid,heteromeric protein,SINGLE PARTICLE
45IL,EMD-83301,3.2,2026-09-09T00:00:00.000+00:00,Cryo-EM structure of the outwardly rectifying potassium channel TOK1 from Saccharomyces cerevisiae in a GDN micelle,homomeric protein,SINGLE PARTICLE
45IM,EMD-83302,2.6,2026-09-16T00:00:00.000+00:00,Cryo-EM structure of the outwardly rectifying potassium channel TOK1 from Saccharomyces cerevisiae in a lipid nanodisc,homomeric protein,SINGLE PARTICLE
45IO,EMD-83304,2.28,2026-09-09T00:00:00.000+00:00,Cryo-EM structure of the T641E mutant of the outwardly rectifying potassium channel TOK1 from Saccharomyces cerevisiae,homomeric protein,SINGLE PARTICLE
45IP,EMD-83305,2.22,2026-09-16T00:00:00.000+00:00,Cryo-EM structure of the R323A mutant (ICD-ordered class) of the outwardly rectifying potassium channel TOK1 from Saccharomyces cerevisiae,homomeric protein,SINGLE PARTICLE
45IQ,EMD-83306,2.21,2026-09-16T00:00:00.000+00:00,Cryo-EM structure of the R323A mutant (ICD-disordered class) of the outwardly rectifying potassium channel TOK1 from Saccharomyces cerevisiae,homomeric protein,SINGLE PARTICLE
45IR,EMD-83307,2.91,2026-09-16T00:00:00.000+00:00,Cryo-EM structure of the T322I mutant of the outwardly rectifying potassium channel TOK1 from Saccharomyces cerevisiae,homomeric protein,SINGLE PARTICLE
8V9T,EMD-43082,2.84,2026-03-04T00:00:00.000+00:00,Ecoli DnaB helicase and Phage Lambda loader P with ADP-Mg in a 6:5 stoichiometry ratio,heteromeric protein,SINGLE PARTICLE
8Y71,EMD-39009,2.97,2026-01-07T00:00:00.000+00:00,positive allosteric modulator(BMS986187)-bound delta-opioid receptor-Gi complex,heteromeric protein,SINGLE PARTICLE
8YRQ,EMD-39549,2.8,2026-06-10T00:00:00.000+00:00,Cryo-EM Structure of Human Protease-Activated Receptor 4 in complex with Gq heterotrimers and ScFv16 bound to Tethered Ligand,heteromeric protein,SINGLE PARTICLE
9BID,EMD-44588,3.99,2026-03-18T00:00:00.000+00:00,human ZYG11B and EloginB/C complex,heteromeric protein,SINGLE PARTICLE
9BIE,EMD-44589,3.4,2026-03-18T00:00:00.000+00:00,human ZYG11B ElonginB/C complex binding to SARS-CoV2 Orf10 protein,heteromeric protein,SINGLE PARTICLE
9BJ8,EMD-44630,3.78,2026-03-18T00:00:00.000+00:00,human CRL2-ZYG11B complex,heteromeric protein,SINGLE PARTICLE
9BJI,EMD-44633,2.83,2026-01-21T00:00:00.000+00:00,Cryo-EM structure of apo NVL,heteromeric protein,SINGLE PARTICLE
9BJJ,EMD-44634,3.06,2026-01-21T00:00:00.000+00:00,Cryo-EM structure of NVL bound the the MM017 inhibitor,heteromeric protein,SINGLE PARTICLE
9CDQ,EMD-45484,3.76,2026-03-11T00:00:00.000+00:00,Transferrin Binding Protein A in complex with transferrin (iron bound in N lobe only),heteromeric protein,SINGLE PARTICLE
9CIN,EMD-45622,3.03,2026-01-28T00:00:00.000+00:00,Fab fragment of Antibody with NiV glycoprotein F,protein/oligosaccharide,SINGLE PARTICLE
9CK4,EMD-45640,3.1,2026-01-21T00:00:00.000+00:00,L9 epitope scaffold complexed with L9 Fabs,heteromeric protein,SINGLE PARTICLE
9CLA,EMD-45668,2.97,2026-01-28T00:00:00.000+00:00,Human Kv1.3 mutant-H451V,homomeric protein,SINGLE PARTICLE
9CLT,EMD-45730,3.6,2026-03-11T00:00:00.000+00:00,Transferrin Binding Protein A in complex with transferrin binding protein B and transferrin (iron bound to N lobe only),heteromeric protein,SINGLE PARTICLE
9CLV,EMD-45731,3.18,2026-01-28T00:00:00.000+00:00,Human Kv1.3 mutant-P424G,homomeric protein,SINGLE PARTICLE
9CMG,EMD-45747,3.71,2026-03-04T00:00:00.000+00:00,Transferrin Binding Protein A in complex with transferrin binding protein B and transferrin (iron bound in both lobes of Tf),heteromeric protein,SINGLE PARTICLE
9CMM,EMD-45750,3.1,2026-03-18T00:00:00.000+00:00,Two protofilament structure of alpha1B and betaI/IVb microtubule bound to GMPCPP,heteromeric protein,SINGLE PARTICLE
9COC,EMD-45775,2.9,2026-03-18T00:00:00.000+00:00,Two protofilament structure of alpha1B and betaI/IVb microtubule bound to GDP,heteromeric protein,SINGLE PARTICLE
9COE,EMD-45777,2.45,2026-01-21T00:00:00.000+00:00,Structure of the full-length Measles virus Fusion protein E170G E455G in the pre-fusion conformation in nanodisc,protein/oligosaccharide,SINGLE PARTICLE
9COF,EMD-45778,2.72,2026-01-21T00:00:00.000+00:00,Structure of the full-length Measles virus Fusion protein E170G E455G in the pre-fusion conformation bound by [FIP-HRC]2-PEG11 in nanodisc,protein/oligosaccharide,SINGLE PARTICLE
9COG,EMD-45779,2.65,2026-01-21T00:00:00.000+00:00,Structure of the full-length Measles virus Fusion protein E170G E455G in the pre-fusion conformation bound by [FIP-HRC]2-PEG11 in amphipol,protein/oligosaccharide,SINGLE PARTICLE
9COH,EMD-45780,3.1,2026-01-21T00:00:00.000+00:00,Structure of the full-length Measles virus Fusion protein E170G E455G with mutated furin cleavage site in the pre-fusion conformation in amphipol,protein/oligosaccharide,SINGLE PARTICLE
9CON,EMD-45786,3.06,2026-01-28T00:00:00.000+00:00,Human Kv1.3-H451V with A0194009G09 nanobodies conformation 1,heteromeric protein,SINGLE PARTICLE
9CTY,EMD-45922,3.03,2026-01-28T00:00:00.000+00:00,Human Kv1.3-H451V with A0194009G09 nanobodies conformation 2,heteromeric protein,SINGLE PARTICLE
9CWP,EMD-45969,3.2,2026-01-21T00:00:00.000+00:00,Local refinement of the SARS-CoV-2 BA.2.86 RBD in complex with TRI2-2 minibinder,heteromeric protein,SINGLE PARTICLE
9CWQ,EMD-45971,2.8,2026-01-21T00:00:00.000+00:00,Local refinement of the SARS-CoV-2 BA.2.86 NTD,protein/oligosaccharide,SINGLE PARTICLE
9CWR,EMD-45972,2.4,2026-01-21T00:00:00.000+00:00,SARS-CoV-2 BA.2.86 Spike trimer in complex with TRI2-2 minibinder,protein/oligosaccharide,SINGLE PARTICLE
9CZB,EMD-46409,3.7,2026-07-22T00:00:00.000+00:00,"CryoEM structure of BoNT/E at pH5, class 1",homomeric protein,SINGLE PARTICLE
9CZC,EMD-46410,3.7,2026-07-22T00:00:00.000+00:00,CryoEM structure of BoNT/E-LCHn domain at pH5,homomeric protein,SINGLE PARTICLE
9D72,EMD-46600,2.67,2026-02-04T00:00:00.000+00:00,CryoEM structure of anti-MHC-I Fab M1/42 complex with H2-Dd,heteromeric protein,SINGLE PARTICLE
9D73,EMD-46601,3.02,2026-02-04T00:00:00.000+00:00,CryoEM structure of anti-MHC-I mAb B1.23.2 complex with HLA-B44:05,heteromeric protein,SINGLE PARTICLE
9D74,EMD-46602,3.31,2026-02-11T00:00:00.000+00:00,CryoEM structure of anti-MHC-I Fab B1.23.2 complex with HLA-B44:05,heteromeric protein,SINGLE PARTICLE
9DC4,EMD-46743,3.1,2026-03-04T00:00:00.000+00:00,"Transferrin Binding Protein A in complex with transferrin binding protein B, transferrin and globular domain of TonB",heteromeric protein,SINGLE PARTICLE
9DPD,EMD-47103,3.87,2026-03-18T00:00:00.000+00:00,Cryo-EM structure of SerRS dimer in complex with one SIRT2,heteromeric protein,SINGLE PARTICLE
9DPI,EMD-47105,3.9,2026-03-18T00:00:00.000+00:00,Cryo-EM structure of SerRS dimer in complex with two SIRT2,heteromeric protein,SINGLE PARTICLE
9DSL,EMD-47146,3.6,2026-04-08T00:00:00.000+00:00,Structure of the SARS-CoV-2 S 6P trimer in complex with the cow antibody 99 Fab,protein/oligosaccharide,SINGLE PARTICLE
9DWT,EMD-47264,3.01,2026-01-21T00:00:00.000+00:00,"PKD2 ion channel, F634A mutant",homomeric protein,SINGLE PARTICLE
9DX0,EMD-47276,3.47,2026-05-20T00:00:00.000+00:00,Human GATOR2 complex - apo state,heteromeric protein,SINGLE PARTICLE
9DX1,EMD-47277,3.36,2026-05-20T00:00:00.000+00:00,Human GATOR2 complex - Sestrin2 bound state,heteromeric protein,SINGLE PARTICLE
9DX2,EMD-47278,3.4,2026-05-20T00:00:00.000+00:00,Human GATOR2 complex - CASTOR1 bound state,heteromeric protein,SINGLE PARTICLE
9DX3,EMD-47279,2.94,2026-01-21T00:00:00.000+00:00,EcRuvB 9-mer pre-assembly complex,homomeric protein,SINGLE PARTICLE
9DX4,EMD-47280,3.31,2026-01-21T00:00:00.000+00:00,EcRuvB T102R mutant,homomeric protein,SINGLE PARTICLE
9DX5,EMD-47281,3.74,2026-01-21T00:00:00.000+00:00,EcRuvB T102R hexamer assembly,homomeric protein,SINGLE PARTICLE
9DZ4,EMD-47324,2.99,2026-02-25T00:00:00.000+00:00,Cryo-EM Structure of Receptor Tyrosine Kinase ROS1 in Complex with Fab-CT4,protein/oligosaccharide,SINGLE PARTICLE
9DZF,EMD-47328,2.7,2026-01-21T00:00:00.000+00:00,Human GC-A bound to ANP and XX16,protein/oligosaccharide,SINGLE PARTICLE
9DZG,EMD-47329,3.3,2026-01-21T00:00:00.000+00:00,Human GC-A bound to XX16,protein/oligosaccharide,SINGLE PARTICLE
9DZH,EMD-47330,3.0,2026-01-21T00:00:00.000+00:00,Human GC-A bound to ANP and REGN5308,protein/oligosaccharide,SINGLE PARTICLE
9DZJ,EMD-47331,2.7,2026-01-21T00:00:00.000+00:00,Human GC-A bound to ANP and 2xREGN5308,protein/oligosaccharide,SINGLE PARTICLE
9DZK,EMD-47332,2.9,2026-01-21T00:00:00.000+00:00,Human GC-A bound to REGN5308,protein/oligosaccharide,SINGLE PARTICLE
9E0F,EMD-47354,3.46,2026-02-18T00:00:00.000+00:00,A focus of DNMT tetramer (1) of the cryo-EM structure of human DNMT3A2-DNMT3B3 complex bound to di-nucleosome,heteromeric protein,SINGLE PARTICLE
9E0G,EMD-47355,3.72,2026-02-18T00:00:00.000+00:00,A focus of tetramer (2) of the cryo-EM structure of human DNMT3A2-DNMT3B3 complex bound to di-nucleosome,heteromeric protein,SINGLE PARTICLE
9E0L,EMD-47361,2.19,2026-03-18T00:00:00.000+00:00,The prefusion conformation of herpes simplex virus type 1 (HSV-1) glycoprotein B (gB),protein/oligosaccharide,SINGLE PARTICLE
9E3I,EMD-47484,2.9,2026-03-18T00:00:00.000+00:00,The primed conformation of herpes simplex virus type 1 (HSV-1) glycoprotein B (gB),homomeric protein,SINGLE PARTICLE
9E4A,EMD-47503,2.74,2026-01-21T00:00:00.000+00:00,Human ASIC1a at pH 8.5 with domain-swapped transmembrane domain,homomeric protein,SINGLE PARTICLE
9E4B,EMD-47504,3.09,2026-01-21T00:00:00.000+00:00,Human ASIC1a at pH 7.5 with domain-swapped transmembrane domain,homomeric protein,SINGLE PARTICLE
9E4C,EMD-47505,3.41,2026-01-21T00:00:00.000+00:00,Human ASIC1a at pH 7.5 with partial transmembrane domain,homomeric protein,SINGLE PARTICLE
9E4D,EMD-47506,3.19,2026-01-21T00:00:00.000+00:00,Human ASIC1a at pH 7.5 with linear transmembrane domain,homomeric protein,SINGLE PARTICLE
9E4E,EMD-47507,3.16,2026-01-21T00:00:00.000+00:00,Human ASIC1a at pH 6.5 with linear transmembrane domain,homomeric protein,SINGLE PARTICLE
9E4F,EMD-47508,2.69,2026-01-21T00:00:00.000+00:00,Human ASIC1a at pH 5.7 with domain-swapped transmembrane domain,homomeric protein,SINGLE PARTICLE
9E4G,EMD-47509,2.8,2026-01-21T00:00:00.000+00:00,Human ASIC1a at pH 5.7 with linear transmembrane domain,homomeric protein,SINGLE PARTICLE
9E4H,EMD-47510,2.61,2026-01-21T00:00:00.000+00:00,"Human ASIC1a at pH 5.7 with rotated, domain-swapped transmembrane domain",homomeric protein,SINGLE PARTICLE
9E4I,EMD-47511,2.33,2026-01-21T00:00:00.000+00:00,Human ASIC1a at pH 7.5 in complex with MitTx,heteromeric protein,SINGLE PARTICLE
9E4J,EMD-47512,2.87,2026-01-21T00:00:00.000+00:00,Human ASIC1a at pH 6.5 in complex with MitTx,heteromeric protein,SINGLE PARTICLE
9E4K,EMD-47513,2.77,2026-01-21T00:00:00.000+00:00,"Human ASIC1a at pH 8.5, T26V mutation",homomeric protein,SINGLE PARTICLE
9E5N,EMD-47527,2.2,2026-03-18T00:00:00.000+00:00,The primed conformation of herpes simplex virus type 1 (HSV-1) glycoprotein B (gB) mutant H534F,homomeric protein,SINGLE PARTICLE
9E5U,EMD-47528,2.46,2026-03-18T00:00:00.000+00:00,The primed conformation of herpes simplex virus type 1 (HSV-1) glycoprotein B (gB) mutant N511P,homomeric protein,SINGLE PARTICLE
9E5V,EMD-47529,2.45,2026-03-18T00:00:00.000+00:00,The postfusion conformation of herpes simplex virus type 1 (HSV-1) glycoprotein B (gB),homomeric protein,SINGLE PARTICLE
9E5X,EMD-47530,2.55,2026-03-18T00:00:00.000+00:00,The prefusion conformation of herpes simplex virus type 1 (HSV-1) glycoprotein B (gB) mutant S392C and A527C,homomeric protein,SINGLE PARTICLE
9E6J,EMD-47570,2.98,2026-01-21T00:00:00.000+00:00,DH726-1 Fab bound to hemagglutinin from influenza A/Solomon Islands/3/2006,heteromeric protein,SINGLE PARTICLE
9E7I,EMD-47676,2.5,2026-03-18T00:00:00.000+00:00,The deep-primed conformation of herpes simplex virus type 1 (HSV-1) glycoprotein B (gB) mutant R131F L97E and L101E,homomeric protein,SINGLE PARTICLE
9E94,EMD-47768,3.67,2026-02-11T00:00:00.000+00:00,Cryo-EM structure of human TWIK-2 at pH 7.5,homomeric protein,SINGLE PARTICLE
9E9D,EMD-47792,3.24,2026-02-11T00:00:00.000+00:00,Structure of full length AMPA receptor GluA2 and auxiliary subunit TARP gamma-2 in complex with anti-miR 17 oligonucleotide RGLS4326,homomeric protein,SINGLE PARTICLE
9E9E,EMD-47793,3.24,2026-02-11T00:00:00.000+00:00,Structure of AMPA receptor GluA2 and auxiliary subunit TARP gamma-2 (LBD-TMD) in complex with anti-miR 17 oligonucleotide RGLS4326,homomeric protein,SINGLE PARTICLE
9EB9,EMD-47874,3.0,2026-01-21T00:00:00.000+00:00,Human TRPML1 bound to Sybody94,protein/oligosaccharide,SINGLE PARTICLE
9EBA,EMD-47875,3.1,2026-01-21T00:00:00.000+00:00,Human TRPML1 bound to Sybody57,heteromeric protein,SINGLE PARTICLE
9EBC,EMD-47877,2.87,2026-05-13T00:00:00.000+00:00,H5N1 HA in complex with HC-5 Fab,heteromeric protein,SINGLE PARTICLE
9EC0,EMD-47898,3.4,2026-01-21T00:00:00.000+00:00,Structure of the CARMIL dimer bound to Capping Protein,heteromeric protein,SINGLE PARTICLE
9EC7,EMD-47901,3.76,2026-03-18T00:00:00.000+00:00,Cryo-EM structure of avian tetrameric IgA-Fc/J chain,protein/oligosaccharide,SINGLE PARTICLE
9EDR,EMD-47947,3.8,2026-02-04T00:00:00.000+00:00,"Tubulin Cofactors D,E,G,C and Tubulin complex -- TBCC N Terminus Bound to Tubulin",heteromeric protein,SINGLE PARTICLE
9EDS,EMD-47948,3.8,2026-02-04T00:00:00.000+00:00,"Tubulin cofactors D,E,G,C bound to tubulin dimer -- TBCC N terminus unbound",heteromeric protein,SINGLE PARTICLE
9EDT,EMD-47949,3.7,2026-02-04T00:00:00.000+00:00,"Tubulin cofactors D,E,G bound to tubulin dimer",heteromeric protein,SINGLE PARTICLE
9EEB,EMD-47954,3.7,2026-02-04T00:00:00.000+00:00,"Tubulin cofactors D,E,G bound to tubulin dimer",heteromeric protein,SINGLE PARTICLE
9EEK,EMD-47956,2.62,2026-04-15T00:00:00.000+00:00,Cryo-EM model of E. coli aspartate transcarbamoylase in the ligand-free T-state,heteromeric protein,SINGLE PARTICLE
9EEL,EMD-47957,3.45,2026-04-15T00:00:00.000+00:00,"Cryo-EM model of E. coli aspartate transcarbamoylase in the T-state complexed with CP, CTP, UTP, and Mg2+",heteromeric protein,SINGLE PARTICLE
9EEM,EMD-47958,3.05,2026-04-15T00:00:00.000+00:00,"Cryo-EM model of E. coli aspartate transcarbamoylase in the R-state complexed with CP, succinate, CTP, UTP, and Mg2+",heteromeric protein,SINGLE PARTICLE
9EEN,EMD-47959,3.85,2026-04-01T00:00:00.000+00:00,"Cryo-EM model of E. coli aspartate transcarbamoylase in the T-state complexed with CP, CTP, and Mg2+",heteromeric protein,SINGLE PARTICLE
9EEO,EMD-47960,3.53,2026-04-15T00:00:00.000+00:00,"Cryo-EM model of E. coli aspartate transcarbamoylase in the R-state complexed with CP, succinate, CTP, and Mg2+",heteromeric protein,SINGLE PARTICLE
9EEP,EMD-47961,3.08,2026-04-15T00:00:00.000+00:00,Cryo-EM model of E. coli aspartate transcarbamoylase in the R-state complexed with CP and succinate,heteromeric protein,SINGLE PARTICLE
9EEQ,EMD-47963,3.08,2026-04-15T00:00:00.000+00:00,"Cryo-EM model of E. coli aspartate transcarbamoylase in the R-state complexed with CP, succinate, ATP, and Mg2+",heteromeric protein,SINGLE PARTICLE
9EER,EMD-47964,3.26,2026-04-15T00:00:00.000+00:00,"Cryo-EM model of E. coli aspartate transcarbamoylase in the R-state complexed with CP, succinate, ATP, GTP, and Mg2+",heteromeric protein,SINGLE PARTICLE
9EES,EMD-47965,3.27,2026-04-15T00:00:00.000+00:00,"Cryo-EM model of E. coli aspartate transcarbamoylase in an expanded state complexed with CP, ATP, GTP, and Mg2+",heteromeric protein,SINGLE PARTICLE
9EEU,EMD-47966,3.27,2026-04-15T00:00:00.000+00:00,"Cryo-EM model of E. coli aspartate transcarbamoylase in the T-state complexed with CP, ATP, and Mg2+",heteromeric protein,SINGLE PARTICLE
9EFH,EMD-47973,2.5,2026-04-08T00:00:00.000+00:00,The prefusion conformation of herpes simplex virus type 1 (HSV-1) glycoprotein B (gB) mutant R131F,protein/oligosaccharide,SINGLE PARTICLE
9EFS,EMD-47978,2.6,2026-04-08T00:00:00.000+00:00,The primed conformation of herpes simplex virus type 1 (HSV-1) glycoprotein B (gB) mutant R131F,homomeric protein,SINGLE PARTICLE
9EFT,EMD-47979,2.4,2026-03-18T00:00:00.000+00:00,The primed conformation of herpes simplex virus type 1 (HSV-1) glycoprotein B (gB) mutant H516P,homomeric protein,SINGLE PARTICLE
9EGG,EMD-47988,2.65,2026-04-08T00:00:00.000+00:00,The deep-primed conformation of herpes simplex virus type 1 (HSV-1) glycoprotein B (gB) mutant R131F,homomeric protein,SINGLE PARTICLE
9EKA,EMD-48116,3.1,2026-01-07T00:00:00.000+00:00,CRISPR-associated deaminase Cad1 in Apo form,homomeric protein,SINGLE PARTICLE
9FTE,EMD-50743,3.82,2026-01-14T00:00:00.000+00:00,Cryo-EM structure of the adhesion GPCR ADGRV1 in complex with a nanobody,heteromeric protein,SINGLE PARTICLE
9G2F,EMD-50975,2.8,2026-01-21T00:00:00.000+00:00,Mouse Teneurin2 dimer variant A1B1,protein/oligosaccharide,SINGLE PARTICLE
9G2H,EMD-50976,2.55,2026-01-21T00:00:00.000+00:00,Mouse Teneurin2 dimer variant A1B0,protein/oligosaccharide,SINGLE PARTICLE
9G41,EMD-51021,3.48,2026-01-21T00:00:00.000+00:00,Mouse Teneurin2 dimer variant A0B1,protein/oligosaccharide,SINGLE PARTICLE
9G42,EMD-51022,2.82,2026-01-21T00:00:00.000+00:00,Mouse Teneurin2 dimer variant A0B0,protein/oligosaccharide,SINGLE PARTICLE
9GAE,EMD-51181,3.0,2026-02-04T00:00:00.000+00:00,Respiratory supercomplex CI1-CIII2-CIV2 from alphaproteobacterium,heteromeric protein,SINGLE PARTICLE
9GJA,EMD-51385,3.7,2026-02-11T00:00:00.000+00:00,"Entamoeba histolytica Gal/GalNAc lectin, mode 1",protein/oligosaccharide,SINGLE PARTICLE
9GJB,EMD-51386,3.5,2026-02-11T00:00:00.000+00:00,"Entamoeba histolytica Gal/GalNAc lectin, mode 2",protein/oligosaccharide,SINGLE PARTICLE
9GJC,EMD-51387,3.9,2026-02-11T00:00:00.000+00:00,"Entamoeba histolytica Gal/GalNAc lectin, mode 3",protein/oligosaccharide,SINGLE PARTICLE
9GJD,EMD-51388,3.2,2026-02-11T00:00:00.000+00:00,"Entamoeba histolytica Gal/GalNAc lectin in presence of monoclonal antibody CP33-H/L-LA22, mode I",protein/oligosaccharide,SINGLE PARTICLE
9GJE,EMD-51389,3.2,2026-02-11T00:00:00.000+00:00,"Entamoeba histolytica Gal/GalNAc lectin in presence of monoclonal antibody CP33-H/L-LA22, mode 2",protein/oligosaccharide,SINGLE PARTICLE
9GJF,EMD-51390,3.1,2026-02-11T00:00:00.000+00:00,"Entamoeba histolytica Gal/GalNAc lectin in presence of monoclonal antibody CP33-H/L-LA22, mode 3",protein/oligosaccharide,SINGLE PARTICLE
9GJG,EMD-51391,3.0,2026-02-11T00:00:00.000+00:00,Entamoeba histolytica Gal/GalNAc lectin bound to monoclonal antibody CP33-H/L-LA22,protein/oligosaccharide,SINGLE PARTICLE
9GJH,EMD-51392,3.0,2026-02-11T00:00:00.000+00:00,"Entamoeba histolytica Gal/GalNAc lectin bound to galactose, mode 1",protein/oligosaccharide,SINGLE PARTICLE
9GJI,EMD-51393,3.4,2026-02-11T00:00:00.000+00:00,"Entamoeba histolytica Gal/GalNAc lectin bound to galactose, mode 2",protein/oligosaccharide,SINGLE PARTICLE
9GJJ,EMD-51394,3.9,2026-02-11T00:00:00.000+00:00,"Entamoeba histolytica Gal/GalNAc lectin bound to galactose, mode 3",protein/oligosaccharide,SINGLE PARTICLE
9GJK,EMD-51395,3.3,2026-02-11T00:00:00.000+00:00,"Entamoeba histolytica Gal/GalNAc lectin bound to LacNAc, mode 1",protein/oligosaccharide,SINGLE PARTICLE
9GJL,EMD-51396,3.4,2026-02-11T00:00:00.000+00:00,"Entamoeba histolytica Gal/GalNAc lectin bound to LacNAc, mode 2",protein/oligosaccharide,SINGLE PARTICLE
9GJM,EMD-51397,3.9,2026-02-11T00:00:00.000+00:00,"Entamoeba histolytica Gal/GalNAc lectin bound to LacNAc, mode 3",protein/oligosaccharide,SINGLE PARTICLE
9H2Q,EMD-51814,3.8,2026-04-29T00:00:00.000+00:00,Stabilized complex of Chlamydia trachomatic efector CT622 in complex with human WD40 domain of ATG16L1,heteromeric protein,SINGLE PARTICLE
9H50,EMD-51872,2.72,2026-05-06T00:00:00.000+00:00,Haemophilus influenzae serotype b capsule polymerase bcs3,homomeric protein,SINGLE PARTICLE
9H5I,EMD-51885,2.65,2026-05-06T00:00:00.000+00:00,Haemophilus influenzae serotype b capsule polymerase bcs3 in complex with acceptor polymer,homomeric protein,SINGLE PARTICLE
9H8N,EMD-51937,3.21,2026-05-13T00:00:00.000+00:00,Structure of BmrA T123C-S428C reduced form (apo state),homomeric protein,SINGLE PARTICLE
9HFK,EMD-52114,2.84,2026-03-18T00:00:00.000+00:00,"Cryo-EM structure of the freshwater actinorhodopsin, Rhodoluna lacicola (RlActR)",homomeric protein,SINGLE PARTICLE
9HJQ,EMD-52224,3.8,2026-06-17T00:00:00.000+00:00,ROCK2 bound with TDI01,homomeric protein,SINGLE PARTICLE
9HJX,EMD-52228,3.39,2026-06-17T00:00:00.000+00:00,Structure of the Thermus termophillus transhydrogenase,heteromeric protein,SINGLE PARTICLE
9HKT,EMD-52236,3.7,2026-05-06T00:00:00.000+00:00,Drosophila melanogaster insulin receptor ectodomain in complex with one DILP2 molecule,protein/oligosaccharide,SINGLE PARTICLE
9HN1,EMD-52304,3.4,2026-06-24T00:00:00.000+00:00,OmpK35 in complex with bacteriocin KlebG,heteromeric protein,SINGLE PARTICLE
9HN2,EMD-52305,3.5,2026-06-24T00:00:00.000+00:00,OmpK35 in complex with bacteriocin KlebG,heteromeric protein,SINGLE PARTICLE
9HU4,EMD-52399,3.5,2026-01-14T00:00:00.000+00:00,Asymmetric unit from transcribing double-layered particle of bacteriophage phi6,heteromeric protein,SINGLE PARTICLE
9HU5,EMD-52400,3.7,2026-01-14T00:00:00.000+00:00,Asymmetric unit from transcribing single-layered particle of bacteriophage phi6,heteromeric protein,SINGLE PARTICLE
9HU6,EMD-52401,3.5,2026-01-14T00:00:00.000+00:00,Asymmetric unit from transcribing single-layered particle of bacteriophage phi6 in an over-expanded state,heteromeric protein,SINGLE PARTICLE
9HUE,EMD-52409,2.49,2026-02-25T00:00:00.000+00:00,Outward-open structure of human glycine transporter 2 bound to allosteric inhibitor ORG25543,homomeric protein,SINGLE PARTICLE
9HUF,EMD-52410,2.79,2026-02-25T00:00:00.000+00:00,Outward-open structure of human glycine transporter 2 bound to allosteric inhibitor RPI-GLYT2-82,homomeric protein,SINGLE PARTICLE
9HUG,EMD-52411,2.97,2026-02-25T00:00:00.000+00:00,Inward-open structure of human glycine transporter 2 in substrate-free state,homomeric protein,SINGLE PARTICLE
9HUM,EMD-52416,3.35,2026-01-14T00:00:00.000+00:00,a5b3 GABAAR bound to GABA and Mb25 in a desensitized state in saposin nanodiscs after short GABA treatment,protein/oligosaccharide,SINGLE PARTICLE
9HUX,EMD-52419,3.88,2026-01-14T00:00:00.000+00:00,CryoEM map of the large glutamate dehydrogenase composed of 180 kDa subunits from Mycobacterium smegmatis obtained in the presence of NAD+ and L-glutamate. Open Tetramer.,homomeric protein,SINGLE PARTICLE
9HUY,EMD-52420,3.54,2026-01-14T00:00:00.000+00:00,CryoEM map of the large glutamate dehydrogenase composed of 180 kDa subunits from Mycobacterium smegmatis obtained in the presence of NAD+ and L-glutamate. Closed1 tetramer.,homomeric protein,SINGLE PARTICLE
9HUZ,EMD-52421,3.57,2026-01-14T00:00:00.000+00:00,CryoEM map of the large glutamate dehydrogenase composed of 180 kDa subunits from Mycobacterium smegmatis obtained in the presence of NAD+ and L-glutamate. Closed2 tetramer,homomeric protein,SINGLE PARTICLE
9HV0,EMD-52422,3.07,2026-01-14T00:00:00.000+00:00,CryoEM map of the large glutamate dehydrogenase composed of 180 kDa subunits from Mycobacterium smegmatis obtained in the presence of NAD+ and L-glutamate. Empty monomer.,homomeric protein,SINGLE PARTICLE
9HV4,EMD-52423,2.95,2026-01-14T00:00:00.000+00:00,CryoEM map of the large glutamate dehydrogenase composed of 180 kDa subunits from Mycobacterium smegmatis obtained in the presence of NAD+ and L-glutamate. cofactor-monomer.,homomeric protein,SINGLE PARTICLE
9HV5,EMD-52424,3.12,2026-01-14T00:00:00.000+00:00,CryoEM map of the large glutamate dehydrogenase composed of 180 kDa subunits from Mycobacterium smegmatis obtained in the presence of NAD+ and L-glutamate. Cofactor/ligand-monomer,homomeric protein,SINGLE PARTICLE
9HV6,EMD-52428,2.63,2026-01-14T00:00:00.000+00:00,CryoEM map of the large glutamate dehydrogenase composed of 180 kDa subunits from Mycobacterium smegmatis obtained in the presence of NAD+ and L-glutamate. Total-monomer,homomeric protein,SINGLE PARTICLE
9HVY,EMD-52445,3.5,2026-01-14T00:00:00.000+00:00,Cryo-EM structure of human separase-SCC1 (1-631) fusion protein,homomeric protein,SINGLE PARTICLE
9HWJ,EMD-52450,3.27,2026-01-14T00:00:00.000+00:00,Structure of Undecaprenyl-phosphate 4-deoxy-4-formamido-L-arabinose transferase embedded in nanodisc,homomeric protein,SINGLE PARTICLE
9HWK,EMD-52451,2.72,2026-01-14T00:00:00.000+00:00,Structure of the Cytochrome o ubiquinol oxidase embedded in the nanodisc,heteromeric protein,SINGLE PARTICLE
9HWL,EMD-52452,3.27,2026-01-14T00:00:00.000+00:00,Structure of the co-purified multidrug transporter subunit ACRB in nandisc,homomeric protein,SINGLE PARTICLE
9HXB,EMD-52462,2.53,2026-07-22T00:00:00.000+00:00,Bacterial antiviral defense protein Ec2ApeA from Escherichia coli strain 2-156-04_S4_C1 (dinucleotide-binding pocket mutant Q494Y),homomeric protein,SINGLE PARTICLE
9HXD,EMD-52464,3.55,2026-07-22T00:00:00.000+00:00,Bacterial antiviral defense protein Ec2ApeA from Escherichia coli strain 2-156-04_S4_C1 (oligomerization mutant R551E),homomeric protein,SINGLE PARTICLE
9HXJ,EMD-52479,3.0,2026-07-22T00:00:00.000+00:00,Bacterial antiviral defense protein Ec3ApeA from Escherichia coli strain KK-NP016,homomeric protein,SINGLE PARTICLE
9HXL,EMD-52481,3.1,2026-07-22T00:00:00.000+00:00,Putative bacterial antiviral defense protein Thr1ApeA from Thermoactinospora rubra strain YIM 77501,homomeric protein,SINGLE PARTICLE
9HXM,EMD-52482,2.65,2026-07-22T00:00:00.000+00:00,Putative bacterial antiviral defense protein Ec4ApeA from Escherichia coli strain 10434wH10,homomeric protein,SINGLE PARTICLE
9HXN,EMD-52483,3.23,2026-07-22T00:00:00.000+00:00,Bacterial antiviral defense protein Ec1ApeA from Escherichia coli strain NCTC8008,homomeric protein,SINGLE PARTICLE
9HYF,EMD-52502,3.0,2026-05-27T00:00:00.000+00:00,Cryo-EM structure of the C. elegans UBR4/KCMF1 complex (composite map),heteromeric protein,SINGLE PARTICLE
9HYI,EMD-52509,2.3,2026-01-21T00:00:00.000+00:00,DP81-bound serotonin 5-HT1A receptor - Gi Protein Complex,heteromeric protein,SINGLE PARTICLE
9HYU,EMD-52518,1.84,2026-01-28T00:00:00.000+00:00,Cryo-EM structure of the Chromera velia PSI supercomplex at 1.84 Angstrom resolution,protein/oligosaccharide,SINGLE PARTICLE
9HYW,EMD-52519,2.8,2026-01-21T00:00:00.000+00:00,Cryo-EM structure of ATTRv-F64S amyloid fibril from patient skin tissue.,homomeric protein,SINGLE PARTICLE
9I06,EMD-52552,3.2,2026-01-21T00:00:00.000+00:00,Photosynthetic A8B8 glyceraldehyde-3-phosphate dehydrogenase (minor conformer) from Spinacia oleracea.,heteromeric protein,SINGLE PARTICLE
9I07,EMD-52553,3.1,2026-01-21T00:00:00.000+00:00,Photosynthetic A8B8 glycerldeyde-3-phosphate dehydrogenase hexadecamer (major conformer) from Spinacia oleracea.,heteromeric protein,SINGLE PARTICLE
9I1Z,EMD-52577,3.45,2026-07-29T00:00:00.000+00:00,Membrane Protein Transporter,heteromeric protein,SINGLE PARTICLE
9I28,EMD-52579,2.93,2026-02-04T00:00:00.000+00:00,Form II Rubisco inside EPYC1-formed liquid-liquid phase separated condensates with bound Magnesium and CABP,homomeric protein,SINGLE PARTICLE
9I3P,EMD-52603,3.3,2026-04-29T00:00:00.000+00:00,CryoEM structure of the Themis:Grb2 complex with bound ProMacrobody 256,protein/oligosaccharide,SINGLE PARTICLE
9I3R,EMD-52611,3.46,2026-01-28T00:00:00.000+00:00,Human TRPM4 ion channel in MAASTY copolymer lipid nanodisc in a calcium-bound state,homomeric protein,SINGLE PARTICLE
9I3T,EMD-52615,3.7,2026-06-24T00:00:00.000+00:00,Dark-state structure of human medium-wave-sensitive cone opsin (OPN1MW),heteromeric protein,SINGLE PARTICLE
9I3V,EMD-52617,3.51,2026-02-04T00:00:00.000+00:00,Cryo-EM structure of the human LRP2 ectodomain,protein/oligosaccharide,SINGLE PARTICLE
9I4T,EMD-52620,2.44,2026-03-25T00:00:00.000+00:00,Photosystem II from Arabidopsis thaliana,heteromeric protein,SINGLE PARTICLE
9I5N,EMD-52634,3.4,2026-02-25T00:00:00.000+00:00,Single particle cryo electron microscopy of a Fab fragment bound to recombinant human CD40 ligand,heteromeric protein,SINGLE PARTICLE
9I5Z,EMD-52643,3.09,2026-02-18T00:00:00.000+00:00,Upregulated state of BetP in potassium,homomeric protein,SINGLE PARTICLE
9I60,EMD-52644,3.31,2026-02-18T00:00:00.000+00:00,Transient activated state of BetP,homomeric protein,SINGLE PARTICLE
9I61,EMD-52645,3.25,2026-02-18T00:00:00.000+00:00,Transient activated state of BetP in complex with betaine,homomeric protein,SINGLE PARTICLE
9I66,EMD-52651,3.57,2026-02-18T00:00:00.000+00:00,Downregulated state of the betaine transporter BetP,homomeric protein,SINGLE PARTICLE
9I6D,EMD-52653,3.34,2026-02-18T00:00:00.000+00:00,Glutamate transporter homologue GltPh mutant P206R in Complex with L-Aspartate and Sodium Ions in Salipro,homomeric protein,SINGLE PARTICLE
9I7M,EMD-52657,3.12,2026-02-18T00:00:00.000+00:00,"EAAT1 thermostabilized mutant in Complex with L-Asp, Metal Ions, and the allosteric inhibitor UCPH101 in Salipro",homomeric protein,SINGLE PARTICLE
9I7V,EMD-52663,3.84,2026-02-18T00:00:00.000+00:00,"EAAT1 thermostabilized mutant in Complex with Rubidium, and the allosteric inhibitor UCPH101 in DDS/CHS",homomeric protein,SINGLE PARTICLE
9I7X,EMD-52665,3.27,2026-08-19T00:00:00.000+00:00,Cryo-EM structure of human IL-36gamma in complex with the IL-36R and IL-1RAcP ectodomains,protein/oligosaccharide,SINGLE PARTICLE
9I82,EMD-52705,2.8,2026-08-19T00:00:00.000+00:00,Cryo-EM structure of PSII intermediate Psb27-PSII,heteromeric protein,SINGLE PARTICLE
9I83,EMD-52706,2.9,2026-08-19T00:00:00.000+00:00,Cryo-EM structure of PSII intermediate Psb32-PSII,heteromeric protein,SINGLE PARTICLE
9I8C,EMD-52713,2.7,2026-02-18T00:00:00.000+00:00,GBSV1 portal protein without the N-terminal tail,homomeric protein,SINGLE PARTICLE
9I8U,EMD-52738,3.33,2026-02-18T00:00:00.000+00:00,Upregulated state of BetP with Potassium in Amphipol A8-35,homomeric protein,SINGLE PARTICLE
9I9Y,EMD-52772,2.22,2026-08-19T00:00:00.000+00:00,Visualization of the full-length Tse5-CT toxic fragment inside T6SS-dependent Tse5 effector,heteromeric protein,SINGLE PARTICLE
9IAN,EMD-52782,2.16,2026-03-04T00:00:00.000+00:00,Nitrogenase maturase NifEN in complex with the cofactor chaperone NifX,heteromeric protein,SINGLE PARTICLE
9IAO,EMD-52783,2.14,2026-03-04T00:00:00.000+00:00,Nitrogenase maturase NifEN,heteromeric protein,SINGLE PARTICLE
9IAR,EMD-52784,3.2,2026-03-04T00:00:00.000+00:00,Sulfate transporter SLC26A11 in nanodiscs with nanobody Nb11,heteromeric protein,SINGLE PARTICLE
9IAS,EMD-52785,2.8,2026-03-04T00:00:00.000+00:00,Sulfate transporter SLC26A11 in nanodiscs with nanobody Nb4,heteromeric protein,SINGLE PARTICLE
9IAZ,EMD-52787,3.2,2026-04-29T00:00:00.000+00:00,"CryoEM structure of the Themis:Grb2 complex with bound ProMacrobody 256, local refinement",heteromeric protein,SINGLE PARTICLE
9IB0,EMD-52788,2.9,2026-03-04T00:00:00.000+00:00,Cryo-EM consensus map of prefusion SARS-CoV-2 spike (RBDs: 1 up & 2 down) bound to RBD-targeting MO176-117 antibody,protein/oligosaccharide,SINGLE PARTICLE
9IB1,EMD-52789,3.2,2026-03-04T00:00:00.000+00:00,Cryo-EM focus map of prefusion SARS-CoV-2 spike (RBDs: 1 up & 2 down) bound to RBD-targeting MO176-117 antibody,heteromeric protein,SINGLE PARTICLE
9IB2,EMD-52790,2.9,2026-03-04T00:00:00.000+00:00,Cryo-EM consensus map of prefusion SARS-CoV-2 spike (RBDs: 2 up & 1 down) bound to RBD-targeting MO176-117 antibody,protein/oligosaccharide,SINGLE PARTICLE
9IB3,EMD-52791,3.3,2026-03-04T00:00:00.000+00:00,Cryo-EM focus map of prefusion SARS-CoV-2 spike (RBDs: 2 up & 1 down) bound to RBD-targeting MO176-117 antibody,heteromeric protein,SINGLE PARTICLE
9IBD,EMD-52809,3.69,2026-08-26T00:00:00.000+00:00,Kinetoplastid ATP-dependent RNA helicase PRP22/DHX8 in open conformation,heteromeric protein,SINGLE PARTICLE
9IBW,EMD-52814,3.22,2026-06-24T00:00:00.000+00:00,Dark-state structure of human short-wave-sensitive opsin (OPN1SW),heteromeric protein,SINGLE PARTICLE
9IFM,EMD-52846,2.2,2026-01-28T00:00:00.000+00:00,STRUCTURE OF UNSTACKED C2S2-TYPE PSII-LHCII SUPERCOMPLEX FROM PISUM SATIVUM,heteromeric protein,SINGLE PARTICLE
9IFO,EMD-52847,2.1,2026-03-11T00:00:00.000+00:00,Structure of Teneurin-Like Protein (TLP),heteromeric protein,SINGLE PARTICLE
9IGS,EMD-52854,3.0,2026-09-02T00:00:00.000+00:00,Mouse teneurin-3 A1B1 isoform; microphthalmia-associated R2579W mutant; compact dimer conformation,protein/oligosaccharide,SINGLE PARTICLE
9IHN,EMD-52874,3.06,2026-09-02T00:00:00.000+00:00,Cryo-EM structure of NLRP3 bound to the inhibitor BAL-1516 at 3.06 Ang resolution,homomeric protein,SINGLE PARTICLE
9INZ,EMD-60713,3.34,2026-01-21T00:00:00.000+00:00,"Hemichannel sub-structure of Cx43/GJA1 gap junction intercellular channel, treated with a 5-molar excess of carbenoxolone",homomeric protein,SINGLE PARTICLE
9IP5,EMD-60759,3.52,2026-01-21T00:00:00.000+00:00,"Hemichannel sub-structure of Cx36/GJD2 gap junction intercellular channel (FN conformation) in brain polar lipid nanodiscs, treated with a 14-fold molar excess of carbenoxolone",homomeric protein,SINGLE PARTICLE
9IPM,EMD-60777,3.56,2026-01-21T00:00:00.000+00:00,"Hemichannel sub-structure of Cx36/GJD2 gap junction intercellular channel (FN conformation) in soybean polar lipid nanodiscs, treated with a 20-fold molar excess of carbenoxolone",homomeric protein,SINGLE PARTICLE
9IPN,EMD-60778,2.46,2026-01-21T00:00:00.000+00:00,"Hemichannel sub-structure of Cx36/GJD2 gap junction intercellular channel (FN conformation) in soybean polar lipid nanodiscs, treated with a 10-fold molar excess of carbenoxolone and incubated shortly",homomeric protein,SINGLE PARTICLE
9IPO,EMD-60779,2.41,2026-01-21T00:00:00.000+00:00,"Hemichannel sub-structure of Cx36/GJD2 gap junction intercellular channel (FN conformation) in soybean polar lipid nanodiscs, treated with a 10-fold molar excess of carbenoxolone",homomeric protein,SINGLE PARTICLE
9IRD,EMD-60811,3.2,2026-02-18T00:00:00.000+00:00,"Cryo-EM structure of BTN2A1-BTN3A1-BTN3A2 mutant (BTN3A1 H381R, BTN2A1 R477A/T510A) in complex with Vgamma9-Vdelta2 TCR (G115 genotype)",heteromeric protein,SINGLE PARTICLE
9IRS,EMD-60818,3.18,2026-01-21T00:00:00.000+00:00,Cryo-EM structure of the TCR-OKT3 complex,heteromeric protein,SINGLE PARTICLE
9IRU,EMD-60821,3.14,2026-01-21T00:00:00.000+00:00,Cryo-em structure of TCR-4B1 complex,heteromeric protein,SINGLE PARTICLE
9IVJ,EMD-60928,3.15,2026-01-28T00:00:00.000+00:00,Cryo-EM structure of EBV gH/gL/gp42 in complex with fab 4G12,heteromeric protein,SINGLE PARTICLE
9IYC,EMD-60995,2.33,2026-03-04T00:00:00.000+00:00,P ring on polyrod-P ring complex from Salmonella TH26292 strain,homomeric protein,SINGLE PARTICLE
9J4C,EMD-61131,3.33,2026-01-21T00:00:00.000+00:00,Cryo-EM structure of aPlexinA1-19-43 Fab in complex with PlexinA1 dimer,heteromeric protein,SINGLE PARTICLE
9J5I,EMD-61142,3.38,2026-03-04T00:00:00.000+00:00,Pathogen effector forms a phosphatase holoenzyme complex with host core enzyme to promote disease,heteromeric protein,SINGLE PARTICLE
9J5K,EMD-61144,3.39,2026-03-04T00:00:00.000+00:00,Pathogen effector forms a phosphatase holoenzyme complex with host core enzyme to promote disease,heteromeric protein,SINGLE PARTICLE
9J5L,EMD-61145,2.97,2026-02-18T00:00:00.000+00:00,Complex structure of influenza hemagglutinin HA stem with CR9114 Fab and FISW84 Fab,heteromeric protein,SINGLE PARTICLE
9J6R,EMD-61180,3.2,2026-03-04T00:00:00.000+00:00,Cryo-EM structure of human dopamine transporter in complex with dasotraline,homomeric protein,SINGLE PARTICLE
9J6S,EMD-61181,2.8,2026-03-04T00:00:00.000+00:00,Cryo-EM structure of human dopamine transporter in complex with tesofensine,homomeric protein,SINGLE PARTICLE
9J6T,EMD-61182,3.4,2026-03-04T00:00:00.000+00:00,Cryo-EM structure of human dopamine transporter in complex with centanafadine,homomeric protein,SINGLE PARTICLE
9J6U,EMD-61184,2.9,2026-03-04T00:00:00.000+00:00,Cryo-EM structure of human dopamine transporter in complex with ansofasine,homomeric protein,SINGLE PARTICLE
9J6V,EMD-61185,3.5,2026-03-04T00:00:00.000+00:00,Cryo-EM structure of human dopamine transporter in complex with nefazodone,homomeric protein,SINGLE PARTICLE
9J87,EMD-61218,2.84,2026-02-25T00:00:00.000+00:00,Structure of Receptor,heteromeric protein,SINGLE PARTICLE
9J93,EMD-61251,3.54,2026-03-04T00:00:00.000+00:00,Native GluA1/GluA4 ATD dimer binding with 1D8 and 11B8,protein/oligosaccharide,SINGLE PARTICLE
9J94,EMD-61252,3.65,2026-03-04T00:00:00.000+00:00,Native GluA1/GluA4-CNIH3 complex in active state,heteromeric protein,SINGLE PARTICLE
9JB7,EMD-61306,3.55,2026-04-08T00:00:00.000+00:00,Multidrug resistance-associated protein 2 in complex with SN-38G,homomeric protein,SINGLE PARTICLE
9JBS,EMD-61324,2.88,2026-03-11T00:00:00.000+00:00,Structure of LAT4 in the apo state,homomeric protein,SINGLE PARTICLE
9JBT,EMD-61325,3.2,2026-03-11T00:00:00.000+00:00,Structure of LAT4 in complex with Phe,homomeric protein,SINGLE PARTICLE
9JBU,EMD-61326,3.8,2026-03-11T00:00:00.000+00:00,Structure of LAT4 in complex with digitonin,homomeric protein,SINGLE PARTICLE
9JC0,EMD-61338,3.52,2026-04-01T00:00:00.000+00:00,Multidrug resistance-associated protein 2 in complex with MK-571 and ATP,homomeric protein,SINGLE PARTICLE
9JCS,EMD-61373,3.47,2026-04-01T00:00:00.000+00:00,Multidrug resistance-associated protein 2 in complex with MK-571,homomeric protein,SINGLE PARTICLE
9JKH,EMD-61561,3.2,2026-04-08T00:00:00.000+00:00,SLC6A3 apo,homomeric protein,SINGLE PARTICLE
9JKI,EMD-61562,2.69,2026-04-08T00:00:00.000+00:00,membrane protein SLC6A3 with Bpp,homomeric protein,SINGLE PARTICLE
9JKJ,EMD-61563,2.69,2026-04-08T00:00:00.000+00:00,membrane transporter SLC6A3 dopamine,homomeric protein,SINGLE PARTICLE
9JKK,EMD-61564,3.0,2026-04-08T00:00:00.000+00:00,membrane transporter SLC6A3 KCl,homomeric protein,SINGLE PARTICLE
9JKM,EMD-61565,3.44,2026-04-08T00:00:00.000+00:00,membrane transporter SLC6A3 VXN,homomeric protein,SINGLE PARTICLE
9JKR,EMD-61569,3.7,2026-03-25T00:00:00.000+00:00,"human GM-CSF with Fabs from autoantibodies, F1 and C.",heteromeric protein,SINGLE PARTICLE
9JLP,EMD-61592,3.9,2026-04-01T00:00:00.000+00:00,Cryo-EM structure of Full particle of prokaryotic dsRNA virus phiYY,heteromeric protein,SINGLE PARTICLE
9JN1,EMD-61618,3.56,2026-04-01T00:00:00.000+00:00,apo Multidrug resistance-associated protein 2 in complex with AMP-PNP in rest state,homomeric protein,SINGLE PARTICLE
9JN2,EMD-61619,3.44,2026-04-01T00:00:00.000+00:00,Multidrug resistance-associated protein 2 in complex with AMP-PNP in active state,homomeric protein,SINGLE PARTICLE
9JRD,EMD-61751,3.9,2026-04-08T00:00:00.000+00:00,Structure of glutamate receptor mGluD1,homomeric protein,SINGLE PARTICLE
9JRG,EMD-61754,3.63,2026-04-08T00:00:00.000+00:00,Structure of ATD truncated glutamate receptor mGluD1,homomeric protein,SINGLE PARTICLE
9JRH,EMD-61755,4.0,2026-04-08T00:00:00.000+00:00,Structure of ATD truncated glutamate receptor mGluD1 complexed with D-serine,homomeric protein,SINGLE PARTICLE
9JY3,EMD-61886,3.35,2026-04-15T00:00:00.000+00:00,delta epsilon/gamma epsilon Fab-TCR tetramer,heteromeric protein,SINGLE PARTICLE
9JY4,EMD-61887,3.29,2026-04-15T00:00:00.000+00:00,gamma epsilon/gamma epsilon Fab-TCR tetramer,heteromeric protein,SINGLE PARTICLE
9JZI,EMD-61914,3.09,2026-03-11T00:00:00.000+00:00,Tetrameric complex (3D class 1) of the Borna disease virus 1 nucleoprotein,homomeric protein,SINGLE PARTICLE
9JZJ,EMD-61915,2.78,2026-03-11T00:00:00.000+00:00,Tetrameric complex (3D class 2) of the Borna disease virus 1 nucleoprotein,homomeric protein,SINGLE PARTICLE
9JZK,EMD-61916,3.84,2026-03-11T00:00:00.000+00:00,Pentameric complex of the Borna disease virus 1 nucleoprotein,homomeric protein,SINGLE PARTICLE
9JZN,EMD-61929,3.15,2026-03-11T00:00:00.000+00:00,Tetrameric complex of the Borna disease virus 1 nucleoprotein (mutant Lys164Ala),homomeric protein,SINGLE PARTICLE
9JZR,EMD-61940,2.73,2026-02-25T00:00:00.000+00:00,Structure of PSI-LHCI-LHCII supercomplex from Bryopsis corticulans,heteromeric protein,SINGLE PARTICLE
9K1E,EMD-61973,2.68,2026-03-04T00:00:00.000+00:00,Structural insights into photosystem I complex of Bryopsis corticulans,heteromeric protein,SINGLE PARTICLE
9K3S,EMD-62027,2.7,2026-02-18T00:00:00.000+00:00,Cryo-EM structure of E coli pstSCAB in the catalytic intermediate state,heteromeric protein,SINGLE PARTICLE
9K3X,EMD-62031,2.9,2026-02-18T00:00:00.000+00:00,Cryo-EM structure of E coli pstSCAB in the pretranslocation state,heteromeric protein,SINGLE PARTICLE
9K3Y,EMD-62032,3.0,2026-02-18T00:00:00.000+00:00,Cryo-EM structure of E coli pstSCAB in the resting state,heteromeric protein,SINGLE PARTICLE
9K4A,EMD-62051,2.24,2026-03-25T00:00:00.000+00:00,Cryo-EM structure of depolymerase S2-4 from Klebsiella phage K64-1,homomeric protein,SINGLE PARTICLE
9K4B,EMD-62052,2.18,2026-03-25T00:00:00.000+00:00,Cryo-EM structure of depolymerase S2-4 from Klebsiella phage K64-1,homomeric protein,SINGLE PARTICLE
9K4J,EMD-62061,2.9,2026-04-29T00:00:00.000+00:00,Structure of substrate-engaged human 26S proteasome RP-CP subcomplex in state EA1.0,heteromeric protein,SINGLE PARTICLE
9K4K,EMD-62062,4.0,2026-04-29T00:00:00.000+00:00,Structure of substrate-engaged human 26S proteasome RP-CP subcomplex in state EA1.1,heteromeric protein,SINGLE PARTICLE
9K4M,EMD-62064,3.2,2026-04-29T00:00:00.000+00:00,Structure of substrate-engaged human 26S proteasome RP-CP subcomplex in state EA2.1,heteromeric protein,SINGLE PARTICLE
9K4R,EMD-62067,3.1,2026-04-29T00:00:00.000+00:00,Structure of substrate-engaged human 26S proteasome RP-CP subcomplex in state EB.1,heteromeric protein,SINGLE PARTICLE
9K4U,EMD-62070,3.4,2026-04-29T00:00:00.000+00:00,Structure of substrate-engaged human 26S proteasome RP-CP subcomplex in state EC1,heteromeric protein,SINGLE PARTICLE
9K4V,EMD-62071,3.3,2026-04-29T00:00:00.000+00:00,Structure of substrate-engaged human 26S proteasome RP-CP subcomplex in state EC2,heteromeric protein,SINGLE PARTICLE
9K4W,EMD-62072,3.9,2026-04-29T00:00:00.000+00:00,Structure of substrate-engaged human 26S proteasome RP-CP subcomplex in state ED0.1,heteromeric protein,SINGLE PARTICLE
9K4X,EMD-62073,3.3,2026-04-29T00:00:00.000+00:00,Structure of substrate-engaged human 26S proteasome RP-CP subcomplex in state ED0.2,heteromeric protein,SINGLE PARTICLE
9K4Y,EMD-62074,3.2,2026-04-29T00:00:00.000+00:00,Structure of substrate-engaged human 26S proteasome RP-CP subcomplex in state ED0.3,heteromeric protein,SINGLE PARTICLE
9K4Z,EMD-62075,3.3,2026-04-29T00:00:00.000+00:00,Structure of substrate-engaged human 26S proteasome RP-CP subcomplex in state ED1.1,heteromeric protein,SINGLE PARTICLE
9K50,EMD-62076,3.2,2026-04-29T00:00:00.000+00:00,Structure of substrate-engaged human 26S proteasome RP-CP subcomplex in state ED1.2,heteromeric protein,SINGLE PARTICLE
9K51,EMD-62077,3.2,2026-04-29T00:00:00.000+00:00,Structure of substrate-engaged human 26S proteasome RP-CP subcomplex in state ED1.3,heteromeric protein,SINGLE PARTICLE
9K53,EMD-62079,2.5,2026-04-29T00:00:00.000+00:00,Structure of substrate-engaged human 26S proteasome RP-CP subcomplex in state ED2.1,heteromeric protein,SINGLE PARTICLE
9K54,EMD-62080,3.7,2026-04-29T00:00:00.000+00:00,Structure of substrate-engaged human 26S proteasome RP-CP subcomplex in state ED2.2,heteromeric protein,SINGLE PARTICLE
9K56,EMD-62082,3.8,2026-04-29T00:00:00.000+00:00,Structure of substrate-engaged single-cap human proteasome in state EA1,heteromeric protein,SINGLE PARTICLE
9K5B,EMD-62087,3.8,2026-04-29T00:00:00.000+00:00,Structure of substrate-engaged single-cap human proteasome in state ED0,heteromeric protein,SINGLE PARTICLE
9K5C,EMD-62088,3.8,2026-04-29T00:00:00.000+00:00,Structure of substrate-engaged single-cap human proteasome in state ED1,heteromeric protein,SINGLE PARTICLE
9K5D,EMD-62089,3.7,2026-04-29T00:00:00.000+00:00,Structure of substrate-engaged single-cap human proteasome in state ED2,heteromeric protein,SINGLE PARTICLE
9K5E,EMD-62090,3.8,2026-04-29T00:00:00.000+00:00,Structure of substrate-engaged double-cap human proteasome in state EA1-EA1,heteromeric protein,SINGLE PARTICLE
9K6X,EMD-62139,2.77,2026-05-06T00:00:00.000+00:00,Structural and functional basis of antinociceptive action of conotoxin AoIA at the noradrenaline transporter,heteromeric protein,SINGLE PARTICLE
9K7G,EMD-62149,3.57,2026-04-29T00:00:00.000+00:00,Structure of PfENT1 in complex with GSK3,homomeric protein,SINGLE PARTICLE
9K7S,EMD-62152,3.69,2026-04-29T00:00:00.000+00:00,"Structure of PfENT1(S143C,S382C) with inosine",homomeric protein,SINGLE PARTICLE
9K7V,EMD-62153,3.07,2026-02-25T00:00:00.000+00:00,Structural insights into photosystem II supercomplex of a a siphonous green algae Bryopsis corticulans from intertidal zone,heteromeric protein,SINGLE PARTICLE
9K88,EMD-62164,3.93,2026-04-29T00:00:00.000+00:00,"Structure of PfENT1(T144C,K375C) with inosine",homomeric protein,SINGLE PARTICLE
9K8Y,EMD-62182,3.76,2026-04-29T00:00:00.000+00:00,"Structure of PfENT1(T144C,K375C,N60R,Q266R) with inosine- outward-facing state",homomeric protein,SINGLE PARTICLE
9K90,EMD-62183,3.82,2026-04-29T00:00:00.000+00:00,"Structure of PfENT1(S143C,S382C)-occluded state",homomeric protein,SINGLE PARTICLE
9K91,EMD-62184,3.86,2026-07-15T00:00:00.000+00:00,Cryo-EM structure of human histone deacetylase 6 tandem catalytic domain (HDAC6 CD1-2),homomeric protein,SINGLE PARTICLE
9KAF,EMD-62207,3.9,2026-05-06T00:00:00.000+00:00,Cryo-EM structure of the SPS3-FBN5 complex in a 2:1 state,heteromeric protein,SINGLE PARTICLE
9KAG,EMD-62208,3.6,2026-05-06T00:00:00.000+00:00,Cryo-EM structure of the SPS3-FBN5 complex in a 2:2 state (class 4),heteromeric protein,SINGLE PARTICLE
9KC4,EMD-62241,2.65,2026-05-06T00:00:00.000+00:00,The Cryo-EM structure of human succinate dehydrogenase in complex with Benzovindiflupyr,heteromeric protein,SINGLE PARTICLE
9KCF,EMD-62249,3.4,2026-04-29T00:00:00.000+00:00,Bovine Flagellar TRiC,heteromeric protein,SINGLE PARTICLE
9KH6,EMD-62333,2.8,2026-03-04T00:00:00.000+00:00,cryo-EM structure of lipase/ligand/substrate complex,homomeric protein,SINGLE PARTICLE
9KKN,EMD-62393,2.72,2026-05-27T00:00:00.000+00:00,Cryo-EM structure of human VAChT in complex with ACh,homomeric protein,SINGLE PARTICLE
9KKO,EMD-62394,3.25,2026-05-27T00:00:00.000+00:00,Cryo-EM structure of human VAChT in apo state,homomeric protein,SINGLE PARTICLE
9KOF,EMD-62474,3.07,2026-06-17T00:00:00.000+00:00,Structure of human PRC2 with SAH and H3K27me3 peptide,heteromeric protein,SINGLE PARTICLE
9KOG,EMD-62475,3.59,2026-06-17T00:00:00.000+00:00,Structure of human PRC2 with C36 compound,heteromeric protein,SINGLE PARTICLE
9KOH,EMD-62476,3.1,2026-06-17T00:00:00.000+00:00,Structure of human PRC2-SAH-H3K27me3-C36,heteromeric protein,SINGLE PARTICLE
9KPZ,EMD-62492,3.18,2026-03-04T00:00:00.000+00:00,Structure of TolQRA complex at pH 5.4 from E.coli,heteromeric protein,SINGLE PARTICLE
9KQ0,EMD-62493,3.6,2026-03-04T00:00:00.000+00:00,Structure of TolQRA complex at pH 8.0 from E.coli,heteromeric protein,SINGLE PARTICLE
9KQ5,EMD-62496,3.21,2026-06-03T00:00:00.000+00:00,Cryo-EM structure of human VAChT at protonated state,homomeric protein,SINGLE PARTICLE
9KQM,EMD-62507,3.5,2026-06-03T00:00:00.000+00:00,Cryo-EM structure of human VAChT in complex with VSM,homomeric protein,SINGLE PARTICLE
9KSL,EMD-62552,1.81,2026-06-03T00:00:00.000+00:00,Cryo-EM structure of the family 2A encapsulin from Mycolicibacterium smegmatis,homomeric protein,SINGLE PARTICLE
9KVS,EMD-62600,2.81,2026-06-10T00:00:00.000+00:00,Structure of SB290157 bound to human C3aR in complex with Go (Receptor Ligand Focused map),homomeric protein,SINGLE PARTICLE
9KWY,EMD-62620,2.82,2026-03-18T00:00:00.000+00:00,Cryo-EM structure of SARS-CoV-2 RBD in complex with ACE2 and mAb 1C4,protein/oligosaccharide,SINGLE PARTICLE
9KZG,EMD-62662,2.28,2026-02-18T00:00:00.000+00:00,Cryo-EM structure of the LH1 complex from Roseiflexus castenholzii,heteromeric protein,SINGLE PARTICLE
9KZH,EMD-62663,2.74,2026-02-18T00:00:00.000+00:00,Cryo-EM structure of the RC complex from Rhodospirillum rubrum,heteromeric protein,SINGLE PARTICLE
9L0A,EMD-62693,2.17,2026-07-15T00:00:00.000+00:00,PSI trimer of Arthrospira platensis NIES-39,heteromeric protein,SINGLE PARTICLE
9L19,EMD-62738,3.33,2026-04-15T00:00:00.000+00:00,Structure of human apo Taurine Transporter in the inward-open conformation,homomeric protein,SINGLE PARTICLE
9L1A,EMD-62739,2.75,2026-04-15T00:00:00.000+00:00,Structure of human apo Taurine Transporter in the inward-occluded conformation,homomeric protein,SINGLE PARTICLE
9L1B,EMD-62740,2.9,2026-04-15T00:00:00.000+00:00,Structure of taurine-bound human Taurine Transporter in the inward-occluded conformation,homomeric protein,SINGLE PARTICLE
9L1C,EMD-62741,2.69,2026-04-15T00:00:00.000+00:00,Structure of beta-alanine-bound human Taurine Transporter in the inward-occluded conformation,homomeric protein,SINGLE PARTICLE
9L1D,EMD-62742,3.24,2026-04-15T00:00:00.000+00:00,Structure of piperidine-4-sulfonic acid-bound human Taurine Transporter in the inward-open conformation,homomeric protein,SINGLE PARTICLE
9L1E,EMD-62743,2.82,2026-04-15T00:00:00.000+00:00,Structure of piperidine-4-sulfonic acid-bound human Taurine Transporter in the inward-occluded conformation,homomeric protein,SINGLE PARTICLE
9L1L,EMD-62748,3.09,2026-02-18T00:00:00.000+00:00,Structure of anti-HEL AiTab,heteromeric protein,SINGLE PARTICLE
9L2O,EMD-62778,2.86,2026-05-06T00:00:00.000+00:00,Cryo-EM structure and rational engineering of a novel efficient ochratoxin A-detoxifying amidohydrolase,homomeric protein,SINGLE PARTICLE
9L2T,EMD-62780,2.69,2026-05-06T00:00:00.000+00:00,Cryo-electron microscopic structure of a novel amidohydrolase with three mutations,homomeric protein,SINGLE PARTICLE
9L36,EMD-62782,2.71,2026-05-13T00:00:00.000+00:00,Cryo-electron microscopic structure of a novel amidohydrolase ADH3 triple mutation,homomeric protein,SINGLE PARTICLE
9L38,EMD-62783,3.2,2026-06-24T00:00:00.000+00:00,Structure of ENBT1 in the apo state,homomeric protein,SINGLE PARTICLE
9L3I,EMD-62786,3.1,2026-03-11T00:00:00.000+00:00,Cryo-EM structure of SARS-CoV-2 BA.2.75 Spike Protein complex with a potent broad-spectrum macrocyclic peptide inhibitor 6L3-3P11K,protein/oligosaccharide,SINGLE PARTICLE
9L3Q,EMD-62788,2.7,2026-03-11T00:00:00.000+00:00,Cryo-EM structure of SARS-CoV-2 PT Spike Protein complex with a potent broad-spectrum macrocyclic peptide inhibitor 6L3-3P11K,protein/oligosaccharide,SINGLE PARTICLE
9L58,EMD-62824,1.76,2026-05-20T00:00:00.000+00:00,CryoEM structure of Arabidopsis thaliana Col-0 Rubisco with D4 symmetry,heteromeric protein,SINGLE PARTICLE
9L5D,EMD-62829,1.75,2026-05-20T00:00:00.000+00:00,CryoEM structure of Arabidopsis thaliana M309I Rubisco with D4 symmetry,heteromeric protein,SINGLE PARTICLE
9L5I,EMD-62834,1.74,2026-05-20T00:00:00.000+00:00,CryoEM structure of Arabidopsis thaliana D397N Rubisco with D4 symmetry,heteromeric protein,SINGLE PARTICLE
9L6I,EMD-62853,2.98,2026-02-18T00:00:00.000+00:00,Glycogen phosphorylase from Segatella copri,homomeric protein,SINGLE PARTICLE
9L6O,EMD-62860,3.8,2026-07-01T00:00:00.000+00:00,"CryoEM structure of class Ib Ribonucleotide reductase from Mycobacterium thermoresistibile, conformer D",heteromeric protein,SINGLE PARTICLE
9L6P,EMD-62861,2.9,2026-05-06T00:00:00.000+00:00,Cryo-electron microscopic structure of a highly efficient ochratoxin detoxification enzyme LlADH,homomeric protein,SINGLE PARTICLE
9L76,EMD-62870,2.88,2026-01-07T00:00:00.000+00:00,Structures and mechanism of the nicotinamide nucleotide transhydrogenase from E. coli,heteromeric protein,SINGLE PARTICLE
9L8N,EMD-62887,3.48,2026-01-21T00:00:00.000+00:00,Structure of SID-1,protein/oligosaccharide,SINGLE PARTICLE
9L8W,EMD-62892,2.9,2026-01-21T00:00:00.000+00:00,Human KCNQ2-CaM in complex with QO-58,homomeric protein,SINGLE PARTICLE
9L9H,EMD-62906,2.87,2026-01-14T00:00:00.000+00:00,Hexamer Msp1 from S.cerevisiae (with a catalytic dead mutation) in complex with an unknown peptide substrate,heteromeric protein,SINGLE PARTICLE
9L9O,EMD-62911,2.98,2026-02-18T00:00:00.000+00:00,"Cryo-EM structure of apo GPR50 with BRIL fusion, anti-BRIL Fab, and anti-Fab Nb complex",heteromeric protein,SINGLE PARTICLE
9LBW,EMD-62957,3.44,2026-01-07T00:00:00.000+00:00,HBcAg in complex with Fab mAb40,heteromeric protein,SINGLE PARTICLE
9LCO,EMD-62988,3.72,2026-01-07T00:00:00.000+00:00,PvdL-PCP2-E2-C3-A3 in complex with MLP (NRPS cross-module),heteromeric protein,SINGLE PARTICLE
9LCP,EMD-62989,3.76,2026-01-07T00:00:00.000+00:00,PvdL-E2-C3-A3 in complex with MLP (NRPS cross-module),heteromeric protein,SINGLE PARTICLE
9LCQ,EMD-62990,3.58,2026-01-07T00:00:00.000+00:00,PvdL-E2-C3-A3(R3393A) in complex with MLP (NRPS cross-module),heteromeric protein,SINGLE PARTICLE
9LD2,EMD-63000,3.73,2026-04-22T00:00:00.000+00:00,Cryo-EM structure of SARS-CoV-2 wide-type S trimer in the early fusion intermediate conformation (E-FIC) complexed with ACE2 and 76E1-Fab (focused refinement of the S2-76E1),heteromeric protein,SINGLE PARTICLE
9LDV,EMD-63007,2.78,2026-01-28T00:00:00.000+00:00,Consensus olfactory receptor consOR6 in complex with mini-Golf trimeric protein,heteromeric protein,SINGLE PARTICLE
9LDW,EMD-63008,2.62,2026-01-28T00:00:00.000+00:00,Consensus olfactory receptor consOR6 bound to alpha-hexyl cinnamaldehyde and in complex with mini-Golf trimeric protein,heteromeric protein,SINGLE PARTICLE
9LDX,EMD-63009,2.83,2026-01-28T00:00:00.000+00:00,Consensus olfactory receptor consOR6 in complex with mini-Golf trimeric protein,heteromeric protein,SINGLE PARTICLE
9LDZ,EMD-63010,3.17,2026-01-28T00:00:00.000+00:00,Consensus olfactory receptor consOR6 in complex with Gs trimeric protein,heteromeric protein,SINGLE PARTICLE
9LE0,EMD-63011,2.54,2026-01-28T00:00:00.000+00:00,Consensus olfactory receptor bmOR6A2 in complex with mini-Golf trimeric protein,heteromeric protein,SINGLE PARTICLE
9LE1,EMD-63012,3.3,2026-01-28T00:00:00.000+00:00,Consensus olfactory receptor bmOR6A2 in complex with mini-Golf trimeric protein,heteromeric protein,SINGLE PARTICLE
9LE2,EMD-63013,3.33,2026-01-28T00:00:00.000+00:00,Consensus olfactory receptor bmOR6A2 in complex with mini-Golf trimeric protein,heteromeric protein,SINGLE PARTICLE
9LEG,EMD-63025,2.36,2026-02-04T00:00:00.000+00:00,AMO complex,heteromeric protein,SINGLE PARTICLE
9LET,EMD-63033,2.62,2026-04-22T00:00:00.000+00:00,Cryo-EM structure of human ZAC in zinc Binding State,protein/oligosaccharide,SINGLE PARTICLE
9LEU,EMD-63034,2.63,2026-04-22T00:00:00.000+00:00,Cryo-EM structure of human ZAC with A152 mutant in zinc binding state,protein/oligosaccharide,SINGLE PARTICLE
9LEV,EMD-63035,3.35,2026-04-22T00:00:00.000+00:00,Cryo-EM structure of human ZAC in nanodisc in apo state,protein/oligosaccharide,SINGLE PARTICLE
9LEX,EMD-63036,2.85,2026-04-22T00:00:00.000+00:00,Cryo-EM structure of human ZAC in zinc partially binding state in nanodisc,protein/oligosaccharide,SINGLE PARTICLE
9LEY,EMD-63037,2.97,2026-04-22T00:00:00.000+00:00,Cryo-EM structure of human ZAC in complex with d-tubocurarine,protein/oligosaccharide,SINGLE PARTICLE
9LEZ,EMD-63038,2.54,2026-04-22T00:00:00.000+00:00,Cryo-EM structure of human ZAC in complex with N-(4-(tert-butyl)thiazol-2-yl)-3-fluorobenzamide (TTFB),protein/oligosaccharide,SINGLE PARTICLE
9LFA,EMD-63043,3.5,2026-05-27T00:00:00.000+00:00,Cryo-EM structure of human bradykinin receptor B1R bound to antagonist ELN441958,heteromeric protein,SINGLE PARTICLE
9LFC,EMD-63044,3.6,2026-05-27T00:00:00.000+00:00,Cryo-EM structure of human bradykinin receptor B1R bound to antagonist R715,heteromeric protein,SINGLE PARTICLE
9LFD,EMD-63045,3.6,2026-05-27T00:00:00.000+00:00,Cryo-EM structure of human bradykinin receptor B2R bound to antagonist Win64338,heteromeric protein,SINGLE PARTICLE
9LGT,EMD-63072,3.68,2026-01-14T00:00:00.000+00:00,Cryo-EM structure of the glucose-specific PTS transporter IIC from V. cholerae in the inward-facing conformation,homomeric protein,SINGLE PARTICLE
9LHZ,EMD-63108,2.79,2026-02-04T00:00:00.000+00:00,Complex of voltage-gated sodium channel NavPaS from American cockroach Periplaneta americana and sea anemone toxin Av3,protein/oligosaccharide,SINGLE PARTICLE
9LIH,EMD-63116,3.07,2026-01-21T00:00:00.000+00:00,Cryo-EM structure of Saccharomyces cerevisiae Mitochondrial Respiratory Complex II in cyclobutrifluram-bound state,heteromeric protein,SINGLE PARTICLE
9LK2,EMD-63161,3.37,2026-03-18T00:00:00.000+00:00,monomeric ZYG11B-EloB-EloC + substrate peptide GYIND,heteromeric protein,SINGLE PARTICLE
9LK6,EMD-63169,3.27,2026-03-18T00:00:00.000+00:00,dimeric ZYG11B-EloB-EloC + substrate peptide GYIND,heteromeric protein,SINGLE PARTICLE
9LKB,EMD-63174,3.7,2026-01-21T00:00:00.000+00:00,Cryo-EM structure of the receptor of PL45-Olfr110-Gs complex,heteromeric protein,SINGLE PARTICLE
9LKD,EMD-63175,3.6,2026-01-21T00:00:00.000+00:00,Cryo-EM structure of the receptor of PL45-Olfr110-Gs complex,homomeric protein,SINGLE PARTICLE
9LKZ,EMD-63189,2.87,2026-02-04T00:00:00.000+00:00,Complex of voltage-gated sodium channel NavPaS from American cockroach Periplaneta americana and scorpion alpha toxin LqhaIT,protein/oligosaccharide,SINGLE PARTICLE
9LL7,EMD-63192,2.84,2026-01-14T00:00:00.000+00:00,DOI-bound Serotonin 2A (5-HT2A) receptor-Gi complex,heteromeric protein,SINGLE PARTICLE
9LL8,EMD-63193,2.62,2026-01-14T00:00:00.000+00:00,Psilocin-bound Serotonin 2A (5-HT2A) receptor-Gi complex,heteromeric protein,SINGLE PARTICLE
9LL9,EMD-63194,2.76,2026-01-14T00:00:00.000+00:00,DOI-bound Serotonin 2A (5-HT2A) receptor-Gq complex,heteromeric protein,SINGLE PARTICLE
9LLA,EMD-63195,3.27,2026-01-14T00:00:00.000+00:00,Ariadne-bound Serotonin 2A (5-HT2A) receptor-Gq complex,heteromeric protein,SINGLE PARTICLE
9LLB,EMD-63196,2.98,2026-01-14T00:00:00.000+00:00,DOI-NBOMe-bound Serotonin 2A (5-HT2A) receptor-Gq complex,heteromeric protein,SINGLE PARTICLE
9LLC,EMD-63197,3.25,2026-01-21T00:00:00.000+00:00,Hexamer Msp1 from S.cerevisiae(with a catalytic dead mutation) in complex with an unknown peptide substrate,heteromeric protein,SINGLE PARTICLE
9LLE,EMD-63199,2.9,2026-03-04T00:00:00.000+00:00,Cryo-EM structure of D1R-Gs in complex with de novo designed GEM targeting TM1/2/4,heteromeric protein,SINGLE PARTICLE
9LLF,EMD-63200,2.64,2026-03-04T00:00:00.000+00:00,Cryo-EM structure of D1R-Gs in complex with de novo designed GEM targeting TM3/4/5,heteromeric protein,SINGLE PARTICLE
9LLG,EMD-63201,2.77,2026-03-04T00:00:00.000+00:00,Cryo-EM structure of D1R in complex with de novo designed negative allosteric GEM targeting TM5/6/7,heteromeric protein,SINGLE PARTICLE
9LLH,EMD-63202,2.73,2026-03-04T00:00:00.000+00:00,Cryo-EM structure of D1R-Gs in complex with de novo designed agonist-positive allosteric GEM targeting TM5/6/7,heteromeric protein,SINGLE PARTICLE
9LLI,EMD-63203,3.0,2026-03-04T00:00:00.000+00:00,"Cryo-EM structure of D1R in complex with de novo designed GEM targeting TM1/2/4 and GEM targeting TM3/4/5, and negative allosteric GEM targeting TM5/6/7",heteromeric protein,SINGLE PARTICLE
9LLJ,EMD-63204,2.61,2026-03-04T00:00:00.000+00:00,"Cryo-EM structure of D1R-Gs in complex with de novo designed GEM targetingTM1/2/4 and GEM targeting TM3/4/5, and agonist-positive allosteric GEM targeting TM5/6/7",heteromeric protein,SINGLE PARTICLE
9LLY,EMD-63208,3.18,2026-01-21T00:00:00.000+00:00,"Cryo-EM structure of RSV pre-F (sc9-10 DS-Cav1, strain A2) in complex with Fabs 1A2 and 1B6",heteromeric protein,SINGLE PARTICLE
9LLZ,EMD-63210,3.2,2026-03-18T00:00:00.000+00:00,"Cryo-EM structure of a class C GPCR (Global, without symmetry)",homomeric protein,SINGLE PARTICLE
9LM0,EMD-63211,3.82,2026-03-18T00:00:00.000+00:00,"Cryo-EM structure of a class C GPCR (Domain, without symmetry)",homomeric protein,SINGLE PARTICLE
9LM5,EMD-63216,2.77,2026-01-21T00:00:00.000+00:00,Cryo-EM structure of prefusion-stabilized RSV F (DS-Cav1 strain: A2) in complex with nanobody 1G9,heteromeric protein,SINGLE PARTICLE
9LM6,EMD-63217,3.26,2026-01-21T00:00:00.000+00:00,Cryo-EM structure of prefusion-stabilized RSV F (DS-Cav1 strain: A2) in complex with nanobody 1D8,heteromeric protein,SINGLE PARTICLE
9LN4,EMD-63226,3.09,2026-01-28T00:00:00.000+00:00,Pentamer Msp1 from S.cerevisiae (with a catalytic dead mutation) in complex with an unknown peptide substrate state2,heteromeric protein,SINGLE PARTICLE
9LN6,EMD-63227,3.49,2026-03-18T00:00:00.000+00:00,Structure of human NLRP14-UHRF1 complex,heteromeric protein,SINGLE PARTICLE
9LN7,EMD-63228,2.94,2026-01-21T00:00:00.000+00:00,Alpha-7 nicotinic acetylcholine receptor bound to inhibitory bicyclic peptide KP2007 in a resting state.,protein/oligosaccharide,SINGLE PARTICLE
9LN9,EMD-63229,2.97,2026-01-28T00:00:00.000+00:00,Sixteen polymer Msp1 from S.cerevisiae (with a catalytic dead mutation) in complex with an unknown peptide substrate,heteromeric protein,SINGLE PARTICLE
9LNA,EMD-63230,3.6,2026-01-28T00:00:00.000+00:00,SFP21A phage tail fiber (Gp09),homomeric protein,SINGLE PARTICLE
9LNM,EMD-63236,2.67,2026-01-28T00:00:00.000+00:00,human Betaine/GABA transporter 1 in complex with GABA,homomeric protein,SINGLE PARTICLE
9LNN,EMD-63237,2.6,2026-01-28T00:00:00.000+00:00,human Betaine/GABA transporter 1 in complex with Betaine,homomeric protein,SINGLE PARTICLE
9LNO,EMD-63238,3.15,2026-01-28T00:00:00.000+00:00,human Betaine/GABA transporter 1 in inward facing conformation,homomeric protein,SINGLE PARTICLE
9LO8,EMD-63242,2.83,2026-01-28T00:00:00.000+00:00,Twenty-two polymer Msp1 from S.cerevisiae(with a catalytic dead mutation) in complex with an unknown peptide substrate,heteromeric protein,SINGLE PARTICLE
9LOE,EMD-63246,2.99,2026-01-28T00:00:00.000+00:00,Cryo-EM structure of SFTSV Gn in complex with ZS004-1C5,protein/oligosaccharide,SINGLE PARTICLE
9LOF,EMD-63247,3.03,2026-01-28T00:00:00.000+00:00,Cryo-EM structure of SFTSV Gn in complex with ZS01S-336,protein/oligosaccharide,SINGLE PARTICLE
9LOG,EMD-63248,3.5,2026-01-28T00:00:00.000+00:00,Cryo-EM structure of SFTSV Gn in complex with ZS01S-65,protein/oligosaccharide,SINGLE PARTICLE
9LOY,EMD-63263,2.66,2026-01-28T00:00:00.000+00:00,Cryo-EM structure of SARS-CoV-2 JN.1 spike glycoprotein in complex with F61R2-780 Fab,heteromeric protein,SINGLE PARTICLE
9LOZ,EMD-63264,3.55,2026-01-28T00:00:00.000+00:00,Cryo-EM structure of SARS-CoV-2 JN.1 RBD in complex with F61R2-780 Fab,heteromeric protein,SINGLE PARTICLE
9LP0,EMD-63265,2.61,2026-01-28T00:00:00.000+00:00,Cryo-EM structure of SARS-CoV-2 KP.3.1.1 spike glycoprotein in complex with F61R2-780 Fab,heteromeric protein,SINGLE PARTICLE
9LP1,EMD-63266,3.47,2026-01-28T00:00:00.000+00:00,Cryo-EM structure of SARS-CoV-2 KP.3.1.1 RBD in complex with F61R2-780 Fab,heteromeric protein,SINGLE PARTICLE
9LPK,EMD-63270,3.03,2026-01-28T00:00:00.000+00:00,Structure of human PADI6-UHRF1-UBE2D3 complex,heteromeric protein,SINGLE PARTICLE
9LPW,EMD-63277,2.78,2026-04-22T00:00:00.000+00:00,Cryo-EM structure of rice PHS1-DPE1 complex,heteromeric protein,SINGLE PARTICLE
9LPZ,EMD-63281,2.4,2026-04-22T00:00:00.000+00:00,Cryo-EM structure of rice PHS1-DPE1 complex,heteromeric protein,SINGLE PARTICLE
9LQJ,EMD-63297,2.68,2026-04-15T00:00:00.000+00:00,Cryo-EM structure of collagenase H (E416Q mutant) from Hathewaya histolytica bound to C-terminal region of collagen model peptide (Pro-Hyp-Gly)10,heteromeric protein,SINGLE PARTICLE
9LQT,EMD-63304,2.6,2026-02-04T00:00:00.000+00:00,Cryo-EM structure of the Apo-state APLNR homodimer,homomeric protein,SINGLE PARTICLE
9LQU,EMD-63305,2.7,2026-02-04T00:00:00.000+00:00,Cryo-EM structure of the JN241-9-bound state 1a of APLNR homodimer,heteromeric protein,SINGLE PARTICLE
9LQW,EMD-63307,2.7,2026-02-04T00:00:00.000+00:00,Cryo-EM structure of the JN241-9-bound state 1b of APLNR homodimer,heteromeric protein,SINGLE PARTICLE
9LQX,EMD-63308,2.7,2026-02-04T00:00:00.000+00:00,Cryo-EM structure of the JN241-9-bound state 1c of APLNR homodimer,heteromeric protein,SINGLE PARTICLE
9LQY,EMD-63309,2.4,2026-02-04T00:00:00.000+00:00,Cryo-EM structure of the AMG986-bound state 2a of APLNR homodimer,homomeric protein,SINGLE PARTICLE
9LQZ,EMD-63310,2.6,2026-02-04T00:00:00.000+00:00,Cryo-EM structure of the AMG986-bound state 2b of APLNR homodimer,homomeric protein,SINGLE PARTICLE
9LR1,EMD-63312,2.5,2026-02-04T00:00:00.000+00:00,Cryo-EM structure of the JN241-9-bound APLNR monomer-Gi complex,heteromeric protein,SINGLE PARTICLE
9LR2,EMD-63313,3.1,2026-02-04T00:00:00.000+00:00,Cryo-EM structure of the JN241-9-bound APLNR dimer-Gi complex,heteromeric protein,SINGLE PARTICLE
9LR3,EMD-63314,2.8,2026-02-04T00:00:00.000+00:00,Cryo-EM structure of the AMG986-bound APLNR monomer-Gi complex,heteromeric protein,SINGLE PARTICLE
9LRK,EMD-63337,2.2,2026-04-15T00:00:00.000+00:00,Cryo-EM structure of apo collagenase H from Hathewaya histolytica,homomeric protein,SINGLE PARTICLE
9LRM,EMD-63339,3.4,2026-04-15T00:00:00.000+00:00,Cryo-EM structure of collagenase H (E416Q mutant) from Hathewaya histolytica in complex with collagen model peptide (Pro-Hyp-Gly)10,heteromeric protein,SINGLE PARTICLE
9LRS,EMD-63341,2.83,2026-02-04T00:00:00.000+00:00,The structure of MRGPRX4 with PSB-18061,heteromeric protein,SINGLE PARTICLE
9LS3,EMD-63352,3.4,2026-01-07T00:00:00.000+00:00,S-ECD of SARS-CoV-2 Delta variant in complex with Fab854,protein/oligosaccharide,SINGLE PARTICLE
9LSY,EMD-63359,3.23,2026-02-18T00:00:00.000+00:00,Structure of the gdTCR-Fab complex,heteromeric protein,SINGLE PARTICLE
9LSZ,EMD-63360,3.11,2026-02-18T00:00:00.000+00:00,Inward-open Structure of human B0AT1,protein/oligosaccharide,SINGLE PARTICLE
9LT3,EMD-63364,2.79,2026-02-18T00:00:00.000+00:00,Integrin alpha-v beta-3 in complex with Trimucrin,protein/oligosaccharide,SINGLE PARTICLE
9LTJ,EMD-63371,2.65,2026-01-28T00:00:00.000+00:00,Cryo-EM structure of DDB1-DDA1-DET1 complex,heteromeric protein,SINGLE PARTICLE
9LTL,EMD-63372,2.93,2026-01-28T00:00:00.000+00:00,Cryo-EM structure of DDB1-DDA1-DET1 complex,heteromeric protein,SINGLE PARTICLE
9LTO,EMD-63374,2.92,2026-01-28T00:00:00.000+00:00,Cryo-EM structure of DDB1-DDA1-DET1-Ube2e2 complex,heteromeric protein,SINGLE PARTICLE
9LTR,EMD-63375,3.03,2026-01-28T00:00:00.000+00:00,Cryo-EM structure of dimeric DDB1-DDA1-DET1-Ube2e2-COP1 complex,heteromeric protein,SINGLE PARTICLE
9LTW,EMD-63383,3.25,2026-01-28T00:00:00.000+00:00,protein structure of DDB1-DDA1-DET1,heteromeric protein,SINGLE PARTICLE
9LTZ,EMD-63385,3.26,2026-01-28T00:00:00.000+00:00,protein structure of DDB1-DDA1-DET1-Ube2e2 complex,heteromeric protein,SINGLE PARTICLE
9LU1,EMD-63386,3.62,2026-01-28T00:00:00.000+00:00,protein structure of DDB1-DDA1-DET1-Ube2e2 bound to COP1 dimer,heteromeric protein,SINGLE PARTICLE
9LU4,EMD-63387,3.37,2026-02-18T00:00:00.000+00:00,Structure of bacteriophage T4 neck protein gp13 and gp14 assembled in vitro in C6 symmetry,heteromeric protein,SINGLE PARTICLE
9LU5,EMD-63388,2.79,2026-02-18T00:00:00.000+00:00,Structure of bacteriophage T4 neck protein gp13 and gp14 and Hfq assembled in vitro in C6 symmetry,heteromeric protein,SINGLE PARTICLE
9LU6,EMD-63389,2.91,2026-02-18T00:00:00.000+00:00,Structure of bacteriophage T4 protal-neck protein gp20-gp13-gp14-Hfq assembled in vitro in C6 symmetry,heteromeric protein,SINGLE PARTICLE
9LU7,EMD-63390,3.45,2026-02-18T00:00:00.000+00:00,Structure of bacteriophage T4 protal-neck mismatch complex gp20-gp14-gp13 assembled in vitro in C6 symmetry,heteromeric protein,SINGLE PARTICLE
9LU8,EMD-63391,2.99,2026-04-22T00:00:00.000+00:00,"Structure of yeast 1,3-beta-glucan synthase FKS2",protein/oligosaccharide,SINGLE PARTICLE
9LUJ,EMD-63396,3.1,2026-08-12T00:00:00.000+00:00,cryo-EM structure of E.coli DRT4 mutant with D240A and D241A.,homomeric protein,SINGLE PARTICLE
9LUT,EMD-63404,1.94,2026-02-18T00:00:00.000+00:00,PSI-LHCI supercomplex binding with 4 Lhcas from M. polymorpha,heteromeric protein,SINGLE PARTICLE
9LUU,EMD-63405,2.52,2026-02-18T00:00:00.000+00:00,PSI-4 LHCI dimer supercomplex from M. polymorpha,heteromeric protein,SINGLE PARTICLE
9LV4,EMD-63412,2.67,2026-02-18T00:00:00.000+00:00,Cryo-EM Structure of Human Tie2/minibinder tw1102_4 helices Complex,heteromeric protein,SINGLE PARTICLE
9LV9,EMD-63416,3.17,2026-03-04T00:00:00.000+00:00,Octamer Msp1 from S.cerevisiae (with a catalytic dead mutation) in complex with an unknown peptide substrate,heteromeric protein,SINGLE PARTICLE
9LVI,EMD-63420,2.86,2026-05-27T00:00:00.000+00:00,Cryo-EM structure of SARS-CoV-2 spike protein,protein/oligosaccharide,SINGLE PARTICLE
9LVS,EMD-63424,2.95,2026-03-04T00:00:00.000+00:00,Cryo-EM structure of the SARS-CoV-2 spike protein in complex with S416,protein/oligosaccharide,SINGLE PARTICLE
9LW1,EMD-63426,2.5,2026-01-07T00:00:00.000+00:00,TMEM164-substrate,homomeric protein,SINGLE PARTICLE
9LW3,EMD-63427,3.0,2026-05-27T00:00:00.000+00:00,TMEM164-substrate,homomeric protein,SINGLE PARTICLE
9LW5,EMD-63431,2.87,2026-02-18T00:00:00.000+00:00,Cryo-EM structure of dopamine bound mut-beta2-Adrenergic Receptor beta2R-M16-miniGs-Gbeta1gamma2-Nb35-scFv16 complex,heteromeric protein,SINGLE PARTICLE
9LWC,EMD-63440,2.9,2026-02-18T00:00:00.000+00:00,Cryo-EM structure of epinephrine bound dopamine receptor 1 D1R-M74-miniGs-Gbeta1gamma2-Nb35 complex,heteromeric protein,SINGLE PARTICLE
9LWI,EMD-63446,3.12,2026-04-29T00:00:00.000+00:00,The head region of HBx-Smc5/6 ubiquitination complex,heteromeric protein,SINGLE PARTICLE
9LWN,EMD-63451,3.26,2026-03-04T00:00:00.000+00:00,Nonamer Msp1 from S.cerevisiae (with a catalytic dead mutation) in complex with an unknown peptide substrate,heteromeric protein,SINGLE PARTICLE
9LXD,EMD-63474,3.27,2026-02-18T00:00:00.000+00:00,Structure of DNA-free MCM SH at 3.2 Angstroms resolution,heteromeric protein,SINGLE PARTICLE
9LXE,EMD-63475,3.96,2026-02-18T00:00:00.000+00:00,Structure of compacted DNA-free MCM DH at 3.9 Angstroms resolution,heteromeric protein,SINGLE PARTICLE
9LXF,EMD-63476,3.86,2026-02-18T00:00:00.000+00:00,Structure of extended DNA-free MCM DH at 3.8 Angstroms resolution,heteromeric protein,SINGLE PARTICLE
9LXP,EMD-63488,3.2,2026-03-04T00:00:00.000+00:00,A Cryo-EM structure of LA-PTH-PTH1R-Beta-arrestin1 complex (state 2 conformation),heteromeric protein,SINGLE PARTICLE
9LY2,EMD-63500,3.1,2026-03-04T00:00:00.000+00:00,A Cryo-EM structure of LA-PTH-PTH1R-V2RT-Beta-arrestin1 complex (state 1 conformation),heteromeric protein,SINGLE PARTICLE
9LY3,EMD-63502,3.4,2026-03-04T00:00:00.000+00:00,A Cryo-EM structure of LA-PTH-PTH1R-V2RT-Beta-arrestin1 complex (state 2 conformation),heteromeric protein,SINGLE PARTICLE
9LY5,EMD-63503,2.98,2026-03-04T00:00:00.000+00:00,antibody 20G5 Fab in complex with human B7-H3 (IgC),heteromeric protein,SINGLE PARTICLE
9LY6,EMD-63505,3.67,2026-03-04T00:00:00.000+00:00,antibody 20G5 (Fab')2 in complex with human B7-H3,heteromeric protein,SINGLE PARTICLE
9LYI,EMD-63511,2.8,2026-04-15T00:00:00.000+00:00,Cryo-EM structure of collagenase H (E416Q mutant) from Hathewaya histolytica in complex with collagen model peptide (Pro-Hyp-Gly)12,heteromeric protein,SINGLE PARTICLE
9LZ0,EMD-63517,3.8,2026-03-18T00:00:00.000+00:00,Cryo-EM structure of PTH1R-beta-arrestin1 complex in state 1,heteromeric protein,SINGLE PARTICLE
9LZ1,EMD-63518,3.2,2026-03-11T00:00:00.000+00:00,Cryo-EM structure of PTH1R-beta-arrestin1 complex in state 2,heteromeric protein,SINGLE PARTICLE
9LZ2,EMD-63521,3.0,2026-03-11T00:00:00.000+00:00,Cryo-EM structure of PTH1R(V2RC)-beta-arrestin1 complex,heteromeric protein,SINGLE PARTICLE
9LZH,EMD-63524,3.16,2026-05-27T00:00:00.000+00:00,Prefusion structure of HKU4 spike glycoprotein,protein/oligosaccharide,SINGLE PARTICLE
9LZY,EMD-63533,2.43,2026-01-21T00:00:00.000+00:00,"Cryo-EM structure of homomeric TRPC channel with agonists, class 1",homomeric protein,SINGLE PARTICLE
9LZZ,EMD-63534,3.03,2026-01-21T00:00:00.000+00:00,"Cryo-EM structure of homomeric TRPC channel with agonists, class 2",homomeric protein,SINGLE PARTICLE
9M0J,EMD-63545,2.9,2026-03-04T00:00:00.000+00:00,Cryo-EM structure of Bombesin receptor type-3 bound to oridonin,heteromeric protein,SINGLE PARTICLE
9M0N,EMD-63559,2.74,2026-09-09T00:00:00.000+00:00,Cryo-EM structrue of kpNLRL filament,homomeric protein,SINGLE PARTICLE
9M0X,EMD-63564,2.71,2026-03-04T00:00:00.000+00:00,Cryo-EM structure of the agmatine-bound zTAAR13d-Gs complex,heteromeric protein,SINGLE PARTICLE
9M0Z,EMD-63566,2.74,2026-03-04T00:00:00.000+00:00,Cryo-EM structure of the cadaverine-bound zTAAR13d-Gs complex,heteromeric protein,SINGLE PARTICLE
9M1P,EMD-63579,2.8,2026-03-04T00:00:00.000+00:00,Cryo-EM structure of the histamine-bound zTAAR13d-Gs complex,heteromeric protein,SINGLE PARTICLE
9M1R,EMD-63580,2.66,2026-06-17T00:00:00.000+00:00,Cryo-EM structure of AKG bound OXGR1-Gq complex,heteromeric protein,SINGLE PARTICLE
9M1S,EMD-63581,2.65,2026-06-17T00:00:00.000+00:00,Cryo-EM structure of Itaconic acid bound OXGR1-Gq complex,heteromeric protein,SINGLE PARTICLE
9M1U,EMD-63583,2.64,2026-06-17T00:00:00.000+00:00,Cryo-EM structure of Succinic Acid bound OXGR1-Gq complex,heteromeric protein,SINGLE PARTICLE
9M2O,EMD-63587,2.59,2026-03-04T00:00:00.000+00:00,Cryo-EM structure of the putrescine-bound zTAAR13d-Gs complex,heteromeric protein,SINGLE PARTICLE
9M2S,EMD-63591,2.78,2026-03-04T00:00:00.000+00:00,Cryo-EM structure of the cadaverine-bound zTAAR13c-Gs complex,heteromeric protein,SINGLE PARTICLE
9M2X,EMD-63593,3.27,2026-03-04T00:00:00.000+00:00,Decamer Msp1 from S.cerevisiae(with a catalytic dead mutation) in complex with an unknown peptide substrate,heteromeric protein,SINGLE PARTICLE
9M3Q,EMD-63606,2.74,2026-03-11T00:00:00.000+00:00,Cryo-EM structure of the spermidine-bound zTAAR13c-Gs complex,heteromeric protein,SINGLE PARTICLE
9M3S,EMD-63607,2.83,2026-03-11T00:00:00.000+00:00,Cryo-EM structure of the histamine-bound zTAAR13a-Gs complex,heteromeric protein,SINGLE PARTICLE
9M40,EMD-63613,2.72,2026-03-11T00:00:00.000+00:00,Cryo-EM structure of the agmatine-bound zTAAR13e-Gs complex,heteromeric protein,SINGLE PARTICLE
9M42,EMD-63614,3.2,2026-01-21T00:00:00.000+00:00,Structure-based discovery of potent agonists of the orphan receptor GPR139,heteromeric protein,SINGLE PARTICLE
9M4C,EMD-63622,2.58,2026-09-09T00:00:00.000+00:00,"KN1dep depolymerase with C1 symmetry against KN1 serotype Klebsiella pneumoniae,(KN1dep-C1)",homomeric protein,SINGLE PARTICLE
9M4D,EMD-63623,3.15,2026-09-09T00:00:00.000+00:00,"Cryo-EM structure of Dp42 depolymerase with C1 symmetry against KN1 serotype Klebsiella pneumoniae,(Dp42-C1)",homomeric protein,SINGLE PARTICLE
9M4E,EMD-63624,2.56,2026-09-09T00:00:00.000+00:00,"Cryo-EM structure of Dp42 depolymerase with C3 symmetry against KN1 serotype Klebsiella pneumoniae,(Dp42-C3)",homomeric protein,SINGLE PARTICLE
9M5A,EMD-63639,1.88,2026-07-01T00:00:00.000+00:00,cryo-EM structure of PSII D1-V185T from Thermosynechococcus vestitus BP-1,heteromeric protein,SINGLE PARTICLE
9M5C,EMD-63641,3.11,2026-03-11T00:00:00.000+00:00,Hexamer Msp1 from S.cerevisiae (with a catalytic dead mutation) in complex with an unknown peptide substrate,heteromeric protein,SINGLE PARTICLE
9M5T,EMD-63649,3.02,2026-03-11T00:00:00.000+00:00,Structure of the flagellar filament in short-length at 3.02 angstroms resolution,homomeric protein,SINGLE PARTICLE
9M5Z,EMD-63655,3.11,2026-03-11T00:00:00.000+00:00,Hexamer Msp1 from S.cerevisiae (with a catalytic dead mutation) in complex with an unknown peptide substrate,heteromeric protein,SINGLE PARTICLE
9M6W,EMD-63665,3.6,2026-03-11T00:00:00.000+00:00,Hexamer Msp1 from S.cerevisiae (with a catalytic dead mutation) in complex with an unknown peptide substrate,heteromeric protein,SINGLE PARTICLE
9M72,EMD-63667,3.75,2026-03-18T00:00:00.000+00:00,ASFV p15 in complex with Fab 4E2,heteromeric protein,SINGLE PARTICLE
9M7B,EMD-63680,3.14,2026-03-18T00:00:00.000+00:00,"Structure of flagellar hook at 3.14 angstroms resolution,conformation 2.",homomeric protein,SINGLE PARTICLE
9M7G,EMD-63682,3.38,2026-09-16T00:00:00.000+00:00,Cryo-EM structure of the human glucagon receptor (GCGR) in ligand free state resolved via the fusion/crosslinking strategy,heteromeric protein,SINGLE PARTICLE
9M7H,EMD-63683,3.17,2026-09-16T00:00:00.000+00:00,Cryo-EM structure of the orphan receptor GPRC5D in ligand free state resolved via the fusion/crosslinking strategy,heteromeric protein,SINGLE PARTICLE
9M7K,EMD-63685,3.44,2026-03-18T00:00:00.000+00:00,Heptamer Msp1 from S.cerevisiae (with a catalytic dead mutation) in complex with an unknown peptide substrate,heteromeric protein,SINGLE PARTICLE
9M7Q,EMD-63690,3.18,2026-03-18T00:00:00.000+00:00,"Structure of flagellar hook at 3.18 angstroms resolution,conformation 1.",homomeric protein,SINGLE PARTICLE
9M7R,EMD-63691,2.63,2026-04-01T00:00:00.000+00:00,At S3 trimer,homomeric protein,SINGLE PARTICLE
9M7S,EMD-63692,3.18,2026-04-01T00:00:00.000+00:00,At S1+2S3 trimer,heteromeric protein,SINGLE PARTICLE
9M80,EMD-63699,3.07,2026-04-22T00:00:00.000+00:00,cryo-EM structure of maltose and glucose bound rice PHS1(R709A)-DPE1(D391A) complex,protein/oligosaccharide,SINGLE PARTICLE
9M8D,EMD-63707,3.09,2026-09-16T00:00:00.000+00:00,Cryo-EM structure of the dihydrolipoamide dehydrogenase complexed with the lipoyllysine and binding domain of the dihydrolipoyl transacetylase from Mycobacterium smegmatis pyruvate dehydrogenase complex,heteromeric protein,SINGLE PARTICLE
9M8E,EMD-63708,2.53,2026-09-16T00:00:00.000+00:00,Cryo-EM structure of the dihydrolipoamide dehydrogenase complexed with the binding domain of the dihydrolipoyl transacetylase from Mycobacterium tuberculosis pyruvate dehydrogenase complex,heteromeric protein,SINGLE PARTICLE
9M8F,EMD-63709,3.48,2026-09-16T00:00:00.000+00:00,Cryo-EM structure of pyruvate dehydrogenase from Mycobacterium tuberculosis,homomeric protein,SINGLE PARTICLE
9M8U,EMD-63722,3.79,2026-03-18T00:00:00.000+00:00,Cryo-EM structure of human SIDT1,homomeric protein,SINGLE PARTICLE
9M9F,EMD-63732,3.5,2026-03-18T00:00:00.000+00:00,"Structure of flagellar hook at 3.50 angstroms resolution,conformation 3.",homomeric protein,SINGLE PARTICLE
9M9M,EMD-63734,2.52,2026-03-18T00:00:00.000+00:00,Structure of human THIK1-apo,homomeric protein,SINGLE PARTICLE
9M9P,EMD-63736,2.93,2026-02-18T00:00:00.000+00:00,Glycogen phosphorylase dimer from E. coli,homomeric protein,SINGLE PARTICLE
9M9Q,EMD-63737,2.92,2026-03-18T00:00:00.000+00:00,The structure of THIK1 complexed with halothane,homomeric protein,SINGLE PARTICLE
9M9W,EMD-63742,2.87,2026-03-18T00:00:00.000+00:00,The structure of THIK1-R92S,homomeric protein,SINGLE PARTICLE
9M9X,EMD-63743,2.76,2026-03-18T00:00:00.000+00:00,The structure of THIK1 complexed with AA,homomeric protein,SINGLE PARTICLE
9MA0,EMD-63745,3.33,2026-03-18T00:00:00.000+00:00,Cryo-EM structure of EBV gp350 D123 in complex with neutralizing antibody 4A11,heteromeric protein,SINGLE PARTICLE
9MA5,EMD-63747,3.18,2026-03-18T00:00:00.000+00:00,Cryo-EM structure of heteromeric Kir4.1/5.1 potassium channel in complex with spermine,heteromeric protein,SINGLE PARTICLE
9MA7,EMD-63748,3.14,2026-03-18T00:00:00.000+00:00,Cryo-EM structure of EBV gp350 D123 in complex with neutralizing antibody 1A12 and 1H5 and non-neutralizing antibody 2E9,heteromeric protein,SINGLE PARTICLE
9MA8,EMD-63749,3.85,2026-02-18T00:00:00.000+00:00,Glycogen phosphorylase from Segatella copri bound to glycogen-chain A and E,protein/oligosaccharide,SINGLE PARTICLE
9MAE,EMD-63750,3.13,2026-03-18T00:00:00.000+00:00,Cryo-EM structure of heteromeric Kir4.1/5.1 potassium channel in apo state,heteromeric protein,SINGLE PARTICLE
9MAG,EMD-63753,3.37,2026-03-18T00:00:00.000+00:00,Cryo-EM structure of heteromeric Kir4.1/5.1 potassium channel in complex with VU0134992 in straight form,heteromeric protein,SINGLE PARTICLE
9MAI,EMD-63754,3.35,2026-03-18T00:00:00.000+00:00,Cryo-EM structure of heteromeric Kir4.1/5.1 potassium channel in complex with VU0134992 in curled form,heteromeric protein,SINGLE PARTICLE
9MAK,EMD-63755,3.37,2026-06-24T00:00:00.000+00:00,Cryo-EM structure of heteromeric Kir4.1/5.1 potassium channel in complex with Ehop-016,heteromeric protein,SINGLE PARTICLE
9MAN,EMD-63756,3.78,2026-03-18T00:00:00.000+00:00,Structure of Norrin in complex with human Tspan12 large extracellular loop (Tspan12 LEL),heteromeric protein,SINGLE PARTICLE
9MAO,EMD-63757,3.09,2026-08-12T00:00:00.000+00:00,SARS-CoV-2 spike-Crp5,heteromeric protein,SINGLE PARTICLE
9MAV,EMD-63759,3.85,2026-04-01T00:00:00.000+00:00,Cryo-EM structure of Dengue virus serotype2 US/BID-V594/2006 strain bound with J9 fab.,protein/oligosaccharide,SINGLE PARTICLE
9MB5,EMD-63766,3.31,2026-03-18T00:00:00.000+00:00,Structure of HN HA at pH 7.0 (conformation1).,heteromeric protein,SINGLE PARTICLE
9MB8,EMD-63769,3.67,2026-03-04T00:00:00.000+00:00,the complex of D14 and RGSV P3,heteromeric protein,SINGLE PARTICLE
9MBO,EMD-63775,2.83,2026-03-25T00:00:00.000+00:00,Focused refinement of RPN1 and the C-terminal helix of midnolin in the substrate-engaged human 26S proteasome,heteromeric protein,SINGLE PARTICLE
9MBP,EMD-63776,2.75,2026-03-25T00:00:00.000+00:00,Substrate-engaged human 26S proteasome bound to midnolin with RPT1 at top of spiral staircase,heteromeric protein,SINGLE PARTICLE
9MBQ,EMD-63777,3.08,2026-03-25T00:00:00.000+00:00,Substrate-engaged human 26S proteasome bound to midnolin with RPT5 at top of spiral staircase,heteromeric protein,SINGLE PARTICLE
9MBZ,EMD-63783,3.3,2026-06-10T00:00:00.000+00:00,Cryo-EM structure of human FcRL4 bound to IgA-Fc/J,protein/oligosaccharide,SINGLE PARTICLE
9MC4,EMD-63788,3.32,2026-03-25T00:00:00.000+00:00,Cryo-EM structure of Human UBA1-UBE2O-Ub -Transthiolation state 4,heteromeric protein,SINGLE PARTICLE
9MC5,EMD-63789,3.29,2026-03-25T00:00:00.000+00:00,Cryo-EM structure of Human UBA1-UBE2O-Ub -Transthiolation state 3,heteromeric protein,SINGLE PARTICLE
9MC6,EMD-63790,3.32,2026-03-25T00:00:00.000+00:00,Cryo-EM structure of Human UBA1-UBE2O-Ub -Transthiolation state 2,heteromeric protein,SINGLE PARTICLE
9MC7,EMD-63791,3.34,2026-03-25T00:00:00.000+00:00,Cryo-EM structure of Human UBA1-UBE2O-Ub -Recruitment state 4,heteromeric protein,SINGLE PARTICLE
9MC9,EMD-63793,3.37,2026-03-25T00:00:00.000+00:00,Cryo-EM structure of Human UBA1-UBE2O-Ub -Transthiolation state 1,heteromeric protein,SINGLE PARTICLE
9MCB,EMD-63798,3.42,2026-03-25T00:00:00.000+00:00,Cryo-EM structure of Human UBA1-UBE2O-Ub -Recruitment state 1,heteromeric protein,SINGLE PARTICLE
9MCG,EMD-63802,3.31,2026-09-23T00:00:00.000+00:00,"Structure of the intial complex in filament assembly at 3.31 angstroms resolution, conformation 1.",heteromeric protein,SINGLE PARTICLE
9MCR,EMD-63803,2.41,2026-03-11T00:00:00.000+00:00,Plant chloroplast dicarboxylate transporter AtDiT1,homomeric protein,SINGLE PARTICLE
9MCS,EMD-63804,2.51,2026-03-11T00:00:00.000+00:00,Plant chloroplast dicarboxylate transporter AtDiT1 bound with OAA,homomeric protein,SINGLE PARTICLE
9MCT,EMD-63805,2.94,2026-03-11T00:00:00.000+00:00,Plant chloroplast dicarboxylate transporter AtDiT1 bound with 2-OG,homomeric protein,SINGLE PARTICLE
9MCU,EMD-63806,2.69,2026-03-11T00:00:00.000+00:00,Plant chloroplast dicarboxylate transporter AtDiT2.1,homomeric protein,SINGLE PARTICLE
9MCV,EMD-63807,2.72,2026-03-11T00:00:00.000+00:00,Plant chloroplast dicarboxylate transporter AtDiT2.1 bound with malate,homomeric protein,SINGLE PARTICLE
9MIX,EMD-48304,2.85,2026-08-05T00:00:00.000+00:00,Cryo-EM structure of human NBCn2,homomeric protein,SINGLE PARTICLE
9MJO,EMD-48318,2.45,2026-08-05T00:00:00.000+00:00,Cryo-EM structure of human NBCn2 bound to Carbonate,homomeric protein,SINGLE PARTICLE
9MK6,EMD-48320,3.24,2026-08-05T00:00:00.000+00:00,Cryo-EM structure of human NBCn2 bound to Compound 38J,homomeric protein,SINGLE PARTICLE
9MKF,EMD-48325,2.83,2026-04-15T00:00:00.000+00:00,Rat TRPV2 bound to AV2-1 agonist,homomeric protein,SINGLE PARTICLE
9MKG,EMD-48326,3.45,2026-06-24T00:00:00.000+00:00,Cryo-EM structure of human CD33 bound to 15G15.3 Fab,heteromeric protein,SINGLE PARTICLE
9MM5,EMD-48385,3.26,2026-01-28T00:00:00.000+00:00,CGRP Receptor in complex with dC2_049,heteromeric protein,SINGLE PARTICLE
9MMY,EMD-48407,2.7,2026-01-21T00:00:00.000+00:00,E. coli GroEL bound with ATP and PBZ1587 inhibitor,homomeric protein,SINGLE PARTICLE
9MMZ,EMD-48408,3.2,2026-01-21T00:00:00.000+00:00,E. coli SR1 single-ring GroEL oligomer,homomeric protein,SINGLE PARTICLE
9MN0,EMD-48409,3.0,2026-01-21T00:00:00.000+00:00,E. coli SR1 single-ring GroEL templated into pseudo-double-ring complex with PBZ1587 inhibitor,homomeric protein,SINGLE PARTICLE
9MN1,EMD-48410,2.4,2026-01-21T00:00:00.000+00:00,E. coli SR1 single-ring GroEL oligomer,heteromeric protein,SINGLE PARTICLE
9MN3,EMD-48411,2.9,2026-01-21T00:00:00.000+00:00,E. coli GroES-GroEL-GroES football complex,heteromeric protein,SINGLE PARTICLE
9MNB,EMD-48419,3.0,2026-04-22T00:00:00.000+00:00,Beta1-tryptase monomer bound to inhibitory Fabs E82.AS and E104.v2,heteromeric protein,SINGLE PARTICLE
9MNM,EMD-48430,3.5,2026-01-14T00:00:00.000+00:00,SPA of purified HIV-1 CA protein in vitro assembled with IP6 (mature morphology). 500 uM LEN was added post assembly.,homomeric protein,SINGLE PARTICLE
9MOF,EMD-48458,3.8,2026-01-28T00:00:00.000+00:00,Structure of the bacteriophage T4 portal-neck-tail connector complex,heteromeric protein,SINGLE PARTICLE
9MOG,EMD-48459,3.6,2026-01-28T00:00:00.000+00:00,Structure of the distal part of the bacteriophage T4 tail,heteromeric protein,SINGLE PARTICLE
9MOH,EMD-48460,3.4,2026-01-28T00:00:00.000+00:00,Structure of the middle part of the bacteriophage T4 tail,heteromeric protein,SINGLE PARTICLE
9MOY,EMD-48491,3.6,2026-04-08T00:00:00.000+00:00,Reconstituted yeast V-ATPase bound to Rtc5p,heteromeric protein,SINGLE PARTICLE
9MPZ,EMD-48508,2.14,2026-01-21T00:00:00.000+00:00,Complex of FMDV Asia1/JS/05 and porcine-derived neutralizing monoclonal antibody PAS12,heteromeric protein,SINGLE PARTICLE
9MQ0,EMD-48509,2.17,2026-01-21T00:00:00.000+00:00,Complex of FMDV Asia1/JS/05 and porcine-derived neutralizing monoclonal antibody PAS5,heteromeric protein,SINGLE PARTICLE
9MQM,EMD-48534,3.07,2026-04-08T00:00:00.000+00:00,Cryo-EM of MgtA in the E2-P state with bound Mg2+ at 3.1 angstrom resolution,homomeric protein,SINGLE PARTICLE
9MT7,EMD-48602,3.23,2026-01-21T00:00:00.000+00:00,Cryo-EM Structure of the Magnesium Transporter MgtA in the E2 Conformation Bound to Mg2+,homomeric protein,SINGLE PARTICLE
9MUH,EMD-48632,3.1,2026-01-28T00:00:00.000+00:00,Mus musculus TASK-1 (KCNK3) in MSP1E3D1 lipid nanodisc at pH 6.0 and 100 mM KCl,homomeric protein,SINGLE PARTICLE
9MUN,EMD-48638,3.26,2026-02-25T00:00:00.000+00:00,Structure of Human SLC33A1 in complex with oxidized glutathione,homomeric protein,SINGLE PARTICLE
9MUR,EMD-48648,2.48,2026-01-21T00:00:00.000+00:00,Cryo-EM structure of Rubisco from Arabidopsis thaliana with the 2B small subunit isoform,heteromeric protein,SINGLE PARTICLE
9MVC,EMD-48664,3.59,2026-07-22T00:00:00.000+00:00,DENV3 mature structure at 4 degree Celsius,heteromeric protein,SINGLE PARTICLE
9MVE,EMD-48666,3.4,2026-07-22T00:00:00.000+00:00,Dengue virus serotype-3 (DENV3) complex with DC-SIGN CRD at 4C,heteromeric protein,SINGLE PARTICLE
9MVF,EMD-48667,3.73,2026-07-22T00:00:00.000+00:00,Dengue virus serotype-4 (DENV4) complex with DCSIGN CRD at 4C,heteromeric protein,SINGLE PARTICLE
9MX4,EMD-48709,2.56,2026-09-09T00:00:00.000+00:00,Apo EcHerA Hexamer Assembly,homomeric protein,SINGLE PARTICLE
9MX6,EMD-48711,2.84,2026-09-09T00:00:00.000+00:00,Apo EcHerA Pentamer Assembly,homomeric protein,SINGLE PARTICLE
9MX7,EMD-48712,3.15,2026-09-09T00:00:00.000+00:00,Apo EcHerA Tetramer Assembly,homomeric protein,SINGLE PARTICLE
9MXU,EMD-48723,2.5,2026-04-22T00:00:00.000+00:00,cryo-EM structure of GLP-1R-Gs complex with glucagon,heteromeric protein,SINGLE PARTICLE
9MZE,EMD-48754,2.2,2026-04-22T00:00:00.000+00:00,Cryo-EM structure of GLP-1R-Gs complex with oxyntomodulin,heteromeric protein,SINGLE PARTICLE
9MZF,EMD-48755,2.5,2026-04-22T00:00:00.000+00:00,Cryo-EM structure of GLP-1R-Gs complex with peptide 15,heteromeric protein,SINGLE PARTICLE
9MZG,EMD-48756,3.0,2026-04-22T00:00:00.000+00:00,Cryo-EM structure of GCGR-Gs complex with glucagon,heteromeric protein,SINGLE PARTICLE
9MZI,EMD-48757,3.83,2026-02-04T00:00:00.000+00:00,CryoEM structure of GluK2 bound to glutamate in the deep desensitized state 3,protein/oligosaccharide,SINGLE PARTICLE
9MZJ,EMD-48758,3.74,2026-02-04T00:00:00.000+00:00,CryoEM structure of GluK2 bound to glutamate in the deep desensitized state 2,protein/oligosaccharide,SINGLE PARTICLE
9MZK,EMD-48759,3.81,2026-02-04T00:00:00.000+00:00,CryoEM structure of GluK2 bound to glutamate in the deep desensitized state 1,protein/oligosaccharide,SINGLE PARTICLE
9MZM,EMD-48761,3.86,2026-02-04T00:00:00.000+00:00,"CryoEM structure of GluK2 bound to glutamate in the shallow desensitized state, consensus map",protein/oligosaccharide,SINGLE PARTICLE
9MZN,EMD-48762,3.4,2026-04-08T00:00:00.000+00:00,cryoEM structure of GluK2 ATD in the shallow desensitized state,protein/oligosaccharide,SINGLE PARTICLE
9MZO,EMD-48763,3.86,2026-04-08T00:00:00.000+00:00,cryoEM structure of GluK2 LBD-TMD bound to glutamate in the shallow desensitized state,protein/oligosaccharide,SINGLE PARTICLE
9MZP,EMD-48764,3.8,2026-02-04T00:00:00.000+00:00,"CryoEM structure of GluK2 bound to glutamate in the shallow desensitized state, composite map",protein/oligosaccharide,SINGLE PARTICLE
9MZR,EMD-48766,3.93,2026-04-08T00:00:00.000+00:00,cryoEM structure of GluK2 LBD-TMD bound to BPAM344 and glutamate in the non-active state,homomeric protein,SINGLE PARTICLE
9MZS,EMD-48767,3.9,2026-04-08T00:00:00.000+00:00,"cryoEM structure of GluK2 bound to BPAM344 and glutamate in the non-active state, composite map",protein/oligosaccharide,SINGLE PARTICLE
9N00,EMD-48771,2.72,2026-08-26T00:00:00.000+00:00,Cryo-EM Structure of Apo SeAvs7,homomeric protein,SINGLE PARTICLE
9N01,EMD-48772,3.67,2026-08-26T00:00:00.000+00:00,Cryo-EM structure of SeAvs7 MCP EFTu1 monomeric complex,heteromeric protein,SINGLE PARTICLE
9N04,EMD-48774,2.3,2026-04-22T00:00:00.000+00:00,Cryo-EM structure of GCGR-Gs complex with peptide 15,heteromeric protein,SINGLE PARTICLE
9N05,EMD-48775,2.2,2026-04-22T00:00:00.000+00:00,Cryo-EM structure of GLP-1R-Gs complex with SRB103Q,heteromeric protein,SINGLE PARTICLE
9N09,EMD-48779,2.57,2026-01-28T00:00:00.000+00:00,Human M4 muscarinic acetylcholine receptor Gi1 complex (mini-Gsi chimera) bound to the bitopic agonist C110,heteromeric protein,SINGLE PARTICLE
9N0E,EMD-48782,2.3,2026-04-22T00:00:00.000+00:00,Cryo-EM structure of GCGR-Gs complex with oxyntomodulin,heteromeric protein,SINGLE PARTICLE
9N0L,EMD-48786,3.63,2026-05-20T00:00:00.000+00:00,S.mutans Phosphodiesterase GdpP in the Presence of HEME-Cyanide,homomeric protein,SINGLE PARTICLE
9N1P,EMD-48820,2.9,2026-04-22T00:00:00.000+00:00,cryo-EM structure of GLP-1R-Gs complex with SRB103H,heteromeric protein,SINGLE PARTICLE
9N1Q,EMD-48821,3.0,2026-04-22T00:00:00.000+00:00,cryo-EM structure of GCGR-Gs complex with SRB103H,heteromeric protein,SINGLE PARTICLE
9N29,EMD-48827,2.6,2026-07-15T00:00:00.000+00:00,hM4Di(GRANPA) in complex with mGsI and diphenhydramine,heteromeric protein,SINGLE PARTICLE
9N2I,EMD-48838,3.0,2026-04-22T00:00:00.000+00:00,cryo-EM structure of GCGR-Gs complex with SRB103Q,heteromeric protein,SINGLE PARTICLE
9N37,EMD-48847,2.2,2026-02-04T00:00:00.000+00:00,Cryo-EM structure of Rubisco from Arabidopsis thaliana with the 1A small subunit isoform,heteromeric protein,SINGLE PARTICLE
9N38,EMD-48848,3.9,2026-02-04T00:00:00.000+00:00,Cryo EM structure of LukAB (LukGH) toxin from Staphylococcus aureus in complex with neutralizing Fab STAU-15,heteromeric protein,SINGLE PARTICLE
9N3B,EMD-48850,3.8,2026-07-08T00:00:00.000+00:00,CryoEM structure of WNV (Kunjin strain) with the Fab of WNV-86 antibody,heteromeric protein,SINGLE PARTICLE
9N3V,EMD-48855,2.65,2026-02-18T00:00:00.000+00:00,Cryo-EM structure of the magnesium transporter MgtA in E1-like and E2-P conformations at 2.59 angstroms,homomeric protein,SINGLE PARTICLE
9N5J,EMD-48923,2.59,2026-02-18T00:00:00.000+00:00,Cryo-EM structure of the magnesium transporter MgtA in the E2 conformation with bound beryllium fluoride (BeF3-) and Mg2+ at 2.65 A resolution.,homomeric protein,SINGLE PARTICLE
9N5N,EMD-48929,2.35,2026-07-29T00:00:00.000+00:00,Structure of VcINDY-alpha ketoglutarate complex in Ci-Ci conformation,homomeric protein,SINGLE PARTICLE
9N6D,EMD-49057,3.03,2026-01-14T00:00:00.000+00:00,Dimeric structure of GM4951,homomeric protein,SINGLE PARTICLE
9N7F,EMD-49094,2.93,2026-02-18T00:00:00.000+00:00,HsSTING with cGAMP/C53/DCA,homomeric protein,SINGLE PARTICLE
9N7Q,EMD-49097,3.18,2026-02-18T00:00:00.000+00:00,H1 hemagglutinin (A/Michigan/45/2015) in complex with anchor-targeting Fab ST15,protein/oligosaccharide,SINGLE PARTICLE
9N7S,EMD-49098,2.97,2026-02-18T00:00:00.000+00:00,H1 hemagglutinin (A/California/04/2009) with E47K mutation in HA2 in complex with central stem-targeting Fab ST10,protein/oligosaccharide,SINGLE PARTICLE
9N7T,EMD-49099,3.01,2026-02-18T00:00:00.000+00:00,H5 hemagglutinin (A/Jiangsu/NJ210/2023) in complex with central stem-targeting Fab ST14,protein/oligosaccharide,SINGLE PARTICLE
9N7V,EMD-49100,3.15,2026-02-18T00:00:00.000+00:00,H1 hemagglutinin (A/Michigan/45/2015) in complex with anchor-targeting Fab ST4,protein/oligosaccharide,SINGLE PARTICLE
9N84,EMD-49111,3.2,2026-09-16T00:00:00.000+00:00,Yeast TIM23 complex inhibited by stendomycin,heteromeric protein,SINGLE PARTICLE
9N8F,EMD-49127,3.13,2026-02-18T00:00:00.000+00:00,Cryo-EM structure of SUDV glycoprotein with modified HR1c (L579P) and HR2 stalk bound to CA45 Fab,protein/oligosaccharide,SINGLE PARTICLE
9N8J,EMD-49130,3.22,2026-02-04T00:00:00.000+00:00,Stabilized tandem antigen chimera of Pfs230 and Pfs48/45 bound by potent mAbs,protein/oligosaccharide,SINGLE PARTICLE
9N8Y,EMD-49153,2.76,2026-09-09T00:00:00.000+00:00,Cryo EM Structure of Full Length mGluR8 Bound to Agonist L-AP4 and PAM VU6005649,homomeric protein,SINGLE PARTICLE
9N8Z,EMD-49154,2.97,2026-09-09T00:00:00.000+00:00,"Cryo EM Structure of Full Length mGluR8 Bound to Agonist L-AP4 and PAM VU6005649, class 2",homomeric protein,SINGLE PARTICLE
9N9E,EMD-49166,2.6,2026-02-04T00:00:00.000+00:00,Cryo-EM structure of the SAH domain of Caenorhabditis elegans ICP-1 bound to the paclitaxel-stabilized microtubule,heteromeric protein,SINGLE PARTICLE
9N9F,EMD-49167,2.91,2026-02-04T00:00:00.000+00:00,Cryo-EM structure of the SAH domain of human INCENP bound to the paclitaxel-stabilized microtubule,heteromeric protein,SINGLE PARTICLE
9N9G,EMD-49168,3.0,2026-02-04T00:00:00.000+00:00,Cryo-EM structure of the human Hec1-Nuf2 dimer bound to the paclitaxel-stabilized microtubule,heteromeric protein,SINGLE PARTICLE
9N9H,EMD-49169,3.31,2026-02-04T00:00:00.000+00:00,Cryo-EM structure of the Xenopus laevis mitotic centromere-associated kinesin (MCAK) bound to the paclitaxel-stabilized microtubule,heteromeric protein,SINGLE PARTICLE
9N9I,EMD-49170,3.3,2026-02-04T00:00:00.000+00:00,Cryo-EM structure of the Xenopus laevis mitotic centromere-associated kinesin (MCAK) bound to the paclitaxel-stabilized microtubule,heteromeric protein,SINGLE PARTICLE
9N9W,EMD-49179,3.31,2026-02-25T00:00:00.000+00:00,Cryo-EM structure of AMPPNP bound human phosphoribosylformylglycinamidine synthase,homomeric protein,SINGLE PARTICLE
9NAH,EMD-49194,3.64,2026-08-26T00:00:00.000+00:00,Monomeric AVAST5 binds a SIR2 domain,homomeric protein,SINGLE PARTICLE
9NAL,EMD-49198,3.22,2026-02-25T00:00:00.000+00:00,Cryo-EM structure of ternary complex of human phosphoribosylglycinamidine synthase with the intermediate (iminophosphate) and ADP bound at the synthase site.,homomeric protein,SINGLE PARTICLE
9NAU,EMD-49203,2.77,2026-02-18T00:00:00.000+00:00,CryoEM structure of capsid from human astrovirus 1 in complex with human neonatal Fc receptor,homomeric protein,SINGLE PARTICLE
9NAV,EMD-49204,3.81,2026-02-18T00:00:00.000+00:00,CryoEM structure of human astrovirus 1 spike in complex with human neonatal Fc receptor,heteromeric protein,SINGLE PARTICLE
9NB3,EMD-49207,3.19,2026-02-25T00:00:00.000+00:00,Cryo-EM structure of quaternary complex of human phosphoribosylglycinamidine synthase with thioester intermediate bound (at glutaminase site) and AMPPNP and FGAR (at synthase site).,homomeric protein,SINGLE PARTICLE
9NBT,EMD-49236,2.91,2026-01-21T00:00:00.000+00:00,AMC008 v4.2 SOSIP Env trimer in complex with VRC01 and 35O22 Fabs,protein/oligosaccharide,SINGLE PARTICLE
9NBY,EMD-49238,3.16,2026-01-21T00:00:00.000+00:00,"AMC008 v4.2 SOSIP Env trimer in complex with PGT121, VRC01 and 3BC315 Fabs",protein/oligosaccharide,SINGLE PARTICLE
9NC0,EMD-49239,3.88,2026-01-21T00:00:00.000+00:00,AMC008 v4.2 SOSIP Env trimer in complex with b12 Fab,protein/oligosaccharide,SINGLE PARTICLE
9NC3,EMD-49240,3.74,2026-01-21T00:00:00.000+00:00,AMC008 v4.2 SOSIP Env trimer in complex with b12 and 3BC315 Fabs,protein/oligosaccharide,SINGLE PARTICLE
9NC6,EMD-49241,3.52,2026-01-21T00:00:00.000+00:00,AMC008 v4.2 SOSIP Env trimer in complex with two 3BC315 Fabs,protein/oligosaccharide,SINGLE PARTICLE
9NC8,EMD-49242,3.55,2026-01-21T00:00:00.000+00:00,AMC008 v4.2 SOSIP Env trimer in complex with one 3BC315 Fab,protein/oligosaccharide,SINGLE PARTICLE
9NCN,EMD-49260,2.86,2026-02-18T00:00:00.000+00:00,IN-ML-15 bound to IRzip,protein/oligosaccharide,SINGLE PARTICLE
9NCO,EMD-49261,3.4,2026-02-18T00:00:00.000+00:00,IN-ML-15 bound to IGF1Rzip,heteromeric protein,SINGLE PARTICLE
9NEJ,EMD-49313,3.1,2026-03-04T00:00:00.000+00:00,AZD-3 bound EFPA transporter of Mycobacterium tuberculosis,homomeric protein,SINGLE PARTICLE
9NEN,EMD-49328,3.5,2026-02-04T00:00:00.000+00:00,Cryo-EM structure of human Ro60,homomeric protein,SINGLE PARTICLE
9NEY,EMD-49339,3.06,2026-07-01T00:00:00.000+00:00,The structure of BoNT/A in complex with a neutralizing antibody 2G11,heteromeric protein,SINGLE PARTICLE
9NF7,EMD-49347,2.44,2026-03-11T00:00:00.000+00:00,cryo-EM structure of Serendipita indica sulfate transporter SiSulT in sulphate bound state,homomeric protein,SINGLE PARTICLE
9NFT,EMD-49372,3.0,2026-08-26T00:00:00.000+00:00,PRO-37587 bound to SARS-CoV-2 Spike protein,heteromeric protein,SINGLE PARTICLE
9NGO,EMD-49389,3.01,2026-01-21T00:00:00.000+00:00,CRYO-EM STRUCTURE OF HUMAN U7 SNRNP WITH METHYLATED noncleavable H2A* SUBSTRATE PRE-MRNA (FOCUS MAP),heteromeric protein,SINGLE PARTICLE
9NGZ,EMD-49397,2.96,2026-03-11T00:00:00.000+00:00,Cryo-EM structure of Serendipita indica sulfate transporter SiSulT in Apo state,homomeric protein,SINGLE PARTICLE
9NHZ,EMD-49450,2.73,2026-04-01T00:00:00.000+00:00,Cryo-EM structure of an MgtA tetramer in E2-P and E1-like states,homomeric protein,SINGLE PARTICLE
9NI3,EMD-49451,2.82,2026-05-27T00:00:00.000+00:00,Cryo-EM structure of the PI3K alpha/KRas complex on POPC/POPS/PIP2 nanodiscs,heteromeric protein,SINGLE PARTICLE
9NI4,EMD-49452,2.61,2026-05-13T00:00:00.000+00:00,Cryo-EM structure of the PI3K alpha/KRas/HER3 phosphopeptide complex dimer on POPC/POPS/PIP2 nanodiscs,heteromeric protein,SINGLE PARTICLE
9NI5,EMD-49453,2.89,2026-05-13T00:00:00.000+00:00,Cryo-EM structure of the PI3K alpha/KRas/HER3 phosphopeptide complex on POPC/POPS/PIP2 nanodiscs,heteromeric protein,SINGLE PARTICLE
9NI6,EMD-49454,3.01,2026-05-13T00:00:00.000+00:00,Cryo-EM structure of the Class 1 PI3K alpha/KRas complex on POPC/POPS nanodiscs,heteromeric protein,SINGLE PARTICLE
9NI7,EMD-49455,3.05,2026-05-20T00:00:00.000+00:00,Cryo-EM structure of the Class 3 PI3K alpha/KRas complex on POPC/POPS nanodiscs,heteromeric protein,SINGLE PARTICLE
9NI8,EMD-49456,3.23,2026-05-27T00:00:00.000+00:00,Cryo-EM structure of the Class 2 PI3K alpha/KRas complex on POPC/POPS nanodiscs,heteromeric protein,SINGLE PARTICLE
9NJ2,EMD-49462,2.4,2026-03-11T00:00:00.000+00:00,N1 neuraminidase of influenza A/Vietnam/1203/2004 H5N1 in complex with four FNI9 Fab molecules,heteromeric protein,SINGLE PARTICLE
9NJ3,EMD-49463,2.48,2026-03-11T00:00:00.000+00:00,Computationally optimized broadly reactive influenza B hemagglutinin BC2 bound by antibodies #46 and #3978,protein/oligosaccharide,SINGLE PARTICLE
9NJ6,EMD-49475,2.36,2026-03-11T00:00:00.000+00:00,Computationally optimized broadly reactive influenza B hemagglutinin BC2 bound by antibody #3978,protein/oligosaccharide,SINGLE PARTICLE
9NJ9,EMD-49476,2.6,2026-03-11T00:00:00.000+00:00,Computationally optimized broadly reactive influenza B hemagglutinin BC2 bound by antibodies #46 and #3978,protein/oligosaccharide,SINGLE PARTICLE
9NJA,EMD-49477,2.5,2026-03-11T00:00:00.000+00:00,Computationally optimized broadly reactive influenza B hemagglutinin BC2 bound by antibody #46,protein/oligosaccharide,SINGLE PARTICLE
9NJS,EMD-49489,3.1,2026-09-09T00:00:00.000+00:00,human polycystin-2 with clinical variant D511V,homomeric protein,SINGLE PARTICLE
9NMS,EMD-49554,3.5,2026-01-28T00:00:00.000+00:00,R162Q mutant of inwardly rectifying potassium channel Kir7.1,homomeric protein,SINGLE PARTICLE
9NMT,EMD-49555,3.9,2026-01-28T00:00:00.000+00:00,ML418 bound inwardly rectifying potassium channel Kir7.1 R162Q mutant,homomeric protein,SINGLE PARTICLE
9NN1,EMD-49559,3.7,2026-03-04T00:00:00.000+00:00,Yeast V1-ATPase bound to Rtc5p,heteromeric protein,SINGLE PARTICLE
9NNC,EMD-49571,2.4,2026-03-11T00:00:00.000+00:00,Cryo-EM structure of Serendipita indica sulfate transporter SiSulT in oxlate bound state,homomeric protein,SINGLE PARTICLE
9NNZ,EMD-49589,3.94,2026-02-18T00:00:00.000+00:00,Structure of rod opsin in complex with a megabody,protein/oligosaccharide,SINGLE PARTICLE
9NOC,EMD-49597,3.17,2026-04-01T00:00:00.000+00:00,CCT G beta 5 S123L complex state 3,heteromeric protein,SINGLE PARTICLE
9NOO,EMD-49602,3.1,2026-04-01T00:00:00.000+00:00,CCT G beta 5 S123L complex state 2,heteromeric protein,SINGLE PARTICLE
9NOP,EMD-49603,3.1,2026-04-01T00:00:00.000+00:00,CCT G beta 5 S123L complex state 1,heteromeric protein,SINGLE PARTICLE
9NOQ,EMD-49604,2.9,2026-04-01T00:00:00.000+00:00,CCT G beta 5 R269E complex state 5,heteromeric protein,SINGLE PARTICLE
9NOZ,EMD-49622,3.48,2026-02-18T00:00:00.000+00:00,Structure of photoactivated rhodopsin in complex with a megabody,protein/oligosaccharide,SINGLE PARTICLE
9NP0,EMD-49625,3.32,2026-04-01T00:00:00.000+00:00,Structure of human annexin A1 in complex with 2C1 Fab,heteromeric protein,SINGLE PARTICLE
9NPM,EMD-49628,3.59,2026-08-19T00:00:00.000+00:00,Composite map of three pairs of dimeric VRC36 Fabs bound to HIV-1 BG505.T332N DS-SOSIP.664 Env trimer,protein/oligosaccharide,SINGLE PARTICLE
9NPW,EMD-49634,3.0,2026-04-01T00:00:00.000+00:00,CCT G beta 5 R269E complex state 2,heteromeric protein,SINGLE PARTICLE
9NQ1,EMD-49639,3.0,2026-04-01T00:00:00.000+00:00,CCT G beta 5 R269E complex state 1,heteromeric protein,SINGLE PARTICLE
9NQ6,EMD-49642,3.1,2026-04-01T00:00:00.000+00:00,CCT G beta 5 G257E complex state 4,heteromeric protein,SINGLE PARTICLE
9NQL,EMD-49668,2.16,2026-08-26T00:00:00.000+00:00,Cryo electron microscopic analysis of the adduct of syringolin analog with the Mtb 20S proteasome,heteromeric protein,SINGLE PARTICLE
9NR1,EMD-49709,3.2,2026-04-01T00:00:00.000+00:00,CCT G beta 5 G257E complex state 1,heteromeric protein,SINGLE PARTICLE
9NR4,EMD-49710,3.2,2026-04-01T00:00:00.000+00:00,CCT G beta 5 G257E complex state 3,heteromeric protein,SINGLE PARTICLE
9NRD,EMD-49729,3.2,2026-04-01T00:00:00.000+00:00,CCT G beta 5 G257E complex state 2,heteromeric protein,SINGLE PARTICLE
9NRE,EMD-49730,3.1,2026-04-01T00:00:00.000+00:00,CCT G beta 5 G257E complex state 5,heteromeric protein,SINGLE PARTICLE
9NRF,EMD-49731,3.1,2026-04-01T00:00:00.000+00:00,CCT G beta 5 G257E complex state 6,heteromeric protein,SINGLE PARTICLE
9NRG,EMD-49732,3.0,2026-04-01T00:00:00.000+00:00,CCT G beta 5 R269E complex state 3,heteromeric protein,SINGLE PARTICLE
9NRH,EMD-49733,2.9,2026-04-01T00:00:00.000+00:00,CCT G beta 5 R269E complex state 4,heteromeric protein,SINGLE PARTICLE
9NU4,EMD-49796,3.6,2026-02-11T00:00:00.000+00:00,Structure of MurJ in complex with single gene lysis protein from phage M,heteromeric protein,SINGLE PARTICLE
9NU5,EMD-49797,3.7,2026-02-11T00:00:00.000+00:00,Structure of MurJ in complex with single gene lysis protein from phage PP7,heteromeric protein,SINGLE PARTICLE
9NU8,EMD-49798,3.6,2026-02-11T00:00:00.000+00:00,Structure of MurJ in complex with single gene lysis protein from phage Changjiang3,heteromeric protein,SINGLE PARTICLE
9NVG,EMD-49835,3.0,2026-02-25T00:00:00.000+00:00,Structure of SARS-CoV-2 BA.1 spike RBD bound to COV2-3835 Fab,protein/oligosaccharide,SINGLE PARTICLE
9NVN,EMD-49844,2.89,2026-02-11T00:00:00.000+00:00,Structure of Nanchung-Inactive-Calmodulin in apo state,heteromeric protein,SINGLE PARTICLE
9NVO,EMD-49845,2.49,2026-02-11T00:00:00.000+00:00,Structure of Nanchung-Inactive-Calmodulin in complex with Nicotinamide,heteromeric protein,SINGLE PARTICLE
9NVP,EMD-49846,2.85,2026-02-11T00:00:00.000+00:00,"Structure of Nanchung-Inactive-Calmodulin in complex with Nicotinamide, EDTA",heteromeric protein,SINGLE PARTICLE
9NVQ,EMD-49847,3.01,2026-02-11T00:00:00.000+00:00,Structure of Nanchung-Inactive-Calmodulin in complex with Afidopyropen and calcium,heteromeric protein,SINGLE PARTICLE
9NVR,EMD-49848,3.13,2026-02-11T00:00:00.000+00:00,"Structure of Nanchung-Inactive-Calmodulin in complex with Afidopyropen, EDTA",heteromeric protein,SINGLE PARTICLE
9NVS,EMD-49849,3.28,2026-02-11T00:00:00.000+00:00,Structure of a pentameric Nanchung in complex with Afidopyropen,homomeric protein,SINGLE PARTICLE
9NVV,EMD-49865,2.9,2026-04-01T00:00:00.000+00:00,Cryo-EM structure of V2 apex germline-targeting HIV Env trimer Q23-APEX-GT2,protein/oligosaccharide,SINGLE PARTICLE
9NVW,EMD-49866,3.3,2026-04-01T00:00:00.000+00:00,Cryo-EM structure of rhesus antibody CH35-Apex1.08 in complex with HIV Env trimer Q23-APEX-GT2,protein/oligosaccharide,SINGLE PARTICLE
9NVX,EMD-49867,3.0,2026-04-01T00:00:00.000+00:00,Cryo-EM structure of rhesus antibody CI91-Apex1.01 in complex with HIV Env trimer Q23-APEX-GT2,protein/oligosaccharide,SINGLE PARTICLE
9NVY,EMD-49868,3.8,2026-04-01T00:00:00.000+00:00,Cryo-EM structure of rhesus antibody CH70-Apex2.01 in complex with HIV Env trimer Q23-APEX-GT2,protein/oligosaccharide,SINGLE PARTICLE
9NVZ,EMD-49869,3.0,2026-04-01T00:00:00.000+00:00,Cryo-EM structure of rhesus antibody CH70-Apex1.01 in complex with HIV Env trimer Q23-APEX-GT2,protein/oligosaccharide,SINGLE PARTICLE
9NW0,EMD-49870,2.9,2026-04-01T00:00:00.000+00:00,Cryo-EM structure of rhesus antibody CH42-Apex1.01 in complex with HIV Env trimer Q23-APEX-GT2,protein/oligosaccharide,SINGLE PARTICLE
9NW1,EMD-49871,3.1,2026-04-01T00:00:00.000+00:00,Cryo-EM structure of rhesus antibody CH42-Apex2.01 in complex with HIV Env trimer Q23-APEX-GT2,protein/oligosaccharide,SINGLE PARTICLE
9NWS,EMD-49892,2.7,2026-02-04T00:00:00.000+00:00,Cryo-EM structure of DDB1dB:CRBN:mezigdomide:SALL4(392-449),heteromeric protein,SINGLE PARTICLE
9NWT,EMD-49893,2.7,2026-02-04T00:00:00.000+00:00,Cryo-EM structure of DDB1dB:CRBN:mezigdomide:SALL4(392-449;G416A),heteromeric protein,SINGLE PARTICLE
9NX0,EMD-49897,3.06,2026-02-04T00:00:00.000+00:00,Alpha7-nicotinic acetylcholine receptor bound to conotoxin ImI,protein/oligosaccharide,SINGLE PARTICLE
9NX1,EMD-49898,3.1,2026-02-04T00:00:00.000+00:00,Alpha7-nicotinic acetylcholine receptor bound to conotoxin ImII,protein/oligosaccharide,SINGLE PARTICLE
9NX2,EMD-49899,2.96,2026-02-04T00:00:00.000+00:00,Muscle-type nicotinic acetylcholine receptor bound to conotoxin ImII,protein/oligosaccharide,SINGLE PARTICLE
9NYP,EMD-49941,2.86,2026-04-29T00:00:00.000+00:00,Cryo-EM structure of NVL bound the the MM927 inhibitor,heteromeric protein,SINGLE PARTICLE
9NYR,EMD-49942,3.9,2026-02-04T00:00:00.000+00:00,Cryo-EM structure of CDK2/CyclinE1 in complex with CRBN/DDB1 and Cpd 24,heteromeric protein,SINGLE PARTICLE
9NYX,EMD-49945,3.1,2026-02-04T00:00:00.000+00:00,Structure of Native Bovine Rhodopsin in Complex with Mb7 in the Dark State,protein/oligosaccharide,SINGLE PARTICLE
9NZ0,EMD-48715,3.31,2026-06-17T00:00:00.000+00:00,Cryo-EM structure of vaccine elicited antibody 22F5 bound to the post-fusion conformation of the LayV-F glycoprotein,heteromeric protein,SINGLE PARTICLE
9NZU,EMD-49960,1.9,2026-04-29T00:00:00.000+00:00,Atomic resolution cryoEM structure of HPV16 bound to heparin,homomeric protein,SINGLE PARTICLE
9O04,EMD-49966,3.2,2026-01-21T00:00:00.000+00:00,CryoEM structure of the FBXO42-CCDC6-PP2Ac degradasome,heteromeric protein,SINGLE PARTICLE
9O0L,EMD-49992,3.5,2026-01-21T00:00:00.000+00:00,CryoEM structure of the CCDC6-PP2Ac multimer,heteromeric protein,SINGLE PARTICLE
9O1I,EMD-70008,2.49,2026-04-15T00:00:00.000+00:00,TMEM16F in liposomes in the absence of Ca2+ (contracted state),homomeric protein,SINGLE PARTICLE
9O1L,EMD-70011,2.91,2026-05-06T00:00:00.000+00:00,TMEM16F in liposomes in the absence of Ca2+ (expanded state),homomeric protein,SINGLE PARTICLE
9O1M,EMD-70012,2.92,2026-05-06T00:00:00.000+00:00,TMEM16F in liposomes in the presence of Ca2+ (closed state),homomeric protein,SINGLE PARTICLE
9O1N,EMD-70013,3.56,2026-05-06T00:00:00.000+00:00,TMEM16F in liposomes in the presence of Ca2+ (active state),homomeric protein,SINGLE PARTICLE
9O1O,EMD-70014,2.97,2026-05-06T00:00:00.000+00:00,TMEM16F R478E/E604R mutant in liposomes in the presence of Ca2+,homomeric protein,SINGLE PARTICLE
9O1P,EMD-70015,3.48,2026-05-06T00:00:00.000+00:00,TMEM16F D409G mutant in liposomes in the presence of Ca2+ (closed state),homomeric protein,SINGLE PARTICLE
9O36,EMD-70071,2.3,2026-04-01T00:00:00.000+00:00,CryoEM structure of mu-opioid receptor - Gi protein complex bound to fluornitrazene (FNZ),heteromeric protein,SINGLE PARTICLE
9O3G,EMD-70079,3.46,2026-05-20T00:00:00.000+00:00,S.mutans Phosphodiesterase GdpP in Apo State,homomeric protein,SINGLE PARTICLE
9O3Z,EMD-70087,3.42,2026-05-06T00:00:00.000+00:00,Phosphonull (T209A) of stress-activating residues,heteromeric protein,SINGLE PARTICLE
9O49,EMD-70090,2.87,2026-04-08T00:00:00.000+00:00,Cryo-EM structure of Rubisco with hetero small subunit 1A3B form I,heteromeric protein,SINGLE PARTICLE
9O4C,EMD-70094,2.97,2026-04-08T00:00:00.000+00:00,Cryo-EM structure of Rubisco with hetero small subunit 1A3B form II,heteromeric protein,SINGLE PARTICLE
9O4E,EMD-70096,2.33,2026-05-06T00:00:00.000+00:00,EcAvs2 bound to phage PhiV-1 terminase,heteromeric protein,SINGLE PARTICLE
9O4G,EMD-70100,3.42,2026-03-04T00:00:00.000+00:00,Cryo-EM structure of the CHSY3-CHPF1 chondroitin synthase heterodimer,heteromeric protein,SINGLE PARTICLE
9O4R,EMD-70112,3.76,2026-05-06T00:00:00.000+00:00,Phosphonull (S56A) of stress-activating residues,heteromeric protein,SINGLE PARTICLE
9O59,EMD-70128,3.3,2026-05-06T00:00:00.000+00:00,ZnO Nucleated Z4-C3i Trimer Within the Octahedral Z4-Cage Nanoparticle,homomeric protein,SINGLE PARTICLE
9O5A,EMD-70135,3.2,2026-02-18T00:00:00.000+00:00,The KICSTOR-GATOR1 complex,heteromeric protein,SINGLE PARTICLE
9O5D,EMD-70140,3.34,2026-01-21T00:00:00.000+00:00,The KICSTOR-GATOR1-SAMTOR complex,heteromeric protein,SINGLE PARTICLE
9O5Q,EMD-70146,3.83,2026-05-06T00:00:00.000+00:00,Octahedral Z4-Cage Nanoparticle,homomeric protein,SINGLE PARTICLE
9O65,EMD-70159,3.0,2026-01-21T00:00:00.000+00:00,Cryo-EM structure of SHOC2-KRAS-PP1CA (SKP) complex,heteromeric protein,SINGLE PARTICLE
9O6A,EMD-70168,2.22,2026-04-22T00:00:00.000+00:00,CryoEM structure of EcKatG S-Trp105 at 2.22 Angstrom resolution revealing an asymmetric sulfur center in O=S-Trp,homomeric protein,SINGLE PARTICLE
9O6G,EMD-70173,3.37,2026-04-22T00:00:00.000+00:00,"Wildtype rabbit TRPV5 in nanodics in the presence of Menthol and PI(4,5)P2",homomeric protein,SINGLE PARTICLE
9O7D,EMD-70195,3.6,2026-05-13T00:00:00.000+00:00,CHIP E3 ligase dimer in Asymmetric state bound to 1 Fab H1,heteromeric protein,SINGLE PARTICLE
9O7E,EMD-70196,3.9,2026-05-13T00:00:00.000+00:00,CHIP E3 ligase dimer in intermediate state bound to 2 Fab H1,heteromeric protein,SINGLE PARTICLE
9O7F,EMD-70197,3.7,2026-05-13T00:00:00.000+00:00,CHIP E3 ligase dimer in Symmetric state bound to 2 Fab H1,heteromeric protein,SINGLE PARTICLE
9O7G,EMD-70198,3.1,2026-05-13T00:00:00.000+00:00,CHIP E3 ligase U-box-Fab H1 epitope focused refinement,heteromeric protein,SINGLE PARTICLE
9O7I,EMD-70200,3.4,2026-05-13T00:00:00.000+00:00,CHIP E3 ligase CC domain dimer-Fab 2D2 epitope focused refinement,heteromeric protein,SINGLE PARTICLE
9O7M,EMD-70204,3.9,2026-07-08T00:00:00.000+00:00,Cryo-EM Structure of YfdQ Reveals a Widespread Novel Family of Bacteriophage-Associated Proteins with Shell-Like Assemblies,homomeric protein,SINGLE PARTICLE
9O8D,EMD-70223,3.41,2026-02-25T00:00:00.000+00:00,Cryo-EM structure of primidone-bound rabbit TRPM3 having 2 resting and 2 activated subunits (ortho position) at 18 degrees Celsius,homomeric protein,SINGLE PARTICLE
9O8M,EMD-70231,3.79,2026-02-04T00:00:00.000+00:00,Ab1983 in complex with HIV-1 Env variant WIN332,protein/oligosaccharide,SINGLE PARTICLE
9O8Q,EMD-70233,2.62,2026-02-04T00:00:00.000+00:00,Cryo-EM structure of NI06063_d30_103 Fab in complex with influenza virus hemagglutinin from A/Hong Kong/485197/2014 (H3N2),protein/oligosaccharide,SINGLE PARTICLE
9O8R,EMD-70234,2.96,2026-02-04T00:00:00.000+00:00,Cryo-EM structure of NI06063_d30_103 Fab in complex with influenza virus hemagglutinin from A/Michigan/45/2015 (H1N1),protein/oligosaccharide,SINGLE PARTICLE
9O8S,EMD-70235,2.65,2026-02-04T00:00:00.000+00:00,Cryo-EM structure of NI04359_d30_240 Fab in complex with influenza virus hemagglutinin from A/Hong Kong/485197/2014 (H3N2),protein/oligosaccharide,SINGLE PARTICLE
9O8T,EMD-70236,3.12,2026-02-04T00:00:00.000+00:00,Cryo-EM structure of NI04359_d30_240 Fab in complex with influenza virus hemagglutinin from A/Michigan/45/2015 (H1N1),protein/oligosaccharide,SINGLE PARTICLE
9O95,EMD-70242,3.2,2026-01-07T00:00:00.000+00:00,Cryo-EM structure of CLC-ec1 at pH 7.5,homomeric protein,SINGLE PARTICLE
9O96,EMD-70243,3.2,2026-01-07T00:00:00.000+00:00,Cryo-EM structure of CLC-ec1 at pH 4.0,homomeric protein,SINGLE PARTICLE
9O97,EMD-70244,3.1,2026-01-07T00:00:00.000+00:00,Cryo-EM structure of CLC-ec1 at pH 3.0,homomeric protein,SINGLE PARTICLE
9O98,EMD-70245,3.3,2026-01-07T00:00:00.000+00:00,Cryo-EM structure of CLC-ec1 K131A at pH 7.5,homomeric protein,SINGLE PARTICLE
9OA3,EMD-70273,3.02,2026-05-20T00:00:00.000+00:00,N. brasiliensis GlfT2 in a styrene maleic acid liponanoparticle,homomeric protein,SINGLE PARTICLE
9OA9,EMD-70276,3.44,2026-02-04T00:00:00.000+00:00,CryoEM structure of anti-MHC-I mAb B1.23.2 Fc domains,protein/oligosaccharide,SINGLE PARTICLE
9OAA,EMD-70277,3.67,2026-01-21T00:00:00.000+00:00,The structure of TdfH from Neisseria gonorrhoeae,heteromeric protein,SINGLE PARTICLE
9OAB,EMD-70278,2.6,2026-01-28T00:00:00.000+00:00,C3 reconstruction of the thermophilic bacteriophage P74-26 Neck,heteromeric protein,SINGLE PARTICLE
9OAJ,EMD-70287,2.91,2026-01-21T00:00:00.000+00:00,AMC008 v4.2 SOSIP Env trimer in complex with CD4 D1D2,protein/oligosaccharide,SINGLE PARTICLE
9OBS,EMD-70297,3.18,2026-05-06T00:00:00.000+00:00,glutamate/glycine-bound GluN1a/2B NMDAR,heteromeric protein,SINGLE PARTICLE
9OBT,EMD-70298,3.01,2026-05-06T00:00:00.000+00:00,TMD of glutamate/glycine-bound GluN1a/2B NMDAR,heteromeric protein,SINGLE PARTICLE
9OBU,EMD-70299,3.16,2026-05-06T00:00:00.000+00:00,glycine/glutamate and Mg2+-bound GluN1a/2B NMDAR,heteromeric protein,SINGLE PARTICLE
9OBV,EMD-70300,3.21,2026-05-06T00:00:00.000+00:00,Mg2+-bound GluN1a/2B NMDAR (upper),heteromeric protein,SINGLE PARTICLE
9OBW,EMD-70301,3.15,2026-05-06T00:00:00.000+00:00,Mg2+ bound GluN1a/2B NMDAR (lower),heteromeric protein,SINGLE PARTICLE
9OBX,EMD-70302,2.59,2026-05-06T00:00:00.000+00:00,glutamate/glycine and Ca2+-bound GluN1a/2B NMDAR,heteromeric protein,SINGLE PARTICLE
9OBY,EMD-70303,3.6,2026-05-06T00:00:00.000+00:00,Ca2+-bound GluN1a/2B NMDAR (S1),heteromeric protein,SINGLE PARTICLE
9OBZ,EMD-70304,2.81,2026-05-06T00:00:00.000+00:00,Ca2+-bound GluN1a/2B NMDAR (S2),heteromeric protein,SINGLE PARTICLE
9OC0,EMD-70305,2.97,2026-05-06T00:00:00.000+00:00,Ca2+-bound GluN1a/2B NMDAR (S3),heteromeric protein,SINGLE PARTICLE
9OC1,EMD-70306,2.76,2026-05-06T00:00:00.000+00:00,Ca2+-bound GluN1a/2B NMDAR (S4),heteromeric protein,SINGLE PARTICLE
9OC2,EMD-70307,2.69,2026-05-06T00:00:00.000+00:00,Ca2+-bound GluN1a/2B NMDAR (S5),heteromeric protein,SINGLE PARTICLE
9ODE,EMD-70356,2.5,2026-03-04T00:00:00.000+00:00,"Structure of the MOR/Gi/Lofentanil Complex, Nucleotide Free",heteromeric protein,SINGLE PARTICLE
9ODF,EMD-70357,2.4,2026-03-04T00:00:00.000+00:00,"Structure of the MOR/Gi/Lofentanil Complex, GTP-bound G-Primed",heteromeric protein,SINGLE PARTICLE
9ODH,EMD-70359,3.8,2026-03-04T00:00:00.000+00:00,"Structure of the MOR/Gi/Lofentanil Complex, GTP-bound G-ACT-2, G Protein Local",heteromeric protein,SINGLE PARTICLE
9ODI,EMD-70360,3.7,2026-03-04T00:00:00.000+00:00,"Structure of the MOR/Gi/Lofentanil Complex, GTP-bound G-ACT-2', G Protein Local",heteromeric protein,SINGLE PARTICLE
9ODJ,EMD-70364,3.0,2026-01-07T00:00:00.000+00:00,"Structure of the MOR/Gi/Mitragynine Pseudoindoxil Complex, GTP-bound G-Primed, AHD 3DVA Sorted",heteromeric protein,SINGLE PARTICLE
9ODK,EMD-70365,3.9,2026-01-07T00:00:00.000+00:00,"Structure of the MOR/Gi/Mitragynine Pseudoindoxil Complex, GTP-bound G-ACT-2",heteromeric protein,SINGLE PARTICLE
9ODL,EMD-70366,3.6,2026-01-07T00:00:00.000+00:00,"Structure of the MOR/Gi/Mitragynine Pseudoindoxil Complex, GTP-bound G-ACT-3",heteromeric protein,SINGLE PARTICLE
9ODM,EMD-70369,2.8,2026-03-04T00:00:00.000+00:00,"Structure of the MOR/Gi/DAMGO Complex, Nucleotide Free, Baseline",heteromeric protein,SINGLE PARTICLE
9ODN,EMD-70370,2.4,2026-03-04T00:00:00.000+00:00,"Structure of the MOR/Gi/DAMGO Complex, GTP-Bound, G-Primed",heteromeric protein,SINGLE PARTICLE
9ODO,EMD-70371,3.8,2026-03-04T00:00:00.000+00:00,"Structure of the MOR/Gi/DAMGO Complex, GTP-Bound, G-ACT-2",heteromeric protein,SINGLE PARTICLE
9ODT,EMD-70376,2.04,2026-02-25T00:00:00.000+00:00,The structure of a Bacterial Cyanide Dihydratase from Bacillus safensis PER-URP-08,homomeric protein,SINGLE PARTICLE
9ODU,EMD-70377,3.9,2026-04-29T00:00:00.000+00:00,"Yeast V-ATPase bound to Rtc5p, rotary state 2",heteromeric protein,SINGLE PARTICLE
9ODY,EMD-70380,3.29,2026-06-03T00:00:00.000+00:00,Zebrafish Abcb4 in IF-narrow conformation (IF-Narrow),homomeric protein,SINGLE PARTICLE
9ODZ,EMD-70381,3.59,2026-06-03T00:00:00.000+00:00,Zebrafish Abcb4 in IF-Wide conformation (IF-Wide),homomeric protein,SINGLE PARTICLE
9OE0,EMD-70382,3.39,2026-06-03T00:00:00.000+00:00,Zebrafish Abcb4 in IF-Medium conformation (IF-Medium),homomeric protein,SINGLE PARTICLE
9OE1,EMD-70383,3.02,2026-06-03T00:00:00.000+00:00,Zebrafish Abcb4 in IF-narrow conformation in the presence of Tariquidar (TQR-IF-Narrow),homomeric protein,SINGLE PARTICLE
9OE2,EMD-70384,3.18,2026-06-03T00:00:00.000+00:00,Zebrafish Abcb4 in IF-medium conformation in the presence of Tariquidar (TQR-IF-Medium),homomeric protein,SINGLE PARTICLE
9OE3,EMD-70385,3.54,2026-06-03T00:00:00.000+00:00,Zebrafish Abcb4 in IF-Wide conformation in the presence of Tariquidar (TQR-IF-Wide),homomeric protein,SINGLE PARTICLE
9OE4,EMD-70386,3.0,2026-06-03T00:00:00.000+00:00,Zebrafish Abcb4 in IF-Narrow conformation in the presence of Elacridar (ELA-IF-Narrow),homomeric protein,SINGLE PARTICLE
9OE5,EMD-70387,3.16,2026-06-03T00:00:00.000+00:00,Zebrafish Abcb4 in IF-Medium conformation in the presence of Elacridar (ELA-IF-Medium),homomeric protein,SINGLE PARTICLE
9OE6,EMD-70388,3.31,2026-06-03T00:00:00.000+00:00,Zebrafish Abcb4 in IF-Wide conformation in the presence of Elacridar (ELA-IF-Wide),homomeric protein,SINGLE PARTICLE
9OE7,EMD-70389,3.95,2026-06-03T00:00:00.000+00:00,Zebrafish Abcb4 in IF-narrow conformation in the presence of Vincristine (VCR-IF-Narrow),homomeric protein,SINGLE PARTICLE
9OE8,EMD-70390,3.7,2026-06-03T00:00:00.000+00:00,Zebrafish Abcb4 in IF-medium conformation in the presence of Vincristine (VCR-IF-Medium),homomeric protein,SINGLE PARTICLE
9OED,EMD-70395,3.94,2026-02-11T00:00:00.000+00:00,Ab1999 in complex with HIV-1 Env RC1,protein/oligosaccharide,SINGLE PARTICLE
9OEF,EMD-70397,2.69,2026-07-08T00:00:00.000+00:00,Structure of the human astrovirus VA1 capsid spike bound to antibody 7C8,heteromeric protein,SINGLE PARTICLE
9OEG,EMD-70398,3.05,2026-07-08T00:00:00.000+00:00,Structure of the human astrovirus VA1 capsid spike bound to antibody 2A2,heteromeric protein,SINGLE PARTICLE
9OEH,EMD-70399,3.67,2026-08-26T00:00:00.000+00:00,GluN1/GluN3A in complex with CGP and DCKA,protein/oligosaccharide,SINGLE PARTICLE
9OEM,EMD-70402,3.01,2026-08-26T00:00:00.000+00:00,"GluN1/GluN3A_ELSL in complex with CGP/Gly/GNE/UCM, in pre-open conformation (class 1)",protein/oligosaccharide,SINGLE PARTICLE
9OEN,EMD-70403,2.81,2026-08-26T00:00:00.000+00:00,"GluN1/GluN3A_ELSL in complex with CGP/Gly/GNE/UCM, LBD-focused, in active conformation (class 2)",protein/oligosaccharide,SINGLE PARTICLE
9OFA,EMD-70421,2.04,2026-02-25T00:00:00.000+00:00,The structure of a Fungal Cyanide Hydratase from Gloeocercospora sorghi,homomeric protein,SINGLE PARTICLE
9OFI,EMD-70433,3.41,2026-08-26T00:00:00.000+00:00,"GluN1/GluN3A in complex with CGP and DCKA, LBD-focused, in antagonist-bound conformation",protein/oligosaccharide,SINGLE PARTICLE
9OGH,EMD-70468,2.7,2026-03-18T00:00:00.000+00:00,Human P2X2 apo structure in lipid nanodiscs,homomeric protein,SINGLE PARTICLE
9OHC,EMD-70486,3.28,2026-03-11T00:00:00.000+00:00,CryoEM structure of Toxin B (TcdB) from clostridioides difficile complexed with taurochenodeoxycholic acid (TCDCA),homomeric protein,SINGLE PARTICLE
9OHD,EMD-70487,2.87,2026-03-11T00:00:00.000+00:00,CryoEM structure of Toxin B (TcdB) from clostridioides difficile complexed with methyl cholate,homomeric protein,SINGLE PARTICLE
9OHE,EMD-70488,3.59,2026-03-11T00:00:00.000+00:00,CryoEM structure of apo Toxin B (TcdB) from Clostridioides difficile in the closed CROP state,homomeric protein,SINGLE PARTICLE
9OHF,EMD-70489,3.19,2026-03-11T00:00:00.000+00:00,CryoEM structure of apo Toxin B (TcdB) from Clostridioides difficile in the open CROP state,homomeric protein,SINGLE PARTICLE
9OHK,EMD-70496,3.2,2026-03-18T00:00:00.000+00:00,Human P2X2 receptor channel in lipid nanodiscs with 0.5mM Suramin,homomeric protein,SINGLE PARTICLE
9OHM,EMD-70500,2.72,2026-05-27T00:00:00.000+00:00,Cryo-EM structure of bovine phosphodiesterase 6 bound to CB-5083,heteromeric protein,SINGLE PARTICLE
9OHN,EMD-70501,2.46,2026-05-27T00:00:00.000+00:00,Cryo-EM structure of human p97/VCP bound to inhibitor GND-135,homomeric protein,SINGLE PARTICLE
9OI2,EMD-70502,2.8,2026-02-04T00:00:00.000+00:00,Structure of human Fab 245 in complex with influenza H1N1 A/Solomon Island/3/2006 hemagglutinin,heteromeric protein,SINGLE PARTICLE
9OI3,EMD-70503,2.71,2026-02-04T00:00:00.000+00:00,Structure of human Fab 604 in complex with influenza H1N1 A/Solomon Island/3/2006 hemagglutinin,heteromeric protein,SINGLE PARTICLE
9OIR,EMD-70527,3.0,2026-03-18T00:00:00.000+00:00,Human P2X2 receptor channel in detergent with residual ATP,homomeric protein,SINGLE PARTICLE
9OJ2,EMD-70529,3.75,2026-09-23T00:00:00.000+00:00,"sx20S complex (NSF-alphaSNAP-syntaxin-1a), non-hydrolyzing, class 1",heteromeric protein,SINGLE PARTICLE
9OJK,EMD-70543,2.6,2026-03-18T00:00:00.000+00:00,The open state structure of human P2X2 receptor channel in lipid nanodiscs with free ATP and sodium,homomeric protein,SINGLE PARTICLE
9OK7,EMD-70555,3.79,2026-08-12T00:00:00.000+00:00,cryo-EM structure of human innate immune receptor conformation 1,homomeric protein,SINGLE PARTICLE
9OK8,EMD-70556,3.69,2026-08-12T00:00:00.000+00:00,cryo-EM structure of a human innate immune receptor conformation 2,homomeric protein,SINGLE PARTICLE
9OKE,EMD-70561,3.24,2026-07-08T00:00:00.000+00:00,Structure of the Bombyx mori bmCENP-HIKM-LN-T-OP complex without the CS module,heteromeric protein,SINGLE PARTICLE
9OKK,EMD-70567,3.23,2026-07-08T00:00:00.000+00:00,Bombyx mori bmCENP-LN-HIKM sub-complex structure,heteromeric protein,SINGLE PARTICLE
9OKL,EMD-70568,3.0,2026-06-17T00:00:00.000+00:00,Structure of the Bombyx mori apo-bmCCAN,heteromeric protein,SINGLE PARTICLE
9OKO,EMD-70570,2.5,2026-05-27T00:00:00.000+00:00,CryoEM structure of the E. coli zinc ABC transporter ZnuB-ZnuC in complex with AMP-PNP,heteromeric protein,SINGLE PARTICLE
9OKP,EMD-70571,2.9,2026-05-27T00:00:00.000+00:00,CryoEM structure of the E. coli zinc ABC transporter ZnuB-ZnuC E146Q in complex with ATP,heteromeric protein,SINGLE PARTICLE
9OKQ,EMD-70572,2.9,2026-05-27T00:00:00.000+00:00,CryoEM structure of the E. coli zinc ABC transporter ZnuB-ZnuC,heteromeric protein,SINGLE PARTICLE
9OL4,EMD-70589,3.37,2026-01-28T00:00:00.000+00:00,Cryo-EM Structure of Ryanodine Receptor 1: Drug Bound Open Conformation,heteromeric protein,SINGLE PARTICLE
9OLK,EMD-70595,2.8,2026-03-25T00:00:00.000+00:00,Structure of wild-type human TRPC3,homomeric protein,SINGLE PARTICLE
9OLL,EMD-70596,3.1,2026-03-25T00:00:00.000+00:00,Structure of human TRPC3 T573A mutant,homomeric protein,SINGLE PARTICLE
9OLM,EMD-70597,2.5,2026-03-25T00:00:00.000+00:00,Structure of human TRPC3 cerebellar splice variant (isoform c),homomeric protein,SINGLE PARTICLE
9OLX,EMD-70601,3.3,2026-03-25T00:00:00.000+00:00,Structure of a constitutively open human TRPC3 mutant in the inhibited state,homomeric protein,SINGLE PARTICLE
9OM0,EMD-70602,2.58,2026-03-18T00:00:00.000+00:00,The pre-desensitized state structure of human P2X2 receptor channel in lipid nanodiscs with free ATP and sodium,homomeric protein,SINGLE PARTICLE
9OM2,EMD-70604,3.31,2026-08-12T00:00:00.000+00:00,Full-length LRRK2 autoinhibited,homomeric protein,SINGLE PARTICLE
9OM5,EMD-70607,3.4,2026-05-27T00:00:00.000+00:00,Composite map of six VRC35 Fabs and three MEDI8852 Fabs bound to influenza H3N2 Victoria 2011 hemagglutinin,protein/oligosaccharide,SINGLE PARTICLE
9OM7,EMD-70609,3.3,2026-04-01T00:00:00.000+00:00,"BtCap14 SAVED domain + 2',3'-cGAMP",homomeric protein,SINGLE PARTICLE
9OME,EMD-70611,3.6,2026-03-18T00:00:00.000+00:00,CryoEM structure of FPM13,homomeric protein,SINGLE PARTICLE
9OMR,EMD-70617,2.68,2026-03-18T00:00:00.000+00:00,The desensitized state structure of human P2X2 receptor channel in lipid nanodiscs with free ATP and sodium,homomeric protein,SINGLE PARTICLE
9OMY,EMD-70624,3.25,2026-04-01T00:00:00.000+00:00,Cryo-EM structure of an octameric RAD51-XRCC3-RAD51C (RAD51-X3C) complex,heteromeric protein,SINGLE PARTICLE
9OMZ,EMD-70625,3.51,2026-04-01T00:00:00.000+00:00,Cryo-EM structure of a pentameric RAD51-XRCC3-RAD51C-RAD51D-XRCC2 (51-X3CDX2) complex.,heteromeric protein,SINGLE PARTICLE
9ON2,EMD-70627,3.16,2026-04-01T00:00:00.000+00:00,Cryo-EM structure of a tetrameric XRCC3-RAD51C-RAD51D-XRCC2 complex,heteromeric protein,SINGLE PARTICLE
9ON3,EMD-70628,3.4,2026-05-27T00:00:00.000+00:00,Cryo-EM structure of the salivary protein complex Saglin-SGS4 from Anopheles gambiae,protein/oligosaccharide,SINGLE PARTICLE
9ON5,EMD-70629,2.6,2026-03-18T00:00:00.000+00:00,The pre-open state 1 structure of human P2X2 receptor channel in lipid nanodiscs with free ATP and sodium,homomeric protein,SINGLE PARTICLE
9ON6,EMD-70629,2.6,2026-03-18T00:00:00.000+00:00,The pre-open state 2 structure of human P2X2 receptor channel in lipid nanodiscs with free ATP and sodium,homomeric protein,SINGLE PARTICLE
9ONJ,EMD-70642,3.72,2026-02-18T00:00:00.000+00:00,L-cluster free apo-NifEN expressed in E. coli,heteromeric protein,SINGLE PARTICLE
9ONK,EMD-70643,3.62,2026-02-18T00:00:00.000+00:00,L-cluster inward bound holo-NifEN expressed in E. coli,heteromeric protein,SINGLE PARTICLE
9OOX,EMD-70676,3.3,2026-02-04T00:00:00.000+00:00,Cryo-EM Structure of the Escherichia phage HK446 Rip1 in complex with the Enterobacteria phage T6 small terminase,heteromeric protein,SINGLE PARTICLE
9OPJ,EMD-70719,3.2,2026-07-29T00:00:00.000+00:00,cryoEM structure of IRAK4:KT-474:CRBN-DDB1 ternary complex,heteromeric protein,SINGLE PARTICLE
9OPQ,EMD-70721,3.3,2026-05-13T00:00:00.000+00:00,TMPRSS2 (S441A) bound to the HCoV-NL63 S2'region genetically fused to the HCoV-HKU1 RBD,heteromeric protein,SINGLE PARTICLE
9OPR,EMD-70722,3.2,2026-05-13T00:00:00.000+00:00,TMPRSS2 S441A in complex with the H1H7 Fab and anti-kappa light chain nanobody,protein/oligosaccharide,SINGLE PARTICLE
9OPU,EMD-70724,3.3,2026-03-25T00:00:00.000+00:00,Structure of a constitutively open human TRPC3 mutant,homomeric protein,SINGLE PARTICLE
9OQ7,EMD-70742,2.96,2026-05-27T00:00:00.000+00:00,Chlamydia muridarum Major Outer Membrane Protein,homomeric protein,SINGLE PARTICLE
9OQD,EMD-70746,3.36,2026-05-27T00:00:00.000+00:00,Chlamydia muridarum major outer membrane protein bound to Mus musculus MAB-18B Fab,heteromeric protein,SINGLE PARTICLE
9ORP,EMD-70780,2.95,2026-06-03T00:00:00.000+00:00,"CryoEM structure of the soluble-WRAPed membranous portion of MspA (Mycobacterium smegmatis porin), dimerized along the native interface.",homomeric protein,SINGLE PARTICLE
9OS2,EMD-70791,2.5,2026-01-28T00:00:00.000+00:00,Cryo-EM structure of the DDB1/CRBN-MRT-5702-G3BP2 ternary complex,heteromeric protein,SINGLE PARTICLE
9OS7,EMD-70794,3.66,2026-02-25T00:00:00.000+00:00,Mycoplasma penetrans Methionyl tRNA Synthetase is an Asymmetric Dimer fused to N-terminal Ancillary Domains,heteromeric protein,SINGLE PARTICLE
9OSB,EMD-70800,3.5,2026-03-11T00:00:00.000+00:00,D3 prohead 1,homomeric protein,SINGLE PARTICLE
9OSF,EMD-70805,3.83,2026-05-06T00:00:00.000+00:00,The intact LBD state of GluK2/K5 with 5-iodowillardiine and kynurenic acid sodium salt,heteromeric protein,SINGLE PARTICLE
9OSG,EMD-70806,3.83,2026-05-13T00:00:00.000+00:00,The partially ruptured LBD state of GluK2/K5 with 5-iodowillardiine and kynurenic acid sodium salt,heteromeric protein,SINGLE PARTICLE
9OSI,EMD-70807,3.95,2026-05-06T00:00:00.000+00:00,The intact LBD state of GluK2/K5 with alpha-amino-3-hydroxy-5-methyl-4-isoxazolepropionic acid (AMPA),heteromeric protein,SINGLE PARTICLE
9OSS,EMD-70809,2.76,2026-06-17T00:00:00.000+00:00,Structure of human Fab HB31 in complex with influenza H1N1 A/Solomon Island/3/2006 hemagglutinin,heteromeric protein,SINGLE PARTICLE
9OST,EMD-70810,2.64,2026-06-17T00:00:00.000+00:00,Structure of human Fab HB34 in complex with influenza H1N1 A/Solomon Island/3/2006 hemagglutinin,heteromeric protein,SINGLE PARTICLE
9OSU,EMD-70811,2.67,2026-06-17T00:00:00.000+00:00,Structure of human Fab HB315 in complex with influenza H1N1 A/Solomon Island/3/2006 hemagglutinin,heteromeric protein,SINGLE PARTICLE
9OTA,EMD-70828,3.2,2026-05-27T00:00:00.000+00:00,Structure of hTWIK-2 (K2P6.1) ion channel in lipid nanodisc,homomeric protein,SINGLE PARTICLE
9OTH,EMD-70832,3.5,2026-03-11T00:00:00.000+00:00,D3 prohead 1,homomeric protein,SINGLE PARTICLE
9OTK,EMD-70837,3.7,2026-05-27T00:00:00.000+00:00,Structure of hTWIK-2 (K2P6.1) ion channel in DDM detergent,homomeric protein,SINGLE PARTICLE
9OUM,EMD-70872,2.9,2026-02-18T00:00:00.000+00:00,"Native GABA-A receptor from rat cerebella, beta2-alpha1-beta1-alpha6-gamma2 subtype, in complex with GABA and PZ-II-029",protein/oligosaccharide,SINGLE PARTICLE
9OUN,EMD-70873,2.74,2026-02-18T00:00:00.000+00:00,"Native GABA-A receptor from rat cerebella, beta2-alpha1-beta2-alpha1-gamma2 subtype, in complex with GABA and PZ-II-029",protein/oligosaccharide,SINGLE PARTICLE
9OUO,EMD-70874,2.92,2026-02-18T00:00:00.000+00:00,"Native GABA-A receptor from rat cerebella, beta1-alpha1-beta1-alpha1-gamma2 subtype, in complex with GABA and PZ-II-029",protein/oligosaccharide,SINGLE PARTICLE
9OUP,EMD-70875,2.82,2026-02-18T00:00:00.000+00:00,"Native GABA-A receptor from rat cerebella, beta2-alpha1-beta1-alpha6-gamma2 subtype, in complex with GABA",protein/oligosaccharide,SINGLE PARTICLE
9OUQ,EMD-70876,2.89,2026-02-18T00:00:00.000+00:00,"Native GABA-A receptor from rat cerebella, beta1-alpha1-beta2-alpha1-gamma2 subtype, in complex with GABA",protein/oligosaccharide,SINGLE PARTICLE
9OUR,EMD-70877,2.84,2026-02-18T00:00:00.000+00:00,"Native GABA-A receptor from rat cerebella, beta2-alpha1-beta2-alpha1-gamma2 subtype, in complex with GABA",protein/oligosaccharide,SINGLE PARTICLE
9OUS,EMD-70878,3.7,2026-03-11T00:00:00.000+00:00,D3 Virion icos,homomeric protein,SINGLE PARTICLE
9OUZ,EMD-70884,3.5,2026-03-11T00:00:00.000+00:00,Icosahedral D3 expanded capsid,homomeric protein,SINGLE PARTICLE
9OV0,EMD-70885,3.9,2026-05-27T00:00:00.000+00:00,Structure of hTWIK2RM (K2P6.1RM) ion channel with lipid plug in DDM detergent,homomeric protein,SINGLE PARTICLE
9OV1,EMD-70886,2.36,2026-06-10T00:00:00.000+00:00,"S. aureus YhaM D193A hexamer, D3 refinement",homomeric protein,SINGLE PARTICLE
9OV4,EMD-70889,2.93,2026-02-18T00:00:00.000+00:00,"Native GABA-A receptor from rat cerebella, beta1-alpha1-beta2-alpha1-gamma2 subtype, in complex with GABA and PZ-II-029",protein/oligosaccharide,SINGLE PARTICLE
9OV5,EMD-70890,3.34,2026-06-24T00:00:00.000+00:00,"C1 symmetry cryoEM structure of the soluble-WRAPed membranous portion of MspA (Mycobacterium smegmatis porin), dimerized along the native interface.",homomeric protein,SINGLE PARTICLE
9OV9,EMD-70894,3.9,2026-05-27T00:00:00.000+00:00,Structure of hTWIK2RM (K2P6.1RM) ion channel without lipid plug in DDM detergent,homomeric protein,SINGLE PARTICLE
9OVD,EMD-70898,3.9,2026-05-27T00:00:00.000+00:00,Structure of hTWIK2RM-R257A (K2P6.1RM-R257A) ion channel with lipid plug in DDM detergent,homomeric protein,SINGLE PARTICLE
9OVK,EMD-70900,1.7,2026-05-27T00:00:00.000+00:00,Cryo-EM structure of HCoV-OC43-Lab Spike glycoprotein in complex with 9O-acetyl GD3 sialoglycan (D1 domain local refine),protein/oligosaccharide,SINGLE PARTICLE
9OVL,EMD-70901,1.68,2026-05-27T00:00:00.000+00:00,Cryo-EM structure of HCoV-OC43-Lab Spike glycoprotein in complex with 9O-acetyl GD3 sialoglycan,protein/oligosaccharide,SINGLE PARTICLE
9OVM,EMD-70902,2.05,2026-05-27T00:00:00.000+00:00,Cryo-EM structure of HCoV-OC43-C2 Spike glycoprotein (local refined D1 domain),protein/oligosaccharide,SINGLE PARTICLE
9OVN,EMD-70903,1.93,2026-05-27T00:00:00.000+00:00,Cryo-EM structure of HCoV-OC43-C2 Spike glycoprotein,protein/oligosaccharide,SINGLE PARTICLE
9OVO,EMD-70904,1.98,2026-05-27T00:00:00.000+00:00,Cryo-EM structure of HCoV-OC43-C2 Spike glycoprotein in complex with 9O-acetyl GD3 sialoglycan (Local refined D1 domain),protein/oligosaccharide,SINGLE PARTICLE
9OVP,EMD-70905,1.89,2026-06-10T00:00:00.000+00:00,Cryo-EM structure of HCoV-OC43-C2 Spike glycoprotein in complex with 9O-acetyl GD3 sialoglycan,protein/oligosaccharide,SINGLE PARTICLE
9OVT,EMD-70912,3.43,2026-04-08T00:00:00.000+00:00,"Heteromeric GluA1/A2 in the inactive state, composite map of LBD-TMD",heteromeric protein,SINGLE PARTICLE
9OVU,EMD-70919,3.2,2026-04-08T00:00:00.000+00:00,"Composite map of GluA1/A2 in the activated state, in complex with positive allosteric modulator (R,R)-2b and agonist glutamate (ATD-LBD-TMD)",protein/oligosaccharide,SINGLE PARTICLE
9OVV,EMD-70920,3.76,2026-04-08T00:00:00.000+00:00,"Heteromeric GluA1/A2-CNIH1 in the activated state, composite map of LBD-TMD",heteromeric protein,SINGLE PARTICLE
9OVY,EMD-70926,3.1,2026-06-10T00:00:00.000+00:00,Cryo-EM structure of human PRMT5:MEP50 in complex with SAH and compounds 16-19F and HJL-1,heteromeric protein,SINGLE PARTICLE
9OW3,EMD-70927,2.01,2026-07-08T00:00:00.000+00:00,Hedgehog coronavirus ErinCoV-12-19 spike receptor binding domain in complex with hedgehog APN (locally refined),protein/oligosaccharide,SINGLE PARTICLE
9OW4,EMD-70928,2.03,2026-07-08T00:00:00.000+00:00,Hedgehog coronavirus ErinCoV-12-19 spike receptor binding domain in complex with hedgehog APN,protein/oligosaccharide,SINGLE PARTICLE
9OW5,EMD-70929,1.99,2026-07-08T00:00:00.000+00:00,Hedgehog coronavirus ErinCoV-Ger12 spike receptor binding domain in complex with hedgehog APN (locally refined),protein/oligosaccharide,SINGLE PARTICLE
9OW6,EMD-70930,2.02,2026-07-08T00:00:00.000+00:00,Hedgehog coronavirus ErinCoV-Ger12 spike receptor binding domain in complex with hedgehog APN,protein/oligosaccharide,SINGLE PARTICLE
9OXA,EMD-70964,2.9,2026-04-22T00:00:00.000+00:00,CryoEM structure of Gi-coupled TAS2R43 with aristolochic acid I,heteromeric protein,SINGLE PARTICLE
9OXB,EMD-70965,3.0,2026-04-22T00:00:00.000+00:00,CryoEM structure of Ggust-coupled TAS2R43 with aristolochic acid I,heteromeric protein,SINGLE PARTICLE
9OXH,EMD-70981,3.15,2026-08-12T00:00:00.000+00:00,Full length LRRK2 bound to G10 DARPin,heteromeric protein,SINGLE PARTICLE
9OXI,EMD-70982,3.72,2026-08-12T00:00:00.000+00:00,Full-length LRRK2 autonhibited (flexible),homomeric protein,SINGLE PARTICLE
9OXL,EMD-70988,2.62,2026-04-22T00:00:00.000+00:00,"SthK closed state at low temperature, cAMP-bound in the presence of DOPE",homomeric protein,SINGLE PARTICLE
9OXM,EMD-70989,2.79,2026-04-22T00:00:00.000+00:00,"SthK intermediate state at low temperature, cAMP-bound in the presence of DOPE",homomeric protein,SINGLE PARTICLE
9OYA,EMD-71012,3.44,2026-08-12T00:00:00.000+00:00,Full LRRK2 (R1441C mutant) after symmetry expansion,homomeric protein,SINGLE PARTICLE
9OYG,EMD-71018,2.95,2026-04-29T00:00:00.000+00:00,Structure of the E. coli clamp loader DnaX-complex alone,heteromeric protein,SINGLE PARTICLE
9OYZ,EMD-71042,2.9,2026-02-25T00:00:00.000+00:00,"Cryo-EM structure of chicken ROS1 in apo-state. Cryo-EM refinement is focused on the ""head"" region of chicken ROS1.",protein/oligosaccharide,SINGLE PARTICLE
9OZ1,EMD-71047,3.6,2026-02-25T00:00:00.000+00:00,"Cryo-EM structure of chicken ROS1 in apo-state. Cryo-EM refinement is focused on the ""leg"" region of chicken ROS1.",protein/oligosaccharide,SINGLE PARTICLE
9OZ6,EMD-71049,2.7,2026-02-25T00:00:00.000+00:00,Cryo-EM structure of 1:1 chicken ROS1 and chicken NEL complex.,heteromeric protein,SINGLE PARTICLE
9OZC,EMD-71057,4.0,2026-02-25T00:00:00.000+00:00,"Cryo-EM structure of 1:2:1 ROS1/NEL/NICOL holo-complex, conformation 1.",protein/oligosaccharide,SINGLE PARTICLE
9OZI,EMD-71059,3.4,2026-02-25T00:00:00.000+00:00,Cryo-EM structure of chicken ROS1 in apo-state. This is the complete map and model.,protein/oligosaccharide,SINGLE PARTICLE
9P0J,EMD-71076,3.2,2026-09-23T00:00:00.000+00:00,Human liver phosphofructokinase-1 bound to XJ-4-85,homomeric protein,SINGLE PARTICLE
9P0K,EMD-71079,3.5,2026-04-29T00:00:00.000+00:00,Composite map of CXCL9-CXCR3-Gi-scFv16,heteromeric protein,SINGLE PARTICLE
9P0L,EMD-71080,3.1,2026-04-29T00:00:00.000+00:00,Composite map of CXCL10-CXCR3-Gi-scFv16,heteromeric protein,SINGLE PARTICLE
9P0M,EMD-71081,2.95,2026-04-29T00:00:00.000+00:00,Composite map of CXCL11-CXCR3-Gi-scFv16,heteromeric protein,SINGLE PARTICLE
9P0N,EMD-71088,2.99,2026-01-28T00:00:00.000+00:00,MscS in Glyco-DIBMA Native Nanodiscs (C7 symmetry),homomeric protein,SINGLE PARTICLE
9P0O,EMD-71089,3.34,2026-06-10T00:00:00.000+00:00,MscS in Glyco-DIBMA Native Nanodiscs (C1 symmetry),homomeric protein,SINGLE PARTICLE
9P1V,EMD-71135,3.27,2026-06-17T00:00:00.000+00:00,Structure of MAb PhtD3 in complex with PhtD,heteromeric protein,SINGLE PARTICLE
9P1X,EMD-71144,3.16,2026-07-01T00:00:00.000+00:00,Cryo-EM structure of Nitrogenase MoFe protein from Methanosarcina acetivorans bound to the NifI inhibitor complex,heteromeric protein,SINGLE PARTICLE
9P24,EMD-71158,3.48,2026-04-08T00:00:00.000+00:00,Structure of human cardiac sodium channel Nav1.5 in intermediate open state,homomeric protein,SINGLE PARTICLE
9P35,EMD-49464,2.06,2026-06-17T00:00:00.000+00:00,Artemia ferritin in cell-free lysate with reverse His purification,homomeric protein,SINGLE PARTICLE
9P3N,EMD-71245,3.5,2026-01-07T00:00:00.000+00:00,The open state of zebrafish TRPM5 with 1mM EDTA and 0.5mM CBTA,homomeric protein,SINGLE PARTICLE
9P3O,EMD-71246,2.92,2026-01-07T00:00:00.000+00:00,Zebrafish TRPM5 with 5mM calcium and 0.5mM CBTA,homomeric protein,SINGLE PARTICLE
9P3P,EMD-71250,3.0,2026-01-07T00:00:00.000+00:00,Zebrafish TRPM5 with 5mM EGTA and 0.5mM CBTA,homomeric protein,SINGLE PARTICLE
9P3Q,EMD-71251,3.5,2026-01-07T00:00:00.000+00:00,Zebrafish TRPM5 D797A mutant with 5mM calcium,homomeric protein,SINGLE PARTICLE
9P3R,EMD-71252,3.5,2026-01-07T00:00:00.000+00:00,Zebrafish TRPM5 D797A mutant with 5mM calcium and 0.5mM CBTA,homomeric protein,SINGLE PARTICLE
9P3S,EMD-71253,3.27,2026-01-07T00:00:00.000+00:00,Zebrafish TRPM5 D797N mutant with 5mM calcium and 0.5mM CBTA,homomeric protein,SINGLE PARTICLE
9P3T,EMD-71254,3.0,2026-01-07T00:00:00.000+00:00,Zebrafish TRPM5 with 5mM calcium and 0.5mM TPPO,homomeric protein,SINGLE PARTICLE
9P3U,EMD-71255,2.75,2026-01-07T00:00:00.000+00:00,Zebrafish TRPM5 E337A mutant with 5mM calcium and 0.5mM CBTA,homomeric protein,SINGLE PARTICLE
9P3V,EMD-71256,2.75,2026-01-07T00:00:00.000+00:00,Zebrafish TRPM5 Q771A mutant with 5mM calcium and 0.5mM CBTA,homomeric protein,SINGLE PARTICLE
9P3W,EMD-71257,2.85,2026-01-07T00:00:00.000+00:00,Zebrafish TRPM5 Q771A mutant with 5mM calcium,homomeric protein,SINGLE PARTICLE
9P4F,EMD-71265,3.01,2026-07-22T00:00:00.000+00:00,Cryo-EM structure of Nectin-2 complex with Fab F1,heteromeric protein,SINGLE PARTICLE
9P4L,EMD-71273,2.22,2026-04-15T00:00:00.000+00:00,Cryo-EM structure of AAV.CAP-B10,homomeric protein,SINGLE PARTICLE
9P4M,EMD-71274,3.05,2026-04-15T00:00:00.000+00:00,Cryo-EM structure of AAV9-B10,homomeric protein,SINGLE PARTICLE
9P4N,EMD-71275,2.18,2026-04-15T00:00:00.000+00:00,Cryo-EM structure of AAV9-X1.1 complexed to AAVR-PKD2,heteromeric protein,SINGLE PARTICLE
9P4O,EMD-71276,2.05,2026-04-15T00:00:00.000+00:00,Cryo-EM structure of PHP.eB.24,homomeric protein,SINGLE PARTICLE
9P4P,EMD-71277,3.09,2026-04-15T00:00:00.000+00:00,Cryo-EM structure of AAV9-X1,homomeric protein,SINGLE PARTICLE
9P4Q,EMD-71278,2.2,2026-04-15T00:00:00.000+00:00,Cryo-EM structure of AAV.CAP-B10 complexed to AAVR-PKD2,heteromeric protein,SINGLE PARTICLE
9P4R,EMD-71279,2.51,2026-04-15T00:00:00.000+00:00,Cryo-EM structure of AAV9-X1.1,homomeric protein,SINGLE PARTICLE
9P53,EMD-71299,2.77,2026-02-25T00:00:00.000+00:00,ClpP1P2 complex from M. tuberculosis bound to Calprotamide A,heteromeric protein,SINGLE PARTICLE
9P54,EMD-71300,2.8,2026-02-25T00:00:00.000+00:00,Apo form of ClpP1P2 complex from M. tuberculosis,heteromeric protein,SINGLE PARTICLE
9P6E,EMD-71307,2.7,2026-04-29T00:00:00.000+00:00,N49P7-FR Fab in complex with BG505 MD39 SOSIP and RM20A3 Fab,protein/oligosaccharide,SINGLE PARTICLE
9P6G,EMD-71308,2.7,2026-04-29T00:00:00.000+00:00,eN49P7-FRv1-23 Fab in complex with BG505 MD39 SOSIP and RM20A3 Fab,protein/oligosaccharide,SINGLE PARTICLE
9P6S,EMD-71324,2.61,2026-03-25T00:00:00.000+00:00,Cryo-EM structure of human integrin alpha5beta1 in complex with fibronectin (FN 7-10),protein/oligosaccharide,SINGLE PARTICLE
9P6U,EMD-71326,3.9,2026-07-01T00:00:00.000+00:00,"Cryo-EM structure of chimeric immunoglobulin M comprising bony fish and human sequences, hFcm-tFcm-chi3",homomeric protein,SINGLE PARTICLE
9P6V,EMD-71327,3.92,2026-07-01T00:00:00.000+00:00,"Cryo-EM structure of chimeric immunoglobulin M comprising bony fish and human sequences, hFcm-tFcm-chi4",homomeric protein,SINGLE PARTICLE
9P6X,EMD-71328,2.92,2026-01-21T00:00:00.000+00:00,Structure of EBOV glycoprotein in complex with Nanosota-EB1 and EB2,protein/oligosaccharide,SINGLE PARTICLE
9P7S,EMD-71352,3.5,2026-03-25T00:00:00.000+00:00,"Avian TRPM8 (Parus major) closed, ligand-free structure resolved in cell vesicles using cryo-EM",homomeric protein,SINGLE PARTICLE
9P7Z,EMD-71358,2.1,2026-03-25T00:00:00.000+00:00,"NTSR1-Gi-NTS(8-13) Complex in the Canonical, AHD Open State (C-Open-Apo)",heteromeric protein,SINGLE PARTICLE
9P80,EMD-71359,2.3,2026-03-25T00:00:00.000+00:00,"NTSR1-Gi-NTS(8-13) Complex in the Non-Canonical, AHD Open State (NC-Open-Apo)",heteromeric protein,SINGLE PARTICLE
9P81,EMD-71361,2.6,2026-03-25T00:00:00.000+00:00,"NTSR1-Gi-NTS(8-13), GTP-bound Complex in the Canonical, AHD Open State (C-Open-GTP)",heteromeric protein,SINGLE PARTICLE
9P82,EMD-71362,2.4,2026-03-25T00:00:00.000+00:00,"NTSR1-Gi-NTS(8-13) GTP-Bound Complex in the Canonical, AHD Closed State (C-Closed-GTP)",heteromeric protein,SINGLE PARTICLE
9P83,EMD-71363,3.2,2026-03-25T00:00:00.000+00:00,"NTSR1-Gi-NTS(8-13) GTP-Bound Complex in the Non-Canonical, AHD Open State (NC-Open-GTP)",heteromeric protein,SINGLE PARTICLE
9P84,EMD-71364,2.7,2026-03-25T00:00:00.000+00:00,"NTSR1-Gi-NTS(8-13) GTP-Bound Complex in the Non-Canonical, AHD Closed State (NC-Closed-GTP)",heteromeric protein,SINGLE PARTICLE
9P85,EMD-71365,3.0,2026-03-25T00:00:00.000+00:00,"NTSR1-Gi-NTS(8-13) GTP-Bound Complex in the Canonical, AHD Closed State, 3DVA Sorted (C-Closed*-GTP)",heteromeric protein,SINGLE PARTICLE
9P86,EMD-71366,2.9,2026-03-25T00:00:00.000+00:00,"NTSR1-G11-NTS(8-13) Complex in the Canonical, AHD Open State (C-Open-Apo)",heteromeric protein,SINGLE PARTICLE
9P87,EMD-71367,2.8,2026-03-25T00:00:00.000+00:00,"NTSR1-G11-NTS(8-13) Complex in the Canonical, AHD Partially Closed State (C-P-Closed-Apo)",heteromeric protein,SINGLE PARTICLE
9P88,EMD-71368,2.9,2026-03-25T00:00:00.000+00:00,"NTSR1-G11-NTS(8-13) Complex in the Non-Canonical, AHD Open State (NC-Open-Apo)",heteromeric protein,SINGLE PARTICLE
9P89,EMD-71369,3.9,2026-03-25T00:00:00.000+00:00,"NTSR1-G11-NTS(8-13) GTP-Bound Complex in the Canonical, AHD Closed State 3DVA Separated 1 (C-Closed-GTP)",heteromeric protein,SINGLE PARTICLE
9P8A,EMD-71370,3.7,2026-03-25T00:00:00.000+00:00,"NTSR1-G11-NTS(8-13) GTP-Bound Complex in the Canonical, AHD Closed State 3DVA Separated 2 (C-Closed*-GTP)",heteromeric protein,SINGLE PARTICLE
9P8Y,EMD-71391,3.0,2026-03-25T00:00:00.000+00:00,"Human TRPM8 closed, ligand-free structure resolved in GDN using cryo-EM",homomeric protein,SINGLE PARTICLE
9P90,EMD-71394,3.5,2026-04-08T00:00:00.000+00:00,"Avian TRPM8 (Parus major) desensitized, fully-swapped, ligand-free structure resolved in cell vesicles using cryo-EM",homomeric protein,SINGLE PARTICLE
9P91,EMD-71395,3.0,2026-03-25T00:00:00.000+00:00,"Avian TRPM8 (Parus major) semi-swapped, ligand-free structure resolved in cell vesicles using cryo-EM",homomeric protein,SINGLE PARTICLE
9P9B,EMD-71405,3.31,2026-01-28T00:00:00.000+00:00,Activated GluA4 homotetrameric AMPAR.,heteromeric protein,SINGLE PARTICLE
9P9D,EMD-71407,3.82,2026-01-28T00:00:00.000+00:00,Active substate 2 of the GluA4 homotetramer.,heteromeric protein,SINGLE PARTICLE
9P9E,EMD-71408,3.82,2026-01-28T00:00:00.000+00:00,Active substate 3 of the GluA4 homotetramer.,heteromeric protein,SINGLE PARTICLE
9P9F,EMD-71409,3.89,2026-01-28T00:00:00.000+00:00,Active substate 4 of the GluA4 homotetramer.,heteromeric protein,SINGLE PARTICLE
9P9L,EMD-71417,2.28,2026-04-29T00:00:00.000+00:00,Gag CA-SP1 immature lattice bound with Lenacapavir from enveloped virus like particles,homomeric protein,SINGLE PARTICLE
9P9M,EMD-71418,2.93,2026-04-29T00:00:00.000+00:00,CA-SP1 immature lattice assembled in vitro with inhibitor lenacapavir (dialyzed to 50nM),homomeric protein,SINGLE PARTICLE
9P9Q,EMD-71419,3.7,2026-07-01T00:00:00.000+00:00,KL-H15-3G11 Fab in complex with soluble A/wedge-tailed shearwater/Western Australia/2576/1979 H15 hemagglutinin trimer,protein/oligosaccharide,SINGLE PARTICLE
9P9R,EMD-71420,3.14,2026-07-01T00:00:00.000+00:00,KL-H15-6H4 Fab in complex with soluble A/wedge-tailed shearwater/Western Australia/2576/1979 H15 hemagglutinin trimer,heteromeric protein,SINGLE PARTICLE
9P9S,EMD-71421,3.41,2026-07-01T00:00:00.000+00:00,KL-H15-6G8 Fab in complex with soluble A/wedge-tailed shearwater/Western Australia/2576/1979 H15 hemagglutinin trimer,heteromeric protein,SINGLE PARTICLE
9P9T,EMD-71422,3.33,2026-07-01T00:00:00.000+00:00,07-5G01 Fab in complex with soluble A/wedge-tailed shearwater/Western Australia/2576/1979 H15 hemagglutinin trimer,heteromeric protein,SINGLE PARTICLE
9P9W,EMD-71426,3.2,2026-07-01T00:00:00.000+00:00,Lipid droplet biogenesis by the seipin complex,homomeric protein,SINGLE PARTICLE
9PA1,EMD-71429,2.63,2026-07-01T00:00:00.000+00:00,PCP bound kappa-opioid receptor in complex with Gi1,heteromeric protein,SINGLE PARTICLE
9PA2,EMD-71430,2.86,2026-07-01T00:00:00.000+00:00,PCP bound mu-opioid receptor in complex with Gi1,heteromeric protein,SINGLE PARTICLE
9PA3,EMD-71431,3.05,2026-07-01T00:00:00.000+00:00,3-OH-PCP bound mu-opioid receptor in complex with Gi1,heteromeric protein,SINGLE PARTICLE
9PA4,EMD-71432,2.5,2026-07-01T00:00:00.000+00:00,(S)-ketamine bound kappa-opioid receptor in complex with Gi1,heteromeric protein,SINGLE PARTICLE
9PA5,EMD-71433,2.92,2026-07-01T00:00:00.000+00:00,(S)-ketamine bound mu-opioid receptor in complex with Gi1,heteromeric protein,SINGLE PARTICLE
9PA6,EMD-71434,3.43,2026-07-01T00:00:00.000+00:00,Ligand-free kappa-opioid receptor in complex with Gi1,heteromeric protein,SINGLE PARTICLE
9PA8,EMD-71436,3.1,2026-03-04T00:00:00.000+00:00,NmTbpB and Tf protein complex,heteromeric protein,SINGLE PARTICLE
9PAR,EMD-71444,3.0,2026-03-25T00:00:00.000+00:00,"Avian TRPM8 (Parus major) semi-swapped, ligand-free structure at high pH and 4 degrees Celsius resolved in GDN using cryo-EM",homomeric protein,SINGLE PARTICLE
9PAW,EMD-71448,2.93,2026-03-04T00:00:00.000+00:00,Cryo-EM structure of the engineered HflK/C variant stabilized in the closed conformation via disulfide bond crosslinking.,heteromeric protein,SINGLE PARTICLE
9PB5,EMD-71454,3.5,2026-03-25T00:00:00.000+00:00,Human TRPM8 menthol bound structure at 4 degrees Celsius resolved in cell vesicles using cryo-EM,homomeric protein,SINGLE PARTICLE
9PB6,EMD-71455,3.6,2026-04-08T00:00:00.000+00:00,Avian TRPM8 (Parus major) menthol bound structure resolved in cell vesicles using cryo-EM,homomeric protein,SINGLE PARTICLE
9PDP,EMD-71539,3.83,2026-02-04T00:00:00.000+00:00,In situ cryoEM structure of bacteriophage P22 portal barrel,homomeric protein,SINGLE PARTICLE
9PE0,EMD-71549,3.64,2026-03-25T00:00:00.000+00:00,"CryoEM structure of the GSDME pore, C27",homomeric protein,SINGLE PARTICLE
9PE1,EMD-71550,3.09,2026-04-22T00:00:00.000+00:00,"Structure of beta-1,3-glucan synthase in complex with caspofungin, Rho1 and long glucan",protein/oligosaccharide,SINGLE PARTICLE
9PE2,EMD-71551,3.07,2026-04-22T00:00:00.000+00:00,"Structure of beta-1,3-glucan synthase from Saccharomyces cerevisiae (ScFks1) in complex with short glucan",protein/oligosaccharide,SINGLE PARTICLE
9PE3,EMD-71552,3.26,2026-04-22T00:00:00.000+00:00,"Structure of beta-1,3-glucan synthase from Saccharomyces cerevisiae (ScFks1) at the catalytically relevant ground state",protein/oligosaccharide,SINGLE PARTICLE
9PE4,EMD-71553,2.69,2026-04-22T00:00:00.000+00:00,"Structure of beta-1,3-glucan synthase from Saccharomyces cerevisiae (ScFks1) at the catalytically less relevant L2 state",protein/oligosaccharide,SINGLE PARTICLE
9PE5,EMD-71554,2.8,2026-04-22T00:00:00.000+00:00,"Structure of beta-1,3-glucan synthase from Saccharomyces cerevisiae (ScFks1) at the catalytically less relevant L1 state",protein/oligosaccharide,SINGLE PARTICLE
9PEA,EMD-71555,2.6,2026-07-22T00:00:00.000+00:00,Cryo-EM structure of full-length human TRPV1 in complex with analgesic MSP20,homomeric protein,SINGLE PARTICLE
9PEL,EMD-71566,2.54,2026-08-12T00:00:00.000+00:00,"Structure of EBOV GP, MWAC-3634, and Nanosota-EB2 ternary complex",protein/oligosaccharide,SINGLE PARTICLE
9PEW,EMD-71580,2.69,2026-08-19T00:00:00.000+00:00,"Porcine ATP synthase with inhibitory protein IF1, DP-state",heteromeric protein,SINGLE PARTICLE
9PEX,EMD-71582,3.05,2026-09-09T00:00:00.000+00:00,"Porcine ATP synthase with inhibitory protein IF1, F1 domain, E-state",heteromeric protein,SINGLE PARTICLE
9PFJ,EMD-71602,3.08,2026-07-01T00:00:00.000+00:00,Cryo-EM structure of VX77 Fab in complex with GII.4 Norovirus P domain,heteromeric protein,SINGLE PARTICLE
9PFK,EMD-71603,2.93,2026-07-01T00:00:00.000+00:00,Cryo-EM structure of VX93 Fab in complex with GII.4 Norovirus P domain,heteromeric protein,SINGLE PARTICLE
9PGD,EMD-71626,3.2,2026-07-22T00:00:00.000+00:00,"ARP6-ZNHIT1 module from fully-engaged state of SRCAP-nucleosome complex, with H3-bound ARP6 (focused refinement, filtered by local resolution)",heteromeric protein,SINGLE PARTICLE
9PGG,EMD-71631,2.76,2026-02-04T00:00:00.000+00:00,Cryo-EM structure of bacteriophage P22 gp1-gp5-gp4 complex at 2.76 angstrom,heteromeric protein,SINGLE PARTICLE
9PHF,EMD-71647,2.2,2026-06-24T00:00:00.000+00:00,Vpb4Aa2 pore complex in C7 symmetry,homomeric protein,SINGLE PARTICLE
9PI7,EMD-71654,2.05,2026-06-24T00:00:00.000+00:00,EV-D68 in complex with G12 VHH,heteromeric protein,SINGLE PARTICLE
9PI8,EMD-71655,2.11,2026-06-17T00:00:00.000+00:00,EV-D68 in complex with G12 Fc,heteromeric protein,SINGLE PARTICLE
9PIE,EMD-71664,3.01,2026-06-03T00:00:00.000+00:00,Cryo-EM structure of human NCC with chlorthalidone (C2),heteromeric protein,SINGLE PARTICLE
9PIF,EMD-71665,3.24,2026-06-03T00:00:00.000+00:00,Cryo-EM structure of human NCC with chlorthalidone,heteromeric protein,SINGLE PARTICLE
9PIG,EMD-71666,2.79,2026-06-03T00:00:00.000+00:00,Cryo-EM structure of human NCC with indapamide,heteromeric protein,SINGLE PARTICLE
9PIK,EMD-71670,2.62,2026-04-29T00:00:00.000+00:00,"Structure of the two-pore domain, outwardly rectifying potassium (TOK1) from Candida albicans, overall structure",homomeric protein,SINGLE PARTICLE
9PIT,EMD-71677,3.1,2026-03-04T00:00:00.000+00:00,HIV-1 bnAb 1-23 in complex with BG505 MD39 SOSIP and RM19R,protein/oligosaccharide,SINGLE PARTICLE
9PIV,EMD-71678,3.5,2026-03-04T00:00:00.000+00:00,HIV-1 bnAb 9-71 in complex with BG505 MD39 SOSIP and RM19R,protein/oligosaccharide,SINGLE PARTICLE
9PJ5,EMD-71680,2.76,2026-07-01T00:00:00.000+00:00,Closed-state structure of wild-type human TRPV3 purified in GDN detergent,homomeric protein,SINGLE PARTICLE
9PJ6,EMD-71681,2.97,2026-07-01T00:00:00.000+00:00,Inactivated-state structure of wild-type human TRPV3 purified in GDN detergent,homomeric protein,SINGLE PARTICLE
9PJA,EMD-71685,2.8,2026-06-03T00:00:00.000+00:00,Cryo-EM structure of human NXPE1,protein/oligosaccharide,SINGLE PARTICLE
9PKO,EMD-71702,2.8,2026-04-29T00:00:00.000+00:00,"Structure of the two-pore domain, outwardly rectifying potassium (TOK1) from Candida albicans, Up conformation",homomeric protein,SINGLE PARTICLE
9PKP,EMD-71703,3.05,2026-04-29T00:00:00.000+00:00,"Structure of the two-pore domain, outwardly rectifying potassium (TOK1) from Candida albicans, Down conformation",homomeric protein,SINGLE PARTICLE
9PKW,EMD-71705,2.86,2026-01-07T00:00:00.000+00:00,Alpha1/Beta Heteromeric Glycine receptor in the presence of 0.200 mM strychnine and 200 nM ivermectin,heteromeric protein,SINGLE PARTICLE
9PKX,EMD-71706,2.86,2026-01-07T00:00:00.000+00:00,Alpha1/Beta Heteromeric Glycine receptor in the presence of 0.200 mM strychnine and 500 nM ivermectin,heteromeric protein,SINGLE PARTICLE
9PKY,EMD-71707,2.89,2026-01-07T00:00:00.000+00:00,Alpha1/Beta Heteromeric Glycine receptor in the presence of 0.200 mM strychnine and 2000 nM ivermectin,heteromeric protein,SINGLE PARTICLE
9PKZ,EMD-71708,2.89,2026-01-07T00:00:00.000+00:00,Alpha1/Beta Heteromeric Glycine receptor in the presence of 0.200 mM strychnine and 0.02 mM ivermectin,heteromeric protein,SINGLE PARTICLE
9PLQ,EMD-71720,3.19,2026-07-22T00:00:00.000+00:00,HUWE1(CS)-Ubiquitin bound to the HECT domain,heteromeric protein,SINGLE PARTICLE
9PLR,EMD-71721,2.88,2026-07-22T00:00:00.000+00:00,CryoEM reconstruction of HUWE1-USP7 complex in the closed state,heteromeric protein,SINGLE PARTICLE
9PM6,EMD-71728,3.45,2026-01-21T00:00:00.000+00:00,Cryo-EM structure of modified Zika virus E protein dimer complexed with a neutralizing antibody OZ-D4 Fab,heteromeric protein,SINGLE PARTICLE
9PMO,EMD-71740,3.82,2026-07-01T00:00:00.000+00:00,Human 26S proteasome bound to TXNL1 with opened gate of core particle,heteromeric protein,SINGLE PARTICLE
9PMQ,EMD-71741,4.0,2026-07-01T00:00:00.000+00:00,Human 26S proteasome bound to TXNL1 with closed gate of core particle,heteromeric protein,SINGLE PARTICLE
9PMS,EMD-71742,3.56,2026-07-22T00:00:00.000+00:00,Epitope editing of CD90 protects hematopoietic stem cells from immunotherapy and enables targeted enrichment for gene therapy,heteromeric protein,SINGLE PARTICLE
9PN8,EMD-71746,2.96,2026-09-16T00:00:00.000+00:00,CsgG nanopore in complex with designed CsgX1C,heteromeric protein,SINGLE PARTICLE
9PN9,EMD-71747,2.68,2026-09-16T00:00:00.000+00:00,CsgG nanopore in complex with designed CsgX2,heteromeric protein,SINGLE PARTICLE
9PNA,EMD-71748,2.61,2026-09-16T00:00:00.000+00:00,CsgG nanopore in complex with designed CsgX1,heteromeric protein,SINGLE PARTICLE
9PNB,EMD-71749,2.57,2026-09-16T00:00:00.000+00:00,CsgG nanopore in complex with designed CsgX2C,heteromeric protein,SINGLE PARTICLE
9PNS,EMD-71770,3.4,2026-03-04T00:00:00.000+00:00,Structure of human serotonin transporter bound to small molecule zPZd in lipid nanodisc and NaCl,heteromeric protein,SINGLE PARTICLE
9PPQ,EMD-71775,3.34,2026-03-04T00:00:00.000+00:00,Locally-refined Mu-Opioid Receptor bound with novel compound 0505 (3-[({[(1P)-1-(3-chlorophenyl)-1H-pyrazol-3-yl]methyl}amino)methyl]phenol),homomeric protein,SINGLE PARTICLE
9PPW,EMD-71776,3.32,2026-03-04T00:00:00.000+00:00,CryoEM structure of delta opioid receptor bound to G proteins and Naltrindole,heteromeric protein,SINGLE PARTICLE
9PPX,EMD-71777,3.04,2026-03-04T00:00:00.000+00:00,CryoEM structure of delta opioid receptor bound to G proteins and naltrexone,heteromeric protein,SINGLE PARTICLE
9PPY,EMD-71778,3.1,2026-03-04T00:00:00.000+00:00,CryoEM structure of delta opioid receptor bound to G proteins and met-enkephalin,heteromeric protein,SINGLE PARTICLE
9PPZ,EMD-71779,3.19,2026-03-04T00:00:00.000+00:00,CryoEM structure of delta opioid receptor bound to G proteins and SNC80,heteromeric protein,SINGLE PARTICLE
9PQ0,EMD-71780,3.12,2026-03-04T00:00:00.000+00:00,CryoEM structure of delta opioid receptor bound to G proteins and ADL5859,heteromeric protein,SINGLE PARTICLE
9PQJ,EMD-71784,2.36,2026-02-25T00:00:00.000+00:00,Cryo-EM structure of ATPgammaS-bound Vientovirus FB Rep hexamer,homomeric protein,SINGLE PARTICLE
9PQM,EMD-71786,3.18,2026-02-25T00:00:00.000+00:00,Cryo-EM structure of ATPgammaS-bound Vientovirus FB Rep hexamer with endonuclease domain density,homomeric protein,SINGLE PARTICLE
9PQO,EMD-71787,3.1,2026-02-25T00:00:00.000+00:00,Cryo-EM structure of ATPgammaS-bound Vientovirus FB Rep pentamer,homomeric protein,SINGLE PARTICLE
9PQQ,EMD-71788,3.32,2026-02-25T00:00:00.000+00:00,Cryo-EM structure of ATPgammaS-bound Vientovirus FB Rep double hexamer with C1 symmetry,homomeric protein,SINGLE PARTICLE
9PQR,EMD-71789,2.95,2026-02-25T00:00:00.000+00:00,Cryo-EM structure of ATPgammaS-bound Vientovirus FB Rep double hexamer with C6 symmetry,homomeric protein,SINGLE PARTICLE
9PQT,EMD-71790,3.2,2026-02-25T00:00:00.000+00:00,Cryo-EM structure of ADP-bound Vientovirus FB Rep hexamer,homomeric protein,SINGLE PARTICLE
9PR3,EMD-71796,3.2,2026-02-04T00:00:00.000+00:00,Cryo-EM structure of stabilized H5N1 A/Texas/37/2024 hemagglutinin fused to foldon,homomeric protein,SINGLE PARTICLE
9PR5,EMD-71798,3.3,2026-02-25T00:00:00.000+00:00,Cryo-EM structure of the human inward-rectifier potassium 7.1 channel (Kir7.1) extended state,homomeric protein,SINGLE PARTICLE
9PR6,EMD-71799,3.9,2026-02-25T00:00:00.000+00:00,Cryo-EM structure of the human inward-rectifier potassium 7.1 channel (Kir7.1) docked state,homomeric protein,SINGLE PARTICLE
9PR7,EMD-71800,4.0,2026-02-25T00:00:00.000+00:00,Cryo-EM structure of the human inward-rectifier potassium 7.1 channel (Kir7.1) with enantiomer of 17-hydroxyprogesterone caproate,homomeric protein,SINGLE PARTICLE
9PRT,EMD-71813,3.02,2026-07-01T00:00:00.000+00:00,"Human 19S proteasome bound to TXNL1 PITH domain but with low density for RPT1, RPT2, and RPN1",heteromeric protein,SINGLE PARTICLE
9PRY,EMD-71816,3.28,2026-02-25T00:00:00.000+00:00,"HIV-1 CA hexamer from purified viral cores, C1 symmetry",homomeric protein,SINGLE PARTICLE
9PRZ,EMD-71817,2.95,2026-02-25T00:00:00.000+00:00,"HIV-1 CA hexamer from purified viral cores, C6 symmetry",homomeric protein,SINGLE PARTICLE
9PS5,EMD-71823,3.93,2026-06-03T00:00:00.000+00:00,Cryo-EM structure of NCLX without calcium (class 2),homomeric protein,SINGLE PARTICLE
9PT4,EMD-71830,3.03,2026-07-22T00:00:00.000+00:00,Cryo-EM structure of GPR84-Gi complex bound to OX04529,heteromeric protein,SINGLE PARTICLE
9PT5,EMD-71831,3.74,2026-05-06T00:00:00.000+00:00,Bacillus subtilis teneurin-like protein,homomeric protein,SINGLE PARTICLE
9PTR,EMD-71844,2.6,2026-08-05T00:00:00.000+00:00,"Structure of holo vanadium-dependent haloperoxidase from Enhygromyxa salina bound to vanadate, and bromide",homomeric protein,SINGLE PARTICLE
9PTS,EMD-71845,2.4,2026-08-05T00:00:00.000+00:00,"Structure of vanadium-dependent haloperoxidase from Enhygromyxa salina bound to vanadate, bromide, and hydrogen peroxide",homomeric protein,SINGLE PARTICLE
9PTU,EMD-71847,2.38,2026-07-01T00:00:00.000+00:00,Cryo-EM structure of the DCAF11 E3 ligase bound to the DDX18 helicase mediated by GSH-M12,heteromeric protein,SINGLE PARTICLE
9PU5,EMD-71869,3.5,2026-05-27T00:00:00.000+00:00,Cryo-EM structure of human MOR-Gi1 complex protein bound with DAMGO and BMS986187,heteromeric protein,SINGLE PARTICLE
9PUD,EMD-71871,3.0,2026-05-27T00:00:00.000+00:00,Cryo-EM structure of MOR-Gi1 complex protein bound with DAMGO,heteromeric protein,SINGLE PARTICLE
9PUM,EMD-71872,2.8,2026-08-05T00:00:00.000+00:00,Human respirovirus 3 hemagglutinin-neuraminidase dimer in complex with VHH A2R3-60,heteromeric protein,SINGLE PARTICLE
9PUP,EMD-71873,3.2,2026-08-05T00:00:00.000+00:00,Human respirovirus 3 hemagglutinin-neuraminidase dimer in complex with VHH A2R3-59,protein/oligosaccharide,SINGLE PARTICLE
9PUR,EMD-71874,3.2,2026-08-05T00:00:00.000+00:00,Human respirovirus 1 hemagglutinin-neuraminidase dimer in complex with VHH A2R3-60,heteromeric protein,SINGLE PARTICLE
9PUV,EMD-71877,3.68,2026-06-10T00:00:00.000+00:00,Insulin receptor bound to S961,heteromeric protein,SINGLE PARTICLE
9PUW,EMD-71878,3.64,2026-06-10T00:00:00.000+00:00,Insulin Receptor bound to Ins-AC-S2,heteromeric protein,SINGLE PARTICLE
9PV0,EMD-71880,2.52,2026-08-05T00:00:00.000+00:00,NorA in outward-open conformation bound to inhibitor IMP2380,homomeric protein,SINGLE PARTICLE
9PVB,EMD-71888,2.04,2026-08-12T00:00:00.000+00:00,Hybrid Rubisco containing Arabidopsis thaliana large subunit and Nicotiana tabacum trichome isoform 2 small subunit,heteromeric protein,SINGLE PARTICLE
9PVC,EMD-71889,2.08,2026-08-12T00:00:00.000+00:00,Hybrid Rubisco containing Arabidopsis thaliana large subunit and Chlamydomonas reinhardtii small subunit,heteromeric protein,SINGLE PARTICLE
9PVM,EMD-71893,3.27,2026-08-26T00:00:00.000+00:00,cryoEM structure of drug bound human SLC33A1 transporter,homomeric protein,SINGLE PARTICLE
9PVO,EMD-71894,3.89,2026-06-10T00:00:00.000+00:00,Novel site 1 interaction of the IR/Ins-AC-S2 complex,heteromeric protein,SINGLE PARTICLE
9PW5,EMD-71901,1.99,2026-08-26T00:00:00.000+00:00,Hybrid Rubisco containing Arabidopsis thaliana large subunit and Oryza sativa small subunit RbcS1,heteromeric protein,SINGLE PARTICLE
9PWA,EMD-71905,2.55,2026-04-08T00:00:00.000+00:00,Closed AP-2 clathrin adaptor complex in solution,heteromeric protein,SINGLE PARTICLE
9PWB,EMD-71909,2.64,2026-04-08T00:00:00.000+00:00,Structure of AP-2 bound to the dileucine motif of CCDC32; combined map,heteromeric protein,SINGLE PARTICLE
9PWC,EMD-71914,3.0,2026-04-08T00:00:00.000+00:00,Composite structure of AP-2 bound to the dileucine motif and WxxPhi motif of CCDC32,heteromeric protein,SINGLE PARTICLE
9PWP,EMD-71937,2.12,2026-08-26T00:00:00.000+00:00,Hybrid Rubisco containing Arabidopsis thaliana large subunit and Limonium gibertii small subunit,heteromeric protein,SINGLE PARTICLE
9PX8,EMD-71961,3.3,2026-08-12T00:00:00.000+00:00,"Cryo-EM structure of designed Orb2 amyloid (LVLVF, polymorph 1)",homomeric protein,SINGLE PARTICLE
9PXF,EMD-71966,2.58,2026-01-28T00:00:00.000+00:00,Ammonia monooxygenase in native membranes from N. briensis,heteromeric protein,SINGLE PARTICLE
9PXG,EMD-71969,2.75,2026-06-10T00:00:00.000+00:00,Cryo-EM structure of apo BAM from P. aeruginosa PAO1,heteromeric protein,SINGLE PARTICLE
9PXI,EMD-71970,2.85,2026-06-10T00:00:00.000+00:00,Cryo-EM structure of BAM from P. aeruginosa PAO1 in complex with Pyocin L1,heteromeric protein,SINGLE PARTICLE
9PXJ,EMD-71971,3.18,2026-06-10T00:00:00.000+00:00,Cryo-EM structure of BAM from P. aeruginosa P28 in complex with Pyocin L2,heteromeric protein,SINGLE PARTICLE
9PXK,EMD-71972,2.52,2026-07-22T00:00:00.000+00:00,CryoEM structure of Ndh-Ncp complex from Bacillus subtilis with NADH and MK-8,heteromeric protein,SINGLE PARTICLE
9PXL,EMD-71973,2.11,2026-07-22T00:00:00.000+00:00,CryoEM structure of Ndh-Ncp complex from Bacillus subtilis,heteromeric protein,SINGLE PARTICLE
9PXN,EMD-71975,2.5,2026-05-20T00:00:00.000+00:00,Human apo HCN1 nanodisc,homomeric protein,SINGLE PARTICLE
9PXT,EMD-71994,3.0,2026-06-17T00:00:00.000+00:00,"Cryo-EM structure of NapA, the periplasmic nitrate reductase from Campylobacter jejuni",homomeric protein,SINGLE PARTICLE
9PY5,EMD-72009,3.5,2026-06-17T00:00:00.000+00:00,Q10M-055 Fab in complex with HIV-1 Env Q23 NFL TD CC3+,protein/oligosaccharide,SINGLE PARTICLE
9PYC,EMD-72030,2.9,2026-02-18T00:00:00.000+00:00,Cryo-EM structure of EF-G and RaiA simultaneously bound to an E. coli ribosome imaged in a cell lysate,heteromeric protein,SINGLE PARTICLE
9PYD,EMD-72031,3.3,2026-06-17T00:00:00.000+00:00,Q12QBM-007 Fab in complex with HIV-1 Env BG505 NFL TD CC3+,protein/oligosaccharide,SINGLE PARTICLE
9PYH,EMD-72033,3.3,2026-06-17T00:00:00.000+00:00,Q9M-023 Fab in complex with HIV-1 Env BG505 NFL TD CC3+,protein/oligosaccharide,SINGLE PARTICLE
9PYK,EMD-72035,3.3,2026-06-17T00:00:00.000+00:00,Q12BBM-069 Fab in complex with HIV-1 Env BG505 NFL TD CC3+,protein/oligosaccharide,SINGLE PARTICLE
9PZB,EMD-72060,3.2,2026-07-01T00:00:00.000+00:00,"HCMV trimer in complex with E4K, E11K, A9K, E9L, E8K, B1K, E7K, F12L and E10L Fabs",heteromeric protein,SINGLE PARTICLE
9PZC,EMD-72061,3.2,2026-07-01T00:00:00.000+00:00,"HCMV trimer in complex with G1L (II), G1L (A), B5L, C4K, B1K, A7K, A12K, and C5K Fabs",heteromeric protein,SINGLE PARTICLE
9PZD,EMD-72067,3.3,2026-08-12T00:00:00.000+00:00,"Cryo-EM structure of designed Orb2 amyloid (LVLVF, polymorph 2)",homomeric protein,SINGLE PARTICLE
9PZN,EMD-72073,2.86,2026-08-19T00:00:00.000+00:00,heterotrimeric ENaC channel complex PPK1/PPK26/PPK26,protein/oligosaccharide,SINGLE PARTICLE
9PZO,EMD-72074,2.86,2026-08-19T00:00:00.000+00:00,heterotrimeric ENaC channel complex PPK1/PPK26/PPK26 with Vulnusin,protein/oligosaccharide,SINGLE PARTICLE
9Q05,EMD-72087,3.09,2026-01-14T00:00:00.000+00:00,syNOS monomer bound to NADPH,homomeric protein,SINGLE PARTICLE
9Q06,EMD-72088,3.9,2026-01-14T00:00:00.000+00:00,Symmetric Inactivated Locked State,homomeric protein,SINGLE PARTICLE
9Q09,EMD-72094,3.23,2026-05-27T00:00:00.000+00:00,Cryo-EM structure of PGT121 Fab and Rhesus macaque Ab76 Fab in complex with HIV-1 Env trimer BG505 SOSIP.664,protein/oligosaccharide,SINGLE PARTICLE
9Q0E,EMD-72096,3.2,2026-08-26T00:00:00.000+00:00,CCT G beta 5 S123L complex state 5,heteromeric protein,SINGLE PARTICLE
9Q0F,EMD-72097,3.02,2026-08-26T00:00:00.000+00:00,Structure of angiotensin II type 1 receptor bound to a b-arrestin biased allosteric modulator stabilized by a synthetic nanobody,heteromeric protein,SINGLE PARTICLE
9Q0G,EMD-72098,3.2,2026-08-26T00:00:00.000+00:00,CCT G beta 5 S123L complex state 3,heteromeric protein,SINGLE PARTICLE
9Q0M,EMD-72099,3.1,2026-06-03T00:00:00.000+00:00,Cryo-EM structure of PPAT-NUDT5 complex bound to adenosine-5'-monophosphate (AMP),heteromeric protein,SINGLE PARTICLE
9Q0N,EMD-72100,2.8,2026-06-03T00:00:00.000+00:00,Cryo-EM structure of PPAT-NUDT5 complex bound to 6-methylthioinosine-5'-monophosphate (6-meTIMP),heteromeric protein,SINGLE PARTICLE
9Q0O,EMD-72101,2.9,2026-06-03T00:00:00.000+00:00,Cryo-EM structure of PPAT-NUDT5 complex bound to 6-benzylthioinosine-5'-monophosphate (6-benzylTIMP),heteromeric protein,SINGLE PARTICLE
9Q0R,EMD-72103,1.84,2026-08-26T00:00:00.000+00:00,Hybrid Rubisco containing Arabidopsis thaliana large subunit and Sorghum bicolor small subunit,heteromeric protein,SINGLE PARTICLE
9Q0U,EMD-72106,3.2,2026-08-26T00:00:00.000+00:00,CCT G beta 5 S123L complex state 4,heteromeric protein,SINGLE PARTICLE
9Q0V,EMD-72107,3.2,2026-08-26T00:00:00.000+00:00,CCT G beta 5 S123L complex state 2,heteromeric protein,SINGLE PARTICLE
9Q0X,EMD-72109,3.77,2026-01-14T00:00:00.000+00:00,syNOS Turnover State,homomeric protein,SINGLE PARTICLE
9Q0Y,EMD-72110,3.19,2026-01-14T00:00:00.000+00:00,Asymmetric syNOS,homomeric protein,SINGLE PARTICLE
9Q15,EMD-72116,3.08,2026-01-14T00:00:00.000+00:00,syNOS Asymmetric Locked State (Composite),homomeric protein,SINGLE PARTICLE
9Q1E,EMD-72125,2.69,2026-06-10T00:00:00.000+00:00,Cryo-EM Structure of the MgtA Tetramer at 2.7 A Resolution,homomeric protein,SINGLE PARTICLE
9Q1X,EMD-72144,3.2,2026-08-26T00:00:00.000+00:00,CCT G beta 5 S123L complex state 1,heteromeric protein,SINGLE PARTICLE
9Q1Z,EMD-72146,3.05,2026-07-01T00:00:00.000+00:00,Structure of the Measles virus Hemagglutinin ectodomain in complex with neutralizing antibody 1C02,protein/oligosaccharide,SINGLE PARTICLE
9Q20,EMD-72147,3.25,2026-07-01T00:00:00.000+00:00,Structure of the Measles virus Hemagglutinin ectodomain in complex with neutralizing antibody 1C08,protein/oligosaccharide,SINGLE PARTICLE
9Q24,EMD-72149,3.25,2026-07-01T00:00:00.000+00:00,Structure of the Measles virus Hemagglutinin ectodomain in complex with two neutralizing antibodies 1C08 and 4D08,protein/oligosaccharide,SINGLE PARTICLE
9Q26,EMD-72151,2.3,2026-07-01T00:00:00.000+00:00,Structure of the Measles virus Fusion glycoprotein ectodomain in complex with two neutralizing antibodies 4F09 and 3A12,protein/oligosaccharide,SINGLE PARTICLE
9Q2H,EMD-72165,2.74,2026-07-29T00:00:00.000+00:00,Rad55-Rad57-SHU homologous recombination complex,heteromeric protein,SINGLE PARTICLE
9Q33,EMD-72178,3.2,2026-01-14T00:00:00.000+00:00,Cereblon Ternary Complex with Blimp1 and compound 5,heteromeric protein,SINGLE PARTICLE
9Q37,EMD-72185,3.45,2026-08-19T00:00:00.000+00:00,"Cryo-EM structure of designed Orb2 amyloid (LVLVF, polymorph 3)",homomeric protein,SINGLE PARTICLE
9Q3A,EMD-72189,2.77,2026-01-21T00:00:00.000+00:00,Structure of the Borna Disease Virus 1 L and co-factor P Protein in an apo state,heteromeric protein,SINGLE PARTICLE
9Q3E,EMD-72190,3.3,2026-07-08T00:00:00.000+00:00,Cryo-EM structure of RotavirusA NSP1-ELOB-ELOC-CUL3,heteromeric protein,SINGLE PARTICLE
9Q3L,EMD-72202,2.5,2026-08-19T00:00:00.000+00:00,CryoEM structure of beta2-adrenergic receptor dimer mediated by a biased allosteric modulator in lipid nanodisc,homomeric protein,SINGLE PARTICLE
9Q3S,EMD-72206,3.01,2026-05-27T00:00:00.000+00:00,Cryo-EM structure of PGT121 Fab and Rhesus macaque Ab4 Fab in complex with HIV-1 Env trimer BG505 SOSIP.664,protein/oligosaccharide,SINGLE PARTICLE
9Q3U,EMD-72207,3.37,2026-02-25T00:00:00.000+00:00,Cryo EM structure of elk ACE2 in complex with SARS-CoV-2 spike trimer,heteromeric protein,SINGLE PARTICLE
9Q3V,EMD-72208,3.3,2026-02-25T00:00:00.000+00:00,Cryo EM structure of elk ACE2 in complex with XBB 1.5 spike RBD,heteromeric protein,SINGLE PARTICLE
9Q3X,EMD-72216,3.64,2026-05-27T00:00:00.000+00:00,The CryoEM structure of Rhesus macaque 1G3 and PGT121 Fabs in complex with BG505 SOSIP.664,protein/oligosaccharide,SINGLE PARTICLE
9Q59,EMD-72223,2.76,2026-08-26T00:00:00.000+00:00,Cryo-EM structure of Paracoccus Trimethylamine N-oxide Demethylase,homomeric protein,SINGLE PARTICLE
9Q5A,EMD-72224,2.8,2026-08-26T00:00:00.000+00:00,Cryo-EM structure of a Paracoccus Trimethylamine N-oxide Demethylase mutant (D220A/D367A)in Complex with TMAO,homomeric protein,SINGLE PARTICLE
9Q5L,EMD-72239,2.79,2026-08-26T00:00:00.000+00:00,"Cryo-EM structure of a Paracoccus Trimethylamine N-oxide Demethylase in complex with DMA, HCHO",homomeric protein,SINGLE PARTICLE
9Q5M,EMD-72240,2.59,2026-04-15T00:00:00.000+00:00,Structure of the Measles virus Fusion glycoprotein ectodomain in complex with neutralizing antibody Y10F,protein/oligosaccharide,SINGLE PARTICLE
9Q5V,EMD-72242,2.82,2026-04-15T00:00:00.000+00:00,Structure of the Measles virus Fusion glycoprotein ectodomain in complex with two neutralizing antibodies mAb77 and Y10F,protein/oligosaccharide,SINGLE PARTICLE
9Q69,EMD-72260,3.35,2026-06-24T00:00:00.000+00:00,"Cryo-electron microscopy structure of PfRIPR bound to monoclonal antibodies RP.047, RP.057 and RP.035",heteromeric protein,SINGLE PARTICLE
9Q6B,EMD-72265,2.97,2026-06-24T00:00:00.000+00:00,"Cryo-electron microscopy structure of PfRIPR bound to monoclonal antibodies RP.093, RP.073 and RP.063",heteromeric protein,SINGLE PARTICLE
9Q6F,EMD-72277,2.86,2026-07-29T00:00:00.000+00:00,Structure of Plasmodium falciparum 20S proteasome bound to an asparagine-ethylenediamine based inhibitor TDI6245,heteromeric protein,SINGLE PARTICLE
9Q6H,EMD-72278,3.1,2026-03-25T00:00:00.000+00:00,"Human Serum Albumin in complex with four nanobodies: nb33, nb77, nb125 & N42",heteromeric protein,SINGLE PARTICLE
9Q6N,EMD-72279,2.8,2026-03-25T00:00:00.000+00:00,"Human Serum Albumin in complex with four nanobodies: nb118, nb68, N30 & N23",heteromeric protein,SINGLE PARTICLE
9Q6O,EMD-72280,2.65,2026-06-10T00:00:00.000+00:00,Cryo-EM Structure of MgtA in the E2-P State at 2.7 A Resolution,homomeric protein,SINGLE PARTICLE
9Q6Y,EMD-72281,3.8,2026-03-25T00:00:00.000+00:00,"Human Serum Albumin in complex with four nanobodies: N33, nb139 & nb104",heteromeric protein,SINGLE PARTICLE
9Q6Z,EMD-72282,3.7,2026-03-25T00:00:00.000+00:00,"Human Serum Albumin in complex with four nanobodies: N33, nb139, nb39 & nb104",heteromeric protein,SINGLE PARTICLE
9Q71,EMD-72283,2.8,2026-04-15T00:00:00.000+00:00,Structure of the Measles Virus Fusion Glycoprotein Ectodomain in Postfusion Conformation Bound to Neutralizing Antibody H8,heteromeric protein,SINGLE PARTICLE
9Q7B,EMD-72293,2.42,2026-04-15T00:00:00.000+00:00,Structure of the Measles Virus Fusion Glycoprotein Ectodomain in Prefusion Conformation Bound to Neutralizing Antibody H8,protein/oligosaccharide,SINGLE PARTICLE
9Q7J,EMD-72301,3.75,2026-09-09T00:00:00.000+00:00,"Cryo-EM structure of designed Orb2 amyloid (LVLVF, polymorph 4)",homomeric protein,SINGLE PARTICLE
9Q7K,EMD-72305,3.13,2026-03-04T00:00:00.000+00:00,Pointed end of Cofilin-2 Bound F-actin,heteromeric protein,SINGLE PARTICLE
9Q7L,EMD-72306,3.68,2026-03-04T00:00:00.000+00:00,Barbed end of F-actin and cofilin on sides,heteromeric protein,SINGLE PARTICLE
9Q7M,EMD-72307,3.5,2026-03-04T00:00:00.000+00:00,"Barbed end of cofilin actin, cofilin on second-to-last barbed end subunit",heteromeric protein,SINGLE PARTICLE
9Q7N,EMD-72308,3.48,2026-03-04T00:00:00.000+00:00,"Cofilin barbed end, cofilin on the two barbed end subunits",heteromeric protein,SINGLE PARTICLE
9Q7O,EMD-72313,3.02,2026-03-04T00:00:00.000+00:00,One CAP-1 Bound to the Pointed End of F-actin,heteromeric protein,SINGLE PARTICLE
9Q7Y,EMD-72319,3.35,2026-04-01T00:00:00.000+00:00,Zymogen ADAM17- iRhom1 Cytoplasmic Deletion (365) Complex Bound by the MEDI3622 Fab,protein/oligosaccharide,SINGLE PARTICLE
9Q8V,EMD-52908,3.06,2026-09-09T00:00:00.000+00:00,Cryo-EM structure of the NLRP3 decamer bound to the inhibitor BAL-1516,homomeric protein,SINGLE PARTICLE
9QAW,EMD-52977,3.34,2026-03-11T00:00:00.000+00:00,CryoEM structure of the human LRP2 receptor ectodomain in complex with LRPAP1,protein/oligosaccharide,SINGLE PARTICLE
9QC6,EMD-53004,2.83,2026-05-13T00:00:00.000+00:00,Structure of eIF2B decamer bound to (P)eIF2 alpha and Compound A-(S),heteromeric protein,SINGLE PARTICLE
9QDL,EMD-53029,3.15,2026-03-18T00:00:00.000+00:00,CRYO-EM STRUCTURE OF THE YEAST RESPIRATORY COMPLEX II,heteromeric protein,SINGLE PARTICLE
9QDM,EMD-53030,3.0,2026-02-11T00:00:00.000+00:00,CRYO-EM STRUCTURE OF THE YEAST RESPIRATORY COMPLEX II WITH THE INHIBITOR BIXAFEN,heteromeric protein,SINGLE PARTICLE
9QEF,EMD-53065,2.5,2026-01-21T00:00:00.000+00:00,Respiratory supercomplex from Mycobacterium smegmatis with decylubiquinone,heteromeric protein,SINGLE PARTICLE
9QFX,EMD-53123,3.45,2026-03-11T00:00:00.000+00:00,Nucleotide-free wild type Wzm-Wzt from Mycobacterium abscessus in LMNG,heteromeric protein,SINGLE PARTICLE
9QGU,EMD-53148,3.69,2026-03-11T00:00:00.000+00:00,ADP-bound wild type Wzm-Wzt from Mycobacterium abscessus in LMNG,heteromeric protein,SINGLE PARTICLE
9QGY,EMD-53150,2.48,2026-03-25T00:00:00.000+00:00,Structure of the YbjP lipoprotein bound to the MacAB-TolC tripartite efflux pump,heteromeric protein,SINGLE PARTICLE
9QH1,EMD-53152,3.44,2026-03-11T00:00:00.000+00:00,ATP-bound wild type Wzm-Wzt from Mycobacterium abscessus in LMNG,heteromeric protein,SINGLE PARTICLE
9QH4,EMD-53154,3.7,2026-03-25T00:00:00.000+00:00,NorQ hexamer from Paracoccus denitrificans,homomeric protein,SINGLE PARTICLE
9QH6,EMD-53156,3.2,2026-03-25T00:00:00.000+00:00,NorQ in complex with NorD VWA domain from Paracoccus denitrificans,heteromeric protein,SINGLE PARTICLE
9QH7,EMD-53157,2.9,2026-03-25T00:00:00.000+00:00,NorQ in complex with NorD VWA domain steep staircase subset 1 from Paracoccus denitrificans,homomeric protein,SINGLE PARTICLE
9QH8,EMD-53158,3.8,2026-03-25T00:00:00.000+00:00,reduced NorQ-NorD VWA domain complex from Paracoccus denitrificans,heteromeric protein,SINGLE PARTICLE
9QH9,EMD-53159,3.0,2026-03-25T00:00:00.000+00:00,NorQ in complex with NorD VWA domain steep staircase subset 2 from Paracoccus denitrificans,homomeric protein,SINGLE PARTICLE
9QHD,EMD-53160,3.3,2026-03-25T00:00:00.000+00:00,NorQD complex state 1 from Jhaorihella thermophila,heteromeric protein,SINGLE PARTICLE
9QHE,EMD-53161,3.8,2026-03-25T00:00:00.000+00:00,NorQD complex state 2 from Jhaorihella thermophila,heteromeric protein,SINGLE PARTICLE
9QHF,EMD-53162,3.9,2026-03-25T00:00:00.000+00:00,NorQD complex state 3 from Jhaorihella thermophila,heteromeric protein,SINGLE PARTICLE
9QHG,EMD-53163,3.9,2026-03-25T00:00:00.000+00:00,NorQD complex state 4 from Jhaorihella thermophila,heteromeric protein,SINGLE PARTICLE
9QHJ,EMD-53171,3.4,2026-03-11T00:00:00.000+00:00,ATP-bound E178Q Wzm-Wzt from Mycobacterium abscessus in LMNG,heteromeric protein,SINGLE PARTICLE
9QHK,EMD-53172,3.57,2026-03-11T00:00:00.000+00:00,Nucleotide-free wild type Wzm-Wzt from Mycobacterium abscessus in nanodiscs,heteromeric protein,SINGLE PARTICLE
9QHM,EMD-53173,2.61,2026-02-11T00:00:00.000+00:00,Cryo-EM structure of mouse TRPM3 alpha 2 in complex with antagonist Ononetin,homomeric protein,SINGLE PARTICLE
9QHN,EMD-53174,3.2,2026-02-11T00:00:00.000+00:00,Cryo-EM structure of mouse TRPM3 alpha 2 in APO state,homomeric protein,SINGLE PARTICLE
9QHO,EMD-53175,3.28,2026-02-11T00:00:00.000+00:00,Cryo-EM structure of mouse TRPM3 alpha 2 in complex with antagonist Primidone,homomeric protein,SINGLE PARTICLE
9QHP,EMD-53176,2.35,2026-02-11T00:00:00.000+00:00,Cryo-EM structure of mouse TRPM3 alpha 2 in complex with antagonist Isosakuranetin,homomeric protein,SINGLE PARTICLE
9QHQ,EMD-53177,3.07,2026-02-11T00:00:00.000+00:00,Cryo-EM structure of mouse TRPM3 alpha 2 in with agonists CIM-0216 and Pregnenolone sulfate (PregS),homomeric protein,SINGLE PARTICLE
9QHW,EMD-53181,3.3,2026-03-11T00:00:00.000+00:00,ATP-bound wild type Wzm-Wzt from Mycobacterium abscessus in nanodiscs,heteromeric protein,SINGLE PARTICLE
9QHX,EMD-53182,3.47,2026-03-11T00:00:00.000+00:00,ATP-bound E178Q Wzm-Wzt from Mycobacterium abscessus in nanodiscs,heteromeric protein,SINGLE PARTICLE
9QID,EMD-53186,2.73,2026-06-10T00:00:00.000+00:00,Human Mortalin (mitochondrial Hsp70) in complex with wild-type GrpE1,heteromeric protein,SINGLE PARTICLE
9QIN,EMD-53191,2.72,2026-06-10T00:00:00.000+00:00,Human Mortalin (mitochondrial Hsp70) in complex with GrpE1 phosphorylated at Ser-47,heteromeric protein,SINGLE PARTICLE
9QJJ,EMD-53204,2.5,2026-03-18T00:00:00.000+00:00,Cryo-EM structure of CDK2-cyclin A bound to OTS964,heteromeric protein,SINGLE PARTICLE
9QJN,EMD-53205,2.4,2026-03-18T00:00:00.000+00:00,Cryo-EM structure of the human CAK bound to OTS964,heteromeric protein,SINGLE PARTICLE
9QJP,EMD-53206,3.22,2026-08-26T00:00:00.000+00:00,GABA-A receptor a3b3g2 + a3NB83(PAM) + GABA,protein/oligosaccharide,SINGLE PARTICLE
9QJQ,EMD-53207,2.63,2026-08-26T00:00:00.000+00:00,GABA-A receptor a3b3 (1:4) + a3NB77(silent) + b3Mb125 + GABA,protein/oligosaccharide,SINGLE PARTICLE
9QJR,EMD-53208,2.92,2026-08-26T00:00:00.000+00:00,GABA-A receptor a2b3 (1:4) + a2NB29(near-silent) + b3Mb125 + GABA,protein/oligosaccharide,SINGLE PARTICLE
9QJS,EMD-53209,2.52,2026-08-26T00:00:00.000+00:00,GABA-A receptor a2b3 (1:4) + a2NB16(silent) + b3Mb125 + GABA,protein/oligosaccharide,SINGLE PARTICLE
9QJV,EMD-53212,3.45,2026-08-26T00:00:00.000+00:00,GABA-A receptor a2b3 (1:4) + a2NB47(silent) + b3Mb125 + GABA,protein/oligosaccharide,SINGLE PARTICLE
9QJX,EMD-53213,2.7,2026-08-26T00:00:00.000+00:00,GABA-A receptor a2b3g2 + a2NB00(PAM) + GABA,protein/oligosaccharide,SINGLE PARTICLE
9QJY,EMD-53214,2.78,2026-08-26T00:00:00.000+00:00,GABA-A receptor a2b3g2 + a2NB04(silent) + GABA,protein/oligosaccharide,SINGLE PARTICLE
9QK0,EMD-53215,3.01,2026-08-26T00:00:00.000+00:00,GABA-A receptor a2b3g2 + a2NB25(inhibitor),protein/oligosaccharide,SINGLE PARTICLE
9QK1,EMD-53216,3.05,2026-08-26T00:00:00.000+00:00,GABA-A receptor a2b3 (1:4) + a2NB06(silent) + b3Mb125 + GABA,protein/oligosaccharide,SINGLE PARTICLE
9QKT,EMD-53221,2.4,2026-03-18T00:00:00.000+00:00,Cryo-EM structure of the CDK11B-cyclin L2-SAP30BP bound to OTS964 (conformation 1),heteromeric protein,SINGLE PARTICLE
9QKZ,EMD-53224,2.3,2026-03-18T00:00:00.000+00:00,Cryo-EM structure of CDK11B-cyclin L2-SAP30BP bound to AMP-PNP,heteromeric protein,SINGLE PARTICLE
9QL1,EMD-53221,2.4,2026-03-18T00:00:00.000+00:00,Cryo-EM structure of the CDK11B-cyclin L2-SAP30BP bound to OTS964 (conformation 2),heteromeric protein,SINGLE PARTICLE
9QLV,EMD-53235,3.5,2026-04-08T00:00:00.000+00:00,Cryo-EM structure of Arabidopsis TIR-NLR WRR4A tetramer in complex with effector CCG40,heteromeric protein,SINGLE PARTICLE
9QO0,EMD-53252,3.26,2026-02-18T00:00:00.000+00:00,Pre-activated 9-subunit COP9 signalosome and neddylated SCF (Skp1-Skp2-Cks1) complex structure,heteromeric protein,SINGLE PARTICLE
9QO1,EMD-53253,3.23,2026-02-11T00:00:00.000+00:00,Activated 9-subunit COP9 signalosome and neddylated SCF (SKP1-SKP2-CKS1) complex structure,heteromeric protein,SINGLE PARTICLE
9QO2,EMD-53254,3.8,2026-02-18T00:00:00.000+00:00,Dissociation-state-1 of 9-subunit CSN and SCF (SKP1-SKP2-CKS1) complex,heteromeric protein,SINGLE PARTICLE
9QO4,EMD-53256,2.95,2026-02-04T00:00:00.000+00:00,Dissociation-state-3 of 9-subunit CSN and SCF (SKP1-SKP2-CKS1) complex,heteromeric protein,SINGLE PARTICLE
9QO5,EMD-53257,4.0,2026-02-04T00:00:00.000+00:00,Dissociation-state-4 of 9-subunit CSN and SCF (SKP1-SKP2-CKS1) complex,heteromeric protein,SINGLE PARTICLE
9QO6,EMD-53258,3.0,2026-02-04T00:00:00.000+00:00,9-subunit COP9 signalosome complex,heteromeric protein,SINGLE PARTICLE
9QO8,EMD-53259,2.9,2026-02-18T00:00:00.000+00:00,Inward-open structure of human GABA transporter 3 bound to selective inhibitor SR-THAP,homomeric protein,SINGLE PARTICLE
9QO9,EMD-53260,3.2,2026-03-04T00:00:00.000+00:00,Inward-occluded structure of human GABA transporter 3 bound to substrate GABA,homomeric protein,SINGLE PARTICLE
9QON,EMD-53264,3.2,2026-01-28T00:00:00.000+00:00,"Ternary complex of the human 20S proteasome in complex with Importin-9 and two homodimers of Akirin-2 - focussed refinement on the alpha subunits, Ipo-9 and Ak2",heteromeric protein,SINGLE PARTICLE
9QOO,EMD-53265,3.3,2026-01-28T00:00:00.000+00:00,Composite model: Ternary complex of the human 20S proteasome in complex with Importin-9 and two homodimers of Akirin-2,heteromeric protein,SINGLE PARTICLE
9QOP,EMD-53266,3.7,2026-01-28T00:00:00.000+00:00,Binary complex of human Importin-9 with one homodimer of Akirin-2,heteromeric protein,SINGLE PARTICLE
9QP4,EMD-53268,3.06,2026-06-24T00:00:00.000+00:00,Pre-active dark-state structure of human short-wave-sensitive opsin (OPN1SW),heteromeric protein,SINGLE PARTICLE
9QPE,EMD-53274,3.8,2026-04-08T00:00:00.000+00:00,Hcp3-Tce1 complex from the Pseudomonas aeruginosa Type VI Secretion System,heteromeric protein,SINGLE PARTICLE
9QPO,EMD-53276,2.6,2026-04-08T00:00:00.000+00:00,CryoEM structure of human MATa2 in complex with MATBv2 at 2.6 A resolution,heteromeric protein,SINGLE PARTICLE
9QPP,EMD-53277,2.6,2026-04-08T00:00:00.000+00:00,CryoEM structure of human MATa2 in complex with MAT2B isoform v1 at 2.6 A resolution,heteromeric protein,SINGLE PARTICLE
9QQE,EMD-53299,2.78,2026-04-15T00:00:00.000+00:00,Cryo-EM structure of the SN230G6 Fab - HLA-A*02:01 human alloantibody-HLA complex,heteromeric protein,SINGLE PARTICLE
9QQF,EMD-53300,3.23,2026-04-15T00:00:00.000+00:00,Cryo-EM structure of the WIM8E5 Fab - HLA-A*11:01 human alloantibody-HLA complex,heteromeric protein,SINGLE PARTICLE
9QQS,EMD-53313,2.65,2026-05-27T00:00:00.000+00:00,Structure of the MEGF8-MOSMO complex with nanobody 270 (Focused refinement),heteromeric protein,SINGLE PARTICLE
9QR6,EMD-53317,3.05,2026-01-14T00:00:00.000+00:00,CryoEM structure of the tetrahedral M42 aminopeptidase from M. jannaschii,homomeric protein,SINGLE PARTICLE
9QRU,EMD-53323,3.03,2026-05-27T00:00:00.000+00:00,Cryo-EM structure of the MMM ubiquitin ligase complex with nanobody 270 (Composite map),heteromeric protein,SINGLE PARTICLE
9QS6,EMD-53329,3.3,2026-05-27T00:00:00.000+00:00,Cryo-EM structure of the helix-stabilized MMM ubiquitin ligase complex with nanobody 270 (Composite map),heteromeric protein,SINGLE PARTICLE
9QSH,EMD-53340,3.5,2026-05-27T00:00:00.000+00:00,Cryo-EM structure of the MMM ubiquitin ligase complex with nanobody 992 (Composite map),heteromeric protein,SINGLE PARTICLE
9QSX,EMD-53343,3.2,2026-02-18T00:00:00.000+00:00,Cryo-EM structure of aquaporin 3 at pH 8.0,homomeric protein,SINGLE PARTICLE
9QSY,EMD-53344,3.2,2026-02-18T00:00:00.000+00:00,Cryo-EM structure of aquaporin 3 at pH 5.5,homomeric protein,SINGLE PARTICLE
9QSZ,EMD-53345,3.0,2026-02-18T00:00:00.000+00:00,Cryo-EM structure of aquaporin 3 at pH 8.0 with hydrogen peroxide,homomeric protein,SINGLE PARTICLE
9QT4,EMD-53346,4.0,2026-04-15T00:00:00.000+00:00,CryoEM structure of Arabidopsis TIR-NLR WRR4A tetramer in complex with effector CCG40 (focused refinement),heteromeric protein,SINGLE PARTICLE
9QTN,EMD-53355,2.28,2026-02-18T00:00:00.000+00:00,Human alpha7 nicotinic receptor in complex with the F1 nanobody,protein/oligosaccharide,SINGLE PARTICLE
9QTO,EMD-53356,2.16,2026-02-18T00:00:00.000+00:00,Human alpha7 nicotinic receptor in complex with the E6 nanobody,protein/oligosaccharide,SINGLE PARTICLE
9QTY,EMD-53367,2.98,2026-05-27T00:00:00.000+00:00,Cryo-EM structure of the binary MEGF8-MOSMO complex with nanobody 270,heteromeric protein,SINGLE PARTICLE
9QU9,EMD-53375,3.5,2026-04-22T00:00:00.000+00:00,Cryo-EM structure of Arabidopsis TIR-NLR WRR4A tetramer in complex with effector CCG40 (C2-symmetry),heteromeric protein,SINGLE PARTICLE
9QVX,EMD-53414,3.9,2026-04-22T00:00:00.000+00:00,The targeting of non-fibrillar polyQ via distinct VCP-proteasome coupling,heteromeric protein,SINGLE PARTICLE
9QW9,EMD-53415,3.09,2026-04-29T00:00:00.000+00:00,Human vault protein - primed conformation,homomeric protein,SINGLE PARTICLE
9QWW,EMD-53429,3.8,2026-04-29T00:00:00.000+00:00,Cryo-EM structure of plant resistance protein NRC2 dimer bound to nematode effector SPRYSEC-15,heteromeric protein,SINGLE PARTICLE
9QXL,EMD-53437,3.14,2026-01-14T00:00:00.000+00:00,The structure of ADGRL4 in the active-state,heteromeric protein,SINGLE PARTICLE
9QZO,EMD-53472,2.9,2026-02-11T00:00:00.000+00:00,Cryo-EM structure of rat SLCO2A1 in the apo state.,homomeric protein,SINGLE PARTICLE
9R01,EMD-53476,3.25,2026-05-06T00:00:00.000+00:00,"Complex I from Ovis aries in presence of D1 inhibitor, Closed state",heteromeric protein,SINGLE PARTICLE
9R03,EMD-53477,3.2,2026-05-06T00:00:00.000+00:00,"Complex I from Ovis aries in presence of D1 inhibitor, Open state",heteromeric protein,SINGLE PARTICLE
9R07,EMD-53481,3.2,2026-02-11T00:00:00.000+00:00,Cryo-EM structure of rat SLCO2A1 bound to zafirlukast.,homomeric protein,SINGLE PARTICLE
9R0A,EMD-53482,3.1,2026-02-11T00:00:00.000+00:00,Cryo-EM structure of rat SLCO2A1 bound to fentiazac.,homomeric protein,SINGLE PARTICLE
9R0I,EMD-53483,3.1,2026-02-11T00:00:00.000+00:00,Cryo-EM structure of rat SLCO2A1 bound to losartan.,homomeric protein,SINGLE PARTICLE
9R0M,EMD-53484,3.2,2026-02-11T00:00:00.000+00:00,Cryo-EM structure of rat SLCO2A1 bound to prostaglandin E2.,homomeric protein,SINGLE PARTICLE
9R0N,EMD-53485,3.4,2026-02-11T00:00:00.000+00:00,Cryo-EM structure of rat SLCO2A1 bound to dinoprost.,homomeric protein,SINGLE PARTICLE
9R0O,EMD-53486,3.1,2026-02-11T00:00:00.000+00:00,Cryo-EM structure of rat SLCO2A1 bound to tolcapone.,homomeric protein,SINGLE PARTICLE
9R1H,EMD-53509,3.02,2026-02-25T00:00:00.000+00:00,Inward-occluded structure of human glycine transporter 2 bound to substrate glycine,homomeric protein,SINGLE PARTICLE
9R1Q,EMD-53512,2.24,2026-02-11T00:00:00.000+00:00,Beluga whale coronavirus spike glycoprotein,protein/oligosaccharide,SINGLE PARTICLE
9R1R,EMD-53513,2.65,2026-01-14T00:00:00.000+00:00,Bottlenose dolphin coronavirus spike glycoprotein,protein/oligosaccharide,SINGLE PARTICLE
9R1T,EMD-53514,3.34,2026-05-27T00:00:00.000+00:00,Structure of the human chimera HCN112 hyperpolarization-activated cyclic nucleotide-gated ion channel in complex with cAMP.,homomeric protein,SINGLE PARTICLE
9R1U,EMD-53515,3.92,2026-05-13T00:00:00.000+00:00,Structure of the human HCN1dC hyperpolarization-activated cyclic nucleotide-gated ion channel.,homomeric protein,SINGLE PARTICLE
9R1V,EMD-53516,3.53,2026-05-13T00:00:00.000+00:00,Structure of the human chimera HCN112 hyperpolarization-activated cyclic nucleotide-gated ion channel.,homomeric protein,SINGLE PARTICLE
9R2G,EMD-53529,2.8,2026-03-04T00:00:00.000+00:00,Cytochrome bd II oxidase qOR-2 type from Mycobacterium smegmatis,heteromeric protein,SINGLE PARTICLE
9R2I,EMD-53531,3.3,2026-03-25T00:00:00.000+00:00,Cryo-EM structure of the complex CDK16:CCNY:14-3-3,heteromeric protein,SINGLE PARTICLE
9R2N,EMD-53533,3.83,2026-03-25T00:00:00.000+00:00,Cryo-EM structure of the complex CCNY:14-3-3,heteromeric protein,SINGLE PARTICLE
9R3S,EMD-53558,3.06,2026-07-22T00:00:00.000+00:00,pro-TGF-beta1 in complex with the third TB Domain from Latent Transforming Growth Factor-beta Binding Protein-1,protein/oligosaccharide,SINGLE PARTICLE
9R41,EMD-53561,3.8,2026-05-20T00:00:00.000+00:00,Buspirone-bound serotonin 5-HT1A receptor - Gi Protein Complex,heteromeric protein,SINGLE PARTICLE
9R42,EMD-53562,3.24,2026-05-20T00:00:00.000+00:00,Quinpirole-bound Dopamine D3 Receptor - Gi Protein Complex,heteromeric protein,SINGLE PARTICLE
9R4I,EMD-53567,2.92,2026-02-25T00:00:00.000+00:00,An auto inhibitory loop in the MiDAC histone deacetylase complex,heteromeric protein,SINGLE PARTICLE
9R60,EMD-53598,3.0,2026-03-04T00:00:00.000+00:00,CPS translocon Wza_C1,homomeric protein,SINGLE PARTICLE
9R61,EMD-53599,2.7,2026-03-04T00:00:00.000+00:00,CPS translocon Wza_C8,homomeric protein,SINGLE PARTICLE
9R62,EMD-53600,3.4,2026-03-04T00:00:00.000+00:00,CPS co-polymerase Wzc_C1,homomeric protein,SINGLE PARTICLE
9R63,EMD-53601,3.2,2026-03-04T00:00:00.000+00:00,CPS co-polymerase Wzc_C4,homomeric protein,SINGLE PARTICLE
9R64,EMD-53602,3.5,2026-03-04T00:00:00.000+00:00,CPS secretion pathway Wza-Wzc_C1 (Conf 0),heteromeric protein,SINGLE PARTICLE
9R65,EMD-53603,3.2,2026-03-04T00:00:00.000+00:00,CPS secretion pathway Wza-Wzc_C8 (Conf 0),heteromeric protein,SINGLE PARTICLE
9R66,EMD-53604,3.8,2026-03-04T00:00:00.000+00:00,CPS secretion pathway Wza-Wzc_C1 (Conf 1),heteromeric protein,SINGLE PARTICLE
9R67,EMD-53605,3.5,2026-03-04T00:00:00.000+00:00,CPS secretion pathway Wza-Wzc_C8 (Conf 1),heteromeric protein,SINGLE PARTICLE
9R6S,EMD-53686,3.1,2026-03-11T00:00:00.000+00:00,Prefusion stabilized spike glycoprotein of human coronavirus OC43.,protein/oligosaccharide,SINGLE PARTICLE
9R6T,EMD-53687,2.76,2026-03-11T00:00:00.000+00:00,Prefusion stabilized spike glycoprotein of equine coronavirus.,protein/oligosaccharide,SINGLE PARTICLE
9R7L,EMD-53783,3.0,2026-05-27T00:00:00.000+00:00,HD6 defensin filament with IP6,homomeric protein,SINGLE PARTICLE
9R7M,EMD-53784,2.9,2026-05-27T00:00:00.000+00:00,HD6 defensin filament with IP6,homomeric protein,SINGLE PARTICLE
9R7N,EMD-53785,3.6,2026-05-27T00:00:00.000+00:00,HD6 defensin filament with phosphate,homomeric protein,SINGLE PARTICLE
9R85,EMD-53804,3.04,2026-01-28T00:00:00.000+00:00,Cryo-EM structure of the E3 ligase HECTD3 conjugated to ubiquitin,heteromeric protein,SINGLE PARTICLE
9R8G,EMD-53820,2.77,2026-01-14T00:00:00.000+00:00,Pseudomonas putida Pore-Forming Toxin Tke5 in complex with its cognate Type VI adaptor protein Tap3,heteromeric protein,SINGLE PARTICLE
9R8J,EMD-53827,2.83,2026-09-16T00:00:00.000+00:00,Structure of human NHE9,homomeric protein,SINGLE PARTICLE
9R8K,EMD-53828,2.6,2026-09-16T00:00:00.000+00:00,Structure of human NHE9 (core-TM domain),homomeric protein,SINGLE PARTICLE
9R8L,EMD-53829,3.2,2026-09-16T00:00:00.000+00:00,Structure of human NHE6.0,homomeric protein,SINGLE PARTICLE
9R8M,EMD-53831,2.55,2026-09-16T00:00:00.000+00:00,Structure of human NHE6.1 bound to PIP2,homomeric protein,SINGLE PARTICLE
9R8N,EMD-53832,2.33,2026-09-16T00:00:00.000+00:00,Structure of human NHE6.1 bound to PIP2 (core-TM domain),homomeric protein,SINGLE PARTICLE
9R8P,EMD-53835,4.0,2026-05-27T00:00:00.000+00:00,"Cryo-EM structure of hSA3, a mutated hyper-soluble human serum albumin designed for bacterial expression",homomeric protein,SINGLE PARTICLE
9R8W,EMD-53844,3.5,2026-05-13T00:00:00.000+00:00,Cryo-EM structure of Arabidopsis TIR-NLR WRR4A tetramer in complex with weakly bound effector CCG28 (C2-symmetry),heteromeric protein,SINGLE PARTICLE
9R90,EMD-53847,3.25,2026-03-04T00:00:00.000+00:00,Cryo-EM structure of human ATP citrate lyase in complex with inhibitor EVT0185-CoA,homomeric protein,SINGLE PARTICLE
9R91,EMD-53848,3.7,2026-05-27T00:00:00.000+00:00,Trimer TatBC complex with bound substrate SufI,heteromeric protein,SINGLE PARTICLE
9R9A,EMD-53855,2.6,2026-04-22T00:00:00.000+00:00,CryoEM structure of a membrane protein associated with a contractile injection in Salmonella enterica subspecies salamae,homomeric protein,SINGLE PARTICLE
9R9N,EMD-53859,2.86,2026-04-22T00:00:00.000+00:00,"Cryo-EM structure of a contractile injection system in Salmonella enterica subspecies Salamae, the cap portion in extended state.",heteromeric protein,SINGLE PARTICLE
9RBO,EMD-53900,3.0,2026-06-10T00:00:00.000+00:00,A cryo-EM structure of native C3 protein in a compact conformation.,heteromeric protein,SINGLE PARTICLE
9RBQ,EMD-53902,2.7,2026-01-14T00:00:00.000+00:00,Semliki Forest virus trimer 1 in complex with ApoER2 LA5,protein/oligosaccharide,SINGLE PARTICLE
9RBR,EMD-53903,2.7,2026-01-14T00:00:00.000+00:00,Semliki Forest virus trimer 2 in complex with ApoER2 LA5,protein/oligosaccharide,SINGLE PARTICLE
9RCB,EMD-53912,3.1,2026-04-15T00:00:00.000+00:00,Unsheathed flagellar filament in Vibrio alginolyticus,homomeric protein,SINGLE PARTICLE
9RCD,EMD-53917,3.6,2026-04-15T00:00:00.000+00:00,Sheathed flagellar filament in Vibrio alginolyticus,homomeric protein,SINGLE PARTICLE
9RCE,EMD-53919,2.86,2026-04-22T00:00:00.000+00:00,"Cryo-EM structure of a contractile injection system in Salmonella enterica subspecies Salamae, the baseplate portion in extended state.",heteromeric protein,SINGLE PARTICLE
9RCH,EMD-53922,2.2,2026-06-10T00:00:00.000+00:00,Cryo-EM structure of Yadonushi Virus 1,heteromeric protein,SINGLE PARTICLE
9RD0,EMD-53925,2.6,2026-04-29T00:00:00.000+00:00,Structure of DabA2B2 complex solved under ambient condition,heteromeric protein,SINGLE PARTICLE
9RD8,EMD-53929,3.2,2026-04-29T00:00:00.000+00:00,Structure of DabA2B2 complex under 0.1M bicarbonate,heteromeric protein,SINGLE PARTICLE
9RD9,EMD-53930,2.7,2026-04-29T00:00:00.000+00:00,Structure of DabA2B2 complex under 17 mM CO2,heteromeric protein,SINGLE PARTICLE
9RDK,EMD-53937,2.41,2026-04-01T00:00:00.000+00:00,Cryo-EM structure of the human SAGA co-activator complex,heteromeric protein,SINGLE PARTICLE
9RF3,EMD-53939,4.0,2026-09-09T00:00:00.000+00:00,Structure of complement C3 in an extended conformation,homomeric protein,SINGLE PARTICLE
9RGD,EMD-53948,2.0,2026-06-17T00:00:00.000+00:00,CryoEM structure of human alpha1beta3gamma2L GABA(A)R in CL47a,protein/oligosaccharide,SINGLE PARTICLE
9RGE,EMD-53949,3.1,2026-06-17T00:00:00.000+00:00,"CryoEM structure of human alpha1beta3gamma2 GABA(A)R in complex with GARLH4 and the Neuroligin2 transmembrane helix, in CL47a",protein/oligosaccharide,SINGLE PARTICLE
9RGN,EMD-53951,3.1,2026-03-18T00:00:00.000+00:00,SsCl at pH 6.5 + IVM - Partially opened,homomeric protein,SINGLE PARTICLE
9RGO,EMD-53952,3.14,2026-03-18T00:00:00.000+00:00,SsCl at pH 9 - Desensitized,homomeric protein,SINGLE PARTICLE
9RGP,EMD-53953,3.65,2026-03-18T00:00:00.000+00:00,SsCl at pH 9 + IVM - Opened,homomeric protein,SINGLE PARTICLE
9RH1,EMD-53954,2.7,2026-06-17T00:00:00.000+00:00,Cryo-EM structure of the consensus inward-facing apo NhaA dimer at pH 7.5,heteromeric protein,SINGLE PARTICLE
9RH2,EMD-53955,2.7,2026-06-17T00:00:00.000+00:00,Cryo-EM structure of the inward-facing apo NhaA in the unplugged state at pH 7.5,heteromeric protein,SINGLE PARTICLE
9RH3,EMD-53956,2.7,2026-06-17T00:00:00.000+00:00,Cryo-EM structure of the inward-facing apo NhaA in the plugged state at pH 7.5,heteromeric protein,SINGLE PARTICLE
9RH4,EMD-53957,3.1,2026-06-17T00:00:00.000+00:00,Cryo-EM structure of the inward-facing apo NhaA with flexible N-terminus at pH 7.5,heteromeric protein,SINGLE PARTICLE
9RH5,EMD-53958,3.3,2026-06-17T00:00:00.000+00:00,Cryo-EM structure of the inward-facing apo NhaA in the unplugged state at pH 6.3,heteromeric protein,SINGLE PARTICLE
9RH6,EMD-53959,3.4,2026-06-17T00:00:00.000+00:00,Cryo-EM structure of the inward-facing apo NhaA in the plugged state at pH 6.3,heteromeric protein,SINGLE PARTICLE
9RH7,EMD-53960,3.7,2026-06-17T00:00:00.000+00:00,Cryo-EM structure of the inward-facing apo NhaA with flexible N-terminus at pH 6.3,heteromeric protein,SINGLE PARTICLE
9RH8,EMD-53961,3.1,2026-06-17T00:00:00.000+00:00,Cryo-EM structure of the inward-facing apo NhaA in the unplugged state at pH 5.5,heteromeric protein,SINGLE PARTICLE
9RH9,EMD-53962,3.1,2026-06-17T00:00:00.000+00:00,Cryo-EM structure of the inward-facing apo NhaA in the plugged state at pH 5.5,heteromeric protein,SINGLE PARTICLE
9RHA,EMD-53963,3.5,2026-06-17T00:00:00.000+00:00,Cryo-EM structure of the inward-facing apo NhaA with flexible N-terminus at pH 5.5,heteromeric protein,SINGLE PARTICLE
9RHB,EMD-53964,2.9,2026-06-17T00:00:00.000+00:00,Cryo-EM structure of the inward-facing apo NhaA in the open-funnel state at pH 8.5,heteromeric protein,SINGLE PARTICLE
9RHC,EMD-53965,3.2,2026-06-17T00:00:00.000+00:00,Cryo-EM structure of the inward-facing apo NhaA in the unplugged state at pH 8.5,heteromeric protein,SINGLE PARTICLE
9RHD,EMD-53966,3.2,2026-06-17T00:00:00.000+00:00,Cryo-EM structure of the inward-facing apo NhaA in the plugged state at pH 8.5,heteromeric protein,SINGLE PARTICLE
9RHE,EMD-53967,3.5,2026-06-17T00:00:00.000+00:00,Cryo-EM structure of the inward-facing apo NhaA with flexible N-terminus at pH 8.5,heteromeric protein,SINGLE PARTICLE
9RHF,EMD-53968,3.0,2026-06-17T00:00:00.000+00:00,Cryo-EM structure of the inward-facing sodium-bound NhaA at pH 8.5,heteromeric protein,SINGLE PARTICLE
9RIG,EMD-53994,3.7,2026-04-29T00:00:00.000+00:00,EV-A71 (genotype B2) in complex with 16-2-9D Fab,heteromeric protein,SINGLE PARTICLE
9RIH,EMD-53995,3.1,2026-04-29T00:00:00.000+00:00,EV-A71 (genotype B2) in complex with 16-2-12D Fab,heteromeric protein,SINGLE PARTICLE
9RII,EMD-53996,3.0,2026-04-29T00:00:00.000+00:00,EV-A71 (genotype B2) in complex with 34-1-6D Fab,heteromeric protein,SINGLE PARTICLE
9RIJ,EMD-53997,3.8,2026-04-29T00:00:00.000+00:00,EV-A71 (genotype B5) in complex with 16-2-8C Fab,heteromeric protein,SINGLE PARTICLE
9RIK,EMD-53998,3.4,2026-04-29T00:00:00.000+00:00,EV-A71 (genotype B5) in complex with 16-2-2D Fab,heteromeric protein,SINGLE PARTICLE
9RIL,EMD-53999,3.6,2026-04-29T00:00:00.000+00:00,EV-A71 (genotype B5) in complex with 16-3-3C Fab,heteromeric protein,SINGLE PARTICLE
9RIM,EMD-54000,3.0,2026-04-29T00:00:00.000+00:00,EV-A71 (genotype B5) in complex with 16-3-4D Fab,heteromeric protein,SINGLE PARTICLE
9RIO,EMD-54002,3.4,2026-04-29T00:00:00.000+00:00,EV-A71 (genotype B5) in complex with 17-2-2B Fab,heteromeric protein,SINGLE PARTICLE
9RIP,EMD-54003,3.1,2026-04-29T00:00:00.000+00:00,EV-A71 (genotype B5) in complex with 17-2-12A Fab,heteromeric protein,SINGLE PARTICLE
9RIQ,EMD-54004,3.3,2026-04-29T00:00:00.000+00:00,EV-A71 (genotype C4) in complex with 16-2-11B Fab,heteromeric protein,SINGLE PARTICLE
9RIR,EMD-54005,3.3,2026-04-29T00:00:00.000+00:00,EV-A71 (genotype C4) in complex with 16-3-10B Fab,heteromeric protein,SINGLE PARTICLE
9RJB,EMD-54010,2.6,2026-05-27T00:00:00.000+00:00,Human Signal Peptidase in complex with artificial Signal Peptide L11,heteromeric protein,SINGLE PARTICLE
9RKZ,EMD-54027,2.95,2026-06-24T00:00:00.000+00:00,CryoEM structure of human 20S proteasome in complex with proteasome inhibitor CP-17,heteromeric protein,SINGLE PARTICLE
9RL3,EMD-54029,3.31,2026-03-18T00:00:00.000+00:00,13S proteasome precursor complex,heteromeric protein,SINGLE PARTICLE
9RL5,EMD-54031,3.1,2026-03-18T00:00:00.000+00:00,"a5b3 GABAAR bound to Topiramate, GABA, and Mb25 in a desensitized state in saposin nanodiscs",protein/oligosaccharide,SINGLE PARTICLE
9RLA,EMD-54032,3.16,2026-03-18T00:00:00.000+00:00,13S+Beta1 proteasome precursor complex,heteromeric protein,SINGLE PARTICLE
9RLC,EMD-54033,2.8,2026-01-21T00:00:00.000+00:00,LolCDE complex with Lpp lipoprotein,heteromeric protein,SINGLE PARTICLE
9RLD,EMD-54034,3.0,2026-01-21T00:00:00.000+00:00,LolCDE complex with Lpp lipoprotein,heteromeric protein,SINGLE PARTICLE
9RLE,EMD-54035,3.18,2026-01-21T00:00:00.000+00:00,LolCDE complex with Pal lipoprotein,heteromeric protein,SINGLE PARTICLE
9RLF,EMD-54036,3.17,2026-01-21T00:00:00.000+00:00,LolCDE complex with Pal lipoprotein,heteromeric protein,SINGLE PARTICLE
9RLG,EMD-54037,3.09,2026-01-21T00:00:00.000+00:00,LolCDE complex with LolB lipoprotein,heteromeric protein,SINGLE PARTICLE
9RLH,EMD-54038,3.19,2026-01-21T00:00:00.000+00:00,LolCDE complex with del 9-15 LolB lipoprotein,heteromeric protein,SINGLE PARTICLE
9RLI,EMD-54039,3.63,2026-01-21T00:00:00.000+00:00,LolCDEdelta(235-252) complex with Pal lipoprotein,heteromeric protein,SINGLE PARTICLE
9RLJ,EMD-54040,2.9,2026-01-21T00:00:00.000+00:00,LolCDE with bound ATPgammaS,heteromeric protein,SINGLE PARTICLE
9RLK,EMD-54041,3.29,2026-01-21T00:00:00.000+00:00,LolCDE(delta 235-252) complex with Pal lipoprotein,heteromeric protein,SINGLE PARTICLE
9RLT,EMD-54045,3.09,2026-03-18T00:00:00.000+00:00,dimerised 13S-13S+Beta5 proteasome precursor complexes,heteromeric protein,SINGLE PARTICLE
9RLZ,EMD-54046,3.12,2026-03-18T00:00:00.000+00:00,15S proteasome precursor complex,heteromeric protein,SINGLE PARTICLE
9RM0,EMD-54047,3.29,2026-03-18T00:00:00.000+00:00,13S+Beta5+Beta6 proteasome precursor complex,heteromeric protein,SINGLE PARTICLE
9RM9,EMD-54052,2.6,2026-04-29T00:00:00.000+00:00,Cryo-EM structure of alphaM/beta2 headpiece complex without alphaM I-domain - the consensus map from alphaM/beta2:C3d-anti-CR3-Nb headpiece complex,protein/oligosaccharide,SINGLE PARTICLE
9RMA,EMD-54053,3.94,2026-03-25T00:00:00.000+00:00,Cryo-EM structure of alphaM I-domain:C3d-anti-CR3-Nb complex focused refinement from the alphaM/beta2:C3d-anti-CR3-Nb headpiece complex,protein/oligosaccharide,SINGLE PARTICLE
9RMI,EMD-54060,3.92,2026-04-08T00:00:00.000+00:00,Cryo-EM structure of the CorM filament in the presence of CorR from cyanobacterium Anabaena sp. PCC 7120,homomeric protein,SINGLE PARTICLE
9RMK,EMD-54064,3.3,2026-07-08T00:00:00.000+00:00,Structure of the O-oligosaccharyl transferase PglL from Neisseria meningitidis in complex with a nanobody,heteromeric protein,SINGLE PARTICLE
9RNJ,EMD-54094,3.86,2026-07-08T00:00:00.000+00:00,"Cryo-EM structure of the human potassium chloride cotransporter T906A/T1007A phospho-knockout mutants KCC2b bound ATP in LMNG (outward-facing state, dimer)",homomeric protein,SINGLE PARTICLE
9RO9,EMD-54113,3.27,2026-08-12T00:00:00.000+00:00,"Human alpha3 Na+,K+-ATPase in the Na+-bound E1-ATP state",heteromeric protein,SINGLE PARTICLE
9ROA,EMD-54114,3.08,2026-08-12T00:00:00.000+00:00,"Human alpha3 Na+,K+-ATPase in the Na+-occluded E1P-ADP state",protein/oligosaccharide,SINGLE PARTICLE
9ROD,EMD-54115,3.12,2026-08-12T00:00:00.000+00:00,"Human alpha3 Na+,K+-ATPase in the Na+-occluded E2P state",protein/oligosaccharide,SINGLE PARTICLE
9ROE,EMD-54116,2.94,2026-08-12T00:00:00.000+00:00,"Human alpha3 Na+,K+-ATPase in the outward open E2P state",protein/oligosaccharide,SINGLE PARTICLE
9ROF,EMD-54117,3.27,2026-08-12T00:00:00.000+00:00,"Human alpha3 Na+,K+-ATPase in the Na+-bound E1-ATP state obtained under turnover conditions",heteromeric protein,SINGLE PARTICLE
9ROG,EMD-54118,2.8,2026-08-12T00:00:00.000+00:00,"Human alpha3 Na+,K+-ATPase in the Na+-occluded E1P-ADP state obtained under turnover conditions",heteromeric protein,SINGLE PARTICLE
9ROH,EMD-54119,2.92,2026-08-12T00:00:00.000+00:00,"Human alpha3 Na+,K+-ATPase in the Na+-occluded E2P state obtained under turnover conditions",heteromeric protein,SINGLE PARTICLE
9ROI,EMD-54120,2.94,2026-08-12T00:00:00.000+00:00,"Human alpha3 Na+,K+-ATPase in the K+-occluded E2P state obtained under turnover conditions",heteromeric protein,SINGLE PARTICLE
9ROJ,EMD-54121,3.58,2026-08-12T00:00:00.000+00:00,"Human alpha3 Q140L Na+,K+-ATPase in the Na+-bound E1 state",heteromeric protein,SINGLE PARTICLE
9ROK,EMD-54122,3.78,2026-08-12T00:00:00.000+00:00,"Human alpha3 Q140L Na+,K+-ATPase in the Na+-occluded E1P-ADP state",heteromeric protein,SINGLE PARTICLE
9ROL,EMD-54123,3.54,2026-08-12T00:00:00.000+00:00,"Human alpha3 Q140L Na+,K+-ATPase in the Na+-occluded E2P state",heteromeric protein,SINGLE PARTICLE
9ROM,EMD-54124,3.6,2026-08-12T00:00:00.000+00:00,"Human alpha3 Q140L Na+,K+-ATPase in the outward open E2P state",heteromeric protein,SINGLE PARTICLE
9RON,EMD-54125,3.41,2026-08-12T00:00:00.000+00:00,"Human alpha1 Na+,K+-ATPase in the Na+-bound E1 state",heteromeric protein,SINGLE PARTICLE
9ROO,EMD-54126,3.5,2026-08-12T00:00:00.000+00:00,"Human alpha1 Na+,K+-ATPase in the Na+-occluded E1P-ADP state",heteromeric protein,SINGLE PARTICLE
9ROP,EMD-54127,3.24,2026-08-12T00:00:00.000+00:00,"Human alpha1 Na+,K+-ATPase in the Na+-occluded E2P state",heteromeric protein,SINGLE PARTICLE
9ROQ,EMD-54128,3.33,2026-08-12T00:00:00.000+00:00,"Human alpha1 Na+,K+-ATPase in the outward open E2P state",heteromeric protein,SINGLE PARTICLE
9ROW,EMD-54132,3.1,2026-06-24T00:00:00.000+00:00,Asymmetric unit of bacteriophage 812 prohead II without minor capsid proteins,homomeric protein,SINGLE PARTICLE
9ROX,EMD-54133,3.0,2026-06-24T00:00:00.000+00:00,Asymmetric unit of bacteriophage 812 prohead II with the complete set of minor capsid proteins,heteromeric protein,SINGLE PARTICLE
9ROZ,EMD-54135,3.2,2026-06-24T00:00:00.000+00:00,Asymmetric unit of bacteriophage 812 prohead II with minor capsid proteins with partial occupancy,heteromeric protein,SINGLE PARTICLE
9RPB,EMD-54151,3.1,2026-03-18T00:00:00.000+00:00,"a5b3 GABAAR bound to GABA, and Mb25 in a desensitized state in saposin nanodiscs, topiramate-free",protein/oligosaccharide,SINGLE PARTICLE
9RQJ,EMD-54177,3.07,2026-07-08T00:00:00.000+00:00,Cryo-EM structure of the SbmA V102G mutant variant in an expanded outward-open conformation,homomeric protein,SINGLE PARTICLE
9RQL,EMD-54178,2.65,2026-07-08T00:00:00.000+00:00,GT-C O-Mannosyltransferase TMEM260 incubated with Far-P-Man,homomeric protein,SINGLE PARTICLE
9RQM,EMD-54179,3.06,2026-07-08T00:00:00.000+00:00,GT-C O-Mannosyltransferase TMEM260 co-purified with natural donor and in complex with acceptor peptide,heteromeric protein,SINGLE PARTICLE
9RQN,EMD-54180,2.94,2026-07-08T00:00:00.000+00:00,GT-C O-Mannosyltransferase TMEM260 with co-purified Dol-P-Man,homomeric protein,SINGLE PARTICLE
9RRF,EMD-54186,2.3,2026-05-13T00:00:00.000+00:00,"TRPC5 apo cryoEM map in the presence of pluronic acid (PA), state 2",homomeric protein,SINGLE PARTICLE
9RRM,EMD-54187,2.5,2026-05-13T00:00:00.000+00:00,"Human TRPC5 in complex with (-) englerin A, full occupancy, state 1, on 290 nm gold foil holes (HexAuFoil)",homomeric protein,SINGLE PARTICLE
9RRN,EMD-54188,2.5,2026-05-13T00:00:00.000+00:00,"Human TRPC5 in complex with (-) englerin A, full occupancy, state 2, on 290 nm gold foil holes (HexAuFoil)",homomeric protein,SINGLE PARTICLE
9RRO,EMD-54189,2.8,2026-05-13T00:00:00.000+00:00,"Human TRPC5 in complex with (-) englerin A, full occupancy, intermediary desensitized state",homomeric protein,SINGLE PARTICLE
9RRQ,EMD-54193,2.9,2026-05-13T00:00:00.000+00:00,"Human TRPC5 in complex with (-) englerin A, partial occupancy (2EA:2LIP stoichiometry) state 1",homomeric protein,SINGLE PARTICLE
9RRS,EMD-54195,1.88,2026-02-04T00:00:00.000+00:00,AAV8 capsid in complex with Rep40 and ADP,heteromeric protein,SINGLE PARTICLE
9RRU,EMD-54204,3.2,2026-05-13T00:00:00.000+00:00,"Human TRPC5 in complex with (-) englerin A, mixed occupancy, state 1",homomeric protein,SINGLE PARTICLE
9RSC,EMD-54215,3.42,2026-04-08T00:00:00.000+00:00,"Ternary complex of an improved charged molecular glue degrader ZZ2-SO2H, BRD4(BD1) neosubstrate, and the CTLH E3 ligase receptor module YPEL5-WDR26",heteromeric protein,SINGLE PARTICLE
9RSD,EMD-54216,3.38,2026-04-08T00:00:00.000+00:00,"Ternary complex of a charged molecular glue degrader ZZ1-SO2H, BRD4(BD1) neosubstrate, and the CTLH E3 ligase receptor module YPEL5-WDR26",heteromeric protein,SINGLE PARTICLE
9RSG,EMD-54218,3.2,2026-05-13T00:00:00.000+00:00,"Human TRPC5 in complex with (-) englerin A, mixed occupancy_2, state 2",homomeric protein,SINGLE PARTICLE
9RSH,EMD-54219,3.0,2026-05-13T00:00:00.000+00:00,"Human TRPC5 in complex with (-) englerin A, mixed occupancy, state 2",homomeric protein,SINGLE PARTICLE
9RSM,EMD-54221,2.13,2026-02-18T00:00:00.000+00:00,NetF 9mer pre-pore structure on 2N2 nanodiscs.,homomeric protein,SINGLE PARTICLE
9RSQ,EMD-54222,3.07,2026-05-06T00:00:00.000+00:00,Cryo-EM structure of the Target of Rapamycin Complex 2 (TORC2) with the Avo1 PH domain (monomer),heteromeric protein,SINGLE PARTICLE
9RSS,EMD-54223,3.01,2026-05-06T00:00:00.000+00:00,Cryo-EM structure of the Target of Rapamycin Complex 2 (TORC2) with the Avo1 PH domain,heteromeric protein,SINGLE PARTICLE
9RST,EMD-54224,2.93,2026-05-06T00:00:00.000+00:00,Cryo-EM structure of the Target of Rapamycin Complex 2 (TORC2) in autoinhibted conformation (monomer),heteromeric protein,SINGLE PARTICLE
9RSU,EMD-54226,2.1,2026-02-18T00:00:00.000+00:00,NetF pore structure,homomeric protein,SINGLE PARTICLE
9RT2,EMD-54238,2.6,2026-02-18T00:00:00.000+00:00,NetF - ANTXR2 structure (C4),heteromeric protein,SINGLE PARTICLE
9RT4,EMD-54245,2.6,2026-02-18T00:00:00.000+00:00,NetF - ANTXR2 local refinement focused,heteromeric protein,SINGLE PARTICLE
9RUF,EMD-54270,2.9,2026-07-15T00:00:00.000+00:00,Cryo-EM structure of the LB_DQB0301_A Fab - HLA-DQB1*03:01/DQA1*05:02 human alloantibody-HLA complex,heteromeric protein,SINGLE PARTICLE
9RUG,EMD-54271,2.74,2026-07-15T00:00:00.000+00:00,Cryo-EM structure of the LB_DQB0303_A Fab - HLA-DQB1*03:03/DQA1*02:01 human alloantibody-HLA complex,heteromeric protein,SINGLE PARTICLE
9RUH,EMD-54272,2.74,2026-07-15T00:00:00.000+00:00,Cryo-EM structure of the LB_DQB0602_B Fab - HLA-DQB1*06:02/DQA1*01:02 human alloantibody-HLA complex,heteromeric protein,SINGLE PARTICLE
9RUX,EMD-54277,3.9,2026-05-06T00:00:00.000+00:00,Cryo-EM structure of DISC1 core,homomeric protein,SINGLE PARTICLE
9RVM,EMD-54288,2.14,2026-07-22T00:00:00.000+00:00,Penicillium chrysogenum Virus full virions,heteromeric protein,SINGLE PARTICLE
9RVN,EMD-54289,2.3,2026-07-22T00:00:00.000+00:00,Penicillium chrysogenum Virus empty virions,heteromeric protein,SINGLE PARTICLE
9RVV,EMD-54291,3.0,2026-05-13T00:00:00.000+00:00,"Human TRPC5 in complex with (-) englerin A, partial occupancy (2EA:2LIP stoichiometry) state 2",homomeric protein,SINGLE PARTICLE
9RWG,EMD-54328,2.19,2026-02-04T00:00:00.000+00:00,Pentameric AAV2 Rep40 in complex with AAV8,heteromeric protein,SINGLE PARTICLE
9RWS,EMD-54346,3.28,2026-04-29T00:00:00.000+00:00,high-affinity choline transporter in DDM with Na+ and choline,homomeric protein,SINGLE PARTICLE
9RWT,EMD-54347,2.83,2026-04-29T00:00:00.000+00:00,high-affinity choline transporter in DDM with Na+,homomeric protein,SINGLE PARTICLE
9RX4,EMD-54357,3.67,2026-07-22T00:00:00.000+00:00,VPS34-CI bound to NRBF2 and RAB1A,heteromeric protein,SINGLE PARTICLE
9RX5,EMD-54358,3.15,2026-06-03T00:00:00.000+00:00,VPS34-CII (VPS34 199-REIE-202 to 199-AAAA-202 mutant) bound to RAB5A (Q79L),heteromeric protein,SINGLE PARTICLE
9RX6,EMD-54359,3.52,2026-06-03T00:00:00.000+00:00,VPS34-CII (VPS34 199-REIE-202 to 199-ERIR-202 mutant) bound to RAB5A (Q79L) on the VPS15 subunit,heteromeric protein,SINGLE PARTICLE
9RX7,EMD-54360,3.33,2026-07-22T00:00:00.000+00:00,VPS34-CI bound to NRBF2 MIT domain (residues 1-79),heteromeric protein,SINGLE PARTICLE
9RX8,EMD-54361,3.87,2026-06-03T00:00:00.000+00:00,Apo VPS34-CII (VPS34/VPS15/BECLIN1/UVRAG),heteromeric protein,SINGLE PARTICLE
9RX9,EMD-54362,3.99,2026-06-03T00:00:00.000+00:00,"VPS34-CII bound to RAB5A-GTP 1-212 (C19S, C63S, Q79L) on the VPS34 subunit",heteromeric protein,SINGLE PARTICLE
9RXA,EMD-54363,4.0,2026-06-03T00:00:00.000+00:00,"VPS34-CII bound to RAB5A-GTP 1-212 (C19S, C63S, Q79L) on the VPS15 subunit",heteromeric protein,SINGLE PARTICLE
9RY4,EMD-54372,2.0,2026-07-22T00:00:00.000+00:00,Single particle reconstruction of Rhodospirillum rubrum encapsulin,homomeric protein,SINGLE PARTICLE
9RY7,EMD-54373,2.17,2026-07-22T00:00:00.000+00:00,Focused refinement of closed pentamer of the Rhodospirillum rubrum encapsulin from symmetry expansion of icosahedral single particle reconstruction,homomeric protein,SINGLE PARTICLE
9RYE,EMD-54377,3.02,2026-04-08T00:00:00.000+00:00,Heterodimeric ABC exporter TmrAB (EQ mutant) in ATP-bound outward-facing occluded conformation in the absence of Mg2+,heteromeric protein,SINGLE PARTICLE
9RYF,EMD-54378,3.02,2026-04-08T00:00:00.000+00:00,Heterodimeric ABC exporter TmrAB (wild type) in ATP-bound outward-facing occluded conformation in the absence of Mg2+,heteromeric protein,SINGLE PARTICLE
9RYI,EMD-54381,1.71,2026-05-27T00:00:00.000+00:00,Aquifex aeolicus lumazine synthase 12-pentamer cage in complex with I-symmetry-masked riboflavin synthase,homomeric protein,SINGLE PARTICLE
9RYJ,EMD-54382,1.99,2026-05-27T00:00:00.000+00:00,Aquifex aeolicus lumazine synthase 11-pentamer cage in complex with C5-symmetrized riboflavin synthase C-termini,heteromeric protein,SINGLE PARTICLE
9RYK,EMD-54383,2.6,2026-05-27T00:00:00.000+00:00,Aquifex aeolicus lumazine synthase 11-pentamer cage in complex with riboflavin synthase trimer,heteromeric protein,SINGLE PARTICLE
9RYM,EMD-54385,2.78,2026-05-27T00:00:00.000+00:00,Aquifex aeolicus lumazine synthase 10-pentamer cage in complex with riboflavin synthase trimer,heteromeric protein,SINGLE PARTICLE
9RYN,EMD-54386,1.71,2026-05-27T00:00:00.000+00:00,Aquifex aeolicus lumazine synthase 12-pentamer cage,homomeric protein,SINGLE PARTICLE
9RYO,EMD-54387,2.09,2026-05-27T00:00:00.000+00:00,Aquifex aeolicus lumazine synthase 11-pentamer cage,homomeric protein,SINGLE PARTICLE
9RYP,EMD-54388,1.71,2026-05-27T00:00:00.000+00:00,Aquifex aeolicus lumazine synthase R29A mutant 12-pentamer cage,homomeric protein,SINGLE PARTICLE
9RYQ,EMD-54389,2.08,2026-05-27T00:00:00.000+00:00,Aquifex aeolicus lumazine synthase R29A mutant 11-pentamer cage,homomeric protein,SINGLE PARTICLE
9RYU,EMD-54392,1.71,2026-05-27T00:00:00.000+00:00,Aquifex aeolicus lumazine synthase L121A mutant 12-pentamer cage,homomeric protein,SINGLE PARTICLE
9RYV,EMD-54393,2.49,2026-05-27T00:00:00.000+00:00,Aquifex aeolicus lumazine synthase L121A mutant 11-pentamer cage,homomeric protein,SINGLE PARTICLE
9RYW,EMD-54394,1.71,2026-05-27T00:00:00.000+00:00,Aquifex aeolicus lumazine synthase I125A mutant 12-pentamer cage,homomeric protein,SINGLE PARTICLE
9RYX,EMD-54395,2.31,2026-05-27T00:00:00.000+00:00,Aquifex aeolicus lumazine synthase I125A mutant 11-pentamer cage,homomeric protein,SINGLE PARTICLE
9RZM,EMD-54404,2.41,2026-07-29T00:00:00.000+00:00,Single particle reconstruction of Rhodospirillum rubrum encapsulin:encapsulated ferritin complex,homomeric protein,SINGLE PARTICLE
9RZU,EMD-54408,2.63,2026-07-29T00:00:00.000+00:00,Focused refinement of closed encapsulin pentamer from symmetry expansion of icosahedral single particle reconstruction of the Rhodospirillum rubrum encapsulin:encapsulated ferritin complex,heteromeric protein,SINGLE PARTICLE
9RZV,EMD-54414,2.23,2026-04-22T00:00:00.000+00:00,E. coli cytochrome bd-I dimer bound to menaquinone,heteromeric protein,SINGLE PARTICLE
9S05,EMD-54415,2.68,2026-07-29T00:00:00.000+00:00,Focused refinement of open encapsulin pentamer from symmetry expansion of icosahedral single particle reconstruction of the Rhodospirillum rubrum encapsulin:encapsulated ferritin complex,heteromeric protein,SINGLE PARTICLE
9S0R,EMD-54418,3.5,2026-07-29T00:00:00.000+00:00,Cryo-EM structure of human NHE6 in C1 symmetry,homomeric protein,SINGLE PARTICLE
9S0S,EMD-54419,3.4,2026-07-29T00:00:00.000+00:00,Cryo-EM structure of human NHE6 in C2 symmetry,homomeric protein,SINGLE PARTICLE
9S0Y,EMD-54427,3.56,2026-07-15T00:00:00.000+00:00,bacteriophage LUZ19 tail complex computed in C6 symmetry,heteromeric protein,SINGLE PARTICLE
9S11,EMD-54430,3.16,2026-03-18T00:00:00.000+00:00,Lectin/toxin 2 from Coprinopsis cinerea,homomeric protein,SINGLE PARTICLE
9S16,EMD-54445,3.6,2026-07-29T00:00:00.000+00:00,"Apo-state RyR1 in the native membrane solved by ""SPA",heteromeric protein,SINGLE PARTICLE
9S1H,EMD-54454,4.0,2026-07-29T00:00:00.000+00:00,Apo-state RyR1 with ACP in the native membrane,heteromeric protein,SINGLE PARTICLE
9S1L,EMD-54455,2.83,2026-07-29T00:00:00.000+00:00,Cryo-EM structure of Posidonia oceanica PSI-LHCI supercomplex,heteromeric protein,SINGLE PARTICLE
9S1M,EMD-54456,3.31,2026-07-29T00:00:00.000+00:00,Cryo-EM structure of Posidonia oceanica L-PSI-LHCI-LHCII supercomplex,heteromeric protein,SINGLE PARTICLE
9S2C,EMD-54488,2.9,2026-07-29T00:00:00.000+00:00,"CgCdr1 in complex with ATP, ADP-VO4",homomeric protein,SINGLE PARTICLE
9S2H,EMD-54500,3.3,2026-07-29T00:00:00.000+00:00,CgCdr1 in complex with ATP and ADP,homomeric protein,SINGLE PARTICLE
9S2S,EMD-54509,3.8,2026-08-12T00:00:00.000+00:00,Primed-state RyR1 with calcium in activating concentration in the native membrane,heteromeric protein,SINGLE PARTICLE
9S34,EMD-54521,3.15,2026-08-12T00:00:00.000+00:00,Structure of the Pyrococcus abyssi 20S proteasome alpha subunit bound to the capping protein APA1,heteromeric protein,SINGLE PARTICLE
9S3E,EMD-54531,2.1,2026-08-12T00:00:00.000+00:00,Universal Photosystem II Intermediate with Light-Dependent Water-Ferrocyanide Oxydo-reductase activity from Pisum sativum,heteromeric protein,SINGLE PARTICLE
9S3F,EMD-54532,3.12,2026-06-24T00:00:00.000+00:00,"Cryo-EM structure of Gephyrin in complex with Darpin 27F3, revealing linker-E domain interactions",heteromeric protein,SINGLE PARTICLE
9S3M,EMD-54540,2.31,2026-06-24T00:00:00.000+00:00,Cryo-EM structure of Gephyrin E domain in complex with Darpin 27F3,heteromeric protein,SINGLE PARTICLE
9S3Q,EMD-54547,3.26,2026-01-28T00:00:00.000+00:00,Cerebellar GluA1/4 NTD tetramer (focused refinement),protein/oligosaccharide,SINGLE PARTICLE
9S3R,EMD-54549,3.3,2026-05-20T00:00:00.000+00:00,Ternary complex structure of compound 1 bound to SMARCA2 bromodomain and DCAF16:DDB1deltaBPB,heteromeric protein,SINGLE PARTICLE
9S3T,EMD-54551,3.48,2026-06-24T00:00:00.000+00:00,Gephyrin dimer of dimers - combined CryoEM map,homomeric protein,SINGLE PARTICLE
9S3V,EMD-54553,3.2,2026-08-12T00:00:00.000+00:00,Primed-state RyR1 with activating ligand mixture (Calcium/ACP/Caffeine) in the native membrane,heteromeric protein,SINGLE PARTICLE
9S4N,EMD-54570,3.53,2026-08-12T00:00:00.000+00:00,Activated-state RyR1 with activating ligand mixture (Calcium/ACP/Caffeine) in the native membrane,heteromeric protein,SINGLE PARTICLE
9S4S,EMD-54581,3.3,2026-08-12T00:00:00.000+00:00,"CgCdr1 in complex with Itraconazole, ATP and ADP-Mg-VO4",homomeric protein,SINGLE PARTICLE
9S4T,EMD-54582,2.8,2026-08-12T00:00:00.000+00:00,CgCdr1 apo,homomeric protein,SINGLE PARTICLE
9S4U,EMD-54583,3.0,2026-08-12T00:00:00.000+00:00,"CgCdr1 in complex with Itraconazole, ATP and ADP-Mg",homomeric protein,SINGLE PARTICLE
9S54,EMD-54588,3.9,2026-08-12T00:00:00.000+00:00,"Down class, Locked-state RyR1 with ryanodine in the native membrane",heteromeric protein,SINGLE PARTICLE
9S55,EMD-54590,3.7,2026-08-12T00:00:00.000+00:00,Locked-state RyR1 with ryanodine in the native membrane,heteromeric protein,SINGLE PARTICLE
9S5J,EMD-54599,3.5,2026-07-15T00:00:00.000+00:00,Portal and adaptor protein of bacteriophage LUZ19 computed in C12 symmetry,heteromeric protein,SINGLE PARTICLE
9S5U,EMD-54610,3.8,2026-08-12T00:00:00.000+00:00,Cryo-EM structure of yeast EMC:Spf1 insertase:dislocase complex in E1-ATP conformation in digitonin,protein/oligosaccharide,SINGLE PARTICLE
9S6P,EMD-54627,2.44,2026-07-08T00:00:00.000+00:00,Local refinement of a PSI monomer of A. marina NIES-2412,heteromeric protein,SINGLE PARTICLE
9S6Q,EMD-54628,3.57,2026-07-08T00:00:00.000+00:00,CryoEM structure of WIV1 spike monomer in complex with neutralizing antibody V1WT_41,heteromeric protein,SINGLE PARTICLE
9S6R,EMD-54629,3.08,2026-03-18T00:00:00.000+00:00,"Ternary cryo-EM structure of yeast ALG3 with Dol25-PP-GlcNAc2Man5, Dol25-P-Man, and Fab",heteromeric protein,SINGLE PARTICLE
9S6S,EMD-54630,2.89,2026-03-18T00:00:00.000+00:00,"Ternary cryo-EM structure of human ALG9 with Dol25-PP-GlcNAc2Man6, Dol25-P-Man and Fab",protein/oligosaccharide,SINGLE PARTICLE
9S6T,EMD-54631,2.42,2026-03-18T00:00:00.000+00:00,"Ternary cryo-EM structure of chicken ALG12 with Dol25-PP-GlcNAc2Man7, Dol25-P-Man, and Fab",heteromeric protein,SINGLE PARTICLE
9S6U,EMD-54632,2.95,2026-03-18T00:00:00.000+00:00,"Ternary cryo-EM structure of human ALG9 with Dol25-PP-GlcNAc2Man8, Dol25-P-Man and Fab",heteromeric protein,SINGLE PARTICLE
9S6Y,EMD-54633,3.98,2026-07-08T00:00:00.000+00:00,CryoEM structure of WIV1 spike monomer in complex with neutralizing antibody V1WT_06,heteromeric protein,SINGLE PARTICLE
9S72,EMD-54634,2.71,2026-09-16T00:00:00.000+00:00,Human CCT in Closed Conformation,heteromeric protein,SINGLE PARTICLE
9S7G,EMD-54641,3.2,2026-06-17T00:00:00.000+00:00,SPACA9 and MNMIP1 bound to the seam of manchette microtubules,heteromeric protein,SINGLE PARTICLE
9S7J,EMD-54642,2.85,2026-06-10T00:00:00.000+00:00,Cryo-EM (200kV) structure of pyruvate decarboxylase from Neoasaia chiangmaiensis,homomeric protein,SINGLE PARTICLE
9S7S,EMD-54649,3.3,2026-07-01T00:00:00.000+00:00,Structure of E. coli WbaP in complex with a megabody,heteromeric protein,SINGLE PARTICLE
9S7V,EMD-54650,3.1,2026-04-08T00:00:00.000+00:00,Structure of glycogen phosphorylase - dimeric form - from Escherichia coli,homomeric protein,SINGLE PARTICLE
9S86,EMD-54651,2.97,2026-04-08T00:00:00.000+00:00,Structure of glycogen phosphorylase - tetrameric form - from Escherichia coli,homomeric protein,SINGLE PARTICLE
9S8B,EMD-54658,2.79,2026-04-08T00:00:00.000+00:00,Structure of glycogen phosphorylase - dimeric form - in complex with HPr from Escherichia coli,heteromeric protein,SINGLE PARTICLE
9S8C,EMD-54659,2.28,2026-07-29T00:00:00.000+00:00,Cryo-EM structure of Rat NHE6 D293A variant,homomeric protein,SINGLE PARTICLE
9S8D,EMD-54660,2.74,2026-07-29T00:00:00.000+00:00,Cryo-EM structure of Rat NHE6 in detergent,homomeric protein,SINGLE PARTICLE
9S8E,EMD-54661,3.25,2026-07-29T00:00:00.000+00:00,Cryo-EM structure of Rat NHE6 in nanodisc,homomeric protein,SINGLE PARTICLE
9S8G,EMD-54662,2.38,2026-07-29T00:00:00.000+00:00,Cryo-EM structure of Rat NHE6 K351A variant,homomeric protein,SINGLE PARTICLE
9S8K,EMD-54663,2.06,2026-04-08T00:00:00.000+00:00,Structure of glycogen phosphorylase - tetrameric form - in complex with HPr from Escherichia coli,heteromeric protein,SINGLE PARTICLE
9S8L,EMD-54664,3.3,2026-07-01T00:00:00.000+00:00,Structure of E. coli WbaP in complex with a megabody in presence of UDP-Gal,heteromeric protein,SINGLE PARTICLE
9S9B,EMD-54676,3.06,2026-07-15T00:00:00.000+00:00,asymmetric unit of bacteriophage LUZ19 head computed in I4 symmetry,heteromeric protein,SINGLE PARTICLE
9SAS,EMD-54696,3.4,2026-08-26T00:00:00.000+00:00,"Chlorophyll synthase in complex with the LHC-like protein HliD, apo state",heteromeric protein,SINGLE PARTICLE
9SAU,EMD-54697,3.6,2026-08-19T00:00:00.000+00:00,"Chlorophyll synthase in complex with the LHC-like protein HliD, GGPP-bound state",heteromeric protein,SINGLE PARTICLE
9SDB,EMD-54783,2.9,2026-08-26T00:00:00.000+00:00,"mechanosensitive channel MscS from Francisella tularensis, mutant K94A, asymmetric processing",homomeric protein,SINGLE PARTICLE
9SDG,EMD-54785,2.8,2026-08-26T00:00:00.000+00:00,"mechanosensitive channel MscS from Francisella tularensis in DDM, asymmetric processing",homomeric protein,SINGLE PARTICLE
9SDH,EMD-54786,3.13,2026-08-12T00:00:00.000+00:00,Cryo-EM structure of the Human RUS Family Protein 1 Homodimer,homomeric protein,SINGLE PARTICLE
9SDL,EMD-54787,2.42,2026-04-15T00:00:00.000+00:00,"Cryo-EM structure of PfHT1 bound to 2,5-anhydro-D-mannitol",homomeric protein,SINGLE PARTICLE
9SDO,EMD-54788,2.9,2026-08-26T00:00:00.000+00:00,"mechanosensitive channel MscS from Francisella tularensis in DM, asymmetric processing",homomeric protein,SINGLE PARTICLE
9SDT,EMD-54792,2.3,2026-08-26T00:00:00.000+00:00,mechanosensitive channel MscS from Francisella tularensis in DM,homomeric protein,SINGLE PARTICLE
9SE4,EMD-54801,2.5,2026-04-22T00:00:00.000+00:00,E. coli cytochrome bd-I monomer,heteromeric protein,SINGLE PARTICLE
9SE6,EMD-54803,1.83,2026-04-01T00:00:00.000+00:00,Structure of Photosystem I from Chlamydomonas reinhardtii at 1.83 A resolution,heteromeric protein,SINGLE PARTICLE
9SE7,EMD-54804,2.06,2026-04-01T00:00:00.000+00:00,Structure of Cytochrome C6 bound Photosystem I from Chlamydomonas reinhardtii at 2.07 A resolution,heteromeric protein,SINGLE PARTICLE
9SEC,EMD-54806,2.4,2026-08-26T00:00:00.000+00:00,mechanosensitive channel MscS from Francisella tularensis in DDM,homomeric protein,SINGLE PARTICLE
9SED,EMD-54807,2.77,2026-08-26T00:00:00.000+00:00,"mechanosensitive channel MscS from Francisella tularensis, mutant K70A",homomeric protein,SINGLE PARTICLE
9SEF,EMD-54808,3.3,2026-09-02T00:00:00.000+00:00,mechanosensitive channel MscS from Francisella tularensis in nanodiscs,homomeric protein,SINGLE PARTICLE
9SEH,EMD-54810,2.7,2026-09-02T00:00:00.000+00:00,"mechanosensitive channel MscS from Francisella tularensis, mutant F108A",homomeric protein,SINGLE PARTICLE
9SEJ,EMD-54812,2.47,2026-04-22T00:00:00.000+00:00,E.coli cytochrome bd-I dimer bound to Aurachin D,heteromeric protein,SINGLE PARTICLE
9SF4,EMD-54813,2.6,2026-09-02T00:00:00.000+00:00,Prefusion-stabilized Hendra virus fusion protein in complex with inhibitory nanobody F130,heteromeric protein,SINGLE PARTICLE
9SF5,EMD-54814,3.7,2026-09-02T00:00:00.000+00:00,KP.3 SARS-CoV2 with fab JN-1.6 local refinement,heteromeric protein,SINGLE PARTICLE
9SF8,EMD-54816,2.6,2026-09-02T00:00:00.000+00:00,Monomeric form of the Streptococcus pyogenes nuclease A (SpnA),homomeric protein,SINGLE PARTICLE
9SF9,EMD-54817,2.8,2026-09-02T00:00:00.000+00:00,Dimeric form of the Streptococcus pyogenes nuclease A (SpnA),homomeric protein,SINGLE PARTICLE
9SFD,EMD-54818,3.49,2026-07-15T00:00:00.000+00:00,middle core protein of bacteriophage LUZ19 computed in C8 symmetry,homomeric protein,SINGLE PARTICLE
9SFF,EMD-54822,2.38,2026-04-22T00:00:00.000+00:00,E. coli cytochrome bd-I monomer,heteromeric protein,SINGLE PARTICLE
9SFH,EMD-54823,2.49,2026-04-22T00:00:00.000+00:00,E.coli cytochrome bd-I monomer,heteromeric protein,SINGLE PARTICLE
9SFI,EMD-54825,4.0,2026-07-01T00:00:00.000+00:00,Heterodisulfide reductase-Formylmethanofuran dehydrogenase super-assembly,heteromeric protein,SINGLE PARTICLE
9SFJ,EMD-54826,2.52,2026-04-22T00:00:00.000+00:00,E.coli cytochrome bd-I dimer in the MK bound open and closed state,heteromeric protein,SINGLE PARTICLE
9SFN,EMD-54828,3.74,2026-07-15T00:00:00.000+00:00,cap and middle core protein of bacteriophage LUZ19 computed in C4 symmetry,heteromeric protein,SINGLE PARTICLE
9SFV,EMD-54866,2.61,2026-04-22T00:00:00.000+00:00,E.coli cytochrome bd-I dimer in the apo and MK bound closed state,heteromeric protein,SINGLE PARTICLE
9SGL,EMD-54872,2.27,2026-01-14T00:00:00.000+00:00,S315T KatG mutant two Heme,homomeric protein,SINGLE PARTICLE
9SGM,EMD-54873,2.86,2026-01-14T00:00:00.000+00:00,S315I KatG mutant two Heme,homomeric protein,SINGLE PARTICLE
9SGN,EMD-54874,3.0,2026-01-14T00:00:00.000+00:00,S315I KatG mutant no Heme,homomeric protein,SINGLE PARTICLE
9SGO,EMD-54875,2.74,2026-01-14T00:00:00.000+00:00,S315N KatG mutant one Heme,homomeric protein,SINGLE PARTICLE
9SGP,EMD-54876,2.67,2026-01-14T00:00:00.000+00:00,S315R KatG mutant two Heme,homomeric protein,SINGLE PARTICLE
9SGQ,EMD-54877,2.76,2026-01-14T00:00:00.000+00:00,S315R KatG mutant one Heme,homomeric protein,SINGLE PARTICLE
9SGR,EMD-54878,2.6,2026-01-14T00:00:00.000+00:00,S315N KatG mutant no heme,homomeric protein,SINGLE PARTICLE
9SGS,EMD-54879,2.77,2026-01-14T00:00:00.000+00:00,S315G KatG mutant no Heme,homomeric protein,SINGLE PARTICLE
9SGT,EMD-54880,2.84,2026-01-14T00:00:00.000+00:00,S315G KatG mutant one Heme,homomeric protein,SINGLE PARTICLE
9SGY,EMD-54882,2.34,2026-01-14T00:00:00.000+00:00,S315I KatG mutant one heme,homomeric protein,SINGLE PARTICLE
9SH1,EMD-54886,2.14,2026-09-02T00:00:00.000+00:00,"Neisseria meningitidis Native PilQ protomer, composite map",homomeric protein,SINGLE PARTICLE
9SH2,EMD-54887,2.14,2026-09-02T00:00:00.000+00:00,Neisseria meningitidis Native PilQ tetradecamer,homomeric protein,SINGLE PARTICLE
9SH6,EMD-54889,2.77,2026-09-02T00:00:00.000+00:00,Structure of a GPCR dimer bound to two G proteins,heteromeric protein,SINGLE PARTICLE
9SHE,EMD-54897,3.2,2026-02-18T00:00:00.000+00:00,Structure of the honeybee GABAA RDL receptor with GABA and Abamectin,homomeric protein,SINGLE PARTICLE
9SHM,EMD-54904,2.0,2026-07-29T00:00:00.000+00:00,Structure of trans-basal conformer of human CBS trapped in PLP-aminoacrylate intermediate state (CBS PLP-AA)- by single particle approach,homomeric protein,SINGLE PARTICLE
9SHN,EMD-54905,2.18,2026-07-29T00:00:00.000+00:00,Structure of trans-basal conformer of human CBS trapped in PLP-serine external aldemine intermediate (CBS-PLP-Ser)- by single particle approach,homomeric protein,SINGLE PARTICLE
9SHO,EMD-54906,2.56,2026-02-11T00:00:00.000+00:00,Structure of the honeybee GABAA RDL receptor with GABA,homomeric protein,SINGLE PARTICLE
9SHV,EMD-54916,2.87,2026-09-09T00:00:00.000+00:00,Prefusion-stabilized Hendra virus fusion protein in complex with inhibitory nanobody F123,heteromeric protein,SINGLE PARTICLE
9SHW,EMD-54918,2.79,2026-09-09T00:00:00.000+00:00,Prefusion-stabilized Nipah virus fusion protein in complex with inhibitory nanobody F112,heteromeric protein,SINGLE PARTICLE
9SII,EMD-54928,3.4,2026-01-28T00:00:00.000+00:00,Supercoiling bacterial archaellum filament from L. aerophila,homomeric protein,SINGLE PARTICLE
9SIO,EMD-54929,2.9,2026-02-11T00:00:00.000+00:00,Structure of the honeybee GABAA RDL receptor apo state,homomeric protein,SINGLE PARTICLE
9SIQ,EMD-54930,2.96,2026-02-11T00:00:00.000+00:00,Structure of the honeybee GABAA RDL receptor with Chrodrimanin B,homomeric protein,SINGLE PARTICLE
9SJ7,EMD-54939,3.22,2026-06-17T00:00:00.000+00:00,Solution structure of Clostridioides difficile CspB protein determined by CryoEM,heteromeric protein,SINGLE PARTICLE
9SJ9,EMD-54941,2.75,2026-06-17T00:00:00.000+00:00,"Solution structure of Clostridioides difficile CspA protein in complex with CspC and Taurocholate, determined by CryoEM",heteromeric protein,SINGLE PARTICLE
9SJE,EMD-54945,2.9,2026-07-29T00:00:00.000+00:00,"Cryo-EM structure of the open-closed dextran utilisome (BT3087-BT3090), with GHdex D297A E360A catalytic inactivation, with bound IMO4, IMO6, IMO7, and IMO8",protein/oligosaccharide,SINGLE PARTICLE
9SJR,EMD-54951,1.99,2026-02-25T00:00:00.000+00:00,Cryo-EM structure of Human Apoferritin at pH 3.5,homomeric protein,SINGLE PARTICLE
9SJS,EMD-54952,2.06,2026-02-25T00:00:00.000+00:00,Cryo-EM structure of Human Apoferritin at pH 4,homomeric protein,SINGLE PARTICLE
9SJT,EMD-54953,1.96,2026-02-25T00:00:00.000+00:00,Cryo-EM structure of Human Apoferritin at pH 5,homomeric protein,SINGLE PARTICLE
9SJU,EMD-54954,2.08,2026-02-25T00:00:00.000+00:00,Cryo-EM structure of Human Apoferritin at pH 7,homomeric protein,SINGLE PARTICLE
9SJV,EMD-54955,1.89,2026-02-25T00:00:00.000+00:00,Cryo-EM structure of Human Apoferritin at pH 9,homomeric protein,SINGLE PARTICLE
9SK3,EMD-54956,2.63,2026-07-08T00:00:00.000+00:00,Trimeric photosystem I of Acaryochloris marina NIES-2412,heteromeric protein,SINGLE PARTICLE
9SKI,EMD-54965,3.1,2026-05-27T00:00:00.000+00:00,Polysaccharide co-polymerase FepE open 7 subunit complex,homomeric protein,SINGLE PARTICLE
9SKJ,EMD-54966,3.1,2026-05-27T00:00:00.000+00:00,Polysaccharide co-polymerase FepE open 8 subunit complex,homomeric protein,SINGLE PARTICLE
9SKK,EMD-54967,3.3,2026-05-27T00:00:00.000+00:00,Polysaccharide co-polymerase FepE open 9 subunit complex,homomeric protein,SINGLE PARTICLE
9SKL,EMD-54968,2.8,2026-05-27T00:00:00.000+00:00,Polysaccharide co-polymerase FepE closed 9 subunit complex C9 symmetry,homomeric protein,SINGLE PARTICLE
9SKR,EMD-54972,2.13,2026-04-22T00:00:00.000+00:00,"Cryo-EM structure of H. neapolitanus CsoSCA in oxidizing conditions, hexamer",homomeric protein,SINGLE PARTICLE
9SKS,EMD-54973,2.15,2026-04-22T00:00:00.000+00:00,"Cryo-EM structure of H. neapolitanus CsoSCA in oxidizing conditions, dimer, major state, active conformation",homomeric protein,SINGLE PARTICLE
9SKT,EMD-54974,2.45,2026-04-22T00:00:00.000+00:00,"Cryo-EM structure of H. neapolitanus CsoSCA in oxidizing conditions, dimer, minor state",homomeric protein,SINGLE PARTICLE
9SKU,EMD-54975,2.06,2026-04-22T00:00:00.000+00:00,"Cryo-EM structure of H. neapolitanus CsoSCA in reducing conditions, hexamer",homomeric protein,SINGLE PARTICLE
9SKV,EMD-54976,2.12,2026-04-22T00:00:00.000+00:00,"Cryo-EM structure of H. neapolitanus CsoSCA in reducing conditions, dimer, major state, inactive conformation",homomeric protein,SINGLE PARTICLE
9SKW,EMD-54977,2.27,2026-04-22T00:00:00.000+00:00,"Cryo-EM structure of H. neapolitanus CsoSCA in reducing conditions, dimer, minor state",homomeric protein,SINGLE PARTICLE
9SKX,EMD-54978,2.08,2026-04-22T00:00:00.000+00:00,"Cryo-EM structure of H. neapolitanus CsoSCA C283A/C284A inactive mutant, hexamer",homomeric protein,SINGLE PARTICLE
9SKY,EMD-54979,2.18,2026-04-22T00:00:00.000+00:00,"Cryo-EM structure of H. neapolitanus CsoSCA C283A/C284A inactive mutant, dimer, state 1",homomeric protein,SINGLE PARTICLE
9SKZ,EMD-54980,2.22,2026-04-22T00:00:00.000+00:00,"Cryo-EM structure of H. neapolitanus CsoSCA C283A/C284A inactive mutant, dimer, state 2",homomeric protein,SINGLE PARTICLE
9SL1,EMD-54981,2.68,2026-09-02T00:00:00.000+00:00,"GABA-A a4b3d receptor in complex with GABA, Nb24 and Mb30",protein/oligosaccharide,SINGLE PARTICLE
9SLD,EMD-54987,3.04,2026-09-02T00:00:00.000+00:00,"GABA-A a4b3d receptor in complex with DS2-Me, GABA, Nb24 and Mb30",protein/oligosaccharide,SINGLE PARTICLE
9SLL,EMD-55005,2.38,2026-09-16T00:00:00.000+00:00,Zuzalysin active pentamer,homomeric protein,SINGLE PARTICLE
9SLM,EMD-55007,3.27,2026-09-02T00:00:00.000+00:00,GABA-A a4b3d receptor in complex with GABA and Nb24,protein/oligosaccharide,SINGLE PARTICLE
9SLN,EMD-55008,2.82,2026-09-23T00:00:00.000+00:00,Zuzalysin bi-pentamer cryo-em,homomeric protein,SINGLE PARTICLE
9SLP,EMD-55011,2.47,2026-09-16T00:00:00.000+00:00,CryoEM structure of nucleoside diphosphate kinase (NDK) from Streptococcus pneumoniae,homomeric protein,SINGLE PARTICLE
9SM2,EMD-55024,2.5,2026-07-29T00:00:00.000+00:00,"Cryo-EM structure of the closed-closed dextran utilisome (BT3087-BT3090), with GHdex D297A E360A catalytic inactivation, with bound IMO4, IMO6 and IMO8",protein/oligosaccharide,SINGLE PARTICLE
9SM4,EMD-55026,1.83,2026-09-16T00:00:00.000+00:00,Zuzalysin active dodecahedral complex,homomeric protein,SINGLE PARTICLE
9SM8,EMD-55028,3.59,2026-09-16T00:00:00.000+00:00,Zuzalysin zymogen pentamer E439A,homomeric protein,SINGLE PARTICLE
9SMF,EMD-55030,2.51,2026-03-18T00:00:00.000+00:00,"Reduced bovine complex I in lipid nanodisc, NADH-active-Q10",heteromeric protein,SINGLE PARTICLE
9SMG,EMD-55031,2.42,2026-03-18T00:00:00.000+00:00,"Reduced bovine complex I in lipid nanodisc, NADH-active-altQ10",heteromeric protein,SINGLE PARTICLE
9SMH,EMD-55032,2.61,2026-03-18T00:00:00.000+00:00,"Reduced bovine complex I in lipid nanodisc, NADH-active-DDM",heteromeric protein,SINGLE PARTICLE
9SMI,EMD-55033,2.01,2026-03-18T00:00:00.000+00:00,"Reduced bovine complex I in lipid nanodisc, NADH-deactive",heteromeric protein,SINGLE PARTICLE
9SMJ,EMD-55035,2.64,2026-09-23T00:00:00.000+00:00,Zuzalysin zymogen dodecahedral complex E439A,homomeric protein,SINGLE PARTICLE
9SMK,EMD-55036,3.8,2026-02-25T00:00:00.000+00:00,Human TRPM4 ion channel in MSP2N2 lipid nanodisc in a calcium-bound state,homomeric protein,SINGLE PARTICLE
9SMN,EMD-55038,3.2,2026-06-17T00:00:00.000+00:00,BRCA1-A complex bound to K63-polyUbATA - open form StateC StateP,heteromeric protein,SINGLE PARTICLE
9SMP,EMD-55039,3.0,2026-06-17T00:00:00.000+00:00,BRCA1-A complex bound to K63-polyUbATA - open form double State P,heteromeric protein,SINGLE PARTICLE
9SMR,EMD-55040,3.25,2026-07-08T00:00:00.000+00:00,Structure of apo BRCA1-A complex in presence of K63-oligoUbATA,heteromeric protein,SINGLE PARTICLE
9SMS,EMD-55041,3.3,2026-06-17T00:00:00.000+00:00,BRCA1-A complex: Ubiquitin bound to BRE at the wrist site (focused 3D class),heteromeric protein,SINGLE PARTICLE
9SMX,EMD-55043,3.67,2026-05-13T00:00:00.000+00:00,CM1-activated gTuRC in complex with nascent alpha-E254D mutant microtubules,heteromeric protein,SINGLE PARTICLE
9SNA,EMD-55047,3.2,2026-06-17T00:00:00.000+00:00,BRCA1-A complex bound to K63-diUbATA - open form StateC StateP,heteromeric protein,SINGLE PARTICLE
9SNK,EMD-55048,2.59,2026-07-01T00:00:00.000+00:00,CryoEM structure of NADH:quinone oxidoreductases YjlCD from Bacillus subtilis,heteromeric protein,SINGLE PARTICLE
9SO9,EMD-55053,3.4,2026-06-17T00:00:00.000+00:00,BRCA1-A complex bound to K63-oligoUbATA - closed form StateC*,heteromeric protein,SINGLE PARTICLE
9SQ0,EMD-55105,2.74,2026-07-29T00:00:00.000+00:00,Structure of trans-basal conformer of wild-type human CBS alone (internal aldemine)- by single particle approach,homomeric protein,SINGLE PARTICLE
9SQ4,EMD-55106,3.49,2026-06-17T00:00:00.000+00:00,Cryo-EM structure of the DDB1deltaB-CRBN-Pomalidomide complex bound to SALL4(ZF1-ZF2-Helix),heteromeric protein,SINGLE PARTICLE
9SQ5,EMD-55107,3.68,2026-06-17T00:00:00.000+00:00,Cryo-EM structure of the DDB1deltaB-CRBN-Pomalidomide complex bound to IKZF1(ZF1-ZF2-Helix),heteromeric protein,SINGLE PARTICLE
9SQ6,EMD-55108,3.64,2026-06-17T00:00:00.000+00:00,Cryo-EM structure of the DDB1deltaB-CRBN-ALV2 complex bound to HELIOS,heteromeric protein,SINGLE PARTICLE
9SQM,EMD-55111,3.6,2026-08-12T00:00:00.000+00:00,Structure of a disulfide-bridged complex between HLA-A*02:01-K127N/Y84C and ERp57/tapasin-K16C - State 4,protein/oligosaccharide,SINGLE PARTICLE
9SQN,EMD-55112,3.5,2026-08-12T00:00:00.000+00:00,Structure of a disulfide-bridged complex between HLA-A*02:01-K127N/Y84C and ERp57/tapasin-K16C - State 1,protein/oligosaccharide,SINGLE PARTICLE
9SQO,EMD-55113,3.6,2026-08-12T00:00:00.000+00:00,Structure of a disulfide-bridged complex between HLA-A*02:01-K127N/Y84C and ERp57/tapasin-K16C - State 2,protein/oligosaccharide,SINGLE PARTICLE
9SQP,EMD-55114,3.5,2026-08-12T00:00:00.000+00:00,Structure of a disulfide-bridged complex between HLA-A*02:01-K127N/Y84C and ERp57/tapasin-K16C - State 3,protein/oligosaccharide,SINGLE PARTICLE
9SQR,EMD-55116,3.73,2026-09-02T00:00:00.000+00:00,Symmetry relaxed reconstruction of Rhodospirillum rubrum encapsulin:encapsulated ferritin nanocompartment,heteromeric protein,SINGLE PARTICLE
9SQV,EMD-55118,3.21,2026-08-05T00:00:00.000+00:00,Cryo-EM structure of the ARISCdC(E33A):K63-Ub4 complex (Composite map),heteromeric protein,SINGLE PARTICLE
9SQW,EMD-55119,3.2,2026-08-05T00:00:00.000+00:00,Cryo-EM structure of the ARISCdC(E33A):K63-Ub7 complex (Composite map),heteromeric protein,SINGLE PARTICLE
9SQY,EMD-55122,2.92,2026-08-05T00:00:00.000+00:00,Cryo-EM structure of the ARISC(E33A)-RAP80:K63-Ub7 complex (Composite map),heteromeric protein,SINGLE PARTICLE
9SR9,EMD-55134,2.5,2026-08-12T00:00:00.000+00:00,P. abyssi hibernation factor Hib bound to ATP (Hib-PTC conformation),homomeric protein,SINGLE PARTICLE
9SRT,EMD-55153,2.74,2026-07-22T00:00:00.000+00:00,Cryo-EM structure of the Mlc tetramer,homomeric protein,SINGLE PARTICLE
9SRW,EMD-55160,2.3,2026-07-22T00:00:00.000+00:00,Cryo-EM structure of the Mlc tetramer in complex with the anti-repressor MtfA,heteromeric protein,SINGLE PARTICLE
9SRX,EMD-55165,2.96,2026-07-22T00:00:00.000+00:00,Cryo-EM structure of the Mlc repressor in complex with the glucose-specific IICB transporter,heteromeric protein,SINGLE PARTICLE
9ST9,EMD-55213,3.1,2026-05-06T00:00:00.000+00:00,CryoEM structure of native quinol dependent Nitric Oxide Reductase at pH 6.5,homomeric protein,SINGLE PARTICLE
9STA,EMD-55214,2.4,2026-05-06T00:00:00.000+00:00,CryoEM structure of native quinol dependent Nitric Oxide Reductase with HQE at pH 6.5,homomeric protein,SINGLE PARTICLE
9SW2,EMD-55295,2.19,2026-04-29T00:00:00.000+00:00,Structure of the MvhAGD-HdrABC dimer of M. marburgensis under state 2 substate a (composite structure),heteromeric protein,SINGLE PARTICLE
9SW3,EMD-55296,3.25,2026-04-29T00:00:00.000+00:00,Structure of the MvhAGD-HdrABC dimer of M. marburgensis under state 2 substate b (composite structure),heteromeric protein,SINGLE PARTICLE
9SW4,EMD-55297,2.9,2026-04-29T00:00:00.000+00:00,Structure of the MvhAGD-HdrABC dimer of M. marburgensis under state 1 substate a (composite structure),heteromeric protein,SINGLE PARTICLE
9SW5,EMD-55298,3.29,2026-04-29T00:00:00.000+00:00,Structure of the MvhAGD-HdrABC dimer of M. marburgensis under state 1 substate b (composite structure),heteromeric protein,SINGLE PARTICLE
9SW6,EMD-55299,2.7,2026-04-29T00:00:00.000+00:00,Structure of the Mvh-Hdr-Fmd complex of Methanothermobacter marburgensis (composite structure),heteromeric protein,SINGLE PARTICLE
9SWA,EMD-55303;EMD-12989,2.2,2026-03-25T00:00:00.000+00:00,Adenovirus dodecahedron,homomeric protein,SINGLE PARTICLE
9SWK,EMD-55311,3.57,2026-05-20T00:00:00.000+00:00,Immature TBEV envelope spike with interaction partners underneath - SPA,heteromeric protein,SINGLE PARTICLE
9SWM,EMD-55320,3.38,2026-05-27T00:00:00.000+00:00,Stimulator of interferon genes protein,homomeric protein,SINGLE PARTICLE
9SWQ,EMD-55324,3.31,2026-05-27T00:00:00.000+00:00,Stimulator of interferon genes protein mutant - I165H,homomeric protein,SINGLE PARTICLE
9SWR,EMD-55325,2.86,2026-05-27T00:00:00.000+00:00,Stimulator of interferon genes protein mutant - W119K M120K,homomeric protein,SINGLE PARTICLE
9SWS,EMD-55326,3.04,2026-05-27T00:00:00.000+00:00,Stimulator of interferon genes protein mutant - D319K D320K,homomeric protein,SINGLE PARTICLE
9SY5,EMD-55340,2.61,2026-03-25T00:00:00.000+00:00,Engineering the ADDomer Nanoparticle Vaccine Scaffold for Improved Assembly and Enhanced Stability.,homomeric protein,SINGLE PARTICLE
9SYJ,EMD-55350,3.09,2026-01-28T00:00:00.000+00:00,"Asymmetric hexameric MmpS4-MmpL4 complex from Mycobacterium tuberculosis with ""short"" coiled-coil domain",heteromeric protein,SINGLE PARTICLE
9SYT,EMD-55353,3.22,2026-01-28T00:00:00.000+00:00,"Asymmetric hexameric MmpS4-MmpL4 complex from Mycobacterium tuberculosis with ""long"" coiled-coil domain",heteromeric protein,SINGLE PARTICLE
9SYV,EMD-55355,2.89,2026-01-28T00:00:00.000+00:00,Symmetric hexameric MmpS4-MmpL4 complex from Mycobacterium tuberculosis,heteromeric protein,SINGLE PARTICLE
9SZ9,EMD-55362,2.63,2026-08-26T00:00:00.000+00:00,Capsid structure of Lactococcus phage Nocturne116,heteromeric protein,SINGLE PARTICLE
9SZA,EMD-55363,3.52,2026-08-26T00:00:00.000+00:00,Asymmetric structure of the capsid-portal complex of Lactococcus phage Nocturne116,heteromeric protein,SINGLE PARTICLE
9SZB,EMD-55364,2.78,2026-08-26T00:00:00.000+00:00,Structure of the portal and head-tail connector of Lactococcus phage Nocturne116,heteromeric protein,SINGLE PARTICLE
9SZC,EMD-55365,2.83,2026-08-26T00:00:00.000+00:00,Neck structure of Lactococcus phage Nocturne116,heteromeric protein,SINGLE PARTICLE
9SZE,EMD-55367,3.05,2026-08-26T00:00:00.000+00:00,Tail tip structure of Lactococcus phage Nocturne116,heteromeric protein,SINGLE PARTICLE
9SZW,EMD-55389,3.14,2026-05-13T00:00:00.000+00:00,Human carboxyhemoglobin bound to full-length Staphylococcus aureus IsdH - IsdH:Hbdim complex,heteromeric protein,SINGLE PARTICLE
9T0F,EMD-55400,2.74,2026-06-17T00:00:00.000+00:00,Structure of Crimean Congo hemorrhagic fever virus (CCHFV) L protein.,homomeric protein,SINGLE PARTICLE
9T17,EMD-55425,2.77,2026-05-06T00:00:00.000+00:00,Cryo-EM reconstruction of the Kinesin KIF5A motor domain decorated GMPCPP microtubule,heteromeric protein,SINGLE PARTICLE
9T1D,EMD-55431,2.9,2026-05-06T00:00:00.000+00:00,Cryo-EM reconstruction of undecorated GDP microtubule,heteromeric protein,SINGLE PARTICLE
9T1S,EMD-55451,4.0,2026-07-01T00:00:00.000+00:00,Heterodisulfide-Hydrogenase-Formate Dehydrogenase dimer,heteromeric protein,SINGLE PARTICLE
9T33,EMD-55482,2.7,2026-09-09T00:00:00.000+00:00,Cryo-EM structure of homo-hexameric hLRRC8A double mutation W168L/L402W,homomeric protein,SINGLE PARTICLE
9T34,EMD-55483,3.38,2026-09-09T00:00:00.000+00:00,Cryo-EM structure of nomo-hexameric hLRRC8A L402W with ATP,homomeric protein,SINGLE PARTICLE
9T35,EMD-55484,2.78,2026-09-09T00:00:00.000+00:00,Cryo-EM structure of homo-hexameric hLRRC8A L402W,homomeric protein,SINGLE PARTICLE
9T3R,EMD-55517,3.5,2026-03-11T00:00:00.000+00:00,Structure of human HER2 in complex with EPS232 Fab,heteromeric protein,SINGLE PARTICLE
9T3S,EMD-55518,3.0,2026-03-11T00:00:00.000+00:00,Structure of human HER2 in complex with EPS226 Fab,heteromeric protein,SINGLE PARTICLE
9T3X,EMD-55519,2.1,2026-01-28T00:00:00.000+00:00,cryo-EM structure of CPSF160-WDR33-ZC3H18,heteromeric protein,SINGLE PARTICLE
9T3Y,EMD-55521,3.44,2026-03-25T00:00:00.000+00:00,Cryo-EM structure of alphaM/beta2:C3d-anti-CR3-Nb headpiece complex (HPO2 3D class reconstruction),protein/oligosaccharide,SINGLE PARTICLE
9T4U,EMD-55532,3.6,2026-09-16T00:00:00.000+00:00,"GDH in complex with ADP, processed with cryoPARES",homomeric protein,SINGLE PARTICLE
9T4W,EMD-55535,2.9,2026-09-16T00:00:00.000+00:00,"GDH in complex with compound G1, processed with cryoPARES",homomeric protein,SINGLE PARTICLE
9T4X,EMD-55549,3.0,2026-09-16T00:00:00.000+00:00,"GDH in complex with compound G2, processed with cryoPARES",homomeric protein,SINGLE PARTICLE
9T5H,EMD-55583,2.7,2026-07-15T00:00:00.000+00:00,RNA polymerase II bound to Gdown1 and RPAP2,heteromeric protein,SINGLE PARTICLE
9T5J,EMD-55585,2.8,2026-07-15T00:00:00.000+00:00,RPAP2-GPN1-GPN3 complex (GDP-bound),heteromeric protein,SINGLE PARTICLE
9T5K,EMD-55586,2.6,2026-04-22T00:00:00.000+00:00,Local refinement of RNA-free assembled Langya virus N-core,homomeric protein,SINGLE PARTICLE
9T5M,EMD-55589,2.99,2026-09-02T00:00:00.000+00:00,Structure of mouse full-length LRRC8D,homomeric protein,SINGLE PARTICLE
9T5N,EMD-55590,3.02,2026-09-02T00:00:00.000+00:00,"Structure of heteromeric mouse LRRC8A/D Volume-Regulated Anion Channel in complex with synthetic nanobody Sb1, Conformation 1",heteromeric protein,SINGLE PARTICLE
9T5O,EMD-55591,3.16,2026-09-02T00:00:00.000+00:00,"Structure of heteromeric mouse LRRC8A/D Volume-Regulated Anion Channel in complex with synthetic nanobody Sb1, Conformation 2",heteromeric protein,SINGLE PARTICLE
9T5P,EMD-55592,3.97,2026-09-02T00:00:00.000+00:00,Structure of heteromeric mouse LRRC8A/D Volume-Regulated Anion Channel in complex with synthetic nanobody Sb4,heteromeric protein,SINGLE PARTICLE
9T5T,EMD-55593,2.17,2026-06-10T00:00:00.000+00:00,Chlorophyll f-containing dimeric far-red Photosystem II from Chroococcidiopsis thermalis PCC 7203,heteromeric protein,SINGLE PARTICLE
9T5U,EMD-55594,2.33,2026-06-10T00:00:00.000+00:00,Chlorophyll f-containing monomeric far-red Photosystem II from Calothrix sp. NIES-3974,heteromeric protein,SINGLE PARTICLE
9T5V,EMD-55596,3.06,2026-03-25T00:00:00.000+00:00,Cryo-EM structure of alphaM/beta2:C3d-anti-CR3-Nb headpiece complex (HPO1 3D class reconstruction),protein/oligosaccharide,SINGLE PARTICLE
9T5W,EMD-55597,2.74,2026-03-25T00:00:00.000+00:00,Cryo-EM structure of mutant R61H alphaM/beta2 headpiece complex,protein/oligosaccharide,SINGLE PARTICLE
9T5Z,EMD-55599,3.1,2026-03-25T00:00:00.000+00:00,Cryo-EM structure of alphaM/beta2:MEM148-Fab headpiece complex (without alphaM I-domain),protein/oligosaccharide,SINGLE PARTICLE
9T6L,EMD-55617,2.9,2026-05-27T00:00:00.000+00:00,Cryo-EM structure of the human LENG8-PCID2-DSS1 complex bound to UAP56 and RRP1B,heteromeric protein,SINGLE PARTICLE
9T6N,EMD-55619,3.0,2026-05-27T00:00:00.000+00:00,Cryo-EM structure of the human GANP-PCID2-DSS1 complex bound to UAP56,heteromeric protein,SINGLE PARTICLE
9T7J,EMD-55637,3.0,2026-04-22T00:00:00.000+00:00,"cryo-EM structure of AKT phosphorylated mTOR complex 2, overall refinement",heteromeric protein,SINGLE PARTICLE
9T7P,EMD-55650,2.85,2026-09-09T00:00:00.000+00:00,Cryo-EM structure of ESG-2-36-bound D3 dopamine receptor with mini-Go,heteromeric protein,SINGLE PARTICLE
9T7Q,EMD-55651,3.03,2026-09-09T00:00:00.000+00:00,Cryo-EM structure of EA-Ri-112-bound D3 dopamine receptor with mini-Go,heteromeric protein,SINGLE PARTICLE
9T7V,EMD-55658,2.95,2026-05-20T00:00:00.000+00:00,Structure of LRRC58-EloB/C-CDO1 in complex with NEDD8-CUL5-RBX2-ARIH2-Ub,heteromeric protein,SINGLE PARTICLE
9T88,EMD-55683,2.74,2026-09-09T00:00:00.000+00:00,Cryo-EM structure of ESG-2-37-bound D3 dopamine receptor with mini-Go,heteromeric protein,SINGLE PARTICLE
9T8C,EMD-55684,2.9,2026-09-16T00:00:00.000+00:00,Cryo-EM structure of cariprazine-bound D3 dopamine receptor with mini-Go,heteromeric protein,SINGLE PARTICLE
9T8D,EMD-55685,3.6,2026-09-09T00:00:00.000+00:00,Cryo-EM structure of EA-RK-110-bound D3 dopamine receptor,heteromeric protein,SINGLE PARTICLE
9T8H,EMD-55686,3.0,2026-09-23T00:00:00.000+00:00,Murine RNF213 bound to maltoheptaose,protein/oligosaccharide,SINGLE PARTICLE
9T8I,EMD-55694,3.1,2026-09-23T00:00:00.000+00:00,Murine RNF213,homomeric protein,SINGLE PARTICLE
9T92,EMD-55714,3.1,2026-04-22T00:00:00.000+00:00,"cryo-EM structure of autophosphorylated mTOR complex 2, overall refinement",heteromeric protein,SINGLE PARTICLE
9T93,EMD-55715,2.86,2026-04-22T00:00:00.000+00:00,"cryo-EM structure of autophosphorylated mTOR complex 2, focused on a single protomer",heteromeric protein,SINGLE PARTICLE
9T94,EMD-55716,2.6,2026-04-22T00:00:00.000+00:00,"cryo-EM structure of AKT phosphorylated mTOR complex 2, focused on a single protomer",heteromeric protein,SINGLE PARTICLE
9T97,EMD-55718,2.35,2026-06-10T00:00:00.000+00:00,cryo-EM structure of AccA3/AccD4/AccD5/AccE5 complex from Mycobacterium smegmatis,heteromeric protein,SINGLE PARTICLE
9T9M,EMD-55722,3.09,2026-01-28T00:00:00.000+00:00,Tilvestamab Fab bound to the anti-Fab nanobody,heteromeric protein,SINGLE PARTICLE
9T9P,EMD-55723,3.0,2026-05-27T00:00:00.000+00:00,Adenosine receptor A2a (A2AR)-beta-lactamase fusion bound to beta-lactamase inhibitory protein II (BLIPII) and ZM241385,heteromeric protein,SINGLE PARTICLE
9T9R,EMD-55728,3.9,2026-08-19T00:00:00.000+00:00,Structure of bacteriophage NO16,heteromeric protein,SINGLE PARTICLE
9T9U,EMD-55737,2.61,2026-02-11T00:00:00.000+00:00,Cryo-EM composite structure of mouse TRPM3 alpha 2 in complex with antagonist Ononetin,homomeric protein,SINGLE PARTICLE
9T9V,EMD-55739,3.3,2026-08-19T00:00:00.000+00:00,Structure of bacteriophage NO16,heteromeric protein,SINGLE PARTICLE
9TA3,EMD-55743,2.97,2026-04-29T00:00:00.000+00:00,Cryo-EM structure of Heyndrickxia coagulans beta-galactosidase,homomeric protein,SINGLE PARTICLE
9TAJ,EMD-55748,3.0,2026-05-06T00:00:00.000+00:00,E. coli Complex I WT purified in LMNG,heteromeric protein,SINGLE PARTICLE
9TAK,EMD-55749,2.8,2026-05-06T00:00:00.000+00:00,Local refinement of E. coli Complex I WT membrane domain in LMNG,heteromeric protein,SINGLE PARTICLE
9TAL,EMD-55750,2.66,2026-05-06T00:00:00.000+00:00,Local refinement of E. coli Complex I WT hydrophilic domain in LMNG,heteromeric protein,SINGLE PARTICLE
9TAM,EMD-55751,2.96,2026-05-06T00:00:00.000+00:00,E. coli Complex I D79N NuoA mutant purified in LMNG,heteromeric protein,SINGLE PARTICLE
9TAN,EMD-55752,2.59,2026-05-06T00:00:00.000+00:00,Local refinement of E. coli Complex I D79N NuoA mutant hydrophilic domain in LMNG,heteromeric protein,SINGLE PARTICLE
9TAO,EMD-55753,2.61,2026-05-06T00:00:00.000+00:00,Local refinement of E. coli Complex I D79N NuoA mutant membrane domain in LMNG,heteromeric protein,SINGLE PARTICLE
9TBH,EMD-55771,1.7,2026-03-18T00:00:00.000+00:00,Hepatitis A Virus in Complex with LDLR Receptor,heteromeric protein,SINGLE PARTICLE
9TBI,EMD-55772,1.7,2026-03-18T00:00:00.000+00:00,Hepatitis A Virus in complex with GD1a,heteromeric protein,SINGLE PARTICLE
9TBJ,EMD-55773,3.0,2026-04-29T00:00:00.000+00:00,Leishmania mexicana secreted acid phosphatase,protein/oligosaccharide,SINGLE PARTICLE
9TBY,EMD-55775,3.71,2026-06-24T00:00:00.000+00:00,apo state of CydDC in nanodisc,heteromeric protein,SINGLE PARTICLE
9TCC,EMD-55790,3.11,2026-07-22T00:00:00.000+00:00,African Horse Sickness Virus serotype 4 VP2 homotrimer,homomeric protein,SINGLE PARTICLE
9TCM,EMD-55792,1.79,2026-05-20T00:00:00.000+00:00,1.79 A cryo-EM structure of Mycobacterium tuberculosis BfrB prepared under natural isotope abundance,homomeric protein,SINGLE PARTICLE
9TCN,EMD-55793,1.8,2026-05-20T00:00:00.000+00:00,1.80 A cryo-EM structure of Mycobacterium tuberculosis BfrB prepared under isotope-depleted abundance,homomeric protein,SINGLE PARTICLE
9TD2,EMD-55800,2.64,2026-06-10T00:00:00.000+00:00,Integrin AlphaIIbBeta3 bound to Fab of the anti-HPA-1a antibody 26.4,protein/oligosaccharide,SINGLE PARTICLE
9TDM,EMD-55802,2.4,2026-06-10T00:00:00.000+00:00,Cryo-EM structure of AccA3/AccD4/AccD5/AccE5 in complex with Propionyl-CoA,heteromeric protein,SINGLE PARTICLE
9TDS,EMD-55803,3.3,2026-04-22T00:00:00.000+00:00,"cryo-EM structure of dephosphorylated mTOR complex 2, overall refinement",heteromeric protein,SINGLE PARTICLE
9TDT,EMD-55804,3.0,2026-04-22T00:00:00.000+00:00,"cryo-EM structure of dephosphorylated mTOR complex 2, focused on a single protomer",heteromeric protein,SINGLE PARTICLE
9TF0,EMD-55863,2.26,2026-06-24T00:00:00.000+00:00,Structure of echovirus 18 in complex with neonatal Fc receptor,heteromeric protein,SINGLE PARTICLE
9TF1,EMD-55864,2.44,2026-06-24T00:00:00.000+00:00,"Structure of echovirus 18, activated particle",heteromeric protein,SINGLE PARTICLE
9TF2,EMD-55865,2.86,2026-06-24T00:00:00.000+00:00,"Structure of echovirus 18, empty particle",heteromeric protein,SINGLE PARTICLE
9TFV,EMD-55878,3.6,2026-07-01T00:00:00.000+00:00,Cryo-EM structure of the inward rectifying potassium channel 7.1 (Kir7.1),homomeric protein,SINGLE PARTICLE
9TG3,EMD-55889,3.5,2026-07-01T00:00:00.000+00:00,Cryo-EM structure of the R162W mutant inward rectifying potassium channel 7.1 (Kir7.1),homomeric protein,SINGLE PARTICLE
9TG4,EMD-55890,3.17,2026-04-08T00:00:00.000+00:00,Structure of the YbjP lipoprotein bound to the AcrABZ-TolC efflux pump,heteromeric protein,SINGLE PARTICLE
9TG6,EMD-55892,3.29,2026-07-01T00:00:00.000+00:00,Cryo-EM structure of the inward rectifying potassium channel 7.1 (Kir7.1) in complex with PIP2,homomeric protein,SINGLE PARTICLE
9TG8,EMD-55893,2.37,2026-09-02T00:00:00.000+00:00,Drebrin actin binding domain 1 conformation A (ABD1a) bound to F-actin,heteromeric protein,SINGLE PARTICLE
9TG9,EMD-55894,2.34,2026-09-02T00:00:00.000+00:00,Drebrin actin binding domain 1 conformation B (ABD1b) bound to F-actin,heteromeric protein,SINGLE PARTICLE
9TGA,EMD-55895,2.29,2026-09-02T00:00:00.000+00:00,Drebrin actin binding domain 2 bound to F-actin,heteromeric protein,SINGLE PARTICLE
9TGM,EMD-55904,3.6,2026-08-26T00:00:00.000+00:00,Cryo-EM structure of MCM2-7 DH bound to Sld3-Sld7,heteromeric protein,SINGLE PARTICLE
9THI,EMD-55928,2.9,2026-07-29T00:00:00.000+00:00,OmRV Crown Protein Deletion mutant infectious clone,homomeric protein,SINGLE PARTICLE
9THK,EMD-55929,3.6,2026-07-29T00:00:00.000+00:00,Structure of human CLN8 in an apo-state,homomeric protein,SINGLE PARTICLE
9TI4,EMD-54784,2.66,2026-01-14T00:00:00.000+00:00,High resolution Cryo-EM structure of human complex I in mitochondria,heteromeric protein,SINGLE PARTICLE
9TID,EMD-55952,3.0,2026-05-20T00:00:00.000+00:00,Phage 812 baseplate in the pre-contraction state - core and wedge module proteins,heteromeric protein,SINGLE PARTICLE
9TIE,EMD-55953,3.4,2026-05-20T00:00:00.000+00:00,Phage 812 baseplate in the pre-contraction state - tail sheath initiator and baseplate-proximal tail proteins,heteromeric protein,SINGLE PARTICLE
9TIG,EMD-55955,4.0,2026-05-20T00:00:00.000+00:00,Phage 812 baseplate in the pre-contraction state - lower arm (segment A),heteromeric protein,SINGLE PARTICLE
9TIH,EMD-55956,4.0,2026-05-20T00:00:00.000+00:00,Phage 812 baseplate in the pre-contraction state - lower arm (segment B),heteromeric protein,SINGLE PARTICLE
9TIN,EMD-55962,3.8,2026-05-20T00:00:00.000+00:00,Phage 812 baseplate in the pre-contraction state - upper arm (segment A),heteromeric protein,SINGLE PARTICLE
9TIO,EMD-55963,3.9,2026-05-20T00:00:00.000+00:00,Phage 812 baseplate in the pre-contraction state - upper arm (segment B),heteromeric protein,SINGLE PARTICLE
9TIU,EMD-55970,3.68,2026-09-09T00:00:00.000+00:00,cryo-EM structure of wild-type MscL from Escherichia coli in MSP nanodisc,homomeric protein,SINGLE PARTICLE
9TIV,EMD-55971,3.46,2026-09-09T00:00:00.000+00:00,cryo-EM structure of MscL G22S mutant from Escherichia coli in MSP nanodisc,homomeric protein,SINGLE PARTICLE
9TK9,EMD-56021,2.73,2026-07-29T00:00:00.000+00:00,Structure of human CLN8 in the presence of docosahexaenoate,homomeric protein,SINGLE PARTICLE
9TKA,EMD-56022,2.7,2026-07-29T00:00:00.000+00:00,Structure of human CLN8 in the presence of oleate,homomeric protein,SINGLE PARTICLE
9TKM,EMD-56033,2.7,2026-04-08T00:00:00.000+00:00,CryoEM structure of coxsackievirus B1 virus-like particle with VP4 deletion,heteromeric protein,SINGLE PARTICLE
9TLE,EMD-56052,3.1,2026-08-12T00:00:00.000+00:00,Structure of human prothrombinase with prothrombin,protein/oligosaccharide,SINGLE PARTICLE
9TLG,EMD-56054,3.1,2026-08-12T00:00:00.000+00:00,Structure of human prothrombinase with meizothrombin,protein/oligosaccharide,SINGLE PARTICLE
9TMN,EMD-56072,1.85,2026-09-09T00:00:00.000+00:00,Human sperm 20S proteasome complex isolated from native source,heteromeric protein,SINGLE PARTICLE
9TMS,EMD-56074,2.9,2026-09-09T00:00:00.000+00:00,Human sperm 20S-PA200 proteasome complex isolated from native source,heteromeric protein,SINGLE PARTICLE
9TNB,EMD-56081,2.8,2026-08-26T00:00:00.000+00:00,GABA-A receptor a3b3g2 + a3NB77 + bicuculline,protein/oligosaccharide,SINGLE PARTICLE
9TNS,EMD-56094,2.8,2026-08-26T00:00:00.000+00:00,GABA-A receptor a3b3g2 + GABA-PRE + a3NB83,protein/oligosaccharide,SINGLE PARTICLE
9TOI,EMD-56098,3.3,2026-09-23T00:00:00.000+00:00,gp39 protein from Escherichia phage vB_EcoS_NBD2,homomeric protein,SINGLE PARTICLE
9TOZ,EMD-56103,3.1,2026-09-23T00:00:00.000+00:00,"gp39 protein from Escherichia phage vB_EcoS_NBD2, unbent tubule",homomeric protein,SINGLE PARTICLE
9TPA,EMD-56105,2.6,2026-07-01T00:00:00.000+00:00,The ERAD misfolded glycoprotein checkpoint complex from Chaetomium thermophilum (EDEM:PDI heterodimer).,protein/oligosaccharide,SINGLE PARTICLE
9TPJ,EMD-56106,3.02,2026-06-17T00:00:00.000+00:00,"Human Cardiac Interacting Heads Motif, E525K mutant",heteromeric protein,SINGLE PARTICLE
9TPK,EMD-56107,3.8,2026-06-17T00:00:00.000+00:00,"Human Cardiac Interacting Heads Motif, Conformation B",heteromeric protein,SINGLE PARTICLE
9TPL,EMD-56108,3.6,2026-06-17T00:00:00.000+00:00,"Human Cardiac Interacting Heads Motif, Conformation A",heteromeric protein,SINGLE PARTICLE
9TPQ,EMD-56109,2.9,2026-08-26T00:00:00.000+00:00,GABA-A receptor a3b3g2 + a3NB77 + GABA,protein/oligosaccharide,SINGLE PARTICLE
9TPS,EMD-56113,2.13,2026-05-06T00:00:00.000+00:00,L. pneumophila 3-methylcrotonyl-CoA carboxylase holoenzyme A6B6,heteromeric protein,SINGLE PARTICLE
9TQ7,EMD-56126,3.58,2026-06-03T00:00:00.000+00:00,Neuraminidase NA isolated from the H1N1 strain A/Victoria/2570/2019 propagated in eggs,homomeric protein,SINGLE PARTICLE
9TQ8,EMD-56127,3.48,2026-06-10T00:00:00.000+00:00,Neuraminidase NA isolated from the H1N1 strain A/Victoria/2570/2019 propagated in eggs in complex with zanamivir,homomeric protein,SINGLE PARTICLE
9TQC,EMD-56131,2.48,2026-02-18T00:00:00.000+00:00,L. pneumophila 3-methylcrotonyl-CoA carboxylase holoenzyme A3B6,heteromeric protein,SINGLE PARTICLE
9TQD,EMD-56135,2.8,2026-04-15T00:00:00.000+00:00,CD163 bound to haemoglobin,protein/oligosaccharide,SINGLE PARTICLE
9TQG,EMD-56149,2.68,2026-01-14T00:00:00.000+00:00,L. pneumophila 3-methylcrotonyl-CoA carboxylase A1B6,heteromeric protein,SINGLE PARTICLE
9TQJ,EMD-56152,3.5,2026-06-10T00:00:00.000+00:00,Cryo-EM structure of AtubAB heterodimer from Heimdallarchaeia,heteromeric protein,SINGLE PARTICLE
9TRA,EMD-56164,3.32,2026-09-16T00:00:00.000+00:00,Bacterial antiviral defense protein PD-T7-3,homomeric protein,SINGLE PARTICLE
9TUD,EMD-56257,3.3,2026-08-26T00:00:00.000+00:00,CryoEM structure of DruH from Druantia type III,homomeric protein,SINGLE PARTICLE
9TUZ,EMD-56281,3.4,2026-07-08T00:00:00.000+00:00,PfRIPR bound to monoclonal antibody MAD8-2,heteromeric protein,SINGLE PARTICLE
9TV0,EMD-56282,2.8,2026-07-22T00:00:00.000+00:00,PfRIPR and PfCyRPA,heteromeric protein,SINGLE PARTICLE
9TW2,EMD-56357,3.58,2026-08-05T00:00:00.000+00:00,Cryo-EM structure of human VPS34-CI in complex with GABARAP,heteromeric protein,SINGLE PARTICLE
9TW3,EMD-56358,3.6,2026-08-05T00:00:00.000+00:00,Cryo-EM structure of human VPS34-CI in complex with GABARAP - alternative conformation,heteromeric protein,SINGLE PARTICLE
9TXI,EMD-56397,3.02,2026-09-23T00:00:00.000+00:00,Cryo-EM structure of native ITIH4,protein/oligosaccharide,SINGLE PARTICLE
9TXJ,EMD-56398,3.1,2026-09-23T00:00:00.000+00:00,Cryo-EM structure of native ITIH4 with 12A12 F(ab),protein/oligosaccharide,SINGLE PARTICLE
9TXK,EMD-56399,3.3,2026-09-23T00:00:00.000+00:00,Cryo-EM structure of active ITIH4N with 12A12 F(ab),protein/oligosaccharide,SINGLE PARTICLE
9TXL,EMD-56404,3.3,2026-09-23T00:00:00.000+00:00,ITIH4N:MASP-1cf:12A12 F(ab) 2:1:2 complex (Composite),protein/oligosaccharide,SINGLE PARTICLE
9TYG,EMD-56418,2.9,2026-02-11T00:00:00.000+00:00,Structure of the MAP2K MEK1 in an inactive conformation in complex with its substrate MAPK ERK2,heteromeric protein,SINGLE PARTICLE
9TYH,EMD-56419,3.4,2026-02-11T00:00:00.000+00:00,Structure of the MAP2K MEK1 in an active conformation in complex with its substrate MAPK ERK2,heteromeric protein,SINGLE PARTICLE
9TYI,EMD-56420,3.6,2026-02-25T00:00:00.000+00:00,Structure of the MAP2K MEK1 without bound nucleotide in complex with its substrate MAPK ERK2,heteromeric protein,SINGLE PARTICLE
9TZ3,EMD-56458,3.66,2026-08-05T00:00:00.000+00:00,Cryo-EM structure of human VPS34-CI with ADP:MgF3,heteromeric protein,SINGLE PARTICLE
9TZW,EMD-56477,3.3,2026-06-03T00:00:00.000+00:00,SARM1 TIR with BEXi adduct 6,homomeric protein,SINGLE PARTICLE
9TZY,EMD-56479,2.94,2026-06-03T00:00:00.000+00:00,SARM1 TIR with BEXi adduct 17,homomeric protein,SINGLE PARTICLE
9U32,EMD-63808,2.51,2026-03-11T00:00:00.000+00:00,Plant chloroplast dicarboxylate transporter AtDiT2.1 bound with Glu,homomeric protein,SINGLE PARTICLE
9U3A,EMD-63814,2.98,2026-02-18T00:00:00.000+00:00,Glycogen phosphorylase from Segatella copri in complex with AMP,homomeric protein,SINGLE PARTICLE
9U3K,EMD-63816,3.32,2026-02-18T00:00:00.000+00:00,Glycogen phosphorylase from Segatella copri pentamer in complex with AMP chains D and E,homomeric protein,SINGLE PARTICLE
9U3L,EMD-63817,2.91,2026-03-25T00:00:00.000+00:00,Substrate-engaged human 26S proteasome bound to midnolin with RPT2 at top of spiral staircase,heteromeric protein,SINGLE PARTICLE
9U40,EMD-63831,3.04,2026-09-23T00:00:00.000+00:00,Cryo-EM structure of peptide GPCR-Gq complex,heteromeric protein,SINGLE PARTICLE
9U43,EMD-63832,3.02,2026-09-23T00:00:00.000+00:00,Cryo-EM structure of D-peptide-GPCR-Gq complex,heteromeric protein,SINGLE PARTICLE
9U4A,EMD-63837,3.3,2026-09-23T00:00:00.000+00:00,Structure of UBE3A T485E tetramer,homomeric protein,SINGLE PARTICLE
9U4B,EMD-63838,3.8,2026-09-23T00:00:00.000+00:00,Structure of UBE3A tetramer,homomeric protein,SINGLE PARTICLE
9U4C,EMD-63839,3.49,2026-09-23T00:00:00.000+00:00,Structure of UBE3A dimer,homomeric protein,SINGLE PARTICLE
9U4D,EMD-63843,3.39,2026-09-23T00:00:00.000+00:00,Structure of UBE3A-E6-p53 complex,heteromeric protein,SINGLE PARTICLE
9U4J,EMD-63848,3.4,2026-03-25T00:00:00.000+00:00,Cryo-EM structure of the hGPR4-apo Receptor in pH 7.8,homomeric protein,SINGLE PARTICLE
9U4O,EMD-63852,2.77,2026-06-17T00:00:00.000+00:00,Cryo-EM Structure of Human ACE2 Complexed with RacCS20637 RBD,protein/oligosaccharide,SINGLE PARTICLE
9U4R,EMD-63853,3.23,2026-03-25T00:00:00.000+00:00,"Structure of the intial complex in filament assembly at 3.23 angstroms resolution, conformation 2.",heteromeric protein,SINGLE PARTICLE
9U4Z,EMD-63859,3.0,2026-09-23T00:00:00.000+00:00,Structure of alpha subunit of class Ib Ribonucleotide reductase in Mycobacteria (apo form),homomeric protein,SINGLE PARTICLE
9U56,EMD-63864,2.91,2026-03-25T00:00:00.000+00:00,Cryo-EM structure of AtABCC2 in apo form,homomeric protein,SINGLE PARTICLE
9U57,EMD-63865,3.42,2026-03-25T00:00:00.000+00:00,Cryo-EM structure of dimeric AtABCC2,homomeric protein,SINGLE PARTICLE
9U58,EMD-63866,3.36,2026-03-25T00:00:00.000+00:00,Cryo-EM structure of AZ-GS bound AtABCC2,homomeric protein,SINGLE PARTICLE
9U5Z,EMD-63892,3.1,2026-01-14T00:00:00.000+00:00,C3 convertases zymogen C4b2 in activation state,heteromeric protein,SINGLE PARTICLE
9U60,EMD-63893,2.9,2026-01-14T00:00:00.000+00:00,C3 convertases zymogen C4b2 in loading state,heteromeric protein,SINGLE PARTICLE
9U61,EMD-63894,3.1,2026-01-14T00:00:00.000+00:00,CP/MBL pathways C3 convertase C4b2a and C3 complex,protein/oligosaccharide,SINGLE PARTICLE
9U62,EMD-63895,2.7,2026-01-14T00:00:00.000+00:00,AP pathways C3 convertase C3bBbP and C3 complex,protein/oligosaccharide,SINGLE PARTICLE
9U65,EMD-63896,3.41,2026-03-25T00:00:00.000+00:00,Structure of HN HA at pH 7.0 (conformation2).,heteromeric protein,SINGLE PARTICLE
9U66,EMD-63897,3.49,2026-03-25T00:00:00.000+00:00,Structure of HN HA at pH 6.4 (conformation3).,heteromeric protein,SINGLE PARTICLE
9U67,EMD-63898,3.32,2026-03-25T00:00:00.000+00:00,Structure of HN HA at pH 6.4 (conformation4).,heteromeric protein,SINGLE PARTICLE
9U68,EMD-63899,2.46,2026-03-25T00:00:00.000+00:00,Structure of HN-113S HA at pH 7.0.,heteromeric protein,SINGLE PARTICLE
9U69,EMD-63900,3.54,2026-03-25T00:00:00.000+00:00,Structure of HN-113S HA at pH 6.4.,heteromeric protein,SINGLE PARTICLE
9U6R,EMD-63920,4.0,2026-03-25T00:00:00.000+00:00,"Cryo-EM structure of the Vo domain of V/A-ATPase in liposomes under no pmf condition,state2",heteromeric protein,SINGLE PARTICLE
9U7H,EMD-63936,3.08,2026-04-01T00:00:00.000+00:00,Complex structure of a glycosyltransferase,heteromeric protein,SINGLE PARTICLE
9U7I,EMD-63937,3.3,2026-04-01T00:00:00.000+00:00,Dimer structure of a glycosyltransferase,homomeric protein,SINGLE PARTICLE
9U7J,EMD-63938,3.3,2026-04-01T00:00:00.000+00:00,Oligomer structure of a glycosyltransferase,homomeric protein,SINGLE PARTICLE
9U7L,EMD-63939,3.2,2026-08-12T00:00:00.000+00:00,G protein-coupled receptor complex,heteromeric protein,SINGLE PARTICLE
9U7R,EMD-63943,3.17,2026-04-01T00:00:00.000+00:00,"Substrate-free human 26S proteasome purified by midnolin, 20S proteasome, RPTs and RPN11 part",heteromeric protein,SINGLE PARTICLE
9U7T,EMD-63945,3.1,2026-04-08T00:00:00.000+00:00,Structure of the human DCAF8-DDB1 complex,heteromeric protein,SINGLE PARTICLE
9U7Y,EMD-63947,3.68,2026-04-01T00:00:00.000+00:00,"Structure of the tip region of the intial complex in bacterial flagellar filament assembly at 3.68 angstroms resolution, conformation 3.",heteromeric protein,SINGLE PARTICLE
9U8B,EMD-63952,3.21,2026-04-01T00:00:00.000+00:00,Structure of THIK1 complexed with C101248,homomeric protein,SINGLE PARTICLE
9U8K,EMD-63955,2.7,2026-04-15T00:00:00.000+00:00,Structure of ASC-PYD filament from condensates,homomeric protein,SINGLE PARTICLE
9U9I,EMD-63965,4.0,2026-03-04T00:00:00.000+00:00,M4-CTD-undocked AP-4 core in apo form,heteromeric protein,SINGLE PARTICLE
9U9Z,EMD-63973,3.4,2026-04-01T00:00:00.000+00:00,Cryo-EM structure of cyanobacterial bicarbonate transporter CmpBCD,heteromeric protein,SINGLE PARTICLE
9UA0,EMD-63974,3.39,2026-04-08T00:00:00.000+00:00,Cryo-EM structure of cyanobacterial bicarbonate transporter CmpBCD in the presence of nitrate,heteromeric protein,SINGLE PARTICLE
9UA1,EMD-63975,3.15,2026-04-08T00:00:00.000+00:00,Cryo-EM structure of cyanobacterial bicarbonate transporter CmpBCD in complex with ATP,heteromeric protein,SINGLE PARTICLE
9UA3,EMD-63977,3.28,2026-03-04T00:00:00.000+00:00,Cryo-EM structure of neddylated CUL2-RBX1-FEM1C-ELOB-ELOC,heteromeric protein,SINGLE PARTICLE
9UA5,EMD-63979,3.94,2026-01-07T00:00:00.000+00:00,RABV G binding with CTB011 Fab and CTB012 Fab,heteromeric protein,SINGLE PARTICLE
9UAM,EMD-63985,3.3,2026-03-18T00:00:00.000+00:00,CysLTR2-LTC4-miniGq complex,heteromeric protein,SINGLE PARTICLE
9UAN,EMD-63986,3.5,2026-03-18T00:00:00.000+00:00,CysLTR2-LTD4-miniGq complex,heteromeric protein,SINGLE PARTICLE
9UAQ,EMD-63989,2.29,2026-02-11T00:00:00.000+00:00,CryoEM structure of GFP-like protein from Aequorea coerulescens with Trimbody,heteromeric protein,SINGLE PARTICLE
9UAR,EMD-63990,1.99,2026-04-08T00:00:00.000+00:00,CTP synthase DON-state,homomeric protein,SINGLE PARTICLE
9UAS,EMD-63994,2.35,2026-04-01T00:00:00.000+00:00,PSI-LHCE-LHCII from Euglena gracilis,heteromeric protein,SINGLE PARTICLE
9UAT,EMD-63995,3.65,2026-02-11T00:00:00.000+00:00,The structure of mCAT1 in complex with its substrate ornithine and the RBD of FrMLV.,protein/oligosaccharide,SINGLE PARTICLE
9UAX,EMD-63997,2.71,2026-04-08T00:00:00.000+00:00,The structure of Myanmar_N2 and AS4C_Fab complex,protein/oligosaccharide,SINGLE PARTICLE
9UB1,EMD-63999,2.35,2026-04-08T00:00:00.000+00:00,The structure of Myanmar_N2 and M6B12_Fab complex,protein/oligosaccharide,SINGLE PARTICLE
9UB7,EMD-64000,3.61,2026-04-08T00:00:00.000+00:00,"Structure of glycosylphosphatidylinositol transamidase,state 1",protein/oligosaccharide,SINGLE PARTICLE
9UBC,EMD-64004,3.43,2026-02-25T00:00:00.000+00:00,Sub-particle structure of the iterative acetyltransferase from Actinomycetes in complex with AcCoA and monoacetylated lasso peptides,heteromeric protein,SINGLE PARTICLE
9UBR,EMD-64015,2.62,2026-02-11T00:00:00.000+00:00,CryoEM structure of human Galectin-10 with iTrimbody,heteromeric protein,SINGLE PARTICLE
9UCL,EMD-64047,2.43,2026-02-11T00:00:00.000+00:00,CryoEM structure of IgV domain of human Nectin-4 with Trimbody,heteromeric protein,SINGLE PARTICLE
9UCO,EMD-64049,3.58,2026-04-08T00:00:00.000+00:00,Cryo-EM structure of ADGRE1-beta arrestin1-scFv30 complex,heteromeric protein,SINGLE PARTICLE
9UDC,EMD-64067,3.38,2026-04-15T00:00:00.000+00:00,Cryo-EM Structure of SLC15A2 with NAD+ (Pose 1),homomeric protein,SINGLE PARTICLE
9UDK,EMD-64071,3.44,2026-07-29T00:00:00.000+00:00,CryoEM structure of Brucella melitensis CobS(E142Q) with ATP,homomeric protein,SINGLE PARTICLE
9UE3,EMD-64076,2.78,2026-01-28T00:00:00.000+00:00,The structure of FIPV spike glycoprotein,protein/oligosaccharide,SINGLE PARTICLE
9UED,EMD-64082,3.29,2026-04-08T00:00:00.000+00:00,Cryo-EM structure of human TRPV3 in complex with sevoflurane determined in MSP2N2 nanodisc,homomeric protein,SINGLE PARTICLE
9UEJ,EMD-64083,2.94,2026-09-16T00:00:00.000+00:00,Cryo-EM structure of L-lysine 6-dehydrogenase,homomeric protein,SINGLE PARTICLE
9UEK,EMD-64084,2.53,2026-09-16T00:00:00.000+00:00,Cryo-EM structure of L-lysine 6-dehydrogenase complex with NAD+ and L-lysine,homomeric protein,SINGLE PARTICLE
9UEP,EMD-64088,2.85,2026-01-07T00:00:00.000+00:00,The structure of FIPV RBD and cat APN complex,protein/oligosaccharide,SINGLE PARTICLE
9UFB,EMD-64104,3.05,2026-05-13T00:00:00.000+00:00,Ubiquinol Binding Site of Cytochrome bo3 from A.b,heteromeric protein,SINGLE PARTICLE
9UFE,EMD-64106,2.17,2026-04-29T00:00:00.000+00:00,Cryo-EM structure of the tubular mastigoneme (the central tube) from golden algae 2.17 angstrom resolution,protein/oligosaccharide,SINGLE PARTICLE
9UFN,EMD-64113,3.8,2026-04-15T00:00:00.000+00:00,Phage T4 tip of the tail tube in post-tail-contraction state (genome-full particle),heteromeric protein,SINGLE PARTICLE
9UFT,EMD-64122,3.56,2026-04-15T00:00:00.000+00:00,Ubiquinol Binding Site of Cytochrome bo3 from Acinetobacter baumannii,heteromeric protein,SINGLE PARTICLE
9UFV,EMD-64123,3.56,2026-05-13T00:00:00.000+00:00,Ubiquinol Binding Site of Cytochrome bo3 from Acinetobacter baumannii,heteromeric protein,SINGLE PARTICLE
9UFW,EMD-64124,3.12,2026-05-13T00:00:00.000+00:00,Ubiquinol Binding Site of Cytochrome bo3 from Acinetobacter baumannii,heteromeric protein,SINGLE PARTICLE
9UFZ,EMD-64127,3.28,2026-05-13T00:00:00.000+00:00,Ubiquinol Binding Site of Cytochrome bo3 from Acinetobacter baumannii,heteromeric protein,SINGLE PARTICLE
9UG2,EMD-64130,2.89,2026-04-15T00:00:00.000+00:00,Severed and capped actin fragment by two G1G3 domains of gelsolin,heteromeric protein,SINGLE PARTICLE
9UGG,EMD-64138,3.6,2026-04-15T00:00:00.000+00:00,PsdAB dimer (peptidisc sample),heteromeric protein,SINGLE PARTICLE
9UGJ,EMD-64139,3.85,2026-02-18T00:00:00.000+00:00,Structure of SARM1 bound to SIR3-ADPR,homomeric protein,SINGLE PARTICLE
9UGL,EMD-64140,2.65,2026-04-15T00:00:00.000+00:00,Cryo-EM structure of 5-HT2CR.,homomeric protein,SINGLE PARTICLE
9UGO,EMD-64142,4.0,2026-02-18T00:00:00.000+00:00,Cryo-EM structure of the HBsAg dimer and Complex with Fab,heteromeric protein,SINGLE PARTICLE
9UGU,EMD-64144,3.07,2026-01-07T00:00:00.000+00:00,Cryo-EM Structure of Apo-G6PT1,homomeric protein,SINGLE PARTICLE
9UGX,EMD-64147,3.16,2026-01-07T00:00:00.000+00:00,Cryo-EM Structure of G6PT1-apo monomer in pi buffer,homomeric protein,SINGLE PARTICLE
9UGY,EMD-64148,3.5,2026-01-07T00:00:00.000+00:00,Cryo-EM Structure of G6PT1 bound with GlcN6P,homomeric protein,SINGLE PARTICLE
9UH3,EMD-64153,1.74,2026-04-01T00:00:00.000+00:00,PSI-9 FCPI supercomplex from haptophyte Chrysotila roscoffensis,heteromeric protein,SINGLE PARTICLE
9UH4,EMD-64154,2.12,2026-04-01T00:00:00.000+00:00,PSI-4 FCPI supercomplex from haptophyte Chrysotila roscoffensis,heteromeric protein,SINGLE PARTICLE
9UHG,EMD-64163,3.91,2026-07-22T00:00:00.000+00:00,JN.1 RBD in complex with antibody BA5-12-CDR1,protein/oligosaccharide,SINGLE PARTICLE
9UI1,EMD-64181,3.54,2026-04-22T00:00:00.000+00:00,transporter,homomeric protein,SINGLE PARTICLE
9UI6,EMD-64185,3.22,2026-04-22T00:00:00.000+00:00,transporter,homomeric protein,SINGLE PARTICLE
9UIF,EMD-64193,3.27,2026-04-22T00:00:00.000+00:00,transporter complex,homomeric protein,SINGLE PARTICLE
9UIN,EMD-64198,3.03,2026-04-22T00:00:00.000+00:00,Human thioredoxin reductase 1 (SeCys 498 Cys) with Cu(I),homomeric protein,SINGLE PARTICLE
9UIQ,EMD-64201,3.2,2026-02-25T00:00:00.000+00:00,Structure of CTF18-PCNA with ATP,heteromeric protein,SINGLE PARTICLE
9UIT,EMD-64204,3.14,2026-04-22T00:00:00.000+00:00,transporter,homomeric protein,SINGLE PARTICLE
9UJ4,EMD-64213,2.59,2026-04-22T00:00:00.000+00:00,Structure of human KCNQ1-CaM complex,heteromeric protein,SINGLE PARTICLE
9UJE,EMD-60486;EMD-64086,3.1,2026-03-25T00:00:00.000+00:00,Cryo-EM structure of SARS-CoV2 KP.3.1.1 spike protein,protein/oligosaccharide,SINGLE PARTICLE
9UJF,EMD-64214,2.01,2026-04-22T00:00:00.000+00:00,Complex of GTP cyclohydrolase with GTP,homomeric protein,SINGLE PARTICLE
9UJM,EMD-64217,3.07,2026-04-29T00:00:00.000+00:00,Structure of a membrane protein,homomeric protein,SINGLE PARTICLE
9UJV,EMD-64227,3.86,2026-07-29T00:00:00.000+00:00,CryoEM structure of Brucella melitensis CobS hexamer without AMPPNP,homomeric protein,SINGLE PARTICLE
9UK2,EMD-64230,2.9,2026-04-22T00:00:00.000+00:00,Human OXGR1-miniGq complex (conformation 1),heteromeric protein,SINGLE PARTICLE
9UK9,EMD-64231,3.49,2026-07-29T00:00:00.000+00:00,CryoEM structure of Brucella melitensis CobN with cobalt ion,homomeric protein,SINGLE PARTICLE
9UKD,EMD-64235,3.71,2026-07-29T00:00:00.000+00:00,CryoEM structure of Brucella melitensis CobS(E142Q)-CobT complex with ATP (conformation 3),heteromeric protein,SINGLE PARTICLE
9UKE,EMD-64236,3.04,2026-07-29T00:00:00.000+00:00,CryoEM structure of Brucella melitensis CobS(E142Q)-CobT complex with ATP (conformation 2),heteromeric protein,SINGLE PARTICLE
9UKF,EMD-64237,3.3,2026-07-29T00:00:00.000+00:00,CryoEM structure of Brucella melitensis CobS(E142Q)-CobT complex with ATP (conformation 1),heteromeric protein,SINGLE PARTICLE
9UKG,EMD-64238,3.54,2026-07-29T00:00:00.000+00:00,CryoEM structure of Brucella melitensis CobS-CobT complex with AMPPNP (conformation 5),heteromeric protein,SINGLE PARTICLE
9UKH,EMD-64239,3.55,2026-07-29T00:00:00.000+00:00,CryoEM structure of Brucella melitensis CobS-CobT complex with AMPPNP (conformation 4),heteromeric protein,SINGLE PARTICLE
9UKI,EMD-64240,3.64,2026-07-29T00:00:00.000+00:00,CryoEM structure of Brucella melitensis CobS-CobT complex with AMPPNP (conformation 3),heteromeric protein,SINGLE PARTICLE
9UKJ,EMD-64241,3.08,2026-07-29T00:00:00.000+00:00,CryoEM structure of Brucella melitensis CobS-CobT complex with AMPPNP (conformation 2),heteromeric protein,SINGLE PARTICLE
9UKL,EMD-64248,3.73,2026-07-29T00:00:00.000+00:00,CryoEM structure of Brucella melitensis CobS-CobT complex with AMPPNP (conformation 1),heteromeric protein,SINGLE PARTICLE
9ULO,EMD-64265,3.91,2026-04-22T00:00:00.000+00:00,Cryo-EM structure of Human Mre11-Nbs1 complex,heteromeric protein,SINGLE PARTICLE
9UMG,EMD-64273,3.04,2026-01-21T00:00:00.000+00:00,Cryo-EM structure of VTC complex(Vtc5/Vtc4/Vtc3/Vtc1),heteromeric protein,SINGLE PARTICLE
9UMT,EMD-64312,3.64,2026-04-29T00:00:00.000+00:00,TRiC_HDAC1_close_state,heteromeric protein,SINGLE PARTICLE
9UN3,EMD-64338,3.37,2026-02-18T00:00:00.000+00:00,native NMDA receptor-GluN1/N2B in the open state,heteromeric protein,SINGLE PARTICLE
9UNJ,EMD-64353,3.93,2026-02-18T00:00:00.000+00:00,native NMDA receptor-GluN1/N2A-S1 in closed state,heteromeric protein,SINGLE PARTICLE
9UNK,EMD-64354,3.37,2026-02-18T00:00:00.000+00:00,native NMDA receptor-GluN1/N2B in the closed state,heteromeric protein,SINGLE PARTICLE
9UNN,EMD-64357,3.29,2026-02-18T00:00:00.000+00:00,native NMDA receptor-GluN1/N2A-S3 in the closed state,heteromeric protein,SINGLE PARTICLE
9UNO,EMD-64358,3.55,2026-02-18T00:00:00.000+00:00,native NMDA receptor-GluN1/N2A in the inactive state,heteromeric protein,SINGLE PARTICLE
9UNP,EMD-64359,3.27,2026-02-18T00:00:00.000+00:00,native NMDA receptor-GluN1/N2A/N2B-S2 in the closed state,heteromeric protein,SINGLE PARTICLE
9UNQ,EMD-64360,3.2,2026-02-18T00:00:00.000+00:00,native NMDA receptor-GluN1/N2A/2B in inactive state,heteromeric protein,SINGLE PARTICLE
9UNR,EMD-64361,2.98,2026-02-18T00:00:00.000+00:00,native NMDA receptor-GluN1/N2A/N2B-S1 in the closed state,heteromeric protein,SINGLE PARTICLE
9UNU,EMD-64362,2.18,2026-04-01T00:00:00.000+00:00,PSI-1 FCPI supercomplex from haptophyte Chrysotila roscoffensis,heteromeric protein,SINGLE PARTICLE
9UNW,EMD-64367,3.55,2026-03-25T00:00:00.000+00:00,mouse PDCD5-TRiC complex,heteromeric protein,SINGLE PARTICLE
9UOE,EMD-64377,2.63,2026-04-01T00:00:00.000+00:00,Glycogen phosphorylase tetramer from E. coli,homomeric protein,SINGLE PARTICLE
9UOF,EMD-64378,1.89,2026-04-01T00:00:00.000+00:00,PSI-6 FCPI supercomplex from haptophyte Chrysotila roscoffensis,heteromeric protein,SINGLE PARTICLE
9UOV,EMD-64383,2.33,2026-04-01T00:00:00.000+00:00,PSI-8 FCPI supercomplex from haptophyte Chrysotila roscoffensis,heteromeric protein,SINGLE PARTICLE
9UP2,EMD-64387,3.33,2026-04-01T00:00:00.000+00:00,PvdL-E2-C3-A3-PCP3 in complex with MLP (NRPS cross-module),heteromeric protein,SINGLE PARTICLE
9UPB,EMD-64390,3.41,2026-02-18T00:00:00.000+00:00,Structure of the human TREX-2 bound to UAP56,heteromeric protein,SINGLE PARTICLE
9UPC,EMD-64391,3.14,2026-02-11T00:00:00.000+00:00,Structure of human TREX-2,heteromeric protein,SINGLE PARTICLE
9UPE,EMD-64393,3.72,2026-04-01T00:00:00.000+00:00,Glycogen phosphorylase dimer from E. coli in complex with AMP.,homomeric protein,SINGLE PARTICLE
9UPM,EMD-64397,3.21,2026-06-24T00:00:00.000+00:00,Cryo-EM structure of macaque red cone pigment with Q114N mutation,homomeric protein,SINGLE PARTICLE
9UPN,EMD-64398,3.37,2026-06-24T00:00:00.000+00:00,Cryo-EM structure of macaque green cone pigment with Q114N mutation,homomeric protein,SINGLE PARTICLE
9UPO,EMD-64399,3.71,2026-06-24T00:00:00.000+00:00,Cryo-EM structure of macaque green cone pigment wild type,homomeric protein,SINGLE PARTICLE
9UPR,EMD-64401,2.77,2026-05-06T00:00:00.000+00:00,Cryo-EM structure of the N-terminal domain of Omicron BA.1 in complex with nanobody N103 and S2L20 Fab,protein/oligosaccharide,SINGLE PARTICLE
9UPU,EMD-64402,2.8,2026-04-29T00:00:00.000+00:00,Cryo-EM strucutre of CXCR4 complexed with agonist SDV1a,heteromeric protein,SINGLE PARTICLE
9UPV,EMD-64403,2.7,2026-04-29T00:00:00.000+00:00,Cryo-EM structure of CXCR4 complexed with agonist SDVX1,heteromeric protein,SINGLE PARTICLE
9UPY,EMD-64407,3.1,2026-09-23T00:00:00.000+00:00,Cryo-EM structure of the ZQ16-bound GPR84 receptor-Gi complex,heteromeric protein,SINGLE PARTICLE
9UQ0,EMD-64408,3.47,2026-05-20T00:00:00.000+00:00,Structure of human MCM2-7 single hexamer with MCM3-WHD attached to MCM2-CTD,heteromeric protein,SINGLE PARTICLE
9URI,EMD-64458,3.09,2026-03-04T00:00:00.000+00:00,apo form of polyphosphate kinase 1 (PPK1),homomeric protein,SINGLE PARTICLE
9URJ,EMD-64459,3.11,2026-03-04T00:00:00.000+00:00,binary complex of polyP-bound polyphosphate kinase 1 (PPK1),homomeric protein,SINGLE PARTICLE
9URZ,EMD-64462,3.2,2026-05-06T00:00:00.000+00:00,Cryo-EM structure of the Prohibitin complex from Chaetomium thermophilum,heteromeric protein,SINGLE PARTICLE
9US8,EMD-64463,3.32,2026-05-06T00:00:00.000+00:00,Structure of human URAT1 bound with sulfinpyrazone,homomeric protein,SINGLE PARTICLE
9USU,EMD-64471,2.9,2026-08-05T00:00:00.000+00:00,Two interacting D13 trimers at mode I interface in Twister assembly,homomeric protein,SINGLE PARTICLE
9USV,EMD-64472,3.2,2026-08-05T00:00:00.000+00:00,Two interacting D13 trimers at mode II interface in Twister assembly,homomeric protein,SINGLE PARTICLE
9USW,EMD-64473,3.1,2026-08-05T00:00:00.000+00:00,Two interacting D13 trimers at mode III interface in Twister assembly,homomeric protein,SINGLE PARTICLE
9USX,EMD-64474,2.88,2026-08-05T00:00:00.000+00:00,Cryo-EM structure of His6-tagged D13 assembled into scaffold-like particles from vaccinia virus,homomeric protein,SINGLE PARTICLE
9USY,EMD-64475,3.7,2026-08-05T00:00:00.000+00:00,Cryo-EM structure of eGFP-tagged D13 assembled into scaffold-like particles from vaccinia virus,homomeric protein,SINGLE PARTICLE
9USZ,EMD-64476,2.56,2026-08-05T00:00:00.000+00:00,Cryo-EM structure of A17(1-16) peptide-bound D13 trimer from vaccinia virus,homomeric protein,SINGLE PARTICLE
9UT0,EMD-64477,3.63,2026-08-05T00:00:00.000+00:00,Cryo-EM structure of A17(1-16) peptide-bound D13 assembled into scaffold-like particles from vaccinia virus,homomeric protein,SINGLE PARTICLE
9UT4,EMD-64480,2.91,2026-04-08T00:00:00.000+00:00,The primase module of the helicase-primase complex from HHV1 bound with ssDNA and amenamevir,heteromeric protein,SINGLE PARTICLE
9UT7,EMD-64483,3.08,2026-04-08T00:00:00.000+00:00,The Primase module of the helicase-primase complex from HHV1 bound with ssDNA and pritelivir,heteromeric protein,SINGLE PARTICLE
9UTG,EMD-64491,3.58,2026-02-18T00:00:00.000+00:00,Glycogen phosphorylase from Segatella copri decamer in complex with AMP,homomeric protein,SINGLE PARTICLE
9UUH,EMD-64511,3.07,2026-03-04T00:00:00.000+00:00,binary complex of ATP-bound polyphosphate kinase 1 (PPK1),homomeric protein,SINGLE PARTICLE
9UUM,EMD-64512,3.41,2026-06-10T00:00:00.000+00:00,Cryo-EM structure of mezigdomide-organized CRL4-DDB1-CRBN-IKZF3(ZF2-ZF3)-UbcH5a-Ub ubiquitylation assembly,heteromeric protein,SINGLE PARTICLE
9UUQ,EMD-64515,3.41,2026-08-19T00:00:00.000+00:00,Cryo-EM structure of thalidomide-organized CRL4-DDB1-CRBN-IKZF3(ZF2-ZF3)-UbcH5a-Ub ubiquitylation assembly,heteromeric protein,SINGLE PARTICLE
9UUR,EMD-64516,3.36,2026-04-01T00:00:00.000+00:00,The complex of human pMEK1 and uERK1 (ANP),heteromeric protein,SINGLE PARTICLE
9UUX,EMD-64519,3.12,2026-04-01T00:00:00.000+00:00,The complex of human pMEK1 and ERK1 pT202 (ANP),heteromeric protein,SINGLE PARTICLE
9UUY,EMD-64520,3.85,2026-05-27T00:00:00.000+00:00,Wild-type apo Escherichia coli nicotinamide nucleotide transhydrogenase,heteromeric protein,SINGLE PARTICLE
9UV2,EMD-64521,2.83,2026-05-27T00:00:00.000+00:00,Single-subunit apo Escherichia coli nicotinamide nucleotide transhydrogenase,heteromeric protein,SINGLE PARTICLE
9UV3,EMD-64522,2.88,2026-05-27T00:00:00.000+00:00,Single-subunit Escherichia coli nicotinamide nucleotide transhydrogenase in the presence of palmitoyl-CoA,heteromeric protein,SINGLE PARTICLE
9UV4,EMD-64523,3.3,2026-01-21T00:00:00.000+00:00,Structure of MHV68 glycoprotein B in complex with Fab5,heteromeric protein,SINGLE PARTICLE
9UV7,EMD-64527,3.43,2026-05-27T00:00:00.000+00:00,Single-subunit apo Escherichia coli nicotinamide nucleotide transhydrogenase,heteromeric protein,SINGLE PARTICLE
9UV9,EMD-64528,2.68,2026-07-08T00:00:00.000+00:00,Cryo-EM structures of fGSDM/HET-Q1 pores,homomeric protein,SINGLE PARTICLE
9UVA,EMD-64529,3.73,2026-05-27T00:00:00.000+00:00,Structures of multiple states of the nicotinamide nucleotide transhydrogenase from Escherichia coli,heteromeric protein,SINGLE PARTICLE
9UVB,EMD-64530,3.23,2026-05-27T00:00:00.000+00:00,Escherichia coli transhydrogenase the dissociated (dI)2 dimer in the presence of both NADPH and NADP+,homomeric protein,SINGLE PARTICLE
9UVC,EMD-64532,3.3,2026-01-21T00:00:00.000+00:00,Structure of MHV68 glycoprotein B,homomeric protein,SINGLE PARTICLE
9UVT,EMD-64536,3.29,2026-05-06T00:00:00.000+00:00,Cryo-EM structure of bradykinin B2 receptor (B2R)-BRIL/anti BRIL SRP2070 Fab antibody complex with icatibant,heteromeric protein,SINGLE PARTICLE
9UVU,EMD-64537,3.69,2026-05-06T00:00:00.000+00:00,"Cryo-EM structure of bradykinin B2 receptor (B2R)-BRIL/anti BRIL SRP2070 Fab antibody complex with icatibant, focused on receptor",heteromeric protein,SINGLE PARTICLE
9UVV,EMD-64538,3.02,2026-05-06T00:00:00.000+00:00,Cryo-EM structure of Vasopressin receptor 2 (V2R)-BRIL/anti BRIL SRP2070 Fab antibody complex with tolvaptan,heteromeric protein,SINGLE PARTICLE
9UVW,EMD-64539,2.89,2026-05-06T00:00:00.000+00:00,"Cryo-EM structure of Vasopressin receptor 2 (V2R)-BRIL/anti BRIL SRP2070 Fab antibody complex with tolvaptan, focused on receptor",homomeric protein,SINGLE PARTICLE
9UVX,EMD-64540,3.31,2026-05-06T00:00:00.000+00:00,"Cryo-EM structure of Vasopressin receptor 2 (V2R)-BRIL/anti BRIL SRP2070 Fab antibody complex with OPC51803, focused on receptor",homomeric protein,SINGLE PARTICLE
9UVY,EMD-64541,2.98,2026-05-06T00:00:00.000+00:00,Cryo-EM structure of Vasopressin receptor 2 (V2R)-ARK1 with tolvaptan,homomeric protein,SINGLE PARTICLE
9UVZ,EMD-64542,2.99,2026-05-06T00:00:00.000+00:00,Cryo-EM structure of Lysophosphatidic acid receptor 2 (LPA2)-ARK1 with Ki16425,homomeric protein,SINGLE PARTICLE
9UW3,EMD-64544,3.36,2026-04-01T00:00:00.000+00:00,The complex of human pMEK1 and ERK1 pY204 (ANP),heteromeric protein,SINGLE PARTICLE
9UW4,EMD-64545,3.2,2026-04-01T00:00:00.000+00:00,The complex of human pMEK1 and uERK1 (ANP)(from pY204ERK1),heteromeric protein,SINGLE PARTICLE
9UWG,EMD-64553,3.21,2026-04-22T00:00:00.000+00:00,Structure of the human DCAF2-DDB1 complex,heteromeric protein,SINGLE PARTICLE
9UWI,EMD-64555,2.8,2026-01-28T00:00:00.000+00:00,Cryo-EM structure of human V1aR bound with atosiban at a resolution of 2.8 angstrom,heteromeric protein,SINGLE PARTICLE
9UWJ,EMD-64556,3.0,2026-02-04T00:00:00.000+00:00,Cryo-EM structure of human V1aR bound with balovaptan at a resolution of 3.0 angstrom,homomeric protein,SINGLE PARTICLE
9UWL,EMD-64559,2.6,2026-02-04T00:00:00.000+00:00,Cryo-EM structure of human V1aR bound with SRX246 at a resolution of 2.6 angstrom,homomeric protein,SINGLE PARTICLE
9UWM,EMD-64560,3.1,2026-05-27T00:00:00.000+00:00,A combined cryo_EM structure of Cagrilintide-CTR-Gs complex,heteromeric protein,SINGLE PARTICLE
9UWQ,EMD-64563,3.1,2026-05-27T00:00:00.000+00:00,A combined Cryo_EM structure of Cagrilintide-AMY1R-Gs complex,heteromeric protein,SINGLE PARTICLE
9UWV,EMD-64564,3.3,2026-05-27T00:00:00.000+00:00,SalA bound Kappa Opioid Receptor in complex with Gi,heteromeric protein,SINGLE PARTICLE
9UWW,EMD-64566,2.19,2026-03-11T00:00:00.000+00:00,Cryo-EM structure of the human P2X2 receptor in the apo closed state,homomeric protein,SINGLE PARTICLE
9UWX,EMD-64567,2.41,2026-03-11T00:00:00.000+00:00,Cryo-EM structure of the human P2X2 receptor in the ATP-bound open state,homomeric protein,SINGLE PARTICLE
9UWY,EMD-64568,2.48,2026-03-11T00:00:00.000+00:00,Cryo-EM structure of the human P2X2 receptor in the ATP-bound desensitised state,homomeric protein,SINGLE PARTICLE
9UX1,EMD-64569,2.98,2026-03-11T00:00:00.000+00:00,Cryo-EM structure of the human P2X2/3 heteromer receptor - class 1 (1:2),heteromeric protein,SINGLE PARTICLE
9UX2,EMD-64570,2.73,2026-03-11T00:00:00.000+00:00,Cryo-EM structure of the human P2X2/3 heteromer receptor - class 2 (2:1),heteromeric protein,SINGLE PARTICLE
9UX3,EMD-64571,2.64,2026-03-11T00:00:00.000+00:00,Cryo-EM structure of the human P2X2/3 heteromer receptor bound to AF-219,heteromeric protein,SINGLE PARTICLE
9UX4,EMD-64572,2.57,2026-03-11T00:00:00.000+00:00,Cryo-EM structure of the human P2X3 receptor in the camlipixant-bound inhibited state,homomeric protein,SINGLE PARTICLE
9UX8,EMD-64576,3.71,2026-03-25T00:00:00.000+00:00,CryoEM Structure of LmuAB Apo State,heteromeric protein,SINGLE PARTICLE
9UXB,EMD-64579,2.92,2026-05-06T00:00:00.000+00:00,The apo structure of BCL7B-containing ARP module of the human SWI/SNF complex,heteromeric protein,SINGLE PARTICLE
9UXC,EMD-64580,2.74,2026-05-06T00:00:00.000+00:00,The ADP-bound structure of BCL7B-containing ARP module of the human SWI/SNF complex,heteromeric protein,SINGLE PARTICLE
9UXI,EMD-64584,3.64,2026-03-25T00:00:00.000+00:00,"type II Lamassu, LmuA tetramer",homomeric protein,SINGLE PARTICLE
9UXK,EMD-64585,3.54,2026-03-25T00:00:00.000+00:00,"type II Lamassu, LmuACB from Vibrio cholerae O1 El",heteromeric protein,SINGLE PARTICLE
9UXN,EMD-64587,2.7,2026-05-27T00:00:00.000+00:00,Local refinement of Succinate bound OXGR1,homomeric protein,SINGLE PARTICLE
9UXO,EMD-64588,2.97,2026-05-27T00:00:00.000+00:00,Local refinement of maleic acid bound OXGR1,homomeric protein,SINGLE PARTICLE
9UXP,EMD-64589,2.9,2026-05-27T00:00:00.000+00:00,Local refinement of ITA bound OXGR1,homomeric protein,SINGLE PARTICLE
9UXQ,EMD-64590,2.89,2026-05-27T00:00:00.000+00:00,Local refinement of AKG bound OXGR1,homomeric protein,SINGLE PARTICLE
9UXS,EMD-64597,3.4,2026-05-27T00:00:00.000+00:00,The local refine of 3D reconstruction of the complex formed by SARS-CoV2 BA.1 spike glycoprotein and a single-domain antibody,heteromeric protein,SINGLE PARTICLE
9UXT,EMD-64601,3.07,2026-03-18T00:00:00.000+00:00,The Structural Basis of ClpP1 in Pseudomonas plecoglossicida,homomeric protein,SINGLE PARTICLE
9UXU,EMD-64602,3.6,2026-05-27T00:00:00.000+00:00,SalA bound Kappa Opioid Receptor in complex with Gi,heteromeric protein,SINGLE PARTICLE
9UXX,EMD-64604,3.6,2026-05-27T00:00:00.000+00:00,SalA bound Kappa Opioid Receptor homodimer,heteromeric protein,SINGLE PARTICLE
9UY9,EMD-64607,3.5,2026-01-21T00:00:00.000+00:00,Macacine gammaherpesvirus 4 glycoprotein B in complex with Fab5,heteromeric protein,SINGLE PARTICLE
9UYD,EMD-64609,2.7,2026-06-10T00:00:00.000+00:00,SARS-CoV-2 Ancestral strain spike S-cred,protein/oligosaccharide,SINGLE PARTICLE
9UYO,EMD-64620,3.39,2026-03-18T00:00:00.000+00:00,Cryo-EM structure of a class C GPCR (Class 1),homomeric protein,SINGLE PARTICLE
9UYP,EMD-64621,3.51,2026-03-18T00:00:00.000+00:00,Cryo-EM structure of a class C GPCR (Class 3),homomeric protein,SINGLE PARTICLE
9UYQ,EMD-64622,3.27,2026-03-18T00:00:00.000+00:00,Cryo-EM structure of a class C GPCR (Class 2),homomeric protein,SINGLE PARTICLE
9V09,EMD-64658,3.25,2026-08-19T00:00:00.000+00:00,Cryo-EM structure of lenalidomide-organized CRL4-DDB1-CRBN-IKZF3(ZF2-ZF3)-UbcH5a-Ub ubiquitylation assembly,heteromeric protein,SINGLE PARTICLE
9V0A,EMD-64659,3.69,2026-06-10T00:00:00.000+00:00,Cryo-EM structure of pomalidomide-organized CRL4-DDB1-CRBN-IKZF3(ZF2-ZF3)-UbcH5a-Ub ubiquitylation assembly,heteromeric protein,SINGLE PARTICLE
9V0B,EMD-64660,3.54,2026-06-10T00:00:00.000+00:00,Cryo-EM structure of avadomide-organized CRL4-DDB1-CRBN-IKZF3(ZF2-ZF3)-UbcH5a-Ub ubiquitylation assembly,heteromeric protein,SINGLE PARTICLE
9V0C,EMD-64661,3.27,2026-08-19T00:00:00.000+00:00,Cryo-EM structure of iberdomide-organized CRL4-DDB1-CRBN-IKZF3(ZF2-ZF3)-UbcH5a-Ub ubiquitylation assembly,heteromeric protein,SINGLE PARTICLE
9V0E,EMD-64662,3.51,2026-08-19T00:00:00.000+00:00,Cryo-EM structure of golcadomide-organized CRL4-DDB1-CRBN-IKZF3(ZF2-ZF3)-UbcH5a-Ub ubiquitylation assembly,heteromeric protein,SINGLE PARTICLE
9V0F,EMD-64663,3.71,2026-06-10T00:00:00.000+00:00,Cryo-EM structure of cemsidomide-organized CRL4-DDB1-CRBN-IKZF3(ZF2-ZF3)-UbcH5a-Ub ubiquitylation assembly,heteromeric protein,SINGLE PARTICLE
9V0X,EMD-64674,2.66,2026-02-04T00:00:00.000+00:00,Cryo-EM structure of Gq-coupled PrRPR in complex with GUB08248,heteromeric protein,SINGLE PARTICLE
9V10,EMD-64679,3.7,2026-05-27T00:00:00.000+00:00,Cryo-EM structure of the 48-nm repeat doublet microtubule from mouse sperm,heteromeric protein,SINGLE PARTICLE
9V1H,EMD-64693,2.85,2026-02-04T00:00:00.000+00:00,Cryo-EM structure of Gi-coupled NPFF2R in complex with GUB08248,heteromeric protein,SINGLE PARTICLE
9V2S,EMD-64739,3.25,2026-07-08T00:00:00.000+00:00,Cryo-EM structure of Runella bGSDM pore,homomeric protein,SINGLE PARTICLE
9V2U,EMD-64740,3.8,2026-05-27T00:00:00.000+00:00,Human claudin 18.2 in complex with the Fab fragment of Osemitamab (TST001),heteromeric protein,SINGLE PARTICLE
9V35,EMD-64749,2.97,2026-07-01T00:00:00.000+00:00,"Structure of C5a anaphylatoxin chemotactic receptor 2, C5aR2 in the Apo state",homomeric protein,SINGLE PARTICLE
9V38,EMD-64751,3.25,2026-07-01T00:00:00.000+00:00,"Structure of C5a anaphylatoxin chemotactic receptor 2, C5aR2 bound to EP54",heteromeric protein,SINGLE PARTICLE
9V3C,EMD-64752,3.82,2026-07-01T00:00:00.000+00:00,"Structure of C5a anaphylatoxin chemotactic receptor 2, C5aR2 bound to C5a",heteromeric protein,SINGLE PARTICLE
9V3E,EMD-64753,3.1,2026-04-08T00:00:00.000+00:00,A broad-spectrum neutralizing antibody targeting the F protein of NiV and HeV,heteromeric protein,SINGLE PARTICLE
9V3F,EMD-64754,2.8,2026-04-08T00:00:00.000+00:00,A neutralizing antibody targeting the F protein of NiV,heteromeric protein,SINGLE PARTICLE
9V3S,EMD-64755,3.0,2026-04-01T00:00:00.000+00:00,Nav1.5 in complex with quinidine-azo,homomeric protein,SINGLE PARTICLE
9V3T,EMD-64756,3.73,2026-07-29T00:00:00.000+00:00,Apo SLC36A1,homomeric protein,SINGLE PARTICLE
9V3V,EMD-64757,3.37,2026-07-29T00:00:00.000+00:00,SLC36A1 bound to D-cycloserine,homomeric protein,SINGLE PARTICLE
9V3X,EMD-64759,3.4,2026-07-29T00:00:00.000+00:00,SLC36A1 bound to D-serine,homomeric protein,SINGLE PARTICLE
9V3Y,EMD-64761,3.06,2026-07-01T00:00:00.000+00:00,"Structure of C5a anaphylatoxin chemotactic receptor 2, C5aR2 bound to C5a-pep",heteromeric protein,SINGLE PARTICLE
9V3Z,EMD-64762,3.4,2026-07-29T00:00:00.000+00:00,SLC36A1 bound to D-NPA,homomeric protein,SINGLE PARTICLE
9V4D,EMD-64777,3.07,2026-07-01T00:00:00.000+00:00,"Structure of C5a anaphylatoxin chemotactic receptor 2, C5aR2 bound to R8Y",heteromeric protein,SINGLE PARTICLE
9V65,EMD-64797,3.2,2026-04-15T00:00:00.000+00:00,Cryo-EM structure of free-state VbAgo,homomeric protein,SINGLE PARTICLE
9V6L,EMD-64802,3.06,2026-06-03T00:00:00.000+00:00,Psl polysaccharide related protein structures,heteromeric protein,SINGLE PARTICLE
9V6T,EMD-64807,3.5,2026-09-23T00:00:00.000+00:00,Cryo-EM structure of the GLPG1205-bound GPR84 receptor,heteromeric protein,SINGLE PARTICLE
9V75,EMD-64810,2.89,2026-06-03T00:00:00.000+00:00,Psl polysaccharide related protein structures,heteromeric protein,SINGLE PARTICLE
9V7T,EMD-64823,2.23,2026-04-01T00:00:00.000+00:00,PSI-LHCE supercomplex from Euglena gracilis.,heteromeric protein,SINGLE PARTICLE
9V7U,EMD-64824,2.63,2026-04-01T00:00:00.000+00:00,PSI-LHCE supercomplex from Euglena gracilis.,heteromeric protein,SINGLE PARTICLE
9V81,EMD-64829,2.63,2026-05-06T00:00:00.000+00:00,cryoEM structure of HEP-50768-bound MRGPRX4-Gq complex,heteromeric protein,SINGLE PARTICLE
9V82,EMD-64830,2.56,2026-05-06T00:00:00.000+00:00,Local refine map of HEP-50768-bound MRGPRX4,homomeric protein,SINGLE PARTICLE
9V8W,EMD-64853,2.75,2026-04-15T00:00:00.000+00:00,membrane protein S6A8 with RGX,homomeric protein,SINGLE PARTICLE
9V8X,EMD-64854,2.85,2026-04-15T00:00:00.000+00:00,membrane protein S6A8 with Crea,homomeric protein,SINGLE PARTICLE
9V8Y,EMD-64855,3.28,2026-04-15T00:00:00.000+00:00,membrane protein S6A8 apo,homomeric protein,SINGLE PARTICLE
9V95,EMD-64861,3.18,2026-05-27T00:00:00.000+00:00,Cryo-EM structure of the ArlB filament of Haloarcula marismortui,homomeric protein,SINGLE PARTICLE
9V96,EMD-64862,3.14,2026-05-27T00:00:00.000+00:00,Cryo-EM structure of the inner core of ArlA2 filament of Haloarcula marismortui,homomeric protein,SINGLE PARTICLE
9VA1,EMD-64896,3.24,2026-05-13T00:00:00.000+00:00,Structure of the ACE2-B0AT1 bound with tryptophan,heteromeric protein,SINGLE PARTICLE
9VA2,EMD-64897,2.87,2026-05-13T00:00:00.000+00:00,Structure of the ACE2-B0AT1 bound with Phenylalanine,protein/oligosaccharide,SINGLE PARTICLE
9VAP,EMD-64903,2.75,2026-04-08T00:00:00.000+00:00,Cryo-EM structure of formate dehydrogenase from Shewanella oneidensis MR-1 (SoFdhAB),heteromeric protein,SINGLE PARTICLE
9VAT,EMD-64904,3.37,2026-06-03T00:00:00.000+00:00,Cryo-EM structure of human Neurotensin Receptor 1 (hNTSR1)-Go complex in nucleotide-free C state,heteromeric protein,SINGLE PARTICLE
9VAU,EMD-64905,2.95,2026-06-03T00:00:00.000+00:00,Cryo-EM structure of human Neurotensin Receptor 1 (hNTSR1)-Go complex in nucleotide-free NC state 1,heteromeric protein,SINGLE PARTICLE
9VAV,EMD-64906,2.99,2026-06-03T00:00:00.000+00:00,Cryo-EM structure of human Neurotensin Receptor 1 (hNTSR1)-Go complex in nucleotide-free NC state 2,heteromeric protein,SINGLE PARTICLE
9VAW,EMD-64907,2.24,2026-06-03T00:00:00.000+00:00,Cryo-EM structure of human Neurotensin Receptor 1 (hNTSR1)-Gq (delipidated) complex in nucleotide-free C state,heteromeric protein,SINGLE PARTICLE
9VAX,EMD-64908,3.46,2026-06-03T00:00:00.000+00:00,Cryo-EM structure of human Neurotensin Receptor 1 (hNTSR1)-Gi1 complex in nucleotide-free C state 1,heteromeric protein,SINGLE PARTICLE
9VAY,EMD-64909,3.65,2026-06-03T00:00:00.000+00:00,Cryo-EM structure of human Neurotensin Receptor 1 (hNTSR1)-Gi1 complex in nucleotide-free C state 2,heteromeric protein,SINGLE PARTICLE
9VAZ,EMD-64910,3.38,2026-06-03T00:00:00.000+00:00,Cryo-EM structure of human Neurotensin Receptor 1 (hNTSR1)-Gi1 complex in nucleotide-free NC state 1,heteromeric protein,SINGLE PARTICLE
9VB0,EMD-64911,3.19,2026-06-03T00:00:00.000+00:00,Cryo-EM structure of human Neurotensin Receptor 1 (hNTSR1)-Gi1 complex in nucleotide-free NC state 2,heteromeric protein,SINGLE PARTICLE
9VB1,EMD-64912,3.31,2026-06-03T00:00:00.000+00:00,Cryo-EM structure of human Neurotensin Receptor 1 (hNTSR1)-Gi1 complex in nucleotide-free NC state 3,heteromeric protein,SINGLE PARTICLE
9VB2,EMD-64913,3.08,2026-06-03T00:00:00.000+00:00,"Cryo-EM structure of the human neurotensin receptor 1 (hNTSR1)-Gi1 complex in the GDP-bound, AHD-closed C state 1, plunge-frozen 8 seconds after GDP addition",heteromeric protein,SINGLE PARTICLE
9VB3,EMD-64914,3.02,2026-06-03T00:00:00.000+00:00,"Cryo-EM structure of the human neurotensin receptor 1 (hNTSR1)-Gi1 complex in the GDP-bound, AHD-closed C state 2, plunge-frozen 8 seconds after GDP addition",heteromeric protein,SINGLE PARTICLE
9VB4,EMD-64915,2.85,2026-06-03T00:00:00.000+00:00,"Cryo-EM structure of the human neurotensin receptor 1 (hNTSR1)-Gi1 complex in the GDP-bound, AHD-closed C state 1, plunge-frozen 15 seconds after GDP addition",heteromeric protein,SINGLE PARTICLE
9VB5,EMD-64916,3.14,2026-06-03T00:00:00.000+00:00,"Cryo-EM structure of the human neurotensin receptor 1 (hNTSR1)-Gi1 complex in the GDP-bound, AHD-closed C state 2, plunge-frozen 15 seconds after GDP addition",heteromeric protein,SINGLE PARTICLE
9VB6,EMD-64917,3.38,2026-06-03T00:00:00.000+00:00,"Cryo-EM structure of the human neurotensin receptor 1 (hNTSR1)-Gi1 complex in the GTP-bound, AHD-open C state, plunge-frozen 8 seconds after GTP addition",heteromeric protein,SINGLE PARTICLE
9VB7,EMD-64918,3.01,2026-06-03T00:00:00.000+00:00,"Cryo-EM structure of the human neurotensin receptor 1 (hNTSR1)-Gi1 complex in the GTP-bound, AHD-closed C state 1, plunge-frozen 8 seconds after GTP addition",heteromeric protein,SINGLE PARTICLE
9VBA,EMD-64919,3.38,2026-06-03T00:00:00.000+00:00,"Cryo-EM structure of the human neurotensin receptor 1 (hNTSR1)-Gi1 complex in the GTP-bound, AHD-closed C state 2, plunge-frozen 8 seconds after GTP addition",heteromeric protein,SINGLE PARTICLE
9VBD,EMD-64920,3.26,2026-04-08T00:00:00.000+00:00,Cryo-EM structure of CARD1 ectodomain,protein/oligosaccharide,SINGLE PARTICLE
9VBL,EMD-64926,3.39,2026-02-18T00:00:00.000+00:00,Cryo-EM structure of glycogen phosphorylase from Dorea longicatena (monomer form),homomeric protein,SINGLE PARTICLE
9VBM,EMD-64927,3.19,2026-02-18T00:00:00.000+00:00,Cryo-EM structure of glycogen phosphorylase from Dorea longicatena (dimer form),homomeric protein,SINGLE PARTICLE
9VBN,EMD-64928,3.23,2026-06-10T00:00:00.000+00:00,Choline transporter BetT with C-terminal 18-amino acid deletion,homomeric protein,SINGLE PARTICLE
9VBO,EMD-64929,2.16,2026-02-11T00:00:00.000+00:00,Cryo-EM structure of the multi-component acyltransferase complex MucABC from Streptococcus macacae at a stoichiometric ratio of 4:2:2,heteromeric protein,SINGLE PARTICLE
9VBP,EMD-64930,3.04,2026-06-10T00:00:00.000+00:00,Choline transporter BetT with C-terminal 142-amino acid deletion,homomeric protein,SINGLE PARTICLE
9VBT,EMD-64933,2.32,2026-02-11T00:00:00.000+00:00,Cryo-EM structure of the multi-component acyltransferase complex MucABC from Streptococcus macacae at a stoichiometric ratio of 4:4:4,heteromeric protein,SINGLE PARTICLE
9VBV,EMD-64934,3.61,2026-04-08T00:00:00.000+00:00,Cryo-EM structure of a CARD1 ectodomain H197A/H199A/H222A mutant,protein/oligosaccharide,SINGLE PARTICLE
9VBX,EMD-64935,2.4,2026-03-18T00:00:00.000+00:00,Lectin FRIL from Lablab purpureus complexed to Lewis X tetrasaccharide,protein/oligosaccharide,SINGLE PARTICLE
9VBY,EMD-64936,2.67,2026-03-18T00:00:00.000+00:00,Lectin FRIL from Lablab purpureus with self glycan,protein/oligosaccharide,SINGLE PARTICLE
9VBZ,EMD-64937,2.56,2026-03-18T00:00:00.000+00:00,Lectin FRIL from Lablab purpureus complexed to oligomannose,protein/oligosaccharide,SINGLE PARTICLE
9VC0,EMD-64938,2.48,2026-03-18T00:00:00.000+00:00,Lectin FRIL from Lablab purpureus complexed to oligomannose,protein/oligosaccharide,SINGLE PARTICLE
9VC6,EMD-64944,2.71,2026-04-29T00:00:00.000+00:00,Cryo-EM structure of Bacillus halodurans ComEC,homomeric protein,SINGLE PARTICLE
9VC9,EMD-64949,2.77,2026-04-29T00:00:00.000+00:00,Cryo-EM structure of Shewanella decolorationis ComEC,homomeric protein,SINGLE PARTICLE
9VCC,EMD-64952,3.92,2026-05-20T00:00:00.000+00:00,Cryo-EM structure of Suv3 dimer,homomeric protein,SINGLE PARTICLE
9VCP,EMD-64960,3.29,2026-06-10T00:00:00.000+00:00,Structure of choline transporter BetT with C-terminal deletion(residues 514-677 deleted),homomeric protein,SINGLE PARTICLE
9VCS,EMD-64966,2.8,2026-04-22T00:00:00.000+00:00,Cryo-EM structure of semi-closed state of Botulinum neurotoxin serotype A at pH 7.4,homomeric protein,SINGLE PARTICLE
9VCT,EMD-64967,3.47,2026-05-20T00:00:00.000+00:00,Cryo-EM structure of monomeric Suv3-ADP complex,homomeric protein,SINGLE PARTICLE
9VCU,EMD-64968,3.84,2026-05-20T00:00:00.000+00:00,Cryo-EM structure of dimeric Suv3-ADP complex,homomeric protein,SINGLE PARTICLE
9VE1,EMD-64993,3.35,2026-06-17T00:00:00.000+00:00,Choline transporter BetT_(CHT-bound),homomeric protein,SINGLE PARTICLE
9VED,EMD-64998,3.63,2026-04-08T00:00:00.000+00:00,The cryo-EM structure of mouse Piezo1-MDFI complex,heteromeric protein,SINGLE PARTICLE
9VEE,EMD-65005,3.36,2026-04-08T00:00:00.000+00:00,The cryo-EM structure of human Piezo2-MDFIC2 complex (composite map),heteromeric protein,SINGLE PARTICLE
9VEF,EMD-65006,3.75,2026-04-08T00:00:00.000+00:00,The cryo-EM structure of human Piezo2-MDFIC complex (composite map),heteromeric protein,SINGLE PARTICLE
9VEG,EMD-65007,3.05,2026-04-15T00:00:00.000+00:00,Structural basis for the assembly and translocation of the Vip1-Vip2 insecticidal binary toxin from Bacillus thuringiensis,heteromeric protein,SINGLE PARTICLE
9VEJ,EMD-65009,2.4,2026-04-15T00:00:00.000+00:00,Structural basis for the assembly and translocation of the Vip1-Vip2 insecticidal binary toxin from Bacillus thuringiensis,heteromeric protein,SINGLE PARTICLE
9VEK,EMD-65010,3.31,2026-04-15T00:00:00.000+00:00,Structural basis for the assembly and translocation of the Vip1-Vip2 insecticidal binary toxin from Bacillus thuringiensis,homomeric protein,SINGLE PARTICLE
9VF5,EMD-53095,1.52,2026-05-27T00:00:00.000+00:00,Cryo-EM structure of apo form of Arthrobacter psychrolactophillus L-arabinose isomerase,homomeric protein,SINGLE PARTICLE
9VFI,EMD-65025,2.72,2026-04-22T00:00:00.000+00:00,Structure of hTRPC3 solubilized with 4F peptide at 2.72 angstrom,homomeric protein,SINGLE PARTICLE
9VFV,EMD-65039,3.14,2026-04-01T00:00:00.000+00:00,Glycogen phosphorylase tetramer from E. coli in complex with AMP,homomeric protein,SINGLE PARTICLE
9VFX,EMD-65041,2.8,2026-08-12T00:00:00.000+00:00,SARS-CoV-2 spike di-trimer of RBD and NTD,heteromeric protein,SINGLE PARTICLE
9VGF,EMD-65048,2.58,2026-06-17T00:00:00.000+00:00,Cryo-EM structure of CagX-CagY complex with C17 symmetry,heteromeric protein,SINGLE PARTICLE
9VGU,EMD-65051,2.87,2026-06-17T00:00:00.000+00:00,Cryo-EM structure of CagX-CagY complex with C16 symmetry,heteromeric protein,SINGLE PARTICLE
9VH2,EMD-65053,2.65,2026-09-23T00:00:00.000+00:00,Cryo-EM structure of AtNUTECD-SCREW2-AtBAK1ECD complex,protein/oligosaccharide,SINGLE PARTICLE
9VH3,EMD-65054,2.72,2026-09-23T00:00:00.000+00:00,Cryo-EM structure of AtNUTECD in apo state,protein/oligosaccharide,SINGLE PARTICLE
9VH4,EMD-65055,2.8,2026-06-24T00:00:00.000+00:00,Cryo EM structure of hemagglutinin from Puerto Rico/8/1934 (H1N1) in complex with a single domain antibody,heteromeric protein,SINGLE PARTICLE
9VH5,EMD-65056,2.7,2026-06-24T00:00:00.000+00:00,Cryo EM structure of hemagglutinin from Puerto Rico/8/1934-New York/55/2004 (H3N2) in complex with a single domain antibody,heteromeric protein,SINGLE PARTICLE
9VH9,EMD-65060,3.4,2026-06-24T00:00:00.000+00:00,Molecular mechanism of prostaglandin transporter SLCO2A1,homomeric protein,SINGLE PARTICLE
9VHD,EMD-65063,3.26,2026-06-24T00:00:00.000+00:00,cryo-EM structure of a chimeric EfpA dimer,homomeric protein,SINGLE PARTICLE
9VI1,EMD-65075,3.33,2026-06-24T00:00:00.000+00:00,Structure of the Choline Transporter BetT under Acidic Conditions,homomeric protein,SINGLE PARTICLE
9VI4,EMD-65077,1.8,2026-03-11T00:00:00.000+00:00,"Adeno-Associated Virus 6-M2, AAV6-M2",homomeric protein,SINGLE PARTICLE
9VIN,EMD-65094,3.41,2026-04-08T00:00:00.000+00:00,"Ternary complex of TNFR1-DD, TRADD-DD and RIPK1-DD",heteromeric protein,SINGLE PARTICLE
9VJ3,EMD-65102,3.4,2026-06-24T00:00:00.000+00:00,Structure of a membrane-bound inositol phosphorylceramide synthase and Aureobasidin A complex,heteromeric protein,SINGLE PARTICLE
9VJ4,EMD-65103,3.5,2026-03-11T00:00:00.000+00:00,Structure of a membrane-bound inositol phosphorylceramide synthase and ceramide complex,heteromeric protein,SINGLE PARTICLE
9VJ8,EMD-65106,3.9,2026-04-01T00:00:00.000+00:00,"Type II-A CRISPR integrase complex, apo form",heteromeric protein,SINGLE PARTICLE
9VJN,EMD-65116,3.43,2026-06-24T00:00:00.000+00:00,Cryo-EM structure of TRP melastatin channel in the closed state,homomeric protein,SINGLE PARTICLE
9VJO,EMD-65117,2.82,2026-06-24T00:00:00.000+00:00,Cryo-EM structure of TRP melastatin channel in the intermediate 1 state,homomeric protein,SINGLE PARTICLE
9VJP,EMD-65118,3.29,2026-06-24T00:00:00.000+00:00,Cryo-EM structure of TRP melastatin channel in the intermediate 2 state,homomeric protein,SINGLE PARTICLE
9VJQ,EMD-65119,2.9,2026-06-24T00:00:00.000+00:00,Cryo-EM structure of TRP melastatin channel with menthol,homomeric protein,SINGLE PARTICLE
9VJR,EMD-65120,3.1,2026-06-24T00:00:00.000+00:00,Cryo-EM structure of TRP melastatin channel with icilin,homomeric protein,SINGLE PARTICLE
9VJS,EMD-65121,2.72,2026-02-18T00:00:00.000+00:00,Cryo-EM structure of Euglenophyte photosystem I,heteromeric protein,SINGLE PARTICLE
9VJT,EMD-65122,2.97,2026-06-24T00:00:00.000+00:00,Cryo-EM structure of MST-OR complex,heteromeric protein,SINGLE PARTICLE
9VKO,EMD-65137,3.07,2026-07-01T00:00:00.000+00:00,CryoEM struccture of the type III secretion system gatekeeper protein InvE by cryo-electron microscopy.,homomeric protein,SINGLE PARTICLE
9VKP,EMD-65138,2.94,2026-01-14T00:00:00.000+00:00,Cryo-EM structure of F-ATP synthase from Mycobacteroides abscessus (Rotational State 1),heteromeric protein,SINGLE PARTICLE
9VKQ,EMD-65139,3.41,2026-01-14T00:00:00.000+00:00,Cryo-EM structure of F-ATP synthase from Mycobacteroides abscessus (Rotational State 2),heteromeric protein,SINGLE PARTICLE
9VKR,EMD-65140,2.79,2026-01-14T00:00:00.000+00:00,Cryo-EM structure of F-ATP synthase from Mycobacteroides abscessus (Rotational State 3),heteromeric protein,SINGLE PARTICLE
9VKY,EMD-65146,2.67,2026-06-10T00:00:00.000+00:00,Cryo-EM structure of SULTR-like phosphate distribution transporter,homomeric protein,SINGLE PARTICLE
9VKZ,EMD-65147,2.79,2026-07-01T00:00:00.000+00:00,Cryo-EM structure of retron Ec78 effector protein PtuA hexamer,homomeric protein,SINGLE PARTICLE
9VL3,EMD-65153,2.82,2026-01-28T00:00:00.000+00:00,Cryo-EM structure of human lipid phosphate phosphatase 1 complexed with PO4 in nanodiscs,homomeric protein,SINGLE PARTICLE
9VL5,EMD-65155,2.65,2026-06-10T00:00:00.000+00:00,Cryo-EM structure of SULTR-like phosphate distribution transporter with phosphate,homomeric protein,SINGLE PARTICLE
9VLG,EMD-65160,3.01,2026-01-07T00:00:00.000+00:00,Structure of human alpha-2/delta-1 with crisugabalin,protein/oligosaccharide,SINGLE PARTICLE
9VLN,EMD-65161,3.42,2026-05-20T00:00:00.000+00:00,"Structure of human MCM2-7 single hexamer without MCM3 CTE, state 1",heteromeric protein,SINGLE PARTICLE
9VLZ,EMD-65173,3.46,2026-07-01T00:00:00.000+00:00,CryoEM structure of GasderminE-N pore,homomeric protein,SINGLE PARTICLE
9VM2,EMD-65174,3.94,2026-06-03T00:00:00.000+00:00,Structure of DOCK6-Cdc42 complex protomer,heteromeric protein,SINGLE PARTICLE
9VMG,EMD-65187,2.82,2026-05-13T00:00:00.000+00:00,Cryo-EM structure of the spermine-bound sea lamprey TAAR348-Gs complex,heteromeric protein,SINGLE PARTICLE
9VMH,EMD-65188,2.96,2026-07-15T00:00:00.000+00:00,BC-BCCP/CT-BCCP domain of Mycobacterium tuberculosis Pyruvate carboxylase- local refinement,homomeric protein,SINGLE PARTICLE
9VMN,EMD-65192,2.6,2026-03-18T00:00:00.000+00:00,Cryo-EM structure of the a-KG-OXGR1-Gq complex,heteromeric protein,SINGLE PARTICLE
9VMO,EMD-65193,2.4,2026-03-18T00:00:00.000+00:00,Cryo-EM structure of the ITA-OXGR1-Gq complex,heteromeric protein,SINGLE PARTICLE
9VMP,EMD-65194,2.5,2026-03-18T00:00:00.000+00:00,Cryo-EM structure of the A-1-OXGR1-Gq complex,heteromeric protein,SINGLE PARTICLE
9VN9,EMD-65204,3.48,2026-07-01T00:00:00.000+00:00,Cryo-EM structure of TRP melastatin channel in the intermediate 3 state,homomeric protein,SINGLE PARTICLE
9VNA,EMD-65205,3.25,2026-07-01T00:00:00.000+00:00,"Cryo-EM structure of TRP melastatin channel in the desensitized state, with CHS",homomeric protein,SINGLE PARTICLE
9VNB,EMD-65206,2.81,2026-07-01T00:00:00.000+00:00,"Cryo-EM structure of TRP melastatin channel in the desensitized state, without CHS",homomeric protein,SINGLE PARTICLE
9VNC,EMD-65207,3.45,2026-07-01T00:00:00.000+00:00,"Cryo-EM structure of TRP melastatin channel in the desensitized state, with icilin",homomeric protein,SINGLE PARTICLE
9VND,EMD-65208,3.3,2026-01-21T00:00:00.000+00:00,Structure of the Bacteroides fragilis NCTC9343 T6SS Hcp2-Hcp3 Heterohexamer in Complex with the Effector Bte1,heteromeric protein,SINGLE PARTICLE
9VNE,EMD-65209,3.11,2026-01-21T00:00:00.000+00:00,Bacteroides fragilis NCTC9343 T6SS Hcp2-Hcp3 heterohexamer complex,heteromeric protein,SINGLE PARTICLE
9VNY,EMD-65218,3.69,2026-01-28T00:00:00.000+00:00,Cryo-EM structure of Gi coupled Sphingosine 1-phosphate receptor bound with CYM5442,heteromeric protein,SINGLE PARTICLE
9VNZ,EMD-65219,2.79,2026-01-28T00:00:00.000+00:00,Cryo-EM structure of Gi coupled Sphingosine 1-phosphate receptor bound with HY-X-1011,heteromeric protein,SINGLE PARTICLE
9VO0,EMD-65220,2.79,2026-01-28T00:00:00.000+00:00,Cryo-EM structure of Gi coupled Sphingosine 1-phosphate receptor bound with Ponesimod,heteromeric protein,SINGLE PARTICLE
9VO1,EMD-65221,2.97,2026-01-28T00:00:00.000+00:00,Cryo-EM structure of Gi coupled Sphingosine 1-phosphate receptor bound with SAR247799,heteromeric protein,SINGLE PARTICLE
9VO2,EMD-65222,2.7,2026-03-18T00:00:00.000+00:00,Cryo-EM structure of the OXGR1(CA)-Gq complex,heteromeric protein,SINGLE PARTICLE
9VPD,EMD-65239,2.3,2026-07-01T00:00:00.000+00:00,"Cryo-EM structure of the IF1 bound bovine ATP synthase monomer: rotary state 1, F1 focused map",heteromeric protein,SINGLE PARTICLE
9VPG,EMD-65253,3.14,2026-05-13T00:00:00.000+00:00,Cryo-EM structure of human urate transporter GLUT9 bound to a selective inhibitor SG4,homomeric protein,SINGLE PARTICLE
9VPM,EMD-65254,4.0,2026-07-08T00:00:00.000+00:00,AMG986-bound APLNR dimer in active state 2a in complex with Gi-protein,heteromeric protein,SINGLE PARTICLE
9VPN,EMD-65255,4.0,2026-07-08T00:00:00.000+00:00,AMG986-bound APLNR dimer in active state 2b in complex with Gi-protein,heteromeric protein,SINGLE PARTICLE
9VQO,EMD-65271,2.9,2026-07-01T00:00:00.000+00:00,The structure of DmOR67d-DmOrco in the apo state,heteromeric protein,SINGLE PARTICLE
9VQP,EMD-65272,2.9,2026-07-08T00:00:00.000+00:00,The structure of DmOR67d-DmOrco in the cVA-bound state,heteromeric protein,SINGLE PARTICLE
9VQQ,EMD-65273,2.18,2026-07-08T00:00:00.000+00:00,"Cryo-EM structure of drosophila TRPgamma determined in GDN, state 1",homomeric protein,SINGLE PARTICLE
9VQR,EMD-65274,2.8,2026-07-08T00:00:00.000+00:00,The structure of DmOR67d-DmOrco in the VUAA1-bound state,heteromeric protein,SINGLE PARTICLE
9VQS,EMD-65275,2.8,2026-07-01T00:00:00.000+00:00,The structure of DbOR67d-DbOrco in the apo-like state,heteromeric protein,SINGLE PARTICLE
9VQT,EMD-65276,3.3,2026-07-01T00:00:00.000+00:00,The structure of DbOR67d-DbOrco in the cVA-bound state,heteromeric protein,SINGLE PARTICLE
9VQU,EMD-65277,2.8,2026-07-01T00:00:00.000+00:00,The structure of DbOR67d-DbOrco in the Z11-bound state,heteromeric protein,SINGLE PARTICLE
9VQV,EMD-65278,2.8,2026-07-01T00:00:00.000+00:00,The structure of DbOR67d-DbOrco in the VUAA1-bound state,heteromeric protein,SINGLE PARTICLE
9VQW,EMD-65279,2.38,2026-07-08T00:00:00.000+00:00,"Cryo-EM structure of drosophila TRPgamma determined in GDN, state 2",homomeric protein,SINGLE PARTICLE
9VQX,EMD-65280,2.39,2026-07-08T00:00:00.000+00:00,"Cryo-EM structure of drosophila TRPgamma, calcium free, state 2",homomeric protein,SINGLE PARTICLE
9VQY,EMD-65281,3.44,2026-07-08T00:00:00.000+00:00,Cryo-EM structure of drosophila TRPgamma in complex with camphor,homomeric protein,SINGLE PARTICLE
9VRB,EMD-65282,2.63,2026-04-01T00:00:00.000+00:00,Cryo-EM structure of ATP-bound Oryza sativa MRP5 with E1424Q mutation,homomeric protein,SINGLE PARTICLE
9VRC,EMD-65283,3.21,2026-04-01T00:00:00.000+00:00,Cryo-EM structure of Oryza sativa multidrug resistance protein 5 (MRP5),homomeric protein,SINGLE PARTICLE
9VRD,EMD-65284,3.03,2026-04-01T00:00:00.000+00:00,Cryo-EM structure of rice multidrug resistance protein 5 (MRP5) with InsP6 in state A,homomeric protein,SINGLE PARTICLE
9VRE,EMD-65285,3.5,2026-04-01T00:00:00.000+00:00,Cryo-EM structure of rice multidrug resistance protein 5 (MRP5) with InsP6 in state B,homomeric protein,SINGLE PARTICLE
9VS3,EMD-65295,3.55,2026-05-13T00:00:00.000+00:00,Apo structure of Ebinur lake virus polymerase,homomeric protein,SINGLE PARTICLE
9VS4,EMD-65296,3.0,2026-05-13T00:00:00.000+00:00,Structure of Ebinur lake virus polymerase complexed with suramin,homomeric protein,SINGLE PARTICLE
9VT4,EMD-65314,2.96,2026-07-08T00:00:00.000+00:00,EBOV GP/BA2-VHH complex,protein/oligosaccharide,SINGLE PARTICLE
9VTS,EMD-65343,2.56,2026-07-08T00:00:00.000+00:00,EBOV GP/1A10-VHH complex,protein/oligosaccharide,SINGLE PARTICLE
9VTZ,EMD-65347,3.26,2026-07-15T00:00:00.000+00:00,Structure of hTRPV1 complexed with LIQ,homomeric protein,SINGLE PARTICLE
9VU0,EMD-65348,2.63,2026-07-15T00:00:00.000+00:00,Structure of hTRPV1 in apo state,homomeric protein,SINGLE PARTICLE
9VU1,EMD-65349,2.59,2026-07-15T00:00:00.000+00:00,Structure of hTRPA1 complexed with LIQA,homomeric protein,SINGLE PARTICLE
9VU9,EMD-65356,3.34,2026-03-11T00:00:00.000+00:00,channel D complex with 4,heteromeric protein,SINGLE PARTICLE
9VUA,EMD-65357,3.23,2026-03-11T00:00:00.000+00:00,channel A complex with 1,heteromeric protein,SINGLE PARTICLE
9VUB,EMD-65358,3.35,2026-03-11T00:00:00.000+00:00,channel C complex with 3,heteromeric protein,SINGLE PARTICLE
9VUC,EMD-65359,2.96,2026-03-11T00:00:00.000+00:00,channel B complex with 2,heteromeric protein,SINGLE PARTICLE
9VUE,EMD-65360,3.8,2026-06-17T00:00:00.000+00:00,Structure of human proteasome ATPase-CP intermediate assembles with 15min rapaprotin addition,heteromeric protein,SINGLE PARTICLE
9VUF,EMD-65361,3.1,2026-06-17T00:00:00.000+00:00,Structure of human proteasome ATPase-CP intermediate assembles with 90min rapaprotin addition,heteromeric protein,SINGLE PARTICLE
9VUH,EMD-65363,2.7,2026-07-15T00:00:00.000+00:00,CDK11B ternary complex bound to AT7519,heteromeric protein,SINGLE PARTICLE
9VUI,EMD-65364,2.72,2026-05-27T00:00:00.000+00:00,Cryo-EM structure of the human measles virus RNA-dependent RNA polymerase complex bound to viral protein C,heteromeric protein,SINGLE PARTICLE
9VUJ,EMD-65365,2.6,2026-05-27T00:00:00.000+00:00,Cryo-EM structure of the human measles virus RNA-dependent RNA polymerase,heteromeric protein,SINGLE PARTICLE
9VUK,EMD-65366,3.17,2026-05-27T00:00:00.000+00:00,Cryo-EM structure of the human measles virus RNA-dependent RNA polymerase complex,heteromeric protein,SINGLE PARTICLE
9VUL,EMD-65367,3.13,2026-05-27T00:00:00.000+00:00,Cryo-EM structure of the human measles virus RNA-dependent RNA polymerase bound to allosteric inhibitor ERDRP-0519,heteromeric protein,SINGLE PARTICLE
9VUM,EMD-65368,2.84,2026-05-27T00:00:00.000+00:00,Cryo-EM structure of the Nipah virus RNA-dependent RNA polymerase complex bound to allosteric inhibitor ERDRP-0519,heteromeric protein,SINGLE PARTICLE
9VUQ,EMD-65369,2.79,2026-07-01T00:00:00.000+00:00,Structure of glycerol-3-phosphate acyltransferase PlsB from Themomonas haemolytica in complex with Palmitoyl-CoA and DOPA,homomeric protein,SINGLE PARTICLE
9VUS,EMD-65370,2.37,2026-07-15T00:00:00.000+00:00,The structure of akg bound OXGR1,heteromeric protein,SINGLE PARTICLE
9VV0,EMD-65371,2.23,2026-07-22T00:00:00.000+00:00,CryoEM structure of EV-D68 strain Fermon in complex with MFSD6-L3,protein/oligosaccharide,SINGLE PARTICLE
9VV6,EMD-65376,2.62,2026-07-15T00:00:00.000+00:00,The structure of ITN bound OXGR1,heteromeric protein,SINGLE PARTICLE
9VVG,EMD-65379,2.7,2026-03-25T00:00:00.000+00:00,Cryo-EM structure of the erlin1/2 complex purified using GDN and CHS,protein/oligosaccharide,SINGLE PARTICLE
9VVJ,EMD-65382,2.6,2026-03-25T00:00:00.000+00:00,Cryo-EM structure of the erlin1/2 complex purified using DDM and GDN,protein/oligosaccharide,SINGLE PARTICLE
9VVK,EMD-65383,3.85,2026-07-22T00:00:00.000+00:00,Cryo-EM structure of Pyruvate carboxylase from Mycobacterium tuberculosis,homomeric protein,SINGLE PARTICLE
9VVM,EMD-64067,3.38,2026-07-22T00:00:00.000+00:00,CryoEM structure of a transmembrane protein,homomeric protein,SINGLE PARTICLE
9VVO,EMD-65385,2.66,2026-01-14T00:00:00.000+00:00,cryo-EM structure of gastric proton pump bound to YK01,heteromeric protein,SINGLE PARTICLE
9VWA,EMD-65392,3.16,2026-07-22T00:00:00.000+00:00,Structure of V.cholerae dGTPase octamer in the apo form,homomeric protein,SINGLE PARTICLE
9VWC,EMD-65393,2.96,2026-07-22T00:00:00.000+00:00,Structure of V.cholerae dGTPase H114A octamer bound to dGTP and dAMP,homomeric protein,SINGLE PARTICLE
9VWE,EMD-65394,2.06,2026-07-22T00:00:00.000+00:00,Cryo-EM structure of RSV pre-F (strain A2) in complex with Fabs 1A2 and 2D10,heteromeric protein,SINGLE PARTICLE
9VWF,EMD-65395,3.14,2026-07-22T00:00:00.000+00:00,Cryo-EM structure of RSV pre-F (strain A2) in complex with Fab 3G12,heteromeric protein,SINGLE PARTICLE
9VWG,EMD-65396,3.29,2026-07-22T00:00:00.000+00:00,Structure of 16-mer V.cholerae dGTPase H114A bound to dGTP and dAMP,homomeric protein,SINGLE PARTICLE
9VWI,EMD-65397,1.82,2026-07-22T00:00:00.000+00:00,The Cryo-EM structure of Chum Salmon (Oncorhynchus keta) 24-mer Rhamnose-binding lectin CSL2,homomeric protein,SINGLE PARTICLE
9VWJ,EMD-65398,1.89,2026-07-22T00:00:00.000+00:00,The Cryo-EM structure of Chum Salmon (Oncorhynchus keta) 24-mer Rhamnose-binding lectin CSL2 bound with Gb3,protein/oligosaccharide,SINGLE PARTICLE
9VWM,EMD-65399,3.2,2026-09-09T00:00:00.000+00:00,Cryo-EM structure of zika virus complexed with Fab 1C11,protein/oligosaccharide,SINGLE PARTICLE
9VWR,EMD-65400,2.9,2026-07-22T00:00:00.000+00:00,Cryo-EM structure of human noradrenaline transporter in complex with tesofensine,homomeric protein,SINGLE PARTICLE
9VWS,EMD-65401,3.2,2026-07-22T00:00:00.000+00:00,Cryo-EM structure of human serotonin transporter in complex with tesofensine,homomeric protein,SINGLE PARTICLE
9VWZ,EMD-65403,4.0,2026-02-11T00:00:00.000+00:00,Local refinement region of HPV45 in complex with antibody A16E6,heteromeric protein,SINGLE PARTICLE
9VXP,EMD-65437,2.48,2026-07-22T00:00:00.000+00:00,Cryo-EM structure of human Pyruvate kinase R (PK-R),homomeric protein,SINGLE PARTICLE
9VXT,EMD-65440,3.9,2026-07-22T00:00:00.000+00:00,Cryo-EM structure of apo-STING mutant,homomeric protein,SINGLE PARTICLE
9VXU,EMD-65441,3.2,2026-07-22T00:00:00.000+00:00,Cryo-EM structure of STING mutant complex with cGAMP,homomeric protein,SINGLE PARTICLE
9VXV,EMD-65442,2.66,2026-04-29T00:00:00.000+00:00,Cryo-EM Structure of Nipah Virus Polymerase in complex with ERDRP-0519,heteromeric protein,SINGLE PARTICLE
9VXX,EMD-65444,2.73,2026-04-29T00:00:00.000+00:00,Cryo-EM Structure of Measles Virus Polymerase in complex with ERDRP-0519,heteromeric protein,SINGLE PARTICLE
9VXY,EMD-65445,2.87,2026-04-29T00:00:00.000+00:00,Cryo-EM Structure of Nipah Virus Polymerase in complex with GL22,heteromeric protein,SINGLE PARTICLE
9VXZ,EMD-65446,2.68,2026-04-29T00:00:00.000+00:00,Cryo-EM structure of Measles Virus L Protein bound by Phosphoprotein Tetramer,heteromeric protein,SINGLE PARTICLE
9VY0,EMD-65447,2.71,2026-04-29T00:00:00.000+00:00,Cryo-EM Structure of Peste Des Petits Ruminants Virus Polymerase in complex with ERDRP-0519,heteromeric protein,SINGLE PARTICLE
9VY1,EMD-65448,2.4,2026-04-29T00:00:00.000+00:00,Cryo-EM structure of Peste Des Petits Ruminants Virus L Protein bound by Phosphoprotein Tetramer,heteromeric protein,SINGLE PARTICLE
9VZ2,EMD-65476,3.12,2026-07-29T00:00:00.000+00:00,7482-bound TAAR1-Gs protein complex,heteromeric protein,SINGLE PARTICLE
9VZ3,EMD-65477,3.14,2026-07-29T00:00:00.000+00:00,2255-bound TAAR1-Gs protein complex,heteromeric protein,SINGLE PARTICLE
9VZ8,EMD-65478,3.81,2026-02-11T00:00:00.000+00:00,Local refinement region of HPV45 in complex with antibody 10G2,heteromeric protein,SINGLE PARTICLE
9VZP,EMD-65482,2.93,2026-07-29T00:00:00.000+00:00,Human FATP2 in complex with oleic acid and oleoyl-AMP in intermediate state,homomeric protein,SINGLE PARTICLE
9W01,EMD-65488,3.16,2026-07-29T00:00:00.000+00:00,Cryo-EM structure of LARS1:IARS1 complex,heteromeric protein,SINGLE PARTICLE
9W0B,EMD-65500,2.52,2026-07-29T00:00:00.000+00:00,CryoEM structure of EV-D68 strain Fermon mature virion,heteromeric protein,SINGLE PARTICLE
9W0D,EMD-65502,3.17,2026-07-29T00:00:00.000+00:00,CryoEM structure of procapsid in EV-D68:MFSD6-L3,heteromeric protein,SINGLE PARTICLE
9W0E,EMD-65503,2.93,2026-07-29T00:00:00.000+00:00,CryoEM structure of B-particle in EV-D68:MFSD6-L3,protein/oligosaccharide,SINGLE PARTICLE
9W0G,EMD-65504,2.0,2026-07-29T00:00:00.000+00:00,CryoEM structure of EV-D68 strain Fermon in complex with MFSD6-R196-L226,protein/oligosaccharide,SINGLE PARTICLE
9W0I,EMD-65505,2.19,2026-07-29T00:00:00.000+00:00,CryoEM structure of EV-D68 strain Fermon in complex with MFSD6-L3-N207A,protein/oligosaccharide,SINGLE PARTICLE
9W0J,EMD-65506,2.09,2026-07-29T00:00:00.000+00:00,CryoEM structure of EV-D68 strain Fermon in complex with MFSD6-L3-S209A,protein/oligosaccharide,SINGLE PARTICLE
9W0K,EMD-65507,2.29,2026-07-29T00:00:00.000+00:00,CryoEM structure of EV-D68 strain Fermon in complex with MFSD6-R196-L226-NAtreat,protein/oligosaccharide,SINGLE PARTICLE
9W0M,EMD-65508,3.8,2026-06-03T00:00:00.000+00:00,Cryo-EM structure of S1P2 in complex with heterotrimeric G protein,heteromeric protein,SINGLE PARTICLE
9W0O,EMD-65510,3.0,2026-06-03T00:00:00.000+00:00,cryoEM structure of S1P3 in complex with heterotrimeric G protein,heteromeric protein,SINGLE PARTICLE
9W0P,EMD-65511,3.6,2026-04-22T00:00:00.000+00:00,CryoEM structure of T2R14 in complex with chlorhexidine and heterotrimeric G protein complex,heteromeric protein,SINGLE PARTICLE
9W0Q,EMD-65512,3.2,2026-04-22T00:00:00.000+00:00,Cryo-EM structure of T2R14 in complex with tangeretin and heterotrimeric G protein,heteromeric protein,SINGLE PARTICLE
9W0R,EMD-65513,2.7,2026-04-22T00:00:00.000+00:00,Cryo-EM structure of apo-T2R46 in complex with heterotrimeric G protein,heteromeric protein,SINGLE PARTICLE
9W0S,EMD-65514,3.3,2026-04-22T00:00:00.000+00:00,CryoEM structure of T2R46 in complex with Arteminisin and heterotrimeric G protein complex,heteromeric protein,SINGLE PARTICLE
9W0T,EMD-65515,3.3,2026-04-22T00:00:00.000+00:00,CryoEM structure of the T2R46 in complex with Denatomium benozate and heterotrimeric G protein complex,heteromeric protein,SINGLE PARTICLE
9W0U,EMD-65516,2.9,2026-04-22T00:00:00.000+00:00,CryoEM structure of the T2R46 in complex with tangeretin and heterotrimeric G protein complex,heteromeric protein,SINGLE PARTICLE
9W0W,EMD-65518,3.2,2026-04-22T00:00:00.000+00:00,CryoEM structure of the T2R46 in complex with strychine and heterotrimeric G protein complex,heteromeric protein,SINGLE PARTICLE
9W0X,EMD-65520,2.9,2026-03-18T00:00:00.000+00:00,Cryo-EM structure of a Fungal XPR1,homomeric protein,SINGLE PARTICLE
9W14,EMD-65523,2.33,2026-03-18T00:00:00.000+00:00,Cryo-EM structure of SARS-CoV-2 WT spike protein in complex with nAb 1C4,protein/oligosaccharide,SINGLE PARTICLE
9W1B,EMD-65525,2.87,2026-03-18T00:00:00.000+00:00,Cryo-EM structure of a Fungal XPR1 with InsP6,homomeric protein,SINGLE PARTICLE
9W1J,EMD-65549,2.97,2026-06-17T00:00:00.000+00:00,Cryo-EM structure of neurokinin A (NKA)-bound neurokinin 2 receptor (NK2R) in complex with miniGs/q70,heteromeric protein,SINGLE PARTICLE
9W1Z,EMD-65560,3.14,2026-04-29T00:00:00.000+00:00,DENV2 non-structural protein 1 (NS1) Stable Tetramer Conformation 2,homomeric protein,SINGLE PARTICLE
9W20,EMD-65561,3.63,2026-04-29T00:00:00.000+00:00,DENV2 non-structural protein 1 (NS1) Stable Tetramer Conformation 1,homomeric protein,SINGLE PARTICLE
9W22,EMD-65563,3.12,2026-04-29T00:00:00.000+00:00,DENV2 non-structural protein 1 (NS1) Dimer,homomeric protein,SINGLE PARTICLE
9W23,EMD-65564,3.12,2026-04-29T00:00:00.000+00:00,DENV2 non-structural protein 1 (NS1) Stable Tetramer complexed with Heparin,protein/oligosaccharide,SINGLE PARTICLE
9W24,EMD-65565,3.8,2026-04-29T00:00:00.000+00:00,DENV2 non-structural protein 1 (NS1) with C-terminal mVenus fusion,homomeric protein,SINGLE PARTICLE
9W2F,EMD-65569,3.4,2026-04-22T00:00:00.000+00:00,Cryo-EM structure of DDB1-CRBN in complex with dHuR-2 and HuR,heteromeric protein,SINGLE PARTICLE
9W2G,EMD-65570,3.4,2026-06-17T00:00:00.000+00:00,Cryo-EM structure of EB1001-bound neurokinin 2 receptor (NK2R) in complex with miniGs/q70,heteromeric protein,SINGLE PARTICLE
9W2H,EMD-65571,3.12,2026-06-17T00:00:00.000+00:00,Cryo-EM structure of EB1002-bound neurokinin 2 receptor (NK2R) in complex with miniGs/q70,heteromeric protein,SINGLE PARTICLE
9W2I,EMD-65572,2.93,2026-06-17T00:00:00.000+00:00,Cryo-EM structure of Peptide 336 (P336)-bound neurokinin 2 receptor (NK2R) in complex with miniGs/q70,heteromeric protein,SINGLE PARTICLE
9W2J,EMD-65573,2.82,2026-06-17T00:00:00.000+00:00,Cryo-EM structure of Peptide 383 (P383)-bound neurokinin 2 receptor (NK2R) in complex with miniGs/q70,heteromeric protein,SINGLE PARTICLE
9W2R,EMD-65577,3.4,2026-04-01T00:00:00.000+00:00,Cryo-EM structure of FoF1-ATPase monomer state 1 on the bovine heart submitochondrial particles (FoF1-1),heteromeric protein,SINGLE PARTICLE
9W2S,EMD-65578,4.0,2026-04-01T00:00:00.000+00:00,Cryo-EM structure of FoF1-ATPase monomer state 3 on the bovine heart submitochondrial particles (FoF1-2),heteromeric protein,SINGLE PARTICLE
9W2U,EMD-65580,2.6,2026-04-01T00:00:00.000+00:00,"Cryo-EM structure of complex I on the bovine heart submitochondrial particles, open",heteromeric protein,SINGLE PARTICLE
9W2V,EMD-65581,2.8,2026-04-01T00:00:00.000+00:00,"Cryo-EM structure of complex I on the bovine heart submitochondrial particles, closed",heteromeric protein,SINGLE PARTICLE
9W2W,EMD-65582,3.5,2026-07-08T00:00:00.000+00:00,Cryo-EM structure of two abaucin-bound LolDF in Acinetobacter baumannii,heteromeric protein,SINGLE PARTICLE
9W2X,EMD-65583,2.2,2026-04-01T00:00:00.000+00:00,"Cryo-EM structure of complex III on the bovine heart submitochondrial particles, III-1",heteromeric protein,SINGLE PARTICLE
9W2Y,EMD-65584,2.4,2026-04-01T00:00:00.000+00:00,"Cryo-EM structure of complex III on the bovine heart submitochondrial particles, III-2",heteromeric protein,SINGLE PARTICLE
9W2Z,EMD-65585,2.61,2026-04-01T00:00:00.000+00:00,"Cryo-EM structure of complex IV on the bovine heart submitochondrial particles, IV-A",heteromeric protein,SINGLE PARTICLE
9W32,EMD-65588,2.59,2026-01-21T00:00:00.000+00:00,antagonist 1-bound inactive SSTR5 structure,homomeric protein,SINGLE PARTICLE
9W33,EMD-65589,2.69,2026-01-21T00:00:00.000+00:00,S5A1-bound inactive SSTR5 structure,homomeric protein,SINGLE PARTICLE
9W34,EMD-65590,3.21,2026-08-05T00:00:00.000+00:00,CryoEM structure of EV-D68 strain Fermon procapsid,heteromeric protein,SINGLE PARTICLE
9W35,EMD-65591,3.5,2026-07-08T00:00:00.000+00:00,Cryo-EM structure of four abaucin-bound LolDF in Acinetobacter baumannii,heteromeric protein,SINGLE PARTICLE
9W36,EMD-65592,4.0,2026-07-08T00:00:00.000+00:00,Cryo-EM structure of nucleotide-free LolDF in Acinetobacter baumannii,heteromeric protein,SINGLE PARTICLE
9W37,EMD-65593,3.6,2026-07-22T00:00:00.000+00:00,Cryo-EM structure of vanadate-trapped LolDF in Acinetobacter baumannii,heteromeric protein,SINGLE PARTICLE
9W39,EMD-65595,3.65,2026-04-01T00:00:00.000+00:00,"Structure of human 26S proteasome complexed with midnolin, 19S proteasome with Ubl bound",heteromeric protein,SINGLE PARTICLE
9W3D,EMD-65597,4.0,2026-04-29T00:00:00.000+00:00,Cryo-EM structure of E. coli RNA polymerase in complex with EP1,heteromeric protein,SINGLE PARTICLE
9W3E,EMD-65598,3.6,2026-04-29T00:00:00.000+00:00,Cryo-EM structure of E. coli RNA polymerase in complex with PP1,heteromeric protein,SINGLE PARTICLE
9W3F,EMD-65599,3.04,2026-06-10T00:00:00.000+00:00,Cryo-EM structure of the human beta2-adrenergic receptor in complex with a novel antagonist,heteromeric protein,SINGLE PARTICLE
9W3G,EMD-65600,3.3,2026-04-29T00:00:00.000+00:00,Cryo-EM structure of E. coli RNA polymerase in complex with VP1,heteromeric protein,SINGLE PARTICLE
9W3K,EMD-65603,3.08,2026-05-06T00:00:00.000+00:00,GPR151-Legobody complex,heteromeric protein,SINGLE PARTICLE
9W3L,EMD-65604,2.76,2026-05-06T00:00:00.000+00:00,Cryo-EM structure of GPR151-Nb6 complex,heteromeric protein,SINGLE PARTICLE
9W3P,EMD-64007,3.44,2026-08-05T00:00:00.000+00:00,YcfA from Erwinia amylovora,homomeric protein,SINGLE PARTICLE
9W3U,EMD-65609,2.53,2026-03-04T00:00:00.000+00:00,Structure of Csm6 from Actinomyces procaprae,homomeric protein,SINGLE PARTICLE
9W3Z,EMD-65613,3.36,2026-04-08T00:00:00.000+00:00,Cryo-EM structure of the 4:4 Lac1-Lip1 complex,heteromeric protein,SINGLE PARTICLE
9W40,EMD-65614,3.2,2026-08-05T00:00:00.000+00:00,Structure of adenosine A2BR with an agonist MRS3997,heteromeric protein,SINGLE PARTICLE
9W41,EMD-65615,2.71,2026-08-05T00:00:00.000+00:00,Structure of adenosine A2AR with an agonist MRS3997,heteromeric protein,SINGLE PARTICLE
9W43,EMD-65617,2.96,2026-07-01T00:00:00.000+00:00,Structure of the complex of human PD-1 and a PD-1-directed antibody,heteromeric protein,SINGLE PARTICLE
9W45,EMD-65621,3.2,2026-03-04T00:00:00.000+00:00,The structure of odorant-bound mouse class II odorant receptor-miniGs complex,heteromeric protein,SINGLE PARTICLE
9W4C,EMD-65624,2.8,2026-08-05T00:00:00.000+00:00,Fusion protein of Helicoverpa armigera nucleopolyhedrovirus in the prefusion state,homomeric protein,SINGLE PARTICLE
9W4D,EMD-65625,2.9,2026-08-05T00:00:00.000+00:00,Fusion protein of Helicoverpa armigera nucleopolyhedrovirus in the postfusion state,homomeric protein,SINGLE PARTICLE
9W4E,EMD-65626,3.1,2026-08-05T00:00:00.000+00:00,Fusion protein of Helicoverpa armigera nucleopolyhedrovirus in an early fusion intermediate state,homomeric protein,SINGLE PARTICLE
9W4I,EMD-65634,2.57,2026-07-01T00:00:00.000+00:00,Cryo-EM structure of Enterovirus-D68 MO strain virus-like particle,heteromeric protein,SINGLE PARTICLE
9W4J,EMD-65635,2.93,2026-04-15T00:00:00.000+00:00,Cryo-EM structure of CpcL-PBS3,heteromeric protein,SINGLE PARTICLE
9W4K,EMD-65636,2.9,2026-08-05T00:00:00.000+00:00,Cryo-EM structure of inhibitor E822-1968 bound human urea transporter A2.,homomeric protein,SINGLE PARTICLE
9W4L,EMD-65637,2.7,2026-08-05T00:00:00.000+00:00,Cryo-EM structure of inhibitor M353-0039 bound urea transporter A2.,homomeric protein,SINGLE PARTICLE
9W4O,EMD-65640,2.52,2026-08-05T00:00:00.000+00:00,CryoEM structure of EV-D68 strain Fermon mature virion,heteromeric protein,SINGLE PARTICLE
9W4Q,EMD-65641,2.77,2026-08-05T00:00:00.000+00:00,Cryo-EM structure of human pyruvate kinase R (PKR) in complex with an allosteric activator SNH-119014,homomeric protein,SINGLE PARTICLE
9W4Y,EMD-65646,2.0,2026-08-12T00:00:00.000+00:00,CryoEM structure of EV-D68 strain Fermon in complex with MFSD6-R196-L226,protein/oligosaccharide,SINGLE PARTICLE
9W50,EMD-65648,3.3,2026-06-03T00:00:00.000+00:00,"MprF from Pseudomonas aeruginosa mutant- H386C/F389C in nanodisc, C2 symmetry",homomeric protein,SINGLE PARTICLE
9W51,EMD-65649,3.2,2026-06-03T00:00:00.000+00:00,"MprF from Pseudomonas aeruginosa mutant, H566C in nanodisc, C2 symmetry",homomeric protein,SINGLE PARTICLE
9W5B,EMD-65652,1.96,2026-09-23T00:00:00.000+00:00,cryo-EM structure of PSII D1-S264V from Thermosynechococcus vestitus BP-1,heteromeric protein,SINGLE PARTICLE
9W62,EMD-65674,3.28,2026-05-27T00:00:00.000+00:00,Cryo-EM structure of human ABCD3 in inward-facing conformation in the presence of phytanoyl-CoA,homomeric protein,SINGLE PARTICLE
9W63,EMD-65675,3.29,2026-05-27T00:00:00.000+00:00,Cryo-EM structure of C20:5-CoA bound state human ABCD3 in inward-facing conformation,homomeric protein,SINGLE PARTICLE
9W64,EMD-65676,3.81,2026-05-27T00:00:00.000+00:00,Cryo-EM structure of CHS bound state human ABCD3 in inward-facing conformation,homomeric protein,SINGLE PARTICLE
9W65,EMD-65677,2.94,2026-05-27T00:00:00.000+00:00,Cryo-EM structure of ATP bound state human ABCD3 in inward-facing conformation,homomeric protein,SINGLE PARTICLE
9W66,EMD-65678,3.3,2026-05-27T00:00:00.000+00:00,Cryo-EM structure of ATP bound state human ABCD3 in outward-facing conformation,homomeric protein,SINGLE PARTICLE
9W6U,EMD-65704,2.81,2026-08-05T00:00:00.000+00:00,Structure of the PT NTD-C1554-C1540 complex,heteromeric protein,SINGLE PARTICLE
9W7D,EMD-65724,2.05,2026-09-23T00:00:00.000+00:00,cryo-EM structure of PSII PsbA3-S264V in complex with DCMU from Thermosynechococcus vestitus BP-1,heteromeric protein,SINGLE PARTICLE
9W7J,EMD-65728,2.97,2026-08-12T00:00:00.000+00:00,Chikungunya virus E protein complexed with 8D1-H-10D5,heteromeric protein,SINGLE PARTICLE
9W7K,EMD-65729,2.58,2026-04-15T00:00:00.000+00:00,Cryo-EM structure of CpcL-PBS2,heteromeric protein,SINGLE PARTICLE
9W7X,EMD-65735,3.95,2026-05-06T00:00:00.000+00:00,Cryo-EM structure of dPIEZO channel,homomeric protein,SINGLE PARTICLE
9W7Y,EMD-65736,2.87,2026-08-12T00:00:00.000+00:00,Cryo-EM structure of human pyruvate kinase R (PKR) in complex with an allosteric activator BT-119106,homomeric protein,SINGLE PARTICLE
9W81,EMD-65737,2.81,2026-08-12T00:00:00.000+00:00,Cryo-EM structure of human pyruvate kinase R (PKR) in complex with an allosteric activator FT-4202,homomeric protein,SINGLE PARTICLE
9W89,EMD-65740,2.89,2026-08-12T00:00:00.000+00:00,Chikungunya virus E protein complexed with 10D5,heteromeric protein,SINGLE PARTICLE
9W8A,EMD-65741,2.95,2026-08-12T00:00:00.000+00:00,Chikungunya virus E protein complexed with 7H9,heteromeric protein,SINGLE PARTICLE
9W8J,EMD-65747,2.73,2026-06-24T00:00:00.000+00:00,Transport and inhibition mechanisms of human glycine transporter 2,homomeric protein,SINGLE PARTICLE
9W8Q,EMD-65748,3.2,2026-06-24T00:00:00.000+00:00,Transport and inhibition mechanisms of human glycine transporter 2,homomeric protein,SINGLE PARTICLE
9W90,EMD-65758,3.7,2026-01-28T00:00:00.000+00:00,DDB1-DDA1-DET1-Ube2e2-COP1-c-Jun-STK40 complex,heteromeric protein,SINGLE PARTICLE
9W97,EMD-65765,2.84,2026-05-27T00:00:00.000+00:00,Structure of BPDBA-bound state of the human betaine/GABA transporter 1,homomeric protein,SINGLE PARTICLE
9W98,EMD-65766,2.71,2026-05-27T00:00:00.000+00:00,Structure of ATPCA-bound state of the human betaine/GABA transporter 1,homomeric protein,SINGLE PARTICLE
9W99,EMD-65767,3.04,2026-05-27T00:00:00.000+00:00,Structure of betaine-bound state of the human betaine/GABA transporter 1,homomeric protein,SINGLE PARTICLE
9W9A,EMD-65768,2.98,2026-05-27T00:00:00.000+00:00,Structure of GABA-bound state of the human betaine/GABA transporter 1,homomeric protein,SINGLE PARTICLE
9W9B,EMD-65769,2.87,2026-05-27T00:00:00.000+00:00,Structure of the apo state of human betaine/GABA transporter 1 in the inward-facing conformation,homomeric protein,SINGLE PARTICLE
9W9C,EMD-65770,3.02,2026-05-27T00:00:00.000+00:00,Structure of the apo state of human betaine/GABA transporter 1 in the occluded conformation,homomeric protein,SINGLE PARTICLE
9W9E,EMD-65772,3.7,2026-06-17T00:00:00.000+00:00,Cryo-EM structure of Aspergillus fumigatus ErdS tetramer,homomeric protein,SINGLE PARTICLE
9WAE,EMD-65815,3.49,2026-08-26T00:00:00.000+00:00,Cryo-EM structure of helicase DruE in the Druantia anti-phage system elucidates its anti-phage mechanism,homomeric protein,SINGLE PARTICLE
9WAG,EMD-65817,2.95,2026-03-04T00:00:00.000+00:00,Yeast-expressed polio type 1 expanded virus-like particles,heteromeric protein,SINGLE PARTICLE
9WAH,EMD-65818,2.43,2026-03-04T00:00:00.000+00:00,Yeast-expressed polio type 1 stabilized virus-like particles,heteromeric protein,SINGLE PARTICLE
9WAI,EMD-65819,2.6,2026-03-04T00:00:00.000+00:00,Yeast-expressed polio type 1 stablized virus-like particles with 3G10 Fab,heteromeric protein,SINGLE PARTICLE
9WAJ,EMD-65820,2.39,2026-05-27T00:00:00.000+00:00,Cryo-EM structure of a human sodium pump wildtype in ouabain-bound E2P state,heteromeric protein,SINGLE PARTICLE
9WAK,EMD-65821,2.86,2026-05-27T00:00:00.000+00:00,Cryo-EM structure of a human sodium pump W931R mutant in ouabain-bound E2P state,heteromeric protein,SINGLE PARTICLE
9WBR,EMD-65847,3.13,2026-06-24T00:00:00.000+00:00,The structure of glycine transport 2 in apo state,homomeric protein,SINGLE PARTICLE
9WBV,EMD-65849,3.13,2026-08-19T00:00:00.000+00:00,Cryo-EM structure of the human UBR2 N-domain in complex with tryptophan,homomeric protein,SINGLE PARTICLE
9WBW,EMD-65850,3.44,2026-08-19T00:00:00.000+00:00,Cryo-EM structure of the human UBR1 in complex with tryptophan,homomeric protein,SINGLE PARTICLE
9WC1,EMD-65854,3.4,2026-02-18T00:00:00.000+00:00,The structure of ARP module in ncBAF complex,heteromeric protein,SINGLE PARTICLE
9WC6,EMD-65856,3.1,2026-06-24T00:00:00.000+00:00,The structure of glycine transport 2 in complex with glycine,homomeric protein,SINGLE PARTICLE
9WCA,EMD-65858,3.49,2026-01-28T00:00:00.000+00:00,Closed state of A8 gpJ 713 central tail fiber,heteromeric protein,SINGLE PARTICLE
9WCB,EMD-65859,3.89,2026-01-28T00:00:00.000+00:00,Open state of A8 gpJ 713 central tail fiber with OmpC G17 from E. coli EDL933,heteromeric protein,SINGLE PARTICLE
9WCW,EMD-65877,2.73,2026-08-05T00:00:00.000+00:00,"AMP-PNP bound E.coli CnoX-GroEL complex, state I",heteromeric protein,SINGLE PARTICLE
9WCX,EMD-65878,2.66,2026-07-01T00:00:00.000+00:00,Cryo-EM structure of the Mycobacterium abscessus cytochrome bcc:aa3 supercomplex,heteromeric protein,SINGLE PARTICLE
9WCY,EMD-65879,2.26,2026-07-01T00:00:00.000+00:00,Cryo-EM structure of the Mycobacterium abscessus cytochrome bcc:aa3 supercomplex in the presence of ND-011458,heteromeric protein,SINGLE PARTICLE
9WD0,EMD-65880,3.33,2026-08-26T00:00:00.000+00:00,Cryo-EM structure of Human UBA1-UBE2O-Ub -Recruitment state 2,heteromeric protein,SINGLE PARTICLE
9WD1,EMD-65881,3.31,2026-08-26T00:00:00.000+00:00,Cryo-EM structure of Human UBA1-UBE2O-Ub -Recruitment state 3,heteromeric protein,SINGLE PARTICLE
9WD4,EMD-65882,3.51,2026-08-26T00:00:00.000+00:00,Cryo-EM Structure of the 11-Mer ATPase Complex YsaN from the Type III Secretion System of Yersinia enterocolitica,homomeric protein,SINGLE PARTICLE
9WD5,EMD-65883,2.98,2026-04-15T00:00:00.000+00:00,Cryo-EM structure of PSI-CpcL,heteromeric protein,SINGLE PARTICLE
9WD7,EMD-65885,2.34,2026-04-01T00:00:00.000+00:00,GMPCPP-stabilizsd human alpha1A/beta3 microtubule,heteromeric protein,SINGLE PARTICLE
9WD9,EMD-65886,2.26,2026-04-01T00:00:00.000+00:00,GMPCPP-stabilized human alpha1A/beta3 S239C microtubule,heteromeric protein,SINGLE PARTICLE
9WDA,EMD-65887,2.35,2026-04-01T00:00:00.000+00:00,Paclitaxel/GMPCPP-stabilized human alpha1A/beta3 microtubule,heteromeric protein,SINGLE PARTICLE
9WDB,EMD-65888,2.39,2026-04-01T00:00:00.000+00:00,Paclitaxel/GMPCPP-stabilized human alpha1A/beta3 S239C microtubule,heteromeric protein,SINGLE PARTICLE
9WDC,EMD-65889,2.22,2026-04-15T00:00:00.000+00:00,Cryo-EM structure of collagenase H (E416Q mutant) from Hathewaya histolytica bound to C-terminal region of the collagen-binding protein ColH (Pro-Pro-Gly)10,heteromeric protein,SINGLE PARTICLE
9WDI,EMD-65890,3.33,2026-07-01T00:00:00.000+00:00,Structure of mC5aR2 in complex with mC5a-desArg,heteromeric protein,SINGLE PARTICLE
9WDO,EMD-65893,2.57,2026-08-26T00:00:00.000+00:00,"Cryo-EM structure of the human PKR tetramer with mitapivat (C2 symmetric, dual-bound state)",homomeric protein,SINGLE PARTICLE
9WDP,EMD-65894,3.27,2026-01-14T00:00:00.000+00:00,Cyro-EM structure of prefusion RSV fusion glycoprotein in complex with Ziresovir and motavizumab Fab,heteromeric protein,SINGLE PARTICLE
9WDQ,EMD-65896,2.93,2026-08-26T00:00:00.000+00:00,"Cryo-EM structure of the human PKR dimer with mitapivat (focused refinement, asymmetric single-bound state A)",homomeric protein,SINGLE PARTICLE
9WDR,EMD-65900,2.92,2026-08-26T00:00:00.000+00:00,"Cryo-EM structure of the human PKR dimer with mitapivat (focused refinement, asymmetric single-bound state B)",homomeric protein,SINGLE PARTICLE
9WDT,EMD-65905,2.93,2026-08-26T00:00:00.000+00:00,"Cryo-EM structure of the human PKR dimer with mitapivat (focused refinement, asymmetric dual-bound state)",homomeric protein,SINGLE PARTICLE
9WDX,EMD-65909,3.72,2026-08-26T00:00:00.000+00:00,Structure of SpCas9 with engineered disulfide bonds (R1210C/V1280C and L1119C/P1128C),homomeric protein,SINGLE PARTICLE
9WE7,EMD-65914,3.05,2026-07-15T00:00:00.000+00:00,Cryo-EM structure of RNF170-Erlin1-Erlin2,heteromeric protein,SINGLE PARTICLE
9WET,EMD-65915,2.85,2026-08-19T00:00:00.000+00:00,"Cryo-EM structure of AtABCC2 in ATP-bound, outward-facing state",homomeric protein,SINGLE PARTICLE
9WEU,EMD-65916,2.65,2026-08-26T00:00:00.000+00:00,D1R-Gs in complexed with SKF81297/LY3154207/BMSA1,heteromeric protein,SINGLE PARTICLE
9WEY,EMD-65918,3.3,2026-02-25T00:00:00.000+00:00,Structure of HCMV UL33 in complex with human Gs protein,heteromeric protein,SINGLE PARTICLE
9WEZ,EMD-65919,2.64,2026-08-26T00:00:00.000+00:00,Cryo-EM structure of human pyruvate kinase R (PKR) in complex with FBP,homomeric protein,SINGLE PARTICLE
9WF0,EMD-65920,3.8,2026-08-26T00:00:00.000+00:00,Cryo-EM Structure of the 13-Mer ATPase Complex YsaN from the Type III Secretion System of Yersinia enterocolitica,homomeric protein,SINGLE PARTICLE
9WF2,EMD-65921,2.94,2026-04-22T00:00:00.000+00:00,Cryo-EM structure of GGCX-BGP complex,protein/oligosaccharide,SINGLE PARTICLE
9WF3,EMD-65922,2.65,2026-04-01T00:00:00.000+00:00,Cryo-EM structure of GGCX-FIX complex,protein/oligosaccharide,SINGLE PARTICLE
9WF9,EMD-65923,2.83,2026-04-01T00:00:00.000+00:00,Cryo-EM structure of GGCX-FX complex,protein/oligosaccharide,SINGLE PARTICLE
9WFA,EMD-65924,2.64,2026-03-18T00:00:00.000+00:00,Cryo-EM structure of psXR,homomeric protein,SINGLE PARTICLE
9WFC,EMD-65925,3.33,2026-04-01T00:00:00.000+00:00,Cryo-EM structure of GGCX-MGP complex,protein/oligosaccharide,SINGLE PARTICLE
9WFF,EMD-65927,2.12,2026-01-21T00:00:00.000+00:00,Cryo-EM structure of the human Erlin2 oligomer,homomeric protein,SINGLE PARTICLE
9WFG,EMD-65928,3.2,2026-06-03T00:00:00.000+00:00,Cryo-EM structure of Arabidopsis thaliana fatty acid transporter CTS,homomeric protein,SINGLE PARTICLE
9WFL,EMD-65930,2.75,2026-04-01T00:00:00.000+00:00,Cryo-EM structure of GGCX-PRGP1 complex,protein/oligosaccharide,SINGLE PARTICLE
9WFN,EMD-65932,2.94,2026-04-01T00:00:00.000+00:00,Cryo-EM structure of GGCX-proP2,protein/oligosaccharide,SINGLE PARTICLE
9WFO,EMD-65933,3.31,2026-07-15T00:00:00.000+00:00,Cryo-EM structure of GGCX-proP1 complex,protein/oligosaccharide,SINGLE PARTICLE
9WFR,EMD-65936,3.4,2026-06-03T00:00:00.000+00:00,Cryo-EM structure of C12:0-CoA-bound Arabidopsis thaliana fatty acid transporter CTS,homomeric protein,SINGLE PARTICLE
9WFU,EMD-65937,3.2,2026-06-03T00:00:00.000+00:00,Cryo-EM structure of ATP-bound Arabidopsis thaliana fatty acid transporter CTS,homomeric protein,SINGLE PARTICLE
9WFZ,EMD-65941,2.08,2026-09-23T00:00:00.000+00:00,Cryo-EM structure of PSII PsbA3-S264V from Thermosynechococcus vestitus BP-1 (local refinement),heteromeric protein,SINGLE PARTICLE
9WG0,EMD-65942,2.59,2026-08-26T00:00:00.000+00:00,D1R-Gs in complexed with SKF81297/LY3154207/BMSA1/UNC10062,heteromeric protein,SINGLE PARTICLE
9WG2,EMD-65943,3.2,2026-06-03T00:00:00.000+00:00,Cryo-EM structure of IBA-CoA-bound Arabidopsis thaliana fatty acid transporter CTS,homomeric protein,SINGLE PARTICLE
9WG4,EMD-65947,3.29,2026-06-17T00:00:00.000+00:00,Cryo-EM structure of pocket engineered OR52cs in its active state,heteromeric protein,SINGLE PARTICLE
9WG6,EMD-65949,2.44,2026-08-26T00:00:00.000+00:00,D1R-Gs in complexed with Dopamine/LY3154207/BMSA1/UNC9815,heteromeric protein,SINGLE PARTICLE
9WG7,EMD-65950,3.2,2026-04-01T00:00:00.000+00:00,The structure of phycobilisome with a bicylindrical core from the cyanobacterium Synechococcus elongatus PCC 7942,heteromeric protein,SINGLE PARTICLE
9WG8,EMD-65951,3.5,2026-06-03T00:00:00.000+00:00,"Cryo-EM structure of 2,4-DB-CoA-bound Arabidopsis thaliana fatty acid transporter CTS",homomeric protein,SINGLE PARTICLE
9WGB,EMD-65952,3.6,2026-06-17T00:00:00.000+00:00,Cryo-EM structure of I3L-ssDNA double-ring complex,homomeric protein,SINGLE PARTICLE
9WID,EMD-65990,3.46,2026-08-05T00:00:00.000+00:00,"AMP-PNP bound E.coli CnoX-GroEL complex, state II",heteromeric protein,SINGLE PARTICLE
9WIE,EMD-65991,2.79,2026-08-05T00:00:00.000+00:00,"AMP-PNP bound E.coli CnoX-GroEL/ES complex, state IV",heteromeric protein,SINGLE PARTICLE
9WIF,EMD-65992,2.83,2026-08-05T00:00:00.000+00:00,"AMP-PNP bound E.coli CnoX-GroEL/ES complex, state III",heteromeric protein,SINGLE PARTICLE
9WIG,EMD-65993,3.93,2026-08-05T00:00:00.000+00:00,Structure of the PT NTD-C1536-CoV2-3434-BLN8 complex,heteromeric protein,SINGLE PARTICLE
9WIJ,EMD-65995,3.05,2026-07-01T00:00:00.000+00:00,Cryo-EM structure of GPR84 with GLPG1205,homomeric protein,SINGLE PARTICLE
9WIK,EMD-65999,3.3,2026-07-01T00:00:00.000+00:00,Cryo-EM structure of GPR84-Gi complex with DL-175,heteromeric protein,SINGLE PARTICLE
9WIX,EMD-66010,3.3,2026-09-02T00:00:00.000+00:00,Cryo-EM structure of VGLUT3 in apo state,homomeric protein,SINGLE PARTICLE
9WJ0,EMD-66012,3.35,2026-09-02T00:00:00.000+00:00,Cryo-EM structure of ClassIII Lanthipeptide modification enzyme TherKC with chain A bounded to substrate TherA and ATPrS.,heteromeric protein,SINGLE PARTICLE
9WJS,EMD-66028,3.83,2026-09-02T00:00:00.000+00:00,Tti1-Telo2 complex,heteromeric protein,SINGLE PARTICLE
9WK1,EMD-66036,2.6,2026-09-09T00:00:00.000+00:00,"Cryo-EM structure of DONepi, a deoxynivalenol 3-epimerase from Nocardioides sp. S5-5",homomeric protein,SINGLE PARTICLE
9WKR,EMD-66037,3.53,2026-09-09T00:00:00.000+00:00,structure of human propionyl-coenzyme A carboxylase in BC binding state,heteromeric protein,SINGLE PARTICLE
9WKZ,EMD-66041,2.7,2026-09-09T00:00:00.000+00:00,Cryo-EM structure of STOM-double complex purified using DDM,homomeric protein,SINGLE PARTICLE
9WLA,EMD-66051,3.6,2026-06-03T00:00:00.000+00:00,Local refinement region of SARS-CoV-2 spike RBD in complex with antibodies CT1-5.,heteromeric protein,SINGLE PARTICLE
9WLB,EMD-66052,3.74,2026-06-03T00:00:00.000+00:00,Local refinement region of SARS-CoV-2 spike RBD in complex with antibodies S309 and CT1-1.,heteromeric protein,SINGLE PARTICLE
9WLR,EMD-66072,3.95,2026-03-04T00:00:00.000+00:00,Cryo-EM structure of human papillomavirus type 45,homomeric protein,SINGLE PARTICLE
9WLS,EMD-66073,2.18,2026-06-17T00:00:00.000+00:00,PSI complex of A.thaliana isolated using DOC based Clear-Native-PAGE method,heteromeric protein,SINGLE PARTICLE
9WMD,EMD-66087,3.59,2026-05-13T00:00:00.000+00:00,Cryo-EM strucutre of the apo Mucilaginibacter paludis Argonaute,homomeric protein,SINGLE PARTICLE
9WME,EMD-66088,3.2,2026-09-23T00:00:00.000+00:00,Cryo-EM structure of Clostridium perfringens pili CppA in complex with CppB,heteromeric protein,SINGLE PARTICLE
9WMI,EMD-66092,3.9,2026-04-15T00:00:00.000+00:00,PsdAB dimer(LMNG),heteromeric protein,SINGLE PARTICLE
9WMJ,EMD-66094,2.2,2026-09-09T00:00:00.000+00:00,Cryo-EM structure of STOM-single complex purified using DDM,homomeric protein,SINGLE PARTICLE
9WML,EMD-66096,2.79,2026-03-25T00:00:00.000+00:00,Structural mechanism of substrate binding of the human Proline Transporter,homomeric protein,SINGLE PARTICLE
9WMM,EMD-66097,2.8,2026-03-25T00:00:00.000+00:00,Structure of the cholesterol-bound human proline transporter purified in DDM/CHS buffer,homomeric protein,SINGLE PARTICLE
9WMN,EMD-66098,2.91,2026-03-25T00:00:00.000+00:00,Structure of the apo-state human proline transporter purified in DDM/CHS buffer,homomeric protein,SINGLE PARTICLE
9WMO,EMD-66099,3.01,2026-03-25T00:00:00.000+00:00,Structure of the apo-state human proline transporter purified in DDM buffer,homomeric protein,SINGLE PARTICLE
9WMP,EMD-66100,2.91,2026-03-25T00:00:00.000+00:00,Structure of the cholesterol-bound human proline transporter purified in DDM buffer,homomeric protein,SINGLE PARTICLE
9WMQ,EMD-66101,1.73,2026-07-01T00:00:00.000+00:00,The cryo-electron microscopy complex structure of PCV3 VLPs and antibody 2B5,heteromeric protein,SINGLE PARTICLE
9WMR,EMD-66102,2.48,2026-07-01T00:00:00.000+00:00,Cryo-EM structure of PCV3 VLPs,homomeric protein,SINGLE PARTICLE
9WNB,EMD-66113,2.5,2026-09-09T00:00:00.000+00:00,Cryo-EM structure of STOM complex reconstitution into liposomes,homomeric protein,SINGLE PARTICLE
9WND,EMD-66114,3.2,2026-09-09T00:00:00.000+00:00,5HT2AR-miniGq heterotrimer in complex with a psychedelic psilocin,heteromeric protein,SINGLE PARTICLE
9WNF,EMD-66116,3.13,2026-09-09T00:00:00.000+00:00,5HT2AR-miniGq heterotrimer in complex with a selective agonist IHCH-2330,heteromeric protein,SINGLE PARTICLE
9WNG,EMD-66117,2.98,2026-09-09T00:00:00.000+00:00,5HT2BR-fab heterotrimer in complex with a novel antagonist IHCH-2330,heteromeric protein,SINGLE PARTICLE
9WNS,EMD-66123,2.69,2026-09-09T00:00:00.000+00:00,Cryo-EM structure of TtCoAT-ADLP complex in ligand-free form,heteromeric protein,SINGLE PARTICLE
9WNU,EMD-66124,2.25,2026-09-09T00:00:00.000+00:00,Cryo-EM structure of TtCoAT-ADLP complex in NAD+-bound form,heteromeric protein,SINGLE PARTICLE
9WP6,EMD-66135,1.98,2026-04-29T00:00:00.000+00:00,The cryo-EM structure of Zea mays GLN1,homomeric protein,SINGLE PARTICLE
9WPE,EMD-66140,3.1,2026-08-26T00:00:00.000+00:00,Cryo-EM structure of the insect sex pheromone receptor ApisOR22-Orco heterocomplex bound with nepetalactone in the closed state.,heteromeric protein,SINGLE PARTICLE
9WPF,EMD-66141,3.6,2026-09-02T00:00:00.000+00:00,Cryo-EM structure of the insect sex pheromone receptor ApisOR22-Orco heterocomplex,heteromeric protein,SINGLE PARTICLE
9WPG,EMD-66142,3.3,2026-09-02T00:00:00.000+00:00,Cryo-EM structure of the insect sex pheromone receptor ApisOR22-Orco heterocomplex bound with nepetalactone in the open state,heteromeric protein,SINGLE PARTICLE
9WPH,EMD-66143,2.27,2026-04-22T00:00:00.000+00:00,Complex of FMDV O/18074 and porcine-derived neutralizing monoclonal antibody pO18-10,heteromeric protein,SINGLE PARTICLE
9WPL,EMD-66144,2.81,2026-06-10T00:00:00.000+00:00,cryo-EM structure of human organic solute transporter in apo state,heteromeric protein,SINGLE PARTICLE
9WPM,EMD-66145,2.6,2026-01-28T00:00:00.000+00:00,Cryo-EM structure of the apo-ConsOR5-Gs complex,heteromeric protein,SINGLE PARTICLE
9WPQ,EMD-66146,3.15,2026-09-16T00:00:00.000+00:00,5-HT2AR bound to LSD in complex with mini-Gq and scFv16 obtained by cryo-electron microscopy (cryoEM),heteromeric protein,SINGLE PARTICLE
9WPX,EMD-66152,3.1,2026-09-16T00:00:00.000+00:00,5-HT2AR bound to IHCH-1904 in complex with mini-Gq and scFv16 obtained by cryo-electron microscopy (cryoEM),heteromeric protein,SINGLE PARTICLE
9WPY,EMD-66153,2.99,2026-06-10T00:00:00.000+00:00,cryo-EM structure of human organic solute transporter in complex with DHEAS,heteromeric protein,SINGLE PARTICLE
9WPZ,EMD-66155,3.11,2026-06-10T00:00:00.000+00:00,cryo-EM structure of human organic solute transporter in complex with TLCA,heteromeric protein,SINGLE PARTICLE
9WQ0,EMD-66156,2.68,2026-06-10T00:00:00.000+00:00,cryo-EM structure of human organic solute transporter in complex with ethinylestradiol,heteromeric protein,SINGLE PARTICLE
9WQ2,EMD-66157,3.27,2026-04-01T00:00:00.000+00:00,Structure of 3TM-SAVED dimer bound to 2'3'-cGAMP,homomeric protein,SINGLE PARTICLE
9WQ3,EMD-66158,3.27,2026-04-01T00:00:00.000+00:00,Structure of 3TM-SAVED Filament bound to 2'3'-cGAMP,homomeric protein,SINGLE PARTICLE
9WQ5,EMD-66159,3.2,2026-09-16T00:00:00.000+00:00,5-HT2AR bound to IHCH-6122 in complex with mini-Gq and scFv16 obtained by cryo-electron microscopy (cryoEM),heteromeric protein,SINGLE PARTICLE
9WQ6,EMD-66160,3.4,2026-09-16T00:00:00.000+00:00,5-HT2AR bound to IHCH-1906 obtained by cryo-electron microscopy (cryoEM),homomeric protein,SINGLE PARTICLE
9WQA,EMD-66164,3.28,2026-09-16T00:00:00.000+00:00,5-HT2B receptor bound to IHCH-1906 in complex with an antibody obtained by cryo-electron microscopy (cryoEM),heteromeric protein,SINGLE PARTICLE
9WQB,EMD-66165,3.18,2026-09-16T00:00:00.000+00:00,5-HT2B receptor bound to IHCH-6122 in complex with an antibody obtained by cryo-electron microscopy (cryoEM),heteromeric protein,SINGLE PARTICLE
9WQK,EMD-66174,3.7,2026-05-27T00:00:00.000+00:00,GRM5-Gi Complex Structure,heteromeric protein,SINGLE PARTICLE
9WQL,EMD-66175,3.2,2026-05-27T00:00:00.000+00:00,GRM5-Gq Complex Structure,heteromeric protein,SINGLE PARTICLE
9WQM,EMD-66176,3.3,2026-05-27T00:00:00.000+00:00,GRM1-Gi Complex Structure,heteromeric protein,SINGLE PARTICLE
9WQN,EMD-66177,3.7,2026-05-27T00:00:00.000+00:00,GRM1-Gq Complex Structure,heteromeric protein,SINGLE PARTICLE
9WQO,EMD-66178,2.9,2026-05-27T00:00:00.000+00:00,GRM1-Acc State Conformation 1,homomeric protein,SINGLE PARTICLE
9WQR,EMD-66180,2.79,2026-06-10T00:00:00.000+00:00,cryo-EM structure of human organic solute transporter in complex with fidaxomicin,heteromeric protein,SINGLE PARTICLE
9WQV,EMD-66181,1.81,2026-03-11T00:00:00.000+00:00,Cryo-EM structure of LH1-RC from Rhodovulum sulfidophilum,heteromeric protein,SINGLE PARTICLE
9WRE,EMD-66187,3.43,2026-09-16T00:00:00.000+00:00,Structure of 3TM-SAVED filament bound to 2'2'-cGAMP,homomeric protein,SINGLE PARTICLE
9WRK,EMD-66188,3.24,2026-09-16T00:00:00.000+00:00,Cryo-EM structure of glutamine synthetase 2 from Mycobacterium tuberculosis,homomeric protein,SINGLE PARTICLE
9WRL,EMD-66189,3.2,2026-09-16T00:00:00.000+00:00,Cryo-EM structure of glutamine synthetase 3 from Mycobacterium tuberculosis,homomeric protein,SINGLE PARTICLE
9WS4,EMD-66192,3.43,2026-06-10T00:00:00.000+00:00,Cyro-EM structure of the ACT-451840-bound PfMDR1,homomeric protein,SINGLE PARTICLE
9WS8,EMD-66194,3.47,2026-01-07T00:00:00.000+00:00,Cryo-EM Structure of G6PT1 treated with G6P,homomeric protein,SINGLE PARTICLE
9WSD,EMD-66197,4.0,2026-09-16T00:00:00.000+00:00,Cryo-EM structure of Escherichia coli FtsZ Filaments,homomeric protein,SINGLE PARTICLE
9WSN,EMD-66200,3.44,2026-09-16T00:00:00.000+00:00,Tetramer Msp1 from S.cerevisiae (with a catalytic dead mutation) in complex with an unknown peptide substrate,heteromeric protein,SINGLE PARTICLE
9WSO,EMD-66201,3.45,2026-07-01T00:00:00.000+00:00,LamB binding with bacteriophage Lom,heteromeric protein,SINGLE PARTICLE
9WSQ,EMD-66203,3.35,2026-03-18T00:00:00.000+00:00,Structure of dimeric mouse NLRP14-KDM2A-SKP1 complex,heteromeric protein,SINGLE PARTICLE
9WSR,EMD-66204,2.79,2026-03-18T00:00:00.000+00:00,Structure of mouse NLRP14-KDM2A-SKP1 complex,heteromeric protein,SINGLE PARTICLE
9WSZ,EMD-66211,3.7,2026-05-06T00:00:00.000+00:00,CryoEM structure of baseplate iris structure in the contracted AlgoCIS,heteromeric protein,SINGLE PARTICLE
9WT0,EMD-66212,3.9,2026-05-06T00:00:00.000+00:00,CryoEM structure of one tail-fiber connected to the baseplate wedge in the contracted AlgoCIS,heteromeric protein,SINGLE PARTICLE
9WT1,EMD-66213,3.2,2026-05-06T00:00:00.000+00:00,CryoEM structure of cap module in the contracted AlgoCIS,heteromeric protein,SINGLE PARTICLE
9WT2,EMD-66215,3.12,2026-01-07T00:00:00.000+00:00,Cryo-EM structure of Pi-free G6PT1 treated with GlcN6P,homomeric protein,SINGLE PARTICLE
9WTO,EMD-66223,3.51,2026-09-23T00:00:00.000+00:00,Cryo-EM Structure of the 12-Mer ATPase Complex YsaN from the Type III Secretion System of Yersinia enterocolitica,homomeric protein,SINGLE PARTICLE
9WTX,EMD-66226,3.37,2026-09-23T00:00:00.000+00:00,structure of hOCTN1-Ergothioneine complex,homomeric protein,SINGLE PARTICLE
9WTY,EMD-66227,3.11,2026-09-23T00:00:00.000+00:00,Structure of hOCTN1 in apo state,homomeric protein,SINGLE PARTICLE
9WTZ,EMD-66228,2.8,2026-09-23T00:00:00.000+00:00,Fusion protein of Helicoverpa armigera nucleopolyhedrovirus in the uncleaved prefusion state,homomeric protein,SINGLE PARTICLE
9WUC,EMD-66257,2.72,2026-05-27T00:00:00.000+00:00,Cryo-EM structure of full-length self-sufficient P450 from Shimazuella soli,homomeric protein,SINGLE PARTICLE
9WUD,EMD-66258,3.08,2026-05-27T00:00:00.000+00:00,Cryo-EM structure of one-heme-missing self-sufficient P450 from Shimazuella soli,homomeric protein,SINGLE PARTICLE
9WUE,EMD-66259,2.77,2026-09-23T00:00:00.000+00:00,CryoEM structure of a dNTPase from Vibrio cholerae,homomeric protein,SINGLE PARTICLE
9WUF,EMD-66260,3.01,2026-02-11T00:00:00.000+00:00,Cryo-EM structure of Upx,homomeric protein,SINGLE PARTICLE
9WUG,EMD-66261,2.7,2026-09-23T00:00:00.000+00:00,CryoEM structure of a dNTPase from Vibrio cholerae with dGTP,homomeric protein,SINGLE PARTICLE
9WUK,EMD-66262,2.34,2026-05-27T00:00:00.000+00:00,Cryo-EM structure of loop truncated self-sufficient P450 from Shimazuella soli,homomeric protein,SINGLE PARTICLE
9WUM,EMD-66264,3.48,2026-06-03T00:00:00.000+00:00,A ternary complex of NUT with BAK1 and SCREW2,protein/oligosaccharide,SINGLE PARTICLE
9WUP,EMD-66267,2.68,2026-05-27T00:00:00.000+00:00,Cryo-EM structure of full-length self-sufficient P450 in complex with NADPH from Shimazuella soli,homomeric protein,SINGLE PARTICLE
9WUT,EMD-66270,3.04,2026-09-23T00:00:00.000+00:00,Structure of dimeric Tribolium castaneum (Tc) PINK1 L552R mutant in prime-activation conformation,homomeric protein,SINGLE PARTICLE
9WUU,EMD-66271,3.35,2026-09-23T00:00:00.000+00:00,Structure of dimeric autoinhibited Tribolium castaneum (Tc) PINK1 L552R mutant in complex with Ca2+,heteromeric protein,SINGLE PARTICLE
9WUV,EMD-66272,2.81,2026-09-23T00:00:00.000+00:00,Structure of dimeric Tribolium castaneum (Tc) PINK1 L552R mutant in complex with Ca2+,homomeric protein,SINGLE PARTICLE
9WUW,EMD-66273,2.51,2026-09-23T00:00:00.000+00:00,Structure of dimeric phosphomimetic mutant of Tribolium castaneum (Tc) PINK1,homomeric protein,SINGLE PARTICLE
9WUY,EMD-66275,3.22,2026-09-23T00:00:00.000+00:00,Structure of dimeric autoinhibited Tribolium castaneum (Tc) PINK1 L552R mutant,homomeric protein,SINGLE PARTICLE
9WV1,EMD-66279,3.1,2026-08-05T00:00:00.000+00:00,Human TIM22 complex wtih substrate GGC1-sfGFP,heteromeric protein,SINGLE PARTICLE
9WV2,EMD-66280,3.15,2026-08-05T00:00:00.000+00:00,Human TOM complex with substrate GGC1-sfGFP,heteromeric protein,SINGLE PARTICLE
9WV3,EMD-66281,2.98,2026-08-05T00:00:00.000+00:00,Human TOM complex with substrate Tim22-GGC1-sfGFP,heteromeric protein,SINGLE PARTICLE
9WV5,EMD-66282,3.16,2026-07-15T00:00:00.000+00:00,transient receptor potential V family member 3,homomeric protein,SINGLE PARTICLE
9WV6,EMD-66283,3.29,2026-07-15T00:00:00.000+00:00,transient receptor potential V family member 3,homomeric protein,SINGLE PARTICLE
9WV7,EMD-66284,3.31,2026-07-15T00:00:00.000+00:00,transient receptor potential V family member 3,homomeric protein,SINGLE PARTICLE
9WV9,EMD-66285,2.94,2026-09-23T00:00:00.000+00:00,CryoEM structure of a dNTPase from Vibrio cholerae with GTP,homomeric protein,SINGLE PARTICLE
9WVC,EMD-66287,3.06,2026-09-23T00:00:00.000+00:00,CryoEM structure of a dNTPase from Vibrio cholerae with GTP,homomeric protein,SINGLE PARTICLE
9WW9,EMD-66305,3.2,2026-06-24T00:00:00.000+00:00,Cryo-EM Structure of Parabacteroide phage PD491P1 Capsid,heteromeric protein,SINGLE PARTICLE
9WWA,EMD-66306,3.2,2026-06-24T00:00:00.000+00:00,Cryo-EM Structure of Parabacteroide phage PD491P1 head-to-tail interface,heteromeric protein,SINGLE PARTICLE
9WX7,EMD-66332,2.57,2026-03-25T00:00:00.000+00:00,Structure of the L-proline-free human proline transporter purified in DDM/CHS buffer,homomeric protein,SINGLE PARTICLE
9WX9,EMD-66339,2.84,2026-03-25T00:00:00.000+00:00,Structure of the L-proline-free human proline transporter purified in DDM buffer,homomeric protein,SINGLE PARTICLE
9WXB,EMD-66342,2.9,2026-06-03T00:00:00.000+00:00,Cryo-EM structure of reduced form of formatedehydrogenase from Rhodobacter aestuarii (RaFDH) with NADH,heteromeric protein,SINGLE PARTICLE
9WXF,EMD-66345,3.33,2026-07-08T00:00:00.000+00:00,cryo-electron microscopy structure of Dandelion,homomeric protein,SINGLE PARTICLE
9WXP,EMD-66353,3.2,2026-08-05T00:00:00.000+00:00,cryo-EM structure of a mammalian collagen fibril,protein/oligosaccharide,SINGLE PARTICLE
9WY1,EMD-66359,3.23,2026-02-18T00:00:00.000+00:00,Cryo-EM structure of Fks1 in apo state,protein/oligosaccharide,SINGLE PARTICLE
9WY8,EMD-66366,2.69,2026-01-21T00:00:00.000+00:00,Cryo-EM structure of the hexameric DRT6,homomeric protein,SINGLE PARTICLE
9WYK,EMD-66367,2.65,2026-05-20T00:00:00.000+00:00,CryoEM structure of native quinol dependent Nitric Oxide Reductase at pH 8.0.,homomeric protein,SINGLE PARTICLE
9WYL,EMD-66368,3.4,2026-05-20T00:00:00.000+00:00,CryoEM structure of quinol dependent Nitric Oxide Reductase with BRIL,homomeric protein,SINGLE PARTICLE
9WYM,EMD-66369,2.3,2026-05-20T00:00:00.000+00:00,CryoEM structure of native quinol dependent Nitric Oxide Reductase with HQN at pH 6.5,homomeric protein,SINGLE PARTICLE
9WYP,EMD-66373,2.25,2026-01-07T00:00:00.000+00:00,The PSI-ACPI supercomplex from the cryptophyte Chroomonas placoidea,heteromeric protein,SINGLE PARTICLE
9WYT,EMD-66376,3.06,2026-04-15T00:00:00.000+00:00,Cryo-EM structure of the IgY-FcRY complex,protein/oligosaccharide,SINGLE PARTICLE
9WYV,EMD-66378,3.3,2026-02-11T00:00:00.000+00:00,Cryo-EM structure of EvAS,homomeric protein,SINGLE PARTICLE
9WYX,EMD-66379,3.04,2026-02-11T00:00:00.000+00:00,Cryo-EM structure of PbSS,homomeric protein,SINGLE PARTICLE
9WZ3,EMD-66380,3.19,2026-02-11T00:00:00.000+00:00,Cryo-EM structure of the PT domain of EvSS,homomeric protein,SINGLE PARTICLE
9WZS,EMD-66407,3.32,2026-02-18T00:00:00.000+00:00,Cryo-EM structure of Fks2 in complex with enfumafungin,protein/oligosaccharide,SINGLE PARTICLE
9WZT,EMD-66408,3.64,2026-02-18T00:00:00.000+00:00,Cryo-EM structure of Fks2 in apo state,protein/oligosaccharide,SINGLE PARTICLE
9WZU,EMD-66409,2.97,2026-02-18T00:00:00.000+00:00,Cryo-EM structure of Fks1 in complex with enfumafungin,protein/oligosaccharide,SINGLE PARTICLE
9WZV,EMD-66410,3.35,2026-02-18T00:00:00.000+00:00,Cryo-EM structure of Fks1 with intact active site,protein/oligosaccharide,SINGLE PARTICLE
9WZX,EMD-66411,3.72,2026-02-18T00:00:00.000+00:00,Cryo-EM structure of Fks1 in open state,homomeric protein,SINGLE PARTICLE
9X04,EMD-66419,3.41,2026-02-18T00:00:00.000+00:00,Cryo-EM structure of Fks2 with intact active site,protein/oligosaccharide,SINGLE PARTICLE
9X05,EMD-66420,3.64,2026-03-18T00:00:00.000+00:00,IL-33 and Itepekimab fab and Tozorakimab fab ternary complex structure,heteromeric protein,SINGLE PARTICLE
9X0B,EMD-66431,3.62,2026-07-15T00:00:00.000+00:00,Cryo-EM structure of AKT5 - WT,homomeric protein,SINGLE PARTICLE
9X0C,EMD-66432,2.6,2026-07-15T00:00:00.000+00:00,Cryo-EM structure of AKT5 - D403A,homomeric protein,SINGLE PARTICLE
9X0F,EMD-66433,3.25,2026-02-11T00:00:00.000+00:00,Cryo-EM structure of EvSS,homomeric protein,SINGLE PARTICLE
9X0J,EMD-66435,2.57,2026-03-18T00:00:00.000+00:00,IL-33 and Etokimab fab and Tozorakimab fab ternary complex structure,heteromeric protein,SINGLE PARTICLE
9X0K,EMD-66436,2.19,2026-06-03T00:00:00.000+00:00,Cryo-EM Structure of Turbo sazae ferritin chain A,homomeric protein,SINGLE PARTICLE
9X0L,EMD-66437,2.17,2026-06-03T00:00:00.000+00:00,Cryo-EM Structure of Turbo sazae ferritin chain B,homomeric protein,SINGLE PARTICLE
9X0Q,EMD-66439,2.71,2026-08-26T00:00:00.000+00:00,Cryo-EM Structure of Alcohol Dehydrogenase Variant from Gluconobacter oxydans Truncating Membrane-Binding Regions (Form 1),heteromeric protein,SINGLE PARTICLE
9X0R,EMD-66440,2.69,2026-08-26T00:00:00.000+00:00,Cryo-EM Structure of Alcohol Dehydrogenase Variant from Gluconobacter oxydans Truncating Membrane-Binding Regions (Form 2),heteromeric protein,SINGLE PARTICLE
9X0W,EMD-66447,3.02,2026-06-10T00:00:00.000+00:00,Pseudomonas aeruginosa (PAO1) Outer membrane PilQ (Secretin) in C14 symmetry,heteromeric protein,SINGLE PARTICLE
9X0X,EMD-66448,2.45,2026-06-10T00:00:00.000+00:00,Pseudomonas aeruginosa (PAO1) Outer membrane PilQ (Secretin) with SlkB in C14 symmetry,heteromeric protein,SINGLE PARTICLE
9X0Y,EMD-66449,2.68,2026-06-10T00:00:00.000+00:00,Pseudomonas aeruginosa (PAO1) Outer membrane PilQ (Secretin) with SlkA in C14 symmetry,heteromeric protein,SINGLE PARTICLE
9X1L,EMD-66462,2.8,2026-02-04T00:00:00.000+00:00,The cryo-EM structure of HerA-NurA complex with AMPPNP from Thermococcus kodakarensis,heteromeric protein,SINGLE PARTICLE
9X1V,EMD-66467,2.72,2026-06-10T00:00:00.000+00:00,Cryo-EM structure of Borna disease virus RNA polymerase complex,heteromeric protein,SINGLE PARTICLE
9X20,EMD-66468,3.18,2026-05-06T00:00:00.000+00:00,Cryo-EM structure of the GLP-1-bound human GLP-1R-Gi complex,heteromeric protein,SINGLE PARTICLE
9X22,EMD-66470,2.92,2026-03-25T00:00:00.000+00:00,Cryo-EM structure of the GLP-1-bound human GLP-1R-Gq complex,heteromeric protein,SINGLE PARTICLE
9X28,EMD-66473,2.83,2026-06-10T00:00:00.000+00:00,Cryo-EM structure of Borna disease virus RNA polymerase L protein,homomeric protein,SINGLE PARTICLE
9X29,EMD-66474,3.16,2026-04-08T00:00:00.000+00:00,Cryo-EM structure of PsoA in cofactor bound state (PsoA-PKS-I),homomeric protein,SINGLE PARTICLE
9X2A,EMD-66475,3.36,2026-04-08T00:00:00.000+00:00,Cryo-EM structure of PsoA in cofactor bound state (PsoA-PKS-II),homomeric protein,SINGLE PARTICLE
9X2B,EMD-66476,3.39,2026-04-08T00:00:00.000+00:00,Cryo-EM structure of PsoA in apo state (PsoA-PKS-II),homomeric protein,SINGLE PARTICLE
9X2C,EMD-66477,2.99,2026-04-15T00:00:00.000+00:00,Cryo-EM structure of PsoA in apo state (PsoA-PKS-I),homomeric protein,SINGLE PARTICLE
9X2F,EMD-66478,2.97,2026-09-09T00:00:00.000+00:00,complex of anti-CRISPR Protein,heteromeric protein,SINGLE PARTICLE
9X2M,EMD-66479,3.44,2026-03-04T00:00:00.000+00:00,Gut transporter with sorbitol,heteromeric protein,SINGLE PARTICLE
9X2N,EMD-66480,3.2,2026-09-23T00:00:00.000+00:00,"JP Complex - E. coli MurJ, Levivirus PP7 lysis protein SglPP7",heteromeric protein,SINGLE PARTICLE
9X35,EMD-66494,2.81,2026-08-19T00:00:00.000+00:00,high affinity IgG1 Fc variant in complex with Fc gamma receptor IIIA 158F,protein/oligosaccharide,SINGLE PARTICLE
9X3J,EMD-66501,3.47,2026-06-03T00:00:00.000+00:00,Glycoprotein of Mengla Virus with MR191 Fab bound,protein/oligosaccharide,SINGLE PARTICLE
9X3K,EMD-66502,3.08,2026-06-03T00:00:00.000+00:00,apo state of Mengla Virus Glycoprotein,protein/oligosaccharide,SINGLE PARTICLE
9X3O,EMD-66504,3.5,2026-07-22T00:00:00.000+00:00,Phage T4 neck in post-tail-contraction state (genome-full particle),heteromeric protein,SINGLE PARTICLE
9X3P,EMD-66505,3.5,2026-07-22T00:00:00.000+00:00,Phage T4 sheath in post-tail-contraction state (genome-full particle),heteromeric protein,SINGLE PARTICLE
9X3Q,EMD-66506,3.7,2026-07-22T00:00:00.000+00:00,Phage T4 inner baseplate in post-tail-contraction state (genome-full particle),heteromeric protein,SINGLE PARTICLE
9X3R,EMD-66507,3.8,2026-07-22T00:00:00.000+00:00,Phage T4 peripheral baseplate in post-tail-contraction state (genome-full particle),heteromeric protein,SINGLE PARTICLE
9X3S,EMD-66508,3.7,2026-07-22T00:00:00.000+00:00,Phage T4 tip of the tail tube in post-tail-contraction state (genome-empty particle),heteromeric protein,SINGLE PARTICLE
9X3Y,EMD-66514,2.77,2026-04-15T00:00:00.000+00:00,NPFF bound Mas1 Receptor,heteromeric protein,SINGLE PARTICLE
9X3Z,EMD-66515,2.54,2026-04-15T00:00:00.000+00:00,NPFF bound Mas1 Receptor Complex,heteromeric protein,SINGLE PARTICLE
9X40,EMD-66516,3.07,2026-05-20T00:00:00.000+00:00,AR234958 bound Mas1 Receptor Complex,heteromeric protein,SINGLE PARTICLE
9X41,EMD-66517,3.31,2026-05-20T00:00:00.000+00:00,AR234958 bound Mas1 Receptor,homomeric protein,SINGLE PARTICLE
9X46,EMD-66531,3.25,2026-06-03T00:00:00.000+00:00,Cryo-EM structure of Streptococcus thermophilus FoeAB in complex with ADP,heteromeric protein,SINGLE PARTICLE
9X47,EMD-66532,3.2,2026-06-03T00:00:00.000+00:00,Cryo-EM structure of nucleotide-free Streptococcus thermophilus FoeAB 1,heteromeric protein,SINGLE PARTICLE
9X48,EMD-66533,3.26,2026-06-03T00:00:00.000+00:00,Cryo-EM structure of nucleotide-free Streptococcus thermophilus FoeAB 2,heteromeric protein,SINGLE PARTICLE
9X49,EMD-66534,3.34,2026-06-03T00:00:00.000+00:00,Cryo-EM structure of nucleotide-free Streptococcus thermophilus FoeAB 3,heteromeric protein,SINGLE PARTICLE
9X4A,EMD-66535,3.16,2026-06-03T00:00:00.000+00:00,Cryo-EM structure of Streptococcus thermophilus FoeAB E504Q mutant in complex with ATP,heteromeric protein,SINGLE PARTICLE
9X4B,EMD-66536,2.84,2026-06-03T00:00:00.000+00:00,Cryo-EM structure of Streptococcus thermophilus FoeAB in complex with ATP and ADP,heteromeric protein,SINGLE PARTICLE
9X4C,EMD-66537,3.08,2026-06-03T00:00:00.000+00:00,Cryo-EM structure of Streptococcus thermophilus FoeAB in complex with AMPPNP in peptidisc,heteromeric protein,SINGLE PARTICLE
9X4G,EMD-66544,3.1,2026-05-27T00:00:00.000+00:00,Structure Of the KEOPS dimer,heteromeric protein,SINGLE PARTICLE
9X57,EMD-66576,3.5,2026-03-25T00:00:00.000+00:00,The LBD-TMD structure of GluA4-1D8 complex,homomeric protein,SINGLE PARTICLE
9X58,EMD-66577,3.2,2026-03-25T00:00:00.000+00:00,The GluA4-ATD in Complex with the 1D8-Fab,heteromeric protein,SINGLE PARTICLE
9X5F,EMD-66586,3.11,2026-07-08T00:00:00.000+00:00,Cryo-EM structure of Medicago truncatula GA3-GID1b-DELLA1 ternary complex,heteromeric protein,SINGLE PARTICLE
9X5G,EMD-66587,3.24,2026-07-08T00:00:00.000+00:00,Cryo-EM structure of quinary complex GA3-MtGID1b-MtDELLA1-SLY1-ASK1,heteromeric protein,SINGLE PARTICLE
9X5J,EMD-66589,3.05,2026-06-03T00:00:00.000+00:00,Cryo-EM structure of the human KCNQ2/3 heteromer channel,heteromeric protein,SINGLE PARTICLE
9X5R,EMD-66595,2.7,2026-06-10T00:00:00.000+00:00,Cryo-EM structure of Borna disease virus RNA-directed RNA polymerase in complex with Suramin,heteromeric protein,SINGLE PARTICLE
9X5W,EMD-66599,2.76,2026-04-29T00:00:00.000+00:00,B/Brisbane/60/2008 HA in complex with BP-1A,protein/oligosaccharide,SINGLE PARTICLE
9X5X,EMD-66600,2.76,2026-04-29T00:00:00.000+00:00,B/Brisbane/60/2008 HA in complex with FV2DP1-1B,protein/oligosaccharide,SINGLE PARTICLE
9X5Y,EMD-66601,2.65,2026-04-29T00:00:00.000+00:00,B/Brisbane/60/2008 HA in complex with BO-6B,protein/oligosaccharide,SINGLE PARTICLE
9X5Z,EMD-66602,2.59,2026-04-29T00:00:00.000+00:00,B/Phuket/3073/2013-like HA in complex with BP-1A,protein/oligosaccharide,SINGLE PARTICLE
9X60,EMD-66603,3.09,2026-04-29T00:00:00.000+00:00,B/Hubei-Wujiagang/158/2009 HA in complex with FV2DP1-1B,protein/oligosaccharide,SINGLE PARTICLE
9X61,EMD-66604,2.99,2026-04-29T00:00:00.000+00:00,B/Hubei-Wujiagang/158/2009 HA in complex with BO-6B,protein/oligosaccharide,SINGLE PARTICLE
9X65,EMD-66607,3.19,2026-05-27T00:00:00.000+00:00,Cryo-EM structure of the human KCNQ2/3 heteromer channel in the XEN1101-bound open state,heteromeric protein,SINGLE PARTICLE
9X69,EMD-66304,3.0,2026-04-01T00:00:00.000+00:00,The structure of phycobilisome with a bicylindrical core from the cyanobacterium Synechococcus elongatus PCC 7942,heteromeric protein,SINGLE PARTICLE
9X6D,EMD-66300,2.92,2026-04-01T00:00:00.000+00:00,The cryo-EM structure of phycobilisome rod from Synechococcus elongatus PCC 7942,heteromeric protein,SINGLE PARTICLE
9X74,EMD-66632,3.15,2026-08-26T00:00:00.000+00:00,Human GPR30 -Gq complex,heteromeric protein,SINGLE PARTICLE
9X8X,EMD-66658,2.89,2026-01-07T00:00:00.000+00:00,Cryo-EM Structure of G6PT1 bound with lower pi,homomeric protein,SINGLE PARTICLE
9X95,EMD-66660,3.5,2026-01-07T00:00:00.000+00:00,Cryo-EM Structure of G6PT1 without GlcN6P,homomeric protein,SINGLE PARTICLE
9X97,EMD-66661,2.89,2026-01-07T00:00:00.000+00:00,Cryo-EM Structure of G6PT1 bound with upper pi,homomeric protein,SINGLE PARTICLE
9X9K,EMD-66669,3.75,2026-09-23T00:00:00.000+00:00,Structure of the human aminopeptidase N (CD13) ectodomain,homomeric protein,SINGLE PARTICLE
9X9T,EMD-66671,3.45,2026-09-02T00:00:00.000+00:00,Local refinement of SARS-CoV-2 KP.3.1.1 RBD with BD57-2704 and AB2-122 Fab,heteromeric protein,SINGLE PARTICLE
9XA3,EMD-66675,3.54,2026-07-22T00:00:00.000+00:00,Phage T4 protruding part of the tail tube in post-tail-contraction state (genome-full particle),homomeric protein,SINGLE PARTICLE
9XB1,EMD-66695,2.8,2026-02-04T00:00:00.000+00:00,Cryo-EM structure of human V1aR in apo state at a resolution of 2.8 angstrom,homomeric protein,SINGLE PARTICLE
9XB9,EMD-66696,3.1,2026-01-28T00:00:00.000+00:00,Human KCNQ2-CaM in complex with QO-58 and PIP2,heteromeric protein,SINGLE PARTICLE
9XBS,EMD-66710,3.16,2026-08-26T00:00:00.000+00:00,ATP-dependent diazotase Mco01_40450 binding with substrate,homomeric protein,SINGLE PARTICLE
9XBY,EMD-66714,3.9,2026-09-16T00:00:00.000+00:00,BAM-SurA complex (P1-visible),heteromeric protein,SINGLE PARTICLE
9XC6,EMD-66723,3.04,2026-07-08T00:00:00.000+00:00,Cryo-EM structure of BMS-986187-bound MOR-Gi1 complex,heteromeric protein,SINGLE PARTICLE
9XCA,EMD-66727,3.27,2026-03-18T00:00:00.000+00:00,CryoEM structure of the G6PT dimer,homomeric protein,SINGLE PARTICLE
9XCB,EMD-66728,3.08,2026-03-18T00:00:00.000+00:00,cryoEM structure of G6PT monomer,homomeric protein,SINGLE PARTICLE
9XCH,EMD-66732,2.93,2026-09-09T00:00:00.000+00:00,Cryo-EM structure of Ceg14 and AnkJ,heteromeric protein,SINGLE PARTICLE
9XCM,EMD-66735,2.52,2026-09-09T00:00:00.000+00:00,Cryo-EM structure of Ceg14-AnkJ-Actin complex,heteromeric protein,SINGLE PARTICLE
9XD0,EMD-66750,3.53,2026-03-11T00:00:00.000+00:00,Structure of a membrane-bound inositol phosphorylceramide synthase and Aureobasidin A complex,heteromeric protein,SINGLE PARTICLE
9XD4,EMD-66754,2.79,2026-05-06T00:00:00.000+00:00,Crimean-Congo hemorrhagic fever virus RNA polymerase,homomeric protein,SINGLE PARTICLE
9XDA,EMD-66760,3.9,2026-08-12T00:00:00.000+00:00,Structure of Plasmodium vivax Perforin-like protein2 pore in ring form,homomeric protein,SINGLE PARTICLE
9XDB,EMD-66761,3.9,2026-08-12T00:00:00.000+00:00,Structure of Plasmodium vivax Perforin-like protein2 pore in acr form,homomeric protein,SINGLE PARTICLE
9XDC,EMD-66762,3.69,2026-01-28T00:00:00.000+00:00,TamAB hybrid barrel state,heteromeric protein,SINGLE PARTICLE
9XDD,EMD-66763,3.82,2026-01-28T00:00:00.000+00:00,TamAB in non-hybrid barrel state,heteromeric protein,SINGLE PARTICLE
9XDE,EMD-66764,1.64,2026-09-09T00:00:00.000+00:00,Cryo-EM structure of Arthrobacter psychrolactophilus Trehalose synthase,homomeric protein,SINGLE PARTICLE
9XDQ,EMD-66771,2.79,2026-07-08T00:00:00.000+00:00,Cryo-EM structure of BMS986187 bound DOR-Gi complex,heteromeric protein,SINGLE PARTICLE
9XDR,EMD-66773,2.58,2026-07-08T00:00:00.000+00:00,Cryo-EM structure of asimadoline-BMS-986187-bound KOR-Gi1 complex,heteromeric protein,SINGLE PARTICLE
9XED,EMD-66788,3.4,2026-01-28T00:00:00.000+00:00,Human KCNQ2-CaM in complex with QO-83 and PIP2,heteromeric protein,SINGLE PARTICLE
9XF4,EMD-66801,3.05,2026-07-08T00:00:00.000+00:00,Cryo-EM structure of Leu-enkephalin-BMS-986187-bound DOR-Gi2 complex,heteromeric protein,SINGLE PARTICLE
9XFG,EMD-66821,3.7,2026-09-16T00:00:00.000+00:00,BAM-SurA complex (P2-visible 2),heteromeric protein,SINGLE PARTICLE
9XFH,EMD-66822,2.89,2026-09-09T00:00:00.000+00:00,Cryo-EM structure of Ceg14 and Actin complex,heteromeric protein,SINGLE PARTICLE
9XFI,EMD-66823,2.99,2026-09-16T00:00:00.000+00:00,Cryo-EM structure of the Bavachalcone bound FFAR4-Giq complex,heteromeric protein,SINGLE PARTICLE
9XFJ,EMD-66824,3.25,2026-09-16T00:00:00.000+00:00,Cryo-EM structure of the Bavachalcone bound GPR120-Giq complex (local refinement),heteromeric protein,SINGLE PARTICLE
9XFO,EMD-66834,3.04,2026-09-16T00:00:00.000+00:00,BAM-SurA complex (P2-visible 1),heteromeric protein,SINGLE PARTICLE
9XGB,EMD-66842,3.3,2026-07-15T00:00:00.000+00:00,UBA6-BIRC6 UBC-UbT,heteromeric protein,SINGLE PARTICLE
9XGC,EMD-66843,3.37,2026-07-15T00:00:00.000+00:00,UBA6-BIRC6 UBC-UbT,heteromeric protein,SINGLE PARTICLE
9XGV,EMD-66859,3.25,2026-06-24T00:00:00.000+00:00,Colanic acid polysaccharide related protein structures,heteromeric protein,SINGLE PARTICLE
9XGW,EMD-66860,3.2,2026-09-09T00:00:00.000+00:00,Cryo-EM structure of SARS-CoV-2 receptor binding domain in complex with CS-42 Fab (local refinement of RBD and Fv),heteromeric protein,SINGLE PARTICLE
9XGX,EMD-66861,2.8,2026-09-09T00:00:00.000+00:00,Cryo-EM structure of SARS-CoV-2 receptor binding domain in complex with SR-23 Fab (local refinement of RBD and Fv),heteromeric protein,SINGLE PARTICLE
9XH2,EMD-66864,2.6,2026-09-23T00:00:00.000+00:00,Structure of the CX3CL1.44-US28-GqiN18-scFv16 in the E-state,heteromeric protein,SINGLE PARTICLE
9XHH,EMD-66874,3.0,2026-04-22T00:00:00.000+00:00,Structure of the CCL19-CCR7-Gi-scFv16 complex,heteromeric protein,SINGLE PARTICLE
9XHI,EMD-66875,3.2,2026-04-22T00:00:00.000+00:00,Structure of the CCL21-CCR7-Gi-scFv16 complex,heteromeric protein,SINGLE PARTICLE
9XHY,EMD-66890,3.84,2026-08-12T00:00:00.000+00:00,SARS-CoV-2 Omicron BA.4/5 spike RBD in complex with C092 Fab and ACE2,heteromeric protein,SINGLE PARTICLE
9XI0,EMD-66892,3.98,2026-08-12T00:00:00.000+00:00,SARS-CoV-2 Omicron BA.4/5 spike trimer in complex with C092 Fab and ACE2 (3 RBD up),protein/oligosaccharide,SINGLE PARTICLE
9XI1,EMD-66893,2.58,2026-08-12T00:00:00.000+00:00,SARS-CoV-2 Omicron BA.4/5 spike RBD in complex with C092 Fab and ACE2,heteromeric protein,SINGLE PARTICLE
9XI2,EMD-66894,2.83,2026-08-12T00:00:00.000+00:00,SARS-CoV-2 Omicron BA.4/5 spike RBD in complex with C807 Fab and ACE2,heteromeric protein,SINGLE PARTICLE
9XI4,EMD-66896,2.83,2026-08-12T00:00:00.000+00:00,SARS-CoV-2 Omicron BA.4/5 spike RBD in complex with BD56-104 Fab and ACE2,heteromeric protein,SINGLE PARTICLE
9XI5,EMD-66897,3.06,2026-08-12T00:00:00.000+00:00,SARS-CoV-2 Omicron BA.4/5 spike trimer in complex with BD56-104 Fab and ACE2 (3 RBD up),protein/oligosaccharide,SINGLE PARTICLE
9XI6,EMD-66898,2.6,2026-08-12T00:00:00.000+00:00,SARS-CoV-2 Omicron BA.4/5 spike RBD in complex with BD56-597 Fab and ACE2,heteromeric protein,SINGLE PARTICLE
9XI7,EMD-66899,3.22,2026-08-12T00:00:00.000+00:00,SARS-CoV-2 Omicron BA.4/5 spike trimer in complex with BD56-597 Fab and ACE2 (3 RBD up),protein/oligosaccharide,SINGLE PARTICLE
9XI8,EMD-66900,3.45,2026-08-12T00:00:00.000+00:00,Sarbecovirus GX2013 Spike S1 in complex with C092 Fab,heteromeric protein,SINGLE PARTICLE
9XI9,EMD-66901,2.93,2026-08-12T00:00:00.000+00:00,"SARS-CoV-2 Omicron LP.8.1 spike trimer (S-6P) in complex with 3 ZL58 Fabs and 3 ZL525 Fabs, focused refinement of RBD and Fab region",protein/oligosaccharide,SINGLE PARTICLE
9XIP,EMD-66911,2.3,2026-07-01T00:00:00.000+00:00,Structure of dodecameric Apo TpkB from Thermus thermophilus,homomeric protein,SINGLE PARTICLE
9XIQ,EMD-66912,2.84,2026-07-01T00:00:00.000+00:00,Structure of hexameric TpkB bound to AMP-PNP from Thermus thermophilus,homomeric protein,SINGLE PARTICLE
9XIR,EMD-66913,3.2,2026-07-01T00:00:00.000+00:00,Structure of dodecameric TpkB bound to AMP-PNP from Thermus thermophilus,homomeric protein,SINGLE PARTICLE
9XIX,EMD-66922,2.58,2026-09-23T00:00:00.000+00:00,Structure of the CX3CL1.44-US28-GqiN18-scFv16 in the C-state,heteromeric protein,SINGLE PARTICLE
9XIY,EMD-66923,2.86,2026-09-23T00:00:00.000+00:00,Structure of the CX3CL1.44-US28-GqiN18-scFv16 in the T2C-state,heteromeric protein,SINGLE PARTICLE
9XJ1,EMD-66925,2.38,2026-08-12T00:00:00.000+00:00,In situ structure of the PSI-LHCI supercomplex from Oryza sativa,heteromeric protein,SINGLE PARTICLE
9XJ5,EMD-66928,2.81,2026-09-23T00:00:00.000+00:00,"Structure of the CX3CL1.44-US28-GqiN18-scFv16 in the C-state, full chemokine domain modeled",heteromeric protein,SINGLE PARTICLE
9XJ7,EMD-66930,2.89,2026-09-23T00:00:00.000+00:00,Structure of the CX3CL1.44-US28-GqiN18-scFv16 in the C'-state with AHD visible,heteromeric protein,SINGLE PARTICLE
9XJ9,EMD-66932,2.96,2026-08-12T00:00:00.000+00:00,In situ structure of the PSI-LHCI-LHCII supercomplex from Oryza sativa,heteromeric protein,SINGLE PARTICLE
9XJK,EMD-66938,3.46,2026-09-02T00:00:00.000+00:00,Structure of neutralizing antibody B9 with MPXV M1R,heteromeric protein,SINGLE PARTICLE
9XJL,EMD-66939,3.8,2026-03-25T00:00:00.000+00:00,The LBD-TMD structure of homomeric GluA4 AMPA receptor,homomeric protein,SINGLE PARTICLE
9XJM,EMD-66940,4.0,2026-03-25T00:00:00.000+00:00,The ATD structure of homomeric GluA4 AMPA receptor,homomeric protein,SINGLE PARTICLE
9XJP,EMD-66942,2.74,2026-09-23T00:00:00.000+00:00,"Structure of the CX3CL1.44-US28-GqiN18-scFv16 in the E-state, chemokine domain fully modeled",heteromeric protein,SINGLE PARTICLE
9XJW,EMD-66945,2.53,2026-05-27T00:00:00.000+00:00,Cryo-EM structure of GPR119 in complex with partial agonist AS1268574 and Gs protein,heteromeric protein,SINGLE PARTICLE
9XKA,EMD-66953,2.9,2026-06-03T00:00:00.000+00:00,Cryo-EM structure of Streptococcus thermophilus FoeAB in complex with AMPPNP,heteromeric protein,SINGLE PARTICLE
9XKL,EMD-66968,3.47,2026-09-02T00:00:00.000+00:00,The focused structure of the N-terminal lobe of the human UBR4,homomeric protein,SINGLE PARTICLE
9XKO,EMD-66973,2.35,2026-04-29T00:00:00.000+00:00,High-resolution cryo-EM structure of Maltose Binding Protein,protein/oligosaccharide,SINGLE PARTICLE
9XMM,EMD-67027,2.88,2026-04-15T00:00:00.000+00:00,Cryo-EM structure of Integrin alpha V beta 6 complex with a bicyclic inhibitory peptide,protein/oligosaccharide,SINGLE PARTICLE
9XNO,EMD-67054,2.93,2026-06-24T00:00:00.000+00:00,CydDC in nanodisc with AMP-PNP-bound,heteromeric protein,SINGLE PARTICLE
9XNP,EMD-67055,2.82,2026-06-24T00:00:00.000+00:00,CydDC in nanodisc with ATP,heteromeric protein,SINGLE PARTICLE
9XNX,EMD-67062,2.69,2026-08-05T00:00:00.000+00:00,Focus refinement of PEDV HNXX spike monomer with D0 up,protein/oligosaccharide,SINGLE PARTICLE
9XNY,EMD-67063,2.2,2026-08-05T00:00:00.000+00:00,Focus refinement of PEDV HNXX spike monomer with D0 down in complex with N19 Fab,protein/oligosaccharide,SINGLE PARTICLE
9XNZ,EMD-67064,2.8,2026-08-26T00:00:00.000+00:00,PEDV HNXX spike trimer with three D0 up,protein/oligosaccharide,SINGLE PARTICLE
9XO0,EMD-67065,2.13,2026-08-26T00:00:00.000+00:00,PEDV HNXX spike trimer with three D0 down in complex with three N19 Fabs,protein/oligosaccharide,SINGLE PARTICLE
9XO1,EMD-67066,2.42,2026-08-05T00:00:00.000+00:00,PEDV HNXX spike trimer with two D0 down in complex with two N19 Fabs,protein/oligosaccharide,SINGLE PARTICLE
9XO2,EMD-67067,2.71,2026-08-05T00:00:00.000+00:00,PEDV HNXX spike trimer with one D0 Down in complex with one N19 Fab,protein/oligosaccharide,SINGLE PARTICLE
9XO3,EMD-67068,3.8,2026-08-05T00:00:00.000+00:00,PEDV HNXX spike trimer with one D0 down,protein/oligosaccharide,SINGLE PARTICLE
9XO4,EMD-67069,3.69,2026-08-05T00:00:00.000+00:00,PEDV HNXX spike trimer with two D0 down,protein/oligosaccharide,SINGLE PARTICLE
9XO5,EMD-67070,3.75,2026-08-05T00:00:00.000+00:00,PEDV HNXX S trimer with three D0 down,protein/oligosaccharide,SINGLE PARTICLE
9XOU,EMD-67094,2.5,2026-02-11T00:00:00.000+00:00,CryoEM structure of LacY with Trimbody,heteromeric protein,SINGLE PARTICLE
9XPE,EMD-67095,3.37,2026-02-11T00:00:00.000+00:00,Structure of the Portal and Adaptor Proteins of the Phage Phikz,heteromeric protein,SINGLE PARTICLE
9XPF,EMD-67096,3.15,2026-02-11T00:00:00.000+00:00,The structure of sheath and tube proteins of phage Phikz,heteromeric protein,SINGLE PARTICLE
9XPS,EMD-67102,3.52,2026-02-11T00:00:00.000+00:00,The neck structure of the Phage Phikz,heteromeric protein,SINGLE PARTICLE
9XQB,EMD-67107,3.45,2026-01-07T00:00:00.000+00:00,Cryo-EM structure of the human A2A adenosine receptor in complex with a Fab antibody fragment,heteromeric protein,SINGLE PARTICLE
9XQC,EMD-67110,3.0,2026-02-04T00:00:00.000+00:00,A composite Cryo-EM structure of GPR75,heteromeric protein,SINGLE PARTICLE
9XQN,EMD-67119,3.91,2026-02-04T00:00:00.000+00:00,Cryo-EM structure of apo form of GPR75-bRIL-Fab complex,heteromeric protein,SINGLE PARTICLE
9XQS,EMD-67121,3.65,2026-02-11T00:00:00.000+00:00,Structure of the inner peripheral region in the phage phiKZ baseplate complex,heteromeric protein,SINGLE PARTICLE
9XRL,EMD-67147,3.74,2026-03-18T00:00:00.000+00:00,Structure of mouse cytoplasmic lattice (CPL) repeating unit,heteromeric protein,SINGLE PARTICLE
9XRO,EMD-67153,2.88,2026-03-18T00:00:00.000+00:00,LolCDE in complex with SMT-738_3,heteromeric protein,SINGLE PARTICLE
9XSG,EMD-67181,3.4,2026-09-09T00:00:00.000+00:00,CryoEM structure of hGZMA-hGSDMB,heteromeric protein,SINGLE PARTICLE
9XSM,EMD-67183,3.4,2026-06-24T00:00:00.000+00:00,CydDC in nanodisc with heme-bound I,heteromeric protein,SINGLE PARTICLE
9XTI,EMD-67233,3.73,2026-09-02T00:00:00.000+00:00,The focused structure of the C-terminal lobe of the human UBR4-KCMF1-Calmodulin complex,heteromeric protein,SINGLE PARTICLE
9XTJ,EMD-67234,3.89,2026-09-16T00:00:00.000+00:00,Overall structure of the human UBR4-KCMF1-Calmodulin complex,heteromeric protein,SINGLE PARTICLE
9XTU,EMD-67251,2.96,2026-07-22T00:00:00.000+00:00,PEDV S1B domain in complex with porcine antibodies C62 and N34,heteromeric protein,SINGLE PARTICLE
9XUK,EMD-67269,2.95,2026-04-08T00:00:00.000+00:00,ADP-Glucose Pyrophosphorylase,heteromeric protein,SINGLE PARTICLE
9XUL,EMD-67270,2.81,2026-04-08T00:00:00.000+00:00,Pi-bound ADP-Glucose Pyrophosphorylase,heteromeric protein,SINGLE PARTICLE
9XUM,EMD-67271,2.81,2026-04-08T00:00:00.000+00:00,3PGA-bound ADP-Glucose Pyrophosphorylase,heteromeric protein,SINGLE PARTICLE
9XUO,EMD-67273,3.41,2026-06-24T00:00:00.000+00:00,CydDC in nanodisc with heme-bound II,heteromeric protein,SINGLE PARTICLE
9XUR,EMD-67274,2.49,2026-04-08T00:00:00.000+00:00,ADPG-bound ADP-Glucose Pyrophosphorylase,heteromeric protein,SINGLE PARTICLE
9XUS,EMD-67276,2.81,2026-04-08T00:00:00.000+00:00,ATP-bound ADP-Glucose Pyrophosphorylase,heteromeric protein,SINGLE PARTICLE
9XVE,EMD-67287,2.36,2026-04-08T00:00:00.000+00:00,Arabidopsis ISA1-ISA1 homodimer,homomeric protein,SINGLE PARTICLE
9XVG,EMD-67288,2.49,2026-04-08T00:00:00.000+00:00,Maltoheptaose-incubated Arabidopsis ISA1-ISA1 homodimer,homomeric protein,SINGLE PARTICLE
9XVI,EMD-67289,3.65,2026-04-08T00:00:00.000+00:00,Arabidopsis ISA2-ISA1-ISA1-ISA2 heterotetramer,heteromeric protein,SINGLE PARTICLE
9XVP,EMD-67296,3.38,2026-04-08T00:00:00.000+00:00,Arabidopsis ISA2-ISA1-ISA1 heterotrimer,heteromeric protein,SINGLE PARTICLE
9XVR,EMD-67300,3.34,2026-08-12T00:00:00.000+00:00,Cryo-EM structure of the RU15-1 spike trimer,protein/oligosaccharide,SINGLE PARTICLE
9XVV,EMD-67303,2.49,2026-04-08T00:00:00.000+00:00,Maltoheptaose-bound Arabidopsis ISA2-ISA1-ISA1 heterotrimer,protein/oligosaccharide,SINGLE PARTICLE
9XW5,EMD-67325,3.31,2026-09-23T00:00:00.000+00:00,Cryo-EM structure of PI3Kalpha H1047R mutation in complex with STX-478,heteromeric protein,SINGLE PARTICLE
9XW7,EMD-67327,3.01,2026-09-23T00:00:00.000+00:00,Cryo-EM structure of PI3Kalpha E545K mutation in complex with STX-478,homomeric protein,SINGLE PARTICLE
9XW8,EMD-67328,2.86,2026-09-23T00:00:00.000+00:00,Cryo-EM structure of PI3Kalpha E542K mutation in complex with STX-478,homomeric protein,SINGLE PARTICLE
9XWA,EMD-67330,3.41,2026-08-12T00:00:00.000+00:00,E.amu APN in complex with RU15-1 RBD,protein/oligosaccharide,SINGLE PARTICLE
9XWG,EMD-67335,3.38,2026-07-08T00:00:00.000+00:00,Cryo-EM structure of MexK from Pseudomonas aeruginosa,homomeric protein,SINGLE PARTICLE
9XWM,EMD-67337,3.79,2026-08-12T00:00:00.000+00:00,MO1 RBD in complex with Fab BD23-0027 and Fab BD23-0087,heteromeric protein,SINGLE PARTICLE
9XWN,EMD-67338,3.84,2026-08-12T00:00:00.000+00:00,RU15-1 RBD in complex with Fab BD23-0177 and Fab BD23-0152,protein/oligosaccharide,SINGLE PARTICLE
9XXT,EMD-67374,2.0,2026-04-15T00:00:00.000+00:00,Cryo-EM structure of lysophosphatidylserine (18:0)-bound GPR174-Gs complex,heteromeric protein,SINGLE PARTICLE
9XY4,EMD-72322,3.12,2026-04-01T00:00:00.000+00:00,Zymogen ADAM17- iRhom1 Cytoplasmic Deletion (370) Complex Bound by the MEDI3622 Fab,protein/oligosaccharide,SINGLE PARTICLE
9XYE,EMD-72330,3.18,2026-03-04T00:00:00.000+00:00,Two CAP-1 Bound to the Pointed End of F-actin,heteromeric protein,SINGLE PARTICLE
9XZG,EMD-72353,2.7,2026-08-05T00:00:00.000+00:00,Cryo-EM structure of ALK in complex with CRBN/DDB1 and TRI-611,heteromeric protein,SINGLE PARTICLE
9XZK,EMD-72359,3.91,2026-01-28T00:00:00.000+00:00,Cryo-EM structure of F-box helicase 1 (FBH1) bound to an SCF ubiquitin ligase complex and a 3-way DNA fork (head structure),heteromeric protein,SINGLE PARTICLE
9XZN,EMD-72367,3.63,2026-04-29T00:00:00.000+00:00,Teichoic acid flippase TacF from Streptococcus pneumoniae,homomeric protein,SINGLE PARTICLE
9XZX,EMD-72377,3.1,2026-05-06T00:00:00.000+00:00,Staphylococcal Enterotoxin C in complex with NB C107 and NB C112,heteromeric protein,SINGLE PARTICLE
9XZY,EMD-72378,3.8,2026-02-11T00:00:00.000+00:00,DEPDC5 dimer (tandem DEPDC5) focused map,homomeric protein,SINGLE PARTICLE
9Y03,EMD-72383,2.53,2026-04-29T00:00:00.000+00:00,Cryo-EM structure of human VCP/p97-R89W mutant bound to ADP,homomeric protein,SINGLE PARTICLE
9Y04,EMD-72384,2.55,2026-04-29T00:00:00.000+00:00,Cryo-EM structure of human VCP/p97-R89W mutant bound to ATPgammaS,homomeric protein,SINGLE PARTICLE
9Y05,EMD-72385,2.58,2026-04-29T00:00:00.000+00:00,Cryo-EM structure of human VCP/p97-R89W mutant bound to CB-5083,homomeric protein,SINGLE PARTICLE
9Y06,EMD-72386,2.74,2026-04-29T00:00:00.000+00:00,Cryo-EM structure of human VCP/p97-T122P mutant bound to ADP,homomeric protein,SINGLE PARTICLE
9Y07,EMD-72387,2.41,2026-04-29T00:00:00.000+00:00,Cryo-EM structure of human VCP/p97-T122P mutant bound to ATPgammaS,homomeric protein,SINGLE PARTICLE
9Y08,EMD-72388,2.78,2026-04-29T00:00:00.000+00:00,Cryo-EM structure of human VCP/p97-G128D mutant bound to ADP,homomeric protein,SINGLE PARTICLE
9Y09,EMD-72389,2.4,2026-04-29T00:00:00.000+00:00,Cryo-EM structure of human VCP/p97-G128D mutant bound to ATPgS,homomeric protein,SINGLE PARTICLE
9Y0B,EMD-72390,2.61,2026-04-29T00:00:00.000+00:00,Cryo-EM structure of human VCP/p97-G156D mutant bound to ADP,homomeric protein,SINGLE PARTICLE
9Y0C,EMD-72391,2.61,2026-04-29T00:00:00.000+00:00,Cryo-EM structure of human VCP/p97-G156D mutant bound to ATPgammaS,homomeric protein,SINGLE PARTICLE
9Y1Q,EMD-72403,3.86,2026-09-09T00:00:00.000+00:00,"Alternative NBD1-binding geometry in channel-formed, ATP-bound, VX809-bound, T2a-nanobody-bound wild-type human CFTR (Composite map from PHENIX)",heteromeric protein,SINGLE PARTICLE
9Y1V,EMD-72404,3.4,2026-09-09T00:00:00.000+00:00,"Cryo-EM structure of designed Orb2 amyloid (FIMMF, polymorph 2)",homomeric protein,SINGLE PARTICLE
9Y2A,EMD-72405,3.3,2026-02-04T00:00:00.000+00:00,Cryo-EM structure of the human TRPM4 channel in complex with calcium and DAB at 37 degrees Celsius,homomeric protein,SINGLE PARTICLE
9Y2B,EMD-72406,3.2,2026-02-04T00:00:00.000+00:00,Cryo-EM structure of the human TRPM4 channel in complex with EGTA and DAB at 37 degrees Celsius,homomeric protein,SINGLE PARTICLE
9Y2C,EMD-72407,3.4,2026-02-04T00:00:00.000+00:00,Cryo-EM structure of the human TRPM4 channel subunit in complex with calcium and DAB at 37 degrees Celsius,homomeric protein,SINGLE PARTICLE
9Y3P,EMD-72462,2.9,2026-06-24T00:00:00.000+00:00,Eukaryotic translation initiation factor 2-B in its apo form (active-state),heteromeric protein,SINGLE PARTICLE
9Y3Q,EMD-72463,3.3,2026-06-24T00:00:00.000+00:00,Eukaryotic translation initiation factor 2-B in its apo form (inactive-state),heteromeric protein,SINGLE PARTICLE
9Y3T,EMD-72466,2.5,2026-06-24T00:00:00.000+00:00,Eukaryotic translation initiation factor 2-B (eIF2B) with a truncation in the beta subunit (active-like-state),heteromeric protein,SINGLE PARTICLE
9Y3U,EMD-72467,2.4,2026-06-24T00:00:00.000+00:00,Eukaryotic translation initiation factor 2-B (eIF2B) with a truncation in the beta subunit (inactive state),heteromeric protein,SINGLE PARTICLE
9Y3V,EMD-72468,2.9,2026-06-24T00:00:00.000+00:00,Eukaryotic translation initiation factor 2-B (eIF2B) bound to the viral effector AcP10,heteromeric protein,SINGLE PARTICLE
9Y4A,EMD-72476,3.1,2026-04-01T00:00:00.000+00:00,His-tagged Glutamine Synthetase on a Ni-NTA lipid monolayer grid,homomeric protein,SINGLE PARTICLE
9Y4B,EMD-72477,2.1,2026-06-24T00:00:00.000+00:00,Eukaryotic translation initiation factor 2-B (eIF2B) with a truncation in the beta subunit (active-like-state) bound to the viral effector AcP10,heteromeric protein,SINGLE PARTICLE
9Y4T,EMD-72497,3.14,2026-09-16T00:00:00.000+00:00,"V-shaped (channel-formed), ATP-bound, VX809-bound conformation of wild-type human CFTR (composite map from PHENIX based on consensus and local refinement maps from cryoSPARC)",homomeric protein,SINGLE PARTICLE
9Y4W,EMD-72499,2.4,2026-06-24T00:00:00.000+00:00,Eukaryotic translation initiation factor 2-B (eIF2B) with a truncation in the beta subunit (active-like-state) asymmetrically bound to the viral effector AcP10,heteromeric protein,SINGLE PARTICLE
9Y52,EMD-72506,3.46,2026-03-04T00:00:00.000+00:00,One CAP-1 Bound to the Pointed End of Cofilin F-actin,heteromeric protein,SINGLE PARTICLE
9Y5I,EMD-72509,3.22,2026-09-09T00:00:00.000+00:00,"Cryo-EM structure of apo full-length mouse TRPML2 channel in lipid nanodisc, closed II",homomeric protein,SINGLE PARTICLE
9Y5J,EMD-72510,3.09,2026-09-09T00:00:00.000+00:00,"Cryo-EM structure of apo full-length mouse TRPML2 channel in lipid nanodisc, closed III",homomeric protein,SINGLE PARTICLE
9Y5L,EMD-72512,2.91,2026-09-09T00:00:00.000+00:00,The spike protein of HCoV-OC43 obtained from data collected on 300 kV Krios with Gatan K3 detector,homomeric protein,SINGLE PARTICLE
9Y5M,EMD-72513,2.92,2026-08-12T00:00:00.000+00:00,LONP1 C3-state,homomeric protein,SINGLE PARTICLE
9Y5N,EMD-72514,3.35,2026-08-12T00:00:00.000+00:00,LONP1 C2-state,homomeric protein,SINGLE PARTICLE
9Y5O,EMD-72515,3.47,2026-08-12T00:00:00.000+00:00,LONP1 C2-state,homomeric protein,SINGLE PARTICLE
9Y5R,EMD-72520,3.01,2026-07-08T00:00:00.000+00:00,Eukaryotic translation initiation factor 2-B (eIF2B) bound to phosphorylated eIF2alpha (NTD),heteromeric protein,SINGLE PARTICLE
9Y5S,EMD-72521,3.1,2026-07-08T00:00:00.000+00:00,eIF2B lacking the latch helix bound to ISRACT-01 (Inactive state),heteromeric protein,SINGLE PARTICLE
9Y5T,EMD-72522,2.78,2026-07-08T00:00:00.000+00:00,eIF2B lacking the latch helix bound to ISRACT-02 (Active state),heteromeric protein,SINGLE PARTICLE
9Y5U,EMD-72523,2.9,2026-07-08T00:00:00.000+00:00,eIF2B lacking the latch helix bound to ISRACT-02 (Inactive state),heteromeric protein,SINGLE PARTICLE
9Y61,EMD-72526,3.1,2026-07-15T00:00:00.000+00:00,"Cryo-EM structure of ternary complex NSD2-PWWP1:CRBN:DDB1 in complex with NSD2-LDD, an LDD degrader",heteromeric protein,SINGLE PARTICLE
9Y63,EMD-72539,2.3,2026-07-22T00:00:00.000+00:00,Extracellular domain of human FAM171A1,homomeric protein,SINGLE PARTICLE
9Y67,EMD-72555,3.72,2026-08-12T00:00:00.000+00:00,Full length LRRK2 after symmetry expansion,homomeric protein,SINGLE PARTICLE
9Y68,EMD-72556,3.25,2026-08-12T00:00:00.000+00:00,Full length LRRK2 (G2019S) after symmetry expansion,homomeric protein,SINGLE PARTICLE
9Y6F,EMD-72560,3.9,2026-09-16T00:00:00.000+00:00,Tubulin dimer bound to ST-403,heteromeric protein,SINGLE PARTICLE
9Y6G,EMD-72561,3.83,2026-09-23T00:00:00.000+00:00,The spike protein of HCoV-OC43 obtained from data collected on 100 kV Tundra at 230 kX magnification with Falcon C detector,homomeric protein,SINGLE PARTICLE
9Y6N,EMD-72623,2.68,2026-07-22T00:00:00.000+00:00,Extracellular domain of human FAM171A2,homomeric protein,SINGLE PARTICLE
9Y6P,EMD-72626,3.88,2026-09-16T00:00:00.000+00:00,"Cryo-EM structure of PI(3,5)P2-bound full-length mouse TRPML2 channel in lipid nanodisc II",homomeric protein,SINGLE PARTICLE
9Y6T,EMD-72630,2.65,2026-02-25T00:00:00.000+00:00,Structure of Mycobacterium tuberculosis pyruvate dehydrogenase complex E2p core subunit DlaT in a hexamer state,homomeric protein,SINGLE PARTICLE
9Y70,EMD-72637,3.16,2026-09-16T00:00:00.000+00:00,"Cryo-EM structure of ML-SA1-bound full-length mouse TRPML2 channel in lipid nanodisc, closed I",homomeric protein,SINGLE PARTICLE
9Y71,EMD-72638,3.4,2026-09-16T00:00:00.000+00:00,"Cryo-EM structure of ML-SA1-bound full-length mouse TRPML2 channel in lipid nanodisc, closed II",homomeric protein,SINGLE PARTICLE
9Y72,EMD-72639,2.51,2026-02-25T00:00:00.000+00:00,Structure of Mycobacterium tuberculosis pyruvate dehydrogenase complex E2p core subunit DlaT in a two-hexamer state,homomeric protein,SINGLE PARTICLE
9Y73,EMD-72642,3.28,2026-09-16T00:00:00.000+00:00,"Cryo-EM structure of ML-SA1-bound full-length mouse TRPML2 channel in lipid nanodisc, closed III",homomeric protein,SINGLE PARTICLE
9Y75,EMD-72643,3.47,2026-09-16T00:00:00.000+00:00,"Cryo-EM structure of ML-SA1-bound full-length mouse TRPML2 channel in lipid nanodisc, closed IV",homomeric protein,SINGLE PARTICLE
9Y7C,EMD-72651,3.4,2026-09-23T00:00:00.000+00:00,HB3VAR03 CIDRa1.4 in complex with B57 and C50 fabs,heteromeric protein,SINGLE PARTICLE
9Y7I,EMD-72656,3.73,2026-08-19T00:00:00.000+00:00,Leucine Rich Repeat Kinase 2 bound to GMP-PNP (active),homomeric protein,SINGLE PARTICLE
9Y7J,EMD-72657,2.83,2026-02-25T00:00:00.000+00:00,"HIV-1 CA hexamer from purified viral cores bound to lenacapavir, C6 symmetry",homomeric protein,SINGLE PARTICLE
9Y7L,EMD-72658,2.7,2026-05-27T00:00:00.000+00:00,HCMV Protease in complex with Fab5 - Class 1,heteromeric protein,SINGLE PARTICLE
9Y7M,EMD-72659,2.57,2026-05-27T00:00:00.000+00:00,HCMV Protease in complex with Fab5 - Class 2,heteromeric protein,SINGLE PARTICLE
9Y7N,EMD-72660,2.69,2026-05-27T00:00:00.000+00:00,HCMV Protease in complex with Fab5 - Class 3,heteromeric protein,SINGLE PARTICLE
9Y7O,EMD-72662,3.01,2026-09-16T00:00:00.000+00:00,"Cryo-EM structure of PI(3,5)P2 and ML-SA1 bound full-length mouse TRPML2 channel in lipid nanodisc, closed I",homomeric protein,SINGLE PARTICLE
9Y7P,EMD-72665,2.5,2026-03-18T00:00:00.000+00:00,Homomeric Glycine Receptor alpha2 with 1 mM Glycine in a Desensitized State,homomeric protein,SINGLE PARTICLE
9Y7W,EMD-72668,3.19,2026-03-18T00:00:00.000+00:00,Homomeric Glycine Receptor alpha2 with 1 mM Glycine in an Open State,homomeric protein,SINGLE PARTICLE
9Y7X,EMD-72674,3.55,2026-03-18T00:00:00.000+00:00,Homomeric Glycine Receptor alpha2 with 0.1 mM Glycine in an Open State,homomeric protein,SINGLE PARTICLE
9Y7Z,EMD-72675,2.78,2026-03-18T00:00:00.000+00:00,Homomeric Glycine Receptor alpha2 with 0.1 mM Glycine in a Desensitized State,homomeric protein,SINGLE PARTICLE
9Y80,EMD-72676,3.55,2026-03-18T00:00:00.000+00:00,Homomeric Glycine Receptor alpha2 with PTX in a Desensitized State,homomeric protein,SINGLE PARTICLE
9Y8Z,EMD-72683,2.5,2026-03-18T00:00:00.000+00:00,Homomeric Glycine Receptor alpha2 with 0.1 mM Glycine in an Apo State,homomeric protein,SINGLE PARTICLE
9Y90,EMD-72686,3.43,2026-08-05T00:00:00.000+00:00,Cryo-EM structure of Broadly neutralizing antibody VRC48.02 in complex with HIV-1 Env BG505 DS-SOSIP trimer,protein/oligosaccharide,SINGLE PARTICLE
9Y93,EMD-72687,2.42,2026-01-21T00:00:00.000+00:00,Tetrameric InvE from Salmonella Typhimurium,homomeric protein,SINGLE PARTICLE
9Y94,EMD-72688,3.6,2026-03-18T00:00:00.000+00:00,Homomeric Glycine Receptor alpha2 with PTX in an Open State,homomeric protein,SINGLE PARTICLE
9Y95,EMD-72689,3.45,2026-03-18T00:00:00.000+00:00,Homomeric Glycine Receptor alpha2 with PTX in an Apo State,homomeric protein,SINGLE PARTICLE
9Y96,EMD-72690,3.36,2026-03-18T00:00:00.000+00:00,Homomeric Glycine Receptor alpha2 with 1 mM Glycine in a Closed State,homomeric protein,SINGLE PARTICLE
9Y9D,EMD-72694,3.48,2026-07-29T00:00:00.000+00:00,Cryo-EM structure of wild-type human CNNM4 tetramer with Magnesium and MgATP in outward-facing state,protein/oligosaccharide,SINGLE PARTICLE
9Y9F,EMD-72696,3.69,2026-07-29T00:00:00.000+00:00,Cryo-EM structure of human CNNM4(D262C) tetramer with Magnesium and MgATP in occluded state,homomeric protein,SINGLE PARTICLE
9Y9G,EMD-72697,3.89,2026-07-29T00:00:00.000+00:00,Cryo-EM structure of human CNNM4(K113A/R140A/R141A) tetramer with Magnesium and MgATP in outward-facing state,homomeric protein,SINGLE PARTICLE
9Y9J,EMD-72703,3.58,2026-03-04T00:00:00.000+00:00,Two CAP-1 Bound to the Pointed End of Cofilin F-actin,heteromeric protein,SINGLE PARTICLE
9Y9L,EMD-72707,3.06,2026-03-04T00:00:00.000+00:00,CP at the barbed end with one cofilin on second-to-last subunit,heteromeric protein,SINGLE PARTICLE
9Y9M,EMD-72711,3.06,2026-03-04T00:00:00.000+00:00,Capping protein bound to the barbed end of cofilactin,heteromeric protein,SINGLE PARTICLE
9Y9V,EMD-72713,2.98,2026-05-27T00:00:00.000+00:00,THE CRYOEM STRUCTURE OF RHESUS MACAQUE 1A8 AND PGT121 FABS IN COMPLEX WITH BG505 SOSIP.664.,protein/oligosaccharide,SINGLE PARTICLE
9Y9X,EMD-72714,3.35,2026-09-23T00:00:00.000+00:00,"Cryo-EM structure of designed Orb2 amyloid (FIMMF, polymorph 3)",homomeric protein,SINGLE PARTICLE
9YA9,EMD-72725,3.09,2026-02-18T00:00:00.000+00:00,"Cryo-EM structure of ternary complex BCL6-CRBN-DDB1 with BMS-986458 (local refined), a potent and selective BCL6 ligand directed degrader (LDD)",heteromeric protein,SINGLE PARTICLE
9YAZ,EMD-72743,3.8,2026-05-27T00:00:00.000+00:00,Localized reconstruction of the asymmetric unit of SINV/EEEV in complex with Fab EEEV-179 at 40C sample.,protein/oligosaccharide,SINGLE PARTICLE
9YB3,EMD-72747,3.6,2026-05-27T00:00:00.000+00:00,Localized reconstruction of the asymmetric unit of SINV/EEEV.,protein/oligosaccharide,SINGLE PARTICLE
9YB4,EMD-72748,3.1,2026-05-27T00:00:00.000+00:00,Localized reconstruction of the asymmetric unit of the low pH treated back neutralized SINV/EEEV.,protein/oligosaccharide,SINGLE PARTICLE
9YBL,EMD-72751,3.44,2026-08-19T00:00:00.000+00:00,LRRK2 asymmetric dimer,homomeric protein,SINGLE PARTICLE
9YBM,EMD-72752,2.62,2026-03-04T00:00:00.000+00:00,2.62A cryo-EM structure of RNA-directed RNA polymerase L of Crimean-Congo hemorrhagic fever virus (Apo state),homomeric protein,SINGLE PARTICLE
9YBP,EMD-72756,4.0,2026-08-19T00:00:00.000+00:00,Leucine Rich Repeat Kinase 2 activate state (Apo ROC state 2),homomeric protein,SINGLE PARTICLE
9YBY,EMD-72759,2.9,2026-09-02T00:00:00.000+00:00,Structure of Measles virus fusion protein in pre-fusion in complex with neutralizing Fabs MeV-15 and MeV-104,protein/oligosaccharide,SINGLE PARTICLE
9YC5,EMD-72760,2.94,2026-02-04T00:00:00.000+00:00,Human uPAR bound to the Fab fragment of targeted cancer therapeutic antibody FL1,protein/oligosaccharide,SINGLE PARTICLE
9YCD,EMD-72768,3.63,2026-08-19T00:00:00.000+00:00,Leucine Rich Repeat Kinase 2 R1441C mutant (active),homomeric protein,SINGLE PARTICLE
9YCH,EMD-72772,3.7,2026-07-01T00:00:00.000+00:00,"Structure of the Adenovirus-7 VLP, Class 4",heteromeric protein,SINGLE PARTICLE
9YCI,EMD-72773,3.9,2026-07-01T00:00:00.000+00:00,"Structure of the Adenovirus-7 VLP, Class 3",heteromeric protein,SINGLE PARTICLE
9YCJ,EMD-72774,3.7,2026-07-01T00:00:00.000+00:00,"Structure of the Adenovirus-7 VLP, Class 2",heteromeric protein,SINGLE PARTICLE
9YCX,EMD-72790,2.1,2026-09-23T00:00:00.000+00:00,Neurotensin Receptor 1 (NTSR1) bound to Octotensin in complex with Gi3 in the Non-Canonical Orientation,heteromeric protein,SINGLE PARTICLE
9YCY,EMD-72791,2.2,2026-09-23T00:00:00.000+00:00,Neurotensin Receptor 1 (NTSR1) bound to Octotensin in complex with Gi3 in the Canonical Orientation,heteromeric protein,SINGLE PARTICLE
9YD0,EMD-72793,3.8,2026-07-01T00:00:00.000+00:00,"Structure of the Adenovirus-7 VLP, Class 1",heteromeric protein,SINGLE PARTICLE
9YDO,EMD-72815,2.69,2026-06-10T00:00:00.000+00:00,"LPHT-ring in Vibrio cholerae at assembled, opened state",heteromeric protein,SINGLE PARTICLE
9YDS,EMD-72833,3.45,2026-06-10T00:00:00.000+00:00,"H-ring subunit FlgO and FlgP in Vibrio cholerae at assembled, opened state",heteromeric protein,SINGLE PARTICLE
9YDT,EMD-72834,2.75,2026-06-10T00:00:00.000+00:00,"LPHT-ring in Vibrio cholerae at disassembled, closed state",heteromeric protein,SINGLE PARTICLE
9YDW,EMD-72839,3.34,2026-08-05T00:00:00.000+00:00,Cryo-EM structure of single-bound FDG antibody VRC49.01 in complex with HIV-1 Env BG505 DS-SOSIP trimer,protein/oligosaccharide,SINGLE PARTICLE
9YDX,EMD-72840,3.75,2026-06-10T00:00:00.000+00:00,RBM3 domain of FliF protein in MS-ring of flagellar motor in Vibrio cholerae,homomeric protein,SINGLE PARTICLE
9YE6,EMD-72844,2.47,2026-08-05T00:00:00.000+00:00,Human muscle nAChR FCCMS eP121L ACh-bound,protein/oligosaccharide,SINGLE PARTICLE
9YE7,EMD-72845,2.44,2026-08-05T00:00:00.000+00:00,"Human muscle nAChR FCCMS eP121L ACh, XG-590 bound",protein/oligosaccharide,SINGLE PARTICLE
9YE8,EMD-72846,2.22,2026-08-05T00:00:00.000+00:00,Human muscle nAChR SCCMS eL269F ACh bound,protein/oligosaccharide,SINGLE PARTICLE
9YEC,EMD-72847,3.57,2026-06-10T00:00:00.000+00:00,"LPHT-ring in Vibrio cholerae at disassembled, closed state",heteromeric protein,SINGLE PARTICLE
9YEE,EMD-72849,3.44,2026-06-10T00:00:00.000+00:00,"Rod-hook protein in Vibrio cholerae at assembled, opened state",heteromeric protein,SINGLE PARTICLE
9YEH,EMD-72850,2.46,2026-08-05T00:00:00.000+00:00,"Human muscle nAChR SCCMS eL269F ACh, Reboxetine bound (upper)",protein/oligosaccharide,SINGLE PARTICLE
9YEI,EMD-72851,2.36,2026-08-05T00:00:00.000+00:00,"Human muscle nAChR SCCMS eL269F ACh, Reboxetine bound (lower 1)",protein/oligosaccharide,SINGLE PARTICLE
9YEK,EMD-72853,2.68,2026-08-05T00:00:00.000+00:00,"Human muscle nAChR SCCMS eL269F ACh, Reboxetine bound (lower 2)",protein/oligosaccharide,SINGLE PARTICLE
9YEL,EMD-72854,2.48,2026-08-05T00:00:00.000+00:00,"Human muscle nAChR SCCMS eL269F ACh, Fluoxetine bound",protein/oligosaccharide,SINGLE PARTICLE
9YEM,EMD-72855,3.81,2026-08-05T00:00:00.000+00:00,Cryo-EM structure of triple-bound FDG antibody VRC49.01 in complex with HIV-1 Env BG505 DS-SOSIP trimer,protein/oligosaccharide,SINGLE PARTICLE
9YEO,EMD-72857,3.64,2026-08-05T00:00:00.000+00:00,Cryo-EM structure of double-bound FDG antibody VRC49.01 in complex with HIV-1 Env BG505 DS-SOSIP trimer,protein/oligosaccharide,SINGLE PARTICLE
9YER,EMD-72860,2.19,2026-08-05T00:00:00.000+00:00,Human muscle nAChR SCCMS eT264P ACh bound,protein/oligosaccharide,SINGLE PARTICLE
9YET,EMD-72862,2.36,2026-08-05T00:00:00.000+00:00,"Human muscle nAChR SCCMS eT264P ACh, Reboxetine bound",protein/oligosaccharide,SINGLE PARTICLE
9YEU,EMD-72863,2.39,2026-08-05T00:00:00.000+00:00,Human muscle nAChR SCCMS bV266M ACh bound,protein/oligosaccharide,SINGLE PARTICLE
9YEX,EMD-72866,2.47,2026-08-05T00:00:00.000+00:00,"Human muscle nAChR SCCMS bV266M ACh, Quinidine bound",protein/oligosaccharide,SINGLE PARTICLE
9YF0,EMD-72868,2.79,2026-08-05T00:00:00.000+00:00,"Human muscle nAChR SCCMS aV249F ACh, Fluoxetine bound",protein/oligosaccharide,SINGLE PARTICLE
9YF4,EMD-72876,3.28,2026-06-10T00:00:00.000+00:00,N4 Full Virion C6 Tail,heteromeric protein,SINGLE PARTICLE
9YF9,EMD-72881,3.24,2026-06-10T00:00:00.000+00:00,N4 Empty Particle Portal,homomeric protein,SINGLE PARTICLE
9YFD,EMD-72883,2.6,2026-06-03T00:00:00.000+00:00,Defense-associated reverse transcriptase 1 (DRT1) filament,homomeric protein,SINGLE PARTICLE
9YFG,EMD-72891,3.55,2026-06-10T00:00:00.000+00:00,"Flagellar outer membrane complex in Vibrio cholerae at disassembled, closed state",heteromeric protein,SINGLE PARTICLE
9YFT,EMD-72905,3.61,2026-06-10T00:00:00.000+00:00,N4 Bacteriophage Asymmetric Tail Gating Complex,heteromeric protein,SINGLE PARTICLE
9YFU,EMD-72906,3.08,2026-03-25T00:00:00.000+00:00,Structure of GPR61 bound to inverse agonist compound 15,heteromeric protein,SINGLE PARTICLE
9YFW,EMD-72909,3.21,2026-06-10T00:00:00.000+00:00,VPS13A central bridge domain,homomeric protein,SINGLE PARTICLE
9YG4,EMD-72912,3.38,2026-06-10T00:00:00.000+00:00,VPS13A/Nt-CaM,heteromeric protein,SINGLE PARTICLE
9YG5,EMD-72913,3.41,2026-06-10T00:00:00.000+00:00,VPS13A/Ct-XKR1,heteromeric protein,SINGLE PARTICLE
9YGF,EMD-72922,3.46,2026-07-29T00:00:00.000+00:00,Cryo-EM structure of L9-11 in complex with Plasmodium falciparum circumsporozoite protein (PfCSP),heteromeric protein,SINGLE PARTICLE
9YGH,EMD-72924,3.83,2026-08-05T00:00:00.000+00:00,Cryo-EM structure of L9-F4 in complex with Plasmodium falciparum circumsporozoite protein (PfCSP),heteromeric protein,SINGLE PARTICLE
9YGI,EMD-72925,3.98,2026-07-29T00:00:00.000+00:00,Cryo-EM structure of L9-21 in complex with Plasmodium falciparum circumsporozoite protein (PfCSP),heteromeric protein,SINGLE PARTICLE
9YGJ,EMD-72927,3.7,2026-07-01T00:00:00.000+00:00,"Plasmodium falciparum moving junction staple - PfAMA1, PfRON2, PfRON4, PfRON5",heteromeric protein,SINGLE PARTICLE
9YGN,EMD-72935,3.4,2026-07-01T00:00:00.000+00:00,"HuCoV-HKU1 C S 2P in complex with H501-018 Fab (State 1, global cryoEM)",protein/oligosaccharide,SINGLE PARTICLE
9YGO,EMD-72936,3.4,2026-07-01T00:00:00.000+00:00,"HuCoV-HKU1 C S 2P in complex with H501-018 Fab (State 2, global cryoEM)",protein/oligosaccharide,SINGLE PARTICLE
9YGP,EMD-72937,3.2,2026-07-01T00:00:00.000+00:00,HCoV-HKU1 C S 2P in complex with H501-018 Fab (local cryoEM),protein/oligosaccharide,SINGLE PARTICLE
9YGQ,EMD-72938,3.6,2026-07-01T00:00:00.000+00:00,HCoV-HKU1 C S 2P in complex with H501-022 Fab (global cryoEM),heteromeric protein,SINGLE PARTICLE
9YGR,EMD-72939,3.8,2026-07-01T00:00:00.000+00:00,HCoV-HKU1 C S 2P in complex with H501-022 Fab (local cryoEM),heteromeric protein,SINGLE PARTICLE
9YGT,EMD-72941,3.42,2026-08-19T00:00:00.000+00:00,Leucine Rich Repeat Kinase 2 bound to GDP (from GMPPNP data),homomeric protein,SINGLE PARTICLE
9YGU,EMD-72942,2.88,2026-02-25T00:00:00.000+00:00,Flagella filament structure in H. pylori composed of flagellin FlaA,homomeric protein,SINGLE PARTICLE
9YGV,EMD-72770,2.47,2026-06-17T00:00:00.000+00:00,Photosystem I FCP Supercomplex from Macrocystis pyrifera,heteromeric protein,SINGLE PARTICLE
9YGZ,EMD-72946,3.04,2026-05-20T00:00:00.000+00:00,Cryo-EM structure of active mutant human green cone opsin (E129Q) in complex with chimeric G protein (miniGist),heteromeric protein,SINGLE PARTICLE
9YH0,EMD-72947,3.6,2026-06-10T00:00:00.000+00:00,LPHT-ring subunit with C13 MotX in Vibrio cholerae at assembled state,heteromeric protein,SINGLE PARTICLE
9YH1,EMD-72948,3.22,2026-02-25T00:00:00.000+00:00,Structure of flagellin FlaB filament in H. pylori,homomeric protein,SINGLE PARTICLE
9YH6,EMD-72961,3.6,2026-06-10T00:00:00.000+00:00,Composite structure of the sheathed flagellar motor in Vibrio cholerae adopting a lower FOMC conformation,heteromeric protein,SINGLE PARTICLE
9YH7,EMD-72963,3.6,2026-06-10T00:00:00.000+00:00,Composite structure of the sheathed flagellar motor in Vibrio cholerae adopting a higher FOMC conformation,heteromeric protein,SINGLE PARTICLE
9YHA,EMD-72964,2.69,2026-02-04T00:00:00.000+00:00,Cryo-EM structure of IDH1 R132H,homomeric protein,SINGLE PARTICLE
9YHB,EMD-72965,2.85,2026-02-04T00:00:00.000+00:00,Cryo-EM structure of IDH1 R132H C269S,homomeric protein,SINGLE PARTICLE
9YHO,EMD-72969,3.2,2026-05-27T00:00:00.000+00:00,AJ09-21 Fab in complex with HIV-1 Env 5MUT-3fill SOSIP,protein/oligosaccharide,SINGLE PARTICLE
9YHQ,EMD-72970,3.0,2026-05-27T00:00:00.000+00:00,AJ09-83 Fab in complex with HIV-1 Env 5MUT-3fill SOSIP,protein/oligosaccharide,SINGLE PARTICLE
9YHR,EMD-72971,3.1,2026-05-27T00:00:00.000+00:00,AJ09-110 Fab in complex with HIV-1 Env 5MUT-3fill SOSIP,protein/oligosaccharide,SINGLE PARTICLE
9YI2,EMD-72976,3.6,2026-04-15T00:00:00.000+00:00,Human EEPD1 EEP domain dimer,homomeric protein,SINGLE PARTICLE
9YI4,EMD-72977,2.8,2026-04-01T00:00:00.000+00:00,Octopus sensory receptor CRT1 bound to Progesterone,homomeric protein,SINGLE PARTICLE
9YIF,EMD-72988,3.8,2026-05-27T00:00:00.000+00:00,NN39-171 Fab in complex with HIV-1 Env 5MUT-3fill SOSIP,protein/oligosaccharide,SINGLE PARTICLE
9YIG,EMD-72989,3.4,2026-05-27T00:00:00.000+00:00,V634-136 Fab in complex with HIV-1 Env 5MUT-3fill SOSIP,protein/oligosaccharide,SINGLE PARTICLE
9YIK,EMD-72993,3.9,2026-05-27T00:00:00.000+00:00,HIV-1 Env del4-3fill SOSIP,protein/oligosaccharide,SINGLE PARTICLE
9YIM,EMD-72998,2.62,2026-03-04T00:00:00.000+00:00,Capping protein bound to the barbed end of F-actin,heteromeric protein,SINGLE PARTICLE
9YIX,EMD-73001,3.43,2026-08-26T00:00:00.000+00:00,Cryo-EM structure of SeAvs7 MCP EFTu1 tetrameric complex,heteromeric protein,SINGLE PARTICLE
9YJZ,EMD-73040,2.76,2026-03-18T00:00:00.000+00:00,cryoEM structure of Apo Aspergillus fumigatus acetolactate synthase (ALS),homomeric protein,SINGLE PARTICLE
9YK0,EMD-73041,2.36,2026-03-18T00:00:00.000+00:00,cryoEM structure of Aspergillus fumigatus acetolactate synthase (ALS) in complex with a novel inhibitor,homomeric protein,SINGLE PARTICLE
9YKK,EMD-73054,2.95,2026-07-01T00:00:00.000+00:00,Human type 2 IP3 receptor in apo state,homomeric protein,SINGLE PARTICLE
9YKV,EMD-73059,2.73,2026-08-12T00:00:00.000+00:00,Cryo-EM structure of double-loaded human UBA6-UBE2Z-FAT10(t)/FAT10(a) thioester mimetic complex.,heteromeric protein,SINGLE PARTICLE
9YKW,EMD-73060,3.86,2026-08-12T00:00:00.000+00:00,Cryo-EM structure of double-loaded human UBA6-UBE2Z-Ub(t)/Ub(a) thioester mimetic complex.,heteromeric protein,SINGLE PARTICLE
9YKY,EMD-73067,3.31,2026-07-01T00:00:00.000+00:00,IP3/ATP-bound human type 2 IP3 receptor in the resting state,homomeric protein,SINGLE PARTICLE
9YLB,EMD-73079,3.24,2026-08-12T00:00:00.000+00:00,Cryo-EM structure of single-loaded human UBA6-UBE2Z/FAT10(a) adenylate complex.,heteromeric protein,SINGLE PARTICLE
9YLF,EMD-73081,3.14,2026-08-12T00:00:00.000+00:00,Cryo-EM structure of single-loaded human UBA6-UBE2Z/Ub(a) adenylate complex.,heteromeric protein,SINGLE PARTICLE
9YLI,EMD-73088,3.33,2026-07-01T00:00:00.000+00:00,IP3/ATP-bound human type 2 IP3 receptor in the preactivated state,homomeric protein,SINGLE PARTICLE
9YLV,EMD-73094,2.86,2026-04-29T00:00:00.000+00:00,Cryo-EM structure of apo CbCash dodecamer,homomeric protein,SINGLE PARTICLE
9YMJ,EMD-73108,3.4,2026-07-08T00:00:00.000+00:00,RQd20_wk56_28 Fab in complex with V703-0537_L14 SOSIP and 3BNC117 Fab,protein/oligosaccharide,SINGLE PARTICLE
9YMK,EMD-73109,2.7,2026-07-08T00:00:00.000+00:00,RVz20_wk72_08 Fab in complex with BG505 MD39 SOSIP and RM20A3 Fab,protein/oligosaccharide,SINGLE PARTICLE
9YML,EMD-73110,3.2,2026-07-08T00:00:00.000+00:00,RRr20_wk72_07 Fab in complex with BG505 MD39 SOSIP and RM20A3 Fab,protein/oligosaccharide,SINGLE PARTICLE
9YMZ,EMD-73129,3.14,2026-07-01T00:00:00.000+00:00,Human type 2 IP3 receptor in the inactive-like state (IP3/ATP),homomeric protein,SINGLE PARTICLE
9YNB,EMD-73168,3.4,2026-06-10T00:00:00.000+00:00,Structure of the T6SS effector protein PdpC,homomeric protein,SINGLE PARTICLE
9YNC,EMD-73173,3.93,2026-01-28T00:00:00.000+00:00,Motor domains of phi-like human dynein-1 bound to dynactin-p150glued and LIS1,heteromeric protein,SINGLE PARTICLE
9YNF,EMD-73176,3.92,2026-01-28T00:00:00.000+00:00,Motor domain of human dynein-1 in post1 state,homomeric protein,SINGLE PARTICLE
9YNK,EMD-73210,3.42,2026-07-01T00:00:00.000+00:00,Human type 2 IP3 receptor in the inactive-like state (IP3/ATP/Ca2+),homomeric protein,SINGLE PARTICLE
9YNR,EMD-73228,3.55,2026-03-18T00:00:00.000+00:00,"Local refinement of Fab-14/SARS-CoV-2 D614G spike complex, Mode I",protein/oligosaccharide,SINGLE PARTICLE
9YOK,EMD-73260,3.56,2026-03-18T00:00:00.000+00:00,"Fab-14/SARS-CoV-2 D614G spike complex, Mode I conformation",protein/oligosaccharide,SINGLE PARTICLE
9YOP,EMD-73268,3.5,2026-04-08T00:00:00.000+00:00,Cryo-EM structure of human beta-cardiac myosin in the interacting-heads motif and S2-FH docked state,heteromeric protein,SINGLE PARTICLE
9YOR,EMD-73275,2.9,2026-07-29T00:00:00.000+00:00,Cryo-EM structure of a preformed dimer of the C. elegans EGFR (LET-23) extracellular region,protein/oligosaccharide,SINGLE PARTICLE
9YOS,EMD-73276,2.37,2026-07-29T00:00:00.000+00:00,Cryo-EM structure of an active dimer of the C. elegans EGFR (LET-23) extracellular region bound to LIN-3,protein/oligosaccharide,SINGLE PARTICLE
9YOT,EMD-73277,2.81,2026-07-29T00:00:00.000+00:00,Cryo-EM structure of an inactive dimer of the C. elegans EGFR (LET-23) extracellular region bound to LIN-3.,protein/oligosaccharide,SINGLE PARTICLE
9YOU,EMD-73278,4.0,2026-07-29T00:00:00.000+00:00,Cryo-EM structure of a weak dimer of the C. elegans EGFR (LET-23) extracellular region with a domain IV loop deletion,protein/oligosaccharide,SINGLE PARTICLE
9YOV,EMD-73279,3.36,2026-07-29T00:00:00.000+00:00,Cryo-EM structure of an active dimer of the C. elegans EGFR (LET-23) extracellular region with a domain IV loop deletion bound to LIN-3.,protein/oligosaccharide,SINGLE PARTICLE
9YP6,EMD-73285,2.8,2026-03-18T00:00:00.000+00:00,Structure of human VCP/p97 hexamer bound to ADP and UTE-156,homomeric protein,SINGLE PARTICLE
9YP8,EMD-73287,2.4,2026-03-18T00:00:00.000+00:00,Structure of human VCP/p97 dodecamer bound to ADP and UTE-156,homomeric protein,SINGLE PARTICLE
9YP9,EMD-73288,3.0,2026-04-08T00:00:00.000+00:00,Cryo-EM structure of human beta-cardiac myosin bound to mavacamten in the interacting-heads motif and S2-FH docked state,heteromeric protein,SINGLE PARTICLE
9YPB,EMD-73292,3.5,2026-03-18T00:00:00.000+00:00,"Fab-14/SARS-CoV-2 D614G spike complex, Mode IV, subgroup II conformation",heteromeric protein,SINGLE PARTICLE
9YPR,EMD-73306,3.46,2026-03-18T00:00:00.000+00:00,"Fab-14/SARS-CoV-2 D614G spike complex, Mode IV, subgroup I conformation",protein/oligosaccharide,SINGLE PARTICLE
9YQ6,EMD-73325,2.95,2026-06-10T00:00:00.000+00:00,Cryo-EM structure of the parainfluenza virus hemagglutinin-neuraminidase protein in complex with the human antibodies PIV3HN-09 and PIV3HN-13,protein/oligosaccharide,SINGLE PARTICLE
9YQ8,EMD-73327,3.84,2026-05-20T00:00:00.000+00:00,"Cryo-EM complex of meizothrombinDESF1, factor Xa, and factor Va",heteromeric protein,SINGLE PARTICLE
9YQK,EMD-73338,3.6,2026-08-12T00:00:00.000+00:00,C-terminal LRRK2 bound to C12 DARPin,heteromeric protein,SINGLE PARTICLE
9YQL,EMD-73339,3.57,2026-06-24T00:00:00.000+00:00,Cryo-EM structure of human Tom70,homomeric protein,SINGLE PARTICLE
9YQO,EMD-73342,3.26,2026-01-21T00:00:00.000+00:00,AMC008 v4.2 SOSIP Env trimer in complex with PGT121 and VRC01 Fabs,protein/oligosaccharide,SINGLE PARTICLE
9YQQ,EMD-73344,3.8,2026-06-10T00:00:00.000+00:00,Cryo-EM structure of the VPS13C C-terminal region,homomeric protein,SINGLE PARTICLE
9YR4,EMD-73359,3.64,2026-06-24T00:00:00.000+00:00,Cryo-EM structure of human Tom70 in complex with Hsp90 C-terminal EEVD peptide,heteromeric protein,SINGLE PARTICLE
9YR7,EMD-73362,3.0,2026-04-08T00:00:00.000+00:00,Cryo-EM structure of human beta-cardiac myosin bound to mavacamten in the interacting-heads motif and S2-FH undocked state,heteromeric protein,SINGLE PARTICLE
9YRB,EMD-73364,3.06,2026-06-24T00:00:00.000+00:00,Factor XIa in complex with Fab fragment of REGN7508-Cat,heteromeric protein,SINGLE PARTICLE
9YRC,EMD-73365,2.97,2026-03-25T00:00:00.000+00:00,p97Ufd1-Npl4 complex processing poly-ubiquitinated substrate in the presence of ATP,heteromeric protein,SINGLE PARTICLE
9YRG,EMD-73367,3.2,2026-04-08T00:00:00.000+00:00,Cryo-EM structure of human beta-cardiac myosin in the interacting-heads motif and S2-FH undocked state,heteromeric protein,SINGLE PARTICLE
9YRH,EMD-73368,3.8,2026-04-08T00:00:00.000+00:00,Cryo-EM structure of human beta-cardiac myosin bound to omecamtiv mecarbil in the interacting-heads motif and S2-FH undocked state,heteromeric protein,SINGLE PARTICLE
9YRM,EMD-21113,3.75,2026-06-10T00:00:00.000+00:00,"CryoEM Structure of VPS13 protein, 1-1390 from C. thermophilum, in complex with calmodulin",heteromeric protein,SINGLE PARTICLE
9YRQ,EMD-73374,3.2,2026-06-24T00:00:00.000+00:00,Factor XIa in complex with Fab fragment of REGN9933-A2,heteromeric protein,SINGLE PARTICLE
9YSG,EMD-73392,3.0,2026-07-29T00:00:00.000+00:00,Cryo-EM structure of SARS-CoV-2 Omicron neutralizing antibody AB2-122 with BA.5 RBD and SP1-77 Fab complex,protein/oligosaccharide,SINGLE PARTICLE
9YSJ,EMD-73393,2.62,2026-06-17T00:00:00.000+00:00,"SARS-CoV-2 BA.3.2.1 spike, 3-RBD-down",protein/oligosaccharide,SINGLE PARTICLE
9YSK,EMD-73394,2.46,2026-06-17T00:00:00.000+00:00,"SARS-CoV-2 LP.8.1 spike, 3-RBD-down",protein/oligosaccharide,SINGLE PARTICLE
9YSR,EMD-73426,3.63,2026-06-17T00:00:00.000+00:00,"Local refinement of hACE2/SARS-CoV-2 BA.3.2.1 spike, conformation 1",heteromeric protein,SINGLE PARTICLE
9YSS,EMD-73429,3.67,2026-06-17T00:00:00.000+00:00,"Local refinement of hACE2/SARS-CoV-2 LP.8.1 spike, conformation 1",protein/oligosaccharide,SINGLE PARTICLE
9YT4,EMD-73441,2.81,2026-06-17T00:00:00.000+00:00,"Local refinement of LP.8.1 spike (3-RBD-down), RBD-A and NTD-C",protein/oligosaccharide,SINGLE PARTICLE
9YT6,EMD-73443,2.79,2026-06-17T00:00:00.000+00:00,"Local refinement of LP.8.1 spike (3-RBD-down), RBD-B and NTD-A",protein/oligosaccharide,SINGLE PARTICLE
9YT7,EMD-73444,2.76,2026-06-17T00:00:00.000+00:00,"Local refinement of LP.8.1 spike (3-RBD-down), RBD-C and NTD-B",protein/oligosaccharide,SINGLE PARTICLE
9YTA,EMD-73447,3.27,2026-07-29T00:00:00.000+00:00,Cryo-EM structure of SARS-CoV-2 Omicron neutralizing antibody L52 with BA.5 RBD and SP1-77 Fab complex,protein/oligosaccharide,SINGLE PARTICLE
9YTC,EMD-73457,2.68,2026-07-29T00:00:00.000+00:00,Cryo-EM structure of SARS-CoV-2 Omicron neutralizing antibody S212 with BA.5 RBD and SP1-77 Fab complex,protein/oligosaccharide,SINGLE PARTICLE
9YTS,EMD-73493,3.29,2026-06-10T00:00:00.000+00:00,Cryo-EM structure of the parainfluenza virus hemagglutinin-neuraminidase protein in complex with the human antibodies 5217-2 and PIV3HN-09,protein/oligosaccharide,SINGLE PARTICLE
9YUY,EMD-73509,2.7,2026-04-15T00:00:00.000+00:00,Structure of the Plasmodium falciparum 20S proteasome in complex with a beta5-selective covalent syringolin analogue inhibitor.,heteromeric protein,SINGLE PARTICLE
9YUZ,EMD-73510,2.6,2026-04-15T00:00:00.000+00:00,Structure of the human 20S proteasome in complex with a beta5-selective covalent syringolin analogue inhibitor.,heteromeric protein,SINGLE PARTICLE
9YVG,EMD-73523,3.15,2026-08-26T00:00:00.000+00:00,"Cryo-EM structure of BA.5 spike, Open conformation",protein/oligosaccharide,SINGLE PARTICLE
9YVH,EMD-73524,2.83,2026-08-26T00:00:00.000+00:00,"Cryo-EM structure of BA.5 spike, Closed conformation",protein/oligosaccharide,SINGLE PARTICLE
9YVI,EMD-73525,2.66,2026-08-26T00:00:00.000+00:00,Cryo-EM structure of BA.5 spike in complex with S22,protein/oligosaccharide,SINGLE PARTICLE
9YVK,EMD-73526,2.69,2026-07-01T00:00:00.000+00:00,Cryo-EM structure of the human TRPM4 channel bound to NC1 in the presence of EGTA.,homomeric protein,SINGLE PARTICLE
9YVL,EMD-73527,2.78,2026-07-01T00:00:00.000+00:00,"Cryo-EM structure of the human TRPM4 channel in an open state bound to NC1 and PI(4,5)P2.",homomeric protein,SINGLE PARTICLE
9YVM,EMD-73528,2.73,2026-07-01T00:00:00.000+00:00,"Cryo-EM structure of the human TRPM4 channel in an open state bound to NC1 and PI(4,5)P2 in the presence of EGTA.",homomeric protein,SINGLE PARTICLE
9YVN,EMD-73529,3.42,2026-07-01T00:00:00.000+00:00,Cryo-EM structure of the mouse TRPM4 channel bound to NC1.,homomeric protein,SINGLE PARTICLE
9YVO,EMD-73530,2.91,2026-07-01T00:00:00.000+00:00,"Cryo-EM structure of the mouse TRPM4 channel bound to NC1 and PI(4,5)P2.",homomeric protein,SINGLE PARTICLE
9YVP,EMD-73531,2.81,2026-07-01T00:00:00.000+00:00,"Cryo-EM structure of the L900V;R993P;S1060R mutant mouse TRPM4 channel in an open state bound to NC1 and PI(4,5)P2.",homomeric protein,SINGLE PARTICLE
9YW0,EMD-73535,2.5,2026-06-17T00:00:00.000+00:00,"SARS-CoV-2 LP.8.1 spike, 1-RBD-up",protein/oligosaccharide,SINGLE PARTICLE
9YW2,EMD-73536,3.27,2026-04-22T00:00:00.000+00:00,Complex structure of human p97 bound to Faf1 and Ufd1 (NTD focused),heteromeric protein,SINGLE PARTICLE
9YWQ,EMD-73556,3.2,2026-09-02T00:00:00.000+00:00,the structure of ERMA complex with ATPrS and Mg++,homomeric protein,SINGLE PARTICLE
9YWS,EMD-73558,3.1,2026-07-22T00:00:00.000+00:00,Human Sec61 complex bound to coibamide A,heteromeric protein,SINGLE PARTICLE
9YX6,EMD-73395,3.03,2026-06-17T00:00:00.000+00:00,"SARS-CoV-2 BA.3.2.1 spike, flexible conformation",protein/oligosaccharide,SINGLE PARTICLE
9YX7,EMD-73597,2.9,2026-06-17T00:00:00.000+00:00,"Local refinement of BA.3.2.1 spike (3-RBD-down), RBD-A and NTD-C",homomeric protein,SINGLE PARTICLE
9YX8,EMD-73599,2.85,2026-06-17T00:00:00.000+00:00,"Local refinement of BA.3.2.1 spike (3-RBD-down), RBD-A, RBD-C and NTD-B",homomeric protein,SINGLE PARTICLE
9YXQ,EMD-73614,3.39,2026-02-04T00:00:00.000+00:00,Cryo-EM structure of the Xenopus laevis mitotic centromere-associated kinesin (MCAK) bound to the paclitaxel-stabilized microtubule,heteromeric protein,SINGLE PARTICLE
9YXX,EMD-73619,3.01,2026-06-17T00:00:00.000+00:00,"Local refinement of BA.3.2.1 spike (3-RBD-down), RBD-B and NTD-A",homomeric protein,SINGLE PARTICLE
9YYD,EMD-73630,2.8,2026-09-02T00:00:00.000+00:00,the structure of ERMA Mg2+ bound form,homomeric protein,SINGLE PARTICLE
9YYU,EMD-73656,3.3,2026-05-13T00:00:00.000+00:00,SARS-CoV-2 spike trimer in the early fusion intermediate conformation bound to the VN01H1 Fab (Fab local refinement),heteromeric protein,SINGLE PARTICLE
9YYV,EMD-73657,3.3,2026-05-13T00:00:00.000+00:00,SARS-CoV-2 spike trimer in the early fusion intermediate conformation bound to the VN01H1 Fab (S2 local refinement),homomeric protein,SINGLE PARTICLE
9Z03,EMD-73688,3.03,2026-08-19T00:00:00.000+00:00,Cryo-EM structure of VVD-908 NLRP3 complex,homomeric protein,SINGLE PARTICLE
9Z04,EMD-73693,2.99,2026-04-29T00:00:00.000+00:00,Structure of human lymphoid-specific helicase HELLS in its auto-inhibitory state,homomeric protein,SINGLE PARTICLE
9Z05,EMD-73694,2.86,2026-04-29T00:00:00.000+00:00,Structure of human lymphoid-specific helicase HELLS in its auto-inhibitory state (D3),homomeric protein,SINGLE PARTICLE
9Z06,EMD-73695,3.39,2026-04-29T00:00:00.000+00:00,Structure of human lymphoid-specific helicase HELLS in its auto-inhibitory state,homomeric protein,SINGLE PARTICLE
9Z0E,EMD-73699,3.7,2026-01-14T00:00:00.000+00:00,Structure of disulfide-crosslinked S. cerevisiae Hrd1 dimer bound to one copy of Hrd3 in MSP1D1 nanodisc,heteromeric protein,SINGLE PARTICLE
9Z0P,EMD-73720,2.56,2026-06-24T00:00:00.000+00:00,Mitochondrial Creatine Kinase in complex with uncompetitive inhibitor uci,homomeric protein,SINGLE PARTICLE
9Z12,EMD-73730,3.2,2026-07-08T00:00:00.000+00:00,SARS-CoV-2 spike S2 in complex with antibody B3-1,heteromeric protein,SINGLE PARTICLE
9Z18,EMD-73732,2.9,2026-07-08T00:00:00.000+00:00,SARS-CoV-2 spike S2 in complex with antibody N6-2,heteromeric protein,SINGLE PARTICLE
9Z1M,EMD-73749,3.06,2026-05-13T00:00:00.000+00:00,Cryo-EM structure of KP.3 spike in complex with Nb9B,protein/oligosaccharide,SINGLE PARTICLE
9Z1N,EMD-73750,3.44,2026-05-13T00:00:00.000+00:00,Structure of KP.3 spike in complex with Nanosota-9B (local refinement),heteromeric protein,SINGLE PARTICLE
9Z1W,EMD-73754,2.86,2026-06-10T00:00:00.000+00:00,Cryo-EM structure of human TRPM4 channel in complex with calcium and TPPO at 37 degrees Celsius (consensus),homomeric protein,SINGLE PARTICLE
9Z1X,EMD-73755,3.0,2026-06-17T00:00:00.000+00:00,Cryo-EM structure of human TRPM4 channel in the warm conformation in complex with calcium and TPPO at 37 degrees Celsius (monomeric TMD-focused map with best-resolved TPPO density),homomeric protein,SINGLE PARTICLE
9Z1Y,EMD-73756,3.26,2026-06-17T00:00:00.000+00:00,Cryo-EM structure of human TRPM4 channel in the cold conformation in complex with calcium and TPPO at 37 degrees Celsius (monomeric TMD-focused map with best-resolved TPPO density),homomeric protein,SINGLE PARTICLE
9Z1Z,EMD-73757,2.63,2026-06-10T00:00:00.000+00:00,Cryo-EM structure of human TRPM4 channel in complex with calcium and TPPO at 18 degrees Celsius (consensus),homomeric protein,SINGLE PARTICLE
9Z20,EMD-73758,2.51,2026-06-10T00:00:00.000+00:00,Cryo-EM structure of human TRPM4 channel in complex with EGTA and TPPO at 37 degrees Celsius (consensus),homomeric protein,SINGLE PARTICLE
9Z21,EMD-73759,2.83,2026-06-10T00:00:00.000+00:00,Cryo-EM structure of human TRPM4 channel in complex with calcium and NC1 at 37 degrees Celsius (consensus),homomeric protein,SINGLE PARTICLE
9Z22,EMD-73760,2.58,2026-06-10T00:00:00.000+00:00,Cryo-EM structure of human TRPM4 channel in complex with EGTA and NC1 at 37 degrees Celsius (consensus),homomeric protein,SINGLE PARTICLE
9Z23,EMD-73761,2.59,2026-06-10T00:00:00.000+00:00,Cryo-EM structure of human TRPM4 channel in complex with calcium and CBA at 37 degrees Celsius (consensus),homomeric protein,SINGLE PARTICLE
9Z24,EMD-73762,3.1,2026-06-10T00:00:00.000+00:00,Cryo-EM structure of human TRPM4 channel in complex with calcium and CBA at 37 degrees Celsius (monomeric TMD-focused map with best-resolved CBA density),homomeric protein,SINGLE PARTICLE
9Z25,EMD-73763,2.64,2026-06-10T00:00:00.000+00:00,Cryo-EM structure of human TRPM4 channel in complex with calcium and NBA at 37 degrees Celsius (consensus),homomeric protein,SINGLE PARTICLE
9Z26,EMD-73764,2.9,2026-06-10T00:00:00.000+00:00,Cryo-EM structure of human TRPM4 channel in complex with calcium and NBA at 37 degrees Celsius (monomeric TMD-focused map with best-resolved NBA density),homomeric protein,SINGLE PARTICLE
9Z27,EMD-73765,2.76,2026-06-10T00:00:00.000+00:00,Cryo-EM structure of human TRPM4 channel in complex with calcium and CBA and DVT at 37 degrees Celsius (consensus),homomeric protein,SINGLE PARTICLE
9Z2D,EMD-73766,2.6,2026-01-28T00:00:00.000+00:00,"Mitochondrial Creatine Kinase in complex with ADP, creatine, and uncompetitive inhibitor uci",homomeric protein,SINGLE PARTICLE
9Z2F,EMD-73767,2.59,2026-01-28T00:00:00.000+00:00,Mitochondrial Creatine Kinase in complex with ADP and uncompetitive inhibitor uci,homomeric protein,SINGLE PARTICLE
9Z2M,EMD-73771,3.4,2026-04-29T00:00:00.000+00:00,Ca2+-bound MthK WT in lipid nanodiscs composed of 14:1PC (75%) and POPG (25%),homomeric protein,SINGLE PARTICLE
9Z2V,EMD-73779,3.8,2026-04-29T00:00:00.000+00:00,Ca2+-bound MthK WT in lipid nanodiscs composed of 22:1PC (75%) and POPG (25%),homomeric protein,SINGLE PARTICLE
9Z32,EMD-73782,2.83,2026-03-18T00:00:00.000+00:00,The structure of short splice variant (Q9UBL9-2) of human P2X2 receptor channel in lipid nanodiscs with Mg-ATP,homomeric protein,SINGLE PARTICLE
9Z3J,EMD-73786,2.8,2026-05-13T00:00:00.000+00:00,HCoV-NL63 S2' peptide bound to TMPRSS2 S441A (complexed with the H1H7 Fab and an anti-kappa-nanobody),protein/oligosaccharide,SINGLE PARTICLE
9Z3K,EMD-73787,3.3,2026-05-13T00:00:00.000+00:00,SARS-CoV-2 S2 trimer stabilized in the early fusion intermediate conformation by circular permutation and clamping by gp41 (E-FICs-v1),homomeric protein,SINGLE PARTICLE
9Z3Y,EMD-73795,2.99,2026-06-17T00:00:00.000+00:00,Local refinement of BA.3.2.1 spike (3-RBD-down) NTD-B,protein/oligosaccharide,SINGLE PARTICLE
9Z49,EMD-73799,3.08,2026-09-16T00:00:00.000+00:00,Cryo-EM structure of the human PRMT5:MEP50:pICln complex at a 4:4:4 stoichiometric ratio,heteromeric protein,SINGLE PARTICLE
9Z4A,EMD-73801,3.84,2026-09-16T00:00:00.000+00:00,Cryo-EM structure of the human PRMT5:MEP50:pICln complex at a 4:3:4 stoichiometric ratio,heteromeric protein,SINGLE PARTICLE
9Z4H,EMD-73803,2.64,2026-06-10T00:00:00.000+00:00,Cryo-EM structure of human Wntless in complex with Wnt5a at 1:1 stoichiometry,protein/oligosaccharide,SINGLE PARTICLE
9Z4I,EMD-73804,3.62,2026-07-15T00:00:00.000+00:00,Cryo-EM structure of the mitochondrial NCLX in its monomeric state,homomeric protein,SINGLE PARTICLE
9Z4J,EMD-73805,3.15,2026-07-15T00:00:00.000+00:00,Cryo-EM structure of the mitochondrial NCLX in its trimeric state,homomeric protein,SINGLE PARTICLE
9Z4O,EMD-73810,2.63,2026-06-10T00:00:00.000+00:00,Cryo-EM structure of human Wntless in its apo state,homomeric protein,SINGLE PARTICLE
9Z4W,EMD-73814,2.4,2026-01-21T00:00:00.000+00:00,Cryo-EM structure of rabbit major vault protein complex,homomeric protein,SINGLE PARTICLE
9Z5I,EMD-73816,3.34,2026-08-26T00:00:00.000+00:00,cryoEM structure of human SLC33A1 transporter,homomeric protein,SINGLE PARTICLE
9Z5N,EMD-73819,2.25,2026-01-21T00:00:00.000+00:00,Cryo-EM structure of rabbit vault cap,homomeric protein,SINGLE PARTICLE
9Z5U,EMD-73824,3.06,2026-07-01T00:00:00.000+00:00,Cryo-EM structure of a soluble HCV E1E2 antigen in complex with AT1211 fab,protein/oligosaccharide,SINGLE PARTICLE
9Z60,EMD-73829,3.53,2026-07-29T00:00:00.000+00:00,"Structure of the sodium-dependent phosphate importer SLC34A2, apo",heteromeric protein,SINGLE PARTICLE
9Z61,EMD-73830,3.68,2026-07-29T00:00:00.000+00:00,"Structure of the sodium-dependent phosphate importer SLC34A2, Na+-bound",heteromeric protein,SINGLE PARTICLE
9Z62,EMD-73831,3.1,2026-07-29T00:00:00.000+00:00,"Structure of the sodium-dependent phosphate importer SLC34A2, Pi- and Na+-bound",heteromeric protein,SINGLE PARTICLE
9Z63,EMD-73832,3.02,2026-07-29T00:00:00.000+00:00,"Structure of the sodium-dependent phosphate importer SLC34A2, PFA- and Na+-bound",heteromeric protein,SINGLE PARTICLE
9Z64,EMD-73833,3.11,2026-07-29T00:00:00.000+00:00,"Structure of the sodium-dependent phosphate importer SLC34A2 S135C, apo",heteromeric protein,SINGLE PARTICLE
9Z66,EMD-73834,3.31,2026-07-29T00:00:00.000+00:00,"Structure of the sodium-dependent phosphate importer SLC34A2 S135C, Pi- and Na+-bound",heteromeric protein,SINGLE PARTICLE
9Z67,EMD-73838,3.32,2026-06-10T00:00:00.000+00:00,Cryo-EM structure of human Wntless-Wnt5a 2:2 complex - Composite map,protein/oligosaccharide,SINGLE PARTICLE
9Z6N,EMD-73843,3.7,2026-07-29T00:00:00.000+00:00,Human NIPA2 transporter in the presence of EDTA,homomeric protein,SINGLE PARTICLE
9Z6T,EMD-73857,2.6,2026-05-20T00:00:00.000+00:00,Human HCN1 in complex with cAMP in nanodisc,homomeric protein,SINGLE PARTICLE
9Z6U,EMD-73861,2.87,2026-02-04T00:00:00.000+00:00,The structure of TMD with 2 TARPs and 2 CNIHs from all native AMPA receptor subtypes,heteromeric protein,SINGLE PARTICLE
9Z6V,EMD-73862,3.0,2026-02-04T00:00:00.000+00:00,The structure of TMD with 3 TARPs and 1 CNIH from all native AMPA receptor subtypes,heteromeric protein,SINGLE PARTICLE
9Z6W,EMD-73863,2.99,2026-02-04T00:00:00.000+00:00,The structure of TMD with 4 TARPs from all native AMPA receptor subtypes,heteromeric protein,SINGLE PARTICLE
9Z76,EMD-73869,3.32,2026-06-03T00:00:00.000+00:00,Cryo-EM structure of Enterotoxigenic Escherichia coli autotransporter A (EatA) complexed with the fragment antigen binding domain of monoclonal antibody 25,heteromeric protein,SINGLE PARTICLE
9Z77,EMD-73870,3.7,2026-06-03T00:00:00.000+00:00,Cryo-EM structure of Enterotoxigenic Escherichia coli autotransporter A (EatA) complexed with the fragment antigen binding domain of monoclonal antibody G12,heteromeric protein,SINGLE PARTICLE
9Z78,EMD-73871,2.64,2026-06-03T00:00:00.000+00:00,Cryo-EM structure of Enterotoxigenic Escherichia coli autotransporter A (EatA) complexed with the fragment antigen binding domain of monoclonal antibody 15,heteromeric protein,SINGLE PARTICLE
9Z79,EMD-73872,2.66,2026-06-03T00:00:00.000+00:00,Cryo-EM structure of Enterotoxigenic Escherichia coli autotransporter A (EatA) complexed with the fragment antigen binding domain of monoclonal antibody 40,heteromeric protein,SINGLE PARTICLE
9Z7A,EMD-73873,1.99,2026-06-03T00:00:00.000+00:00,Cryo-EM structure of Secreted extracellular protein A (SepA) from Shigella flexneri complexed with the fragment antigen binding domain of monoclonal antibody 40,heteromeric protein,SINGLE PARTICLE
9Z7B,EMD-73874,2.69,2026-06-03T00:00:00.000+00:00,Cryo-EM structure of Protein involved in colonization (Pic) from Enteroaggregative Escherichia coli complexed with the fragment antigen binding domain of monoclonal antibody 40,heteromeric protein,SINGLE PARTICLE
9Z7P,EMD-73876,2.7,2026-01-28T00:00:00.000+00:00,Stable open sheep connexin-46 in amphipol at low pH,homomeric protein,SINGLE PARTICLE
9Z7R,EMD-73878,3.5,2026-07-29T00:00:00.000+00:00,Human NIPA2 with magnesium,homomeric protein,SINGLE PARTICLE
9Z7S,EMD-73879,3.5,2026-07-29T00:00:00.000+00:00,Human NIPA2 mutant A75T,homomeric protein,SINGLE PARTICLE
9Z7T,EMD-73880,3.9,2026-07-29T00:00:00.000+00:00,Human NIPA2 with ATP,homomeric protein,SINGLE PARTICLE
9Z7U,EMD-73881,2.0,2026-02-25T00:00:00.000+00:00,Human Stomatin - C8 Symmetry,homomeric protein,SINGLE PARTICLE
9Z7W,EMD-73876,2.7,2026-01-28T00:00:00.000+00:00,Stable open sheep connexin-50 in amphipol at low pH,homomeric protein,SINGLE PARTICLE
9Z81,EMD-73885,2.0,2026-01-28T00:00:00.000+00:00,Stable open state sheep connexin-46 in DMPC nanodiscs at neutral pH,homomeric protein,SINGLE PARTICLE
9Z82,EMD-73885,2.0,2026-01-28T00:00:00.000+00:00,Stable open state sheep connexin-50 in DMPC nanodiscs at neutral pH,homomeric protein,SINGLE PARTICLE
9Z8F,EMD-73896,2.2,2026-01-28T00:00:00.000+00:00,Destabilized open state sheep connexin-46 in DMPC nanodiscs at neutral pH,homomeric protein,SINGLE PARTICLE
9Z8L,EMD-73896,2.2,2026-01-28T00:00:00.000+00:00,Destabilized open state sheep connexin-50 in DMPC nanodiscs at neutral pH,homomeric protein,SINGLE PARTICLE
9Z8M,EMD-73900,2.7,2026-01-28T00:00:00.000+00:00,Gated state sheep connexin-46 in DMPC nanodiscs at neutral pH,homomeric protein,SINGLE PARTICLE
9Z9B,EMD-73900,2.7,2026-01-28T00:00:00.000+00:00,Gated state sheep connexin-50 in DMPC nanodiscs at neutral pH,homomeric protein,SINGLE PARTICLE
9Z9G,EMD-73942,2.5,2026-01-28T00:00:00.000+00:00,Stable open state sheep connexin-46 in DMPC nanodiscs at low pH,homomeric protein,SINGLE PARTICLE
9Z9H,EMD-73942,2.5,2026-01-28T00:00:00.000+00:00,Stable open state sheep connexin-50 in DMPC nanodiscs at low pH,homomeric protein,SINGLE PARTICLE
9Z9L,EMD-73949,3.49,2026-04-22T00:00:00.000+00:00,Q23.MD39 in Complex with Fabs from antibodies CH01 and 35O22,protein/oligosaccharide,SINGLE PARTICLE
9Z9S,EMD-73957,2.2,2026-01-28T00:00:00.000+00:00,Destabilized open state sheep connexin-46 in DMPC nanodiscs at low pH,homomeric protein,SINGLE PARTICLE
9Z9W,EMD-73957,2.2,2026-01-28T00:00:00.000+00:00,Destabilized open state sheep connexin-50 in DMPC nanodiscs at low pH,homomeric protein,SINGLE PARTICLE
9Z9X,EMD-73962,2.3,2026-01-28T00:00:00.000+00:00,Gated state sheep connexin-46 in DMPC nanodiscs at low pH,homomeric protein,SINGLE PARTICLE
9Z9Y,EMD-7396,2.3,2026-01-28T00:00:00.000+00:00,Gated state sheep connexin-50 in DMPC nanodiscs at low pH,homomeric protein,SINGLE PARTICLE
9ZA1,EMD-73963,3.4,2026-06-10T00:00:00.000+00:00,cryoEM structure of COMMD-like protein S4Y171 octamer,homomeric protein,SINGLE PARTICLE
9ZA3,EMD-73965,2.4,2026-01-28T00:00:00.000+00:00,Asymmetrically gated state sheep connexin-46 in DMPC nanodiscs at low pH,homomeric protein,SINGLE PARTICLE
9ZA4,EMD-73965,2.4,2026-01-28T00:00:00.000+00:00,Asymmetrically gated state sheep connexin-50 in DMPC nanodiscs at low pH,homomeric protein,SINGLE PARTICLE
9ZAW,EMD-73971,2.29,2026-05-27T00:00:00.000+00:00,HMG-CoA synthase 1 (HMGCS1) bound to inhibitor compound CNP7,homomeric protein,SINGLE PARTICLE
9ZB5,EMD-73975,3.29,2026-06-10T00:00:00.000+00:00,Cryo-EM structure of the parainfluenza virus hemagglutinin-neuraminidase protein in complex with the human antibodies PIV3HN-05 and PIV3HN-13,protein/oligosaccharide,SINGLE PARTICLE
9ZB9,EMD-73979,1.95,2026-09-09T00:00:00.000+00:00,Cryo-EM Structure of Human GGPPS Bound to Selective Inhibitor CML-07-119,homomeric protein,SINGLE PARTICLE
9ZBA,EMD-73980,2.15,2026-09-09T00:00:00.000+00:00,Human GGPPS Bound to Selective Inhibitor CML-07-119 in theShielded Binding Site Conformation,homomeric protein,SINGLE PARTICLE
9ZBB,EMD-73981,2.27,2026-09-09T00:00:00.000+00:00,Human GGPPS Bound to Selective Inhibitor CML-07-119 in the Exposed Binding Site Conformation,homomeric protein,SINGLE PARTICLE
9ZBC,EMD-73982,2.25,2026-09-09T00:00:00.000+00:00,Human GGPPS in the Open Hexamer Conformation,homomeric protein,SINGLE PARTICLE
9ZBD,EMD-73983,2.36,2026-09-09T00:00:00.000+00:00,Human GGPPS in the Closed Hexamer Conformation,homomeric protein,SINGLE PARTICLE
9ZBI,EMD-73989,3.0,2026-04-15T00:00:00.000+00:00,The cryo-EM structure of Pakpunavirus P7-1 head(capsid:decoration protein),heteromeric protein,SINGLE PARTICLE
9ZBJ,EMD-73991,3.2,2026-04-15T00:00:00.000+00:00,Cryo-EM structure of human apo mTORC2,heteromeric protein,SINGLE PARTICLE
9ZBK,EMD-73992,2.6,2026-04-15T00:00:00.000+00:00,mTORC2 in complex with Akt1,heteromeric protein,SINGLE PARTICLE
9ZBS,EMD-73999,3.6,2026-04-15T00:00:00.000+00:00,The cryo-EM structure of Pakpunavirus P7-1 neck (portal:H-t-T:collar:gateway),heteromeric protein,SINGLE PARTICLE
9ZBV,EMD-74011,3.2,2026-01-21T00:00:00.000+00:00,Human TTR-C10A at pH 7.4,homomeric protein,SINGLE PARTICLE
9ZCN,EMD-74036,3.5,2026-03-25T00:00:00.000+00:00,"Avian TRPM8 (Parus major) fully-swapped, closed, ligand-free in the presence of calcium, structure resolved in cell vesicles",homomeric protein,SINGLE PARTICLE
9ZCO,EMD-74037,3.45,2026-03-25T00:00:00.000+00:00,"Avian TRPM8 (Parus major) semi-swapped, closed, ligand-free in the presence of calcium, structure resolved in cell vesicles",homomeric protein,SINGLE PARTICLE
9ZCP,EMD-74038,3.55,2026-03-25T00:00:00.000+00:00,"Avian TRPM8 (Parus major) fully swapped closed, calcium free, in the presence of menthol, resolved in cell vesicles",homomeric protein,SINGLE PARTICLE
9ZCQ,EMD-74039,3.57,2026-03-25T00:00:00.000+00:00,"Avian TRPM8 (Parus major) semi-swapped, closed, calcium free, menthol bound structure resolved in cell vesicles",homomeric protein,SINGLE PARTICLE
9ZCR,EMD-74040,3.07,2026-03-25T00:00:00.000+00:00,"Parus major TRPM8 with a chimeric human outer pore loops, semi-swapped, ligand-free, cold, structure resolved in GDN",homomeric protein,SINGLE PARTICLE
9ZCU,EMD-74041,2.86,2026-03-25T00:00:00.000+00:00,"Human TRPM8 V915Y fully-swapped, closed, ligand-free structure resolved in GDN",homomeric protein,SINGLE PARTICLE
9ZCV,EMD-74042,3.65,2026-03-25T00:00:00.000+00:00,"Human TRPM8 fully-swapped, desensitized, ligand-free structure at 4 degrees Celsius resolved in cell vesicles",homomeric protein,SINGLE PARTICLE
9ZCW,EMD-74043,1.9,2026-04-01T00:00:00.000+00:00,Cryo-EM structure of the engineered vector AAV2.ATX002,homomeric protein,SINGLE PARTICLE
9ZCY,EMD-74045,2.5,2026-08-05T00:00:00.000+00:00,Cryo-EM structure of apo-ATR-ATRIP,heteromeric protein,SINGLE PARTICLE
9ZCZ,EMD-74046,2.3,2026-02-25T00:00:00.000+00:00,C4 local refinement of stomatin-bound aquaporin (human),homomeric protein,SINGLE PARTICLE
9ZD0,EMD-74047,2.8,2026-02-25T00:00:00.000+00:00,C3 local refinement of Urea Transporter B (SLC14A1) bound to human stomatin oligomer,homomeric protein,SINGLE PARTICLE
9ZD1,EMD-74048,3.2,2026-08-05T00:00:00.000+00:00,Cryo-EM structure of ATR-ATRIP-TOPBP1 AAD,heteromeric protein,SINGLE PARTICLE
9ZD2,EMD-74049,3.1,2026-02-25T00:00:00.000+00:00,C1 local refinement of aquaporin 1 bound to endogenous human stomatin,heteromeric protein,SINGLE PARTICLE
9ZD3,EMD-74050,3.0,2026-08-05T00:00:00.000+00:00,Cryo-EM structure of ATR-ATRIP-ETAA1 AAD,heteromeric protein,SINGLE PARTICLE
9ZD4,EMD-74051,3.3,2026-08-05T00:00:00.000+00:00,Cryo-EM structure of symmetric class of ATR-ATRIP-ETAA1 AAD,heteromeric protein,SINGLE PARTICLE
9ZD5,EMD-74052,2.2,2026-03-04T00:00:00.000+00:00,Human Stomatin - intramembrane region,homomeric protein,SINGLE PARTICLE
9ZD8,EMD-74057,3.6,2026-04-15T00:00:00.000+00:00,The cryo-EM structure of Pakpunavirus P7-1 baseplate in extended status,heteromeric protein,SINGLE PARTICLE
9ZDQ,EMD-74071,2.51,2026-09-16T00:00:00.000+00:00,Cryo-EM structure of ARAF-MEK1 complex with GDC-0879 and a covalent MEK inhibitor TWG-07-148,heteromeric protein,SINGLE PARTICLE
9ZDW,EMD-74075,3.6,2026-01-21T00:00:00.000+00:00,"Pseudomonas phage DEV delta-gp53 mutant neck and tail (portal, head-to-tail and tail tube proteins)",heteromeric protein,SINGLE PARTICLE
9ZDX,EMD-74076,2.95,2026-04-08T00:00:00.000+00:00,Dimer of ATPase BrxC containing a Walker B mutation and bound to ATP from the Acinetobacter BREX system,homomeric protein,SINGLE PARTICLE
9ZDY,EMD-74078,3.9,2026-09-16T00:00:00.000+00:00,Human TTR-C10A at pH 4,homomeric protein,SINGLE PARTICLE
9ZEZ,EMD-74123,3.41,2026-04-08T00:00:00.000+00:00,"Avian TRPM8 (Parus major) semi-swapped, calcium free, menthol bound structure resolved in cell vesicles",homomeric protein,SINGLE PARTICLE
9ZF0,EMD-74124,3.71,2026-03-25T00:00:00.000+00:00,"Human TRPM8 fully-swapped, ligand-free structure in the absence of calcium at 4 degrees Celsius resolved in cell vesicles",homomeric protein,SINGLE PARTICLE
9ZFO,EMD-74146,3.05,2026-03-18T00:00:00.000+00:00,Cryo-EM Structure of Human STAT2-USP18-ISG15 Complex,heteromeric protein,SINGLE PARTICLE
9ZFY,EMD-74165,3.55,2026-05-27T00:00:00.000+00:00,7160 Fab in complex with Plasmodium falciparum rsCSP,heteromeric protein,SINGLE PARTICLE
9ZFZ,EMD-74167,3.3,2026-05-27T00:00:00.000+00:00,7118 Fab in complex with Plasmodium falciparum rsCSP,heteromeric protein,SINGLE PARTICLE
9ZHH,EMD-74236,3.4,2026-07-29T00:00:00.000+00:00,"Cryo-EM structure of IGFBP7 dodecamer. The 3D refinement was focused on the central part of the dodecamer, which contains 12 IgC2 domains.",homomeric protein,SINGLE PARTICLE
9ZJN,EMD-74329,3.2,2026-07-29T00:00:00.000+00:00,Cryo-EM structure of the Arabidopsis salicylic acid-bound NPR1-MED15 complex,heteromeric protein,SINGLE PARTICLE
9ZJR,EMD-74339,2.53,2026-02-25T00:00:00.000+00:00,"Human sterile alpha motif domain-containing protein 9 (SAMD9), monomer",homomeric protein,SINGLE PARTICLE
9ZJS,EMD-74340,3.04,2026-02-25T00:00:00.000+00:00,"Human sterile alpha motif domain-containing protein 9 (SAMD9), asymmetric dimer ""shell"" shape",homomeric protein,SINGLE PARTICLE
9ZJT,EMD-74341,2.22,2026-06-24T00:00:00.000+00:00,PSI-IsiA Complex from Anabaena 7120,heteromeric protein,SINGLE PARTICLE
9ZJU,EMD-74342,2.6,2026-02-25T00:00:00.000+00:00,"Human sterile alpha motif domain-containing protein 9 (SAMD9), symmetric dimer",homomeric protein,SINGLE PARTICLE
9ZJV,EMD-74343,3.13,2026-02-25T00:00:00.000+00:00,"Human sterile alpha motif domain-containing protein 9 (SAMD9), asymmetric dimer ""wing"" shape",homomeric protein,SINGLE PARTICLE
9ZJW,EMD-74344,2.8,2026-02-25T00:00:00.000+00:00,"Human sterile alpha motif domain-containing protein 9 (SAMD9), loss-of-function mutant R837A",homomeric protein,SINGLE PARTICLE
9ZJZ,EMD-74347,2.87,2026-02-25T00:00:00.000+00:00,"Human sterile alpha motif domain-containing protein 9 (SAMD9), loss-of-function mutant R685Q/G686C/I968C",homomeric protein,SINGLE PARTICLE
9ZK8,EMD-74353,3.18,2026-09-16T00:00:00.000+00:00,Structure of RY12 domain of rabbit RyR1 complexed with ADP and Mg2+ (mimicking physiological conditions; bound and closed RY12),homomeric protein,SINGLE PARTICLE
9ZK9,EMD-74357,3.09,2026-09-16T00:00:00.000+00:00,Structure of RY12 domain of rabbit RyR1 in the presence of dantrolene and Mg2+ (open RY12 conformation),homomeric protein,SINGLE PARTICLE
9ZKA,EMD-74359,2.64,2026-09-16T00:00:00.000+00:00,"Structure of RY12 domain of rabbit RyR1 in the presence of ATP, Mg2+, and Ca2+ (open RY12 conformation)",homomeric protein,SINGLE PARTICLE
9ZKC,EMD-74362,2.66,2026-09-16T00:00:00.000+00:00,"Structure of RY12 domain of rabbit RyR1 in the presence of ATP, ADP, and Mg2+ (mimicking physiological conditions; unbound and open RY12)",homomeric protein,SINGLE PARTICLE
9ZKD,EMD-74364,2.32,2026-09-16T00:00:00.000+00:00,Structure of RY12 domain of rabbit RyR1 complexed with ADP and Mg2+ (mimicking muscle fatigue),homomeric protein,SINGLE PARTICLE
9ZKE,EMD-74365,2.96,2026-09-16T00:00:00.000+00:00,Structure of RY12 domain of rabbit RyR1 complexed with ARM210 and ATP,homomeric protein,SINGLE PARTICLE
9ZKM,EMD-74377,3.13,2026-04-29T00:00:00.000+00:00,The LBD-TMD structure of native mouse AMPAR with 4 TARPs,heteromeric protein,SINGLE PARTICLE
9ZKN,EMD-74378,2.8,2026-04-29T00:00:00.000+00:00,The TMD structure of native mouse AMPAR with 4 TARPs,heteromeric protein,SINGLE PARTICLE
9ZKO,EMD-74379,3.04,2026-04-29T00:00:00.000+00:00,The LBD-TMD structure of native mouse AMPAR with 2 TARPs 2 CNIHs,heteromeric protein,SINGLE PARTICLE
9ZKP,EMD-74380,2.87,2026-04-29T00:00:00.000+00:00,The TMD structure of native mouse AMPAR with 2 TARPs 2 CNIHs,heteromeric protein,SINGLE PARTICLE
9ZKQ,EMD-74381,3.36,2026-04-29T00:00:00.000+00:00,The LBD-TMD structure of native mouse AMPAR with 3 TARPs 1 CNIH,heteromeric protein,SINGLE PARTICLE
9ZKR,EMD-74382,3.08,2026-04-29T00:00:00.000+00:00,The TMD structure of native mouse AMPAR with 3 TARPs 1 CNIH,heteromeric protein,SINGLE PARTICLE
9ZKS,EMD-74383,3.36,2026-04-29T00:00:00.000+00:00,The LBD-TMD structure of native mouse AMPAR with 2 TARPs 2 CNIHs and PRRT1/SynDIG4,heteromeric protein,SINGLE PARTICLE
9ZKT,EMD-74384,3.04,2026-04-29T00:00:00.000+00:00,The TMD structure of native mouse AMPAR with 2 TARPs 2 CNIHs and PRRT1/SynDIG4,heteromeric protein,SINGLE PARTICLE
9ZKU,EMD-74385,3.75,2026-04-29T00:00:00.000+00:00,The LBD-TMD structure of native mouse AMPAR with 3 TARPs 1 CNIH and PRRT1/SynDIG4,heteromeric protein,SINGLE PARTICLE
9ZKV,EMD-74386,3.45,2026-04-29T00:00:00.000+00:00,The LBD-TMD structure of native mouse AMPAR with 2 TARPs,heteromeric protein,SINGLE PARTICLE
9ZKW,EMD-74387,3.33,2026-04-29T00:00:00.000+00:00,The LBD-TMD structure of native mouse AMPAR with 3 TARPs,heteromeric protein,SINGLE PARTICLE
9ZL7,EMD-74394,2.77,2026-09-16T00:00:00.000+00:00,Structure of RY12 domain of rabbit RyR1 complexed with ATP and 4-chloro-m-cresol,homomeric protein,SINGLE PARTICLE
9ZLC,EMD-74398,2.52,2026-09-16T00:00:00.000+00:00,Structure of rabbit RyR1 RY12 domain complexed with ADP and Mg2+,homomeric protein,SINGLE PARTICLE
9ZLF,EMD-74402,2.71,2026-09-16T00:00:00.000+00:00,Structure of RY12 domain of rabbit RyR1 complexed with dantrolene and ATP,homomeric protein,SINGLE PARTICLE
9ZLH,EMD-74403,2.14,2026-09-16T00:00:00.000+00:00,Structure of RY12 domain of rabbit RyR1 complexed with dantrolene and ADP,homomeric protein,SINGLE PARTICLE
9ZLK,EMD-74405,2.79,2026-06-10T00:00:00.000+00:00,Cryo-EM structure of MgtA with bound AMPPCP and magnesium,homomeric protein,SINGLE PARTICLE
9ZLY,EMD-74415,3.07,2026-07-01T00:00:00.000+00:00,HSV-1 UL32 tripentamer,homomeric protein,SINGLE PARTICLE
9ZM2,EMD-74419,3.29,2026-07-01T00:00:00.000+00:00,Human cytomegalovirus UL52 4-mer,homomeric protein,SINGLE PARTICLE
9ZN6,EMD-74436,2.58,2026-09-16T00:00:00.000+00:00,"Structure of rabbit RyR1 complexed with FKBP12.6 and calmodulin in the presence of dantrolene, ADP, 4-chloro-m-cresol, caffeine, and Mg2+",heteromeric protein,SINGLE PARTICLE
9ZN7,EMD-74437,2.23,2026-09-16T00:00:00.000+00:00,"Structure of rabbit RyR1 complexed with FKBP12.6 and calmodulin in the presence of ATP, ADP, and Mg2+ (mimicking muscle fatigue)",heteromeric protein,SINGLE PARTICLE
9ZN8,EMD-74438,2.57,2026-09-16T00:00:00.000+00:00,"Structure of rabbit RyR1 complexed with FKBP12.6 and calmodulin in the presence of ATP, ADP, and Mg2+ (mimicking physiological conditions)",heteromeric protein,SINGLE PARTICLE
9ZN9,EMD-74439,2.77,2026-09-16T00:00:00.000+00:00,"Structure of rabbit RyR1 complexed with FKBP12.6, calmodulin, ATP, 4-chloro-m-cresol, and caffeine",heteromeric protein,SINGLE PARTICLE
9ZNA,EMD-74441,2.37,2026-09-16T00:00:00.000+00:00,"Structure of rabbit RyR1 complexed with FKBP12.6, calmodulin, ADP, 4-chloro-m-cresol, caffeine, and Mg2+",heteromeric protein,SINGLE PARTICLE
9ZND,EMD-74445,3.09,2026-09-16T00:00:00.000+00:00,"Structure of rabbit RyR1 complexed with FKBP12.6 and calmodulin in the presence of dantrolene, ATP, 4-chloro-m-cresol, caffeine, and Mg2+",heteromeric protein,SINGLE PARTICLE
9ZNN,EMD-74451,2.9,2026-02-04T00:00:00.000+00:00,Cryo-EM structure of human UDP-N-acetylglucosamine-dolichyl-phosphate N-acetylglucosaminephosphotransferase (DPAGT1) in complex with APPB,homomeric protein,SINGLE PARTICLE
9ZNO,EMD-74452,2.91,2026-02-04T00:00:00.000+00:00,Cryo-EM structure of Hydrogenivirga sp. MraY in complex with APPB,homomeric protein,SINGLE PARTICLE
9ZOF,EMD-74490,3.37,2026-08-05T00:00:00.000+00:00,Cryo-EM structure of the complete Sulfolobus acidocaldarius RNA polymerase in closed clamp conformation,heteromeric protein,SINGLE PARTICLE
9ZOH,EMD-74496,3.87,2026-08-05T00:00:00.000+00:00,Cryo-EM structure of the complete Sulfolobus acidocaldarius RNA polymerase in open clamp conformation,heteromeric protein,SINGLE PARTICLE
9ZPK,EMD-74528,3.31,2026-08-05T00:00:00.000+00:00,Cryo-EM structure of the complete Saccharomyces cerevisiae RNA polymerase II in closed clamp conformation,heteromeric protein,SINGLE PARTICLE
9ZPL,EMD-74529,3.75,2026-08-05T00:00:00.000+00:00,Cryo-EM structure of the complete Saccharomyces cerevisiae RNA polymerase II in open clamp conformation,heteromeric protein,SINGLE PARTICLE
9ZPO,EMD-74531,3.67,2026-01-14T00:00:00.000+00:00,Cryo-EM structure of KCa3.1_I/calmodulin channel in complex with SKA31.,heteromeric protein,SINGLE PARTICLE
9ZPT,EMD-74533,3.39,2026-01-14T00:00:00.000+00:00,Cryo-EM structure of KCa3.1_II/calmodulin channel in complex with SKA31.,heteromeric protein,SINGLE PARTICLE
9ZPV,EMD-74534,2.07,2026-01-14T00:00:00.000+00:00,CNGA1 channel closed state in nanodisc cGMP-free,homomeric protein,SINGLE PARTICLE
9ZPW,EMD-74535,2.47,2026-01-14T00:00:00.000+00:00,CNGA1 channel intermediate state in nanodisc cGMP-bound,homomeric protein,SINGLE PARTICLE
9ZPX,EMD-74536,2.64,2026-01-14T00:00:00.000+00:00,CNGA1 channel open state in nanodisc cGMP-bound,homomeric protein,SINGLE PARTICLE
9ZPY,EMD-74537,2.48,2026-01-14T00:00:00.000+00:00,CNGA1 channel closed state in nanodisc with brain PIP2 cGMP-free,homomeric protein,SINGLE PARTICLE
9ZPZ,EMD-74538,2.64,2026-01-14T00:00:00.000+00:00,CNGA1 channel intermediate state in nanodisc with brain PIP2 cGMP-bound,homomeric protein,SINGLE PARTICLE
9ZQ0,EMD-74539,2.11,2026-01-14T00:00:00.000+00:00,CNGA1 channel closed state in nanodisc with diC8-PIP2 cGMP-free,homomeric protein,SINGLE PARTICLE
9ZQ1,EMD-74540,2.22,2026-01-14T00:00:00.000+00:00,CNGA1 channel intermediate state in nanodisc with diC8-PIP2 cGMP-bound,homomeric protein,SINGLE PARTICLE
9ZQR,EMD-74576,2.9,2026-07-29T00:00:00.000+00:00,Composite map of the bGDH di-hexamer in apo form,homomeric protein,SINGLE PARTICLE
9ZQS,EMD-74577,2.52,2026-07-29T00:00:00.000+00:00,Mono-hexameric bGDH map in apo form,homomeric protein,SINGLE PARTICLE
9ZQT,EMD-74581,3.5,2026-07-29T00:00:00.000+00:00,Composite map of the bGDH di-hexamer in liganded form,homomeric protein,SINGLE PARTICLE
9ZQU,EMD-74582,2.18,2026-07-29T00:00:00.000+00:00,Mono-hexameric bGDH map in liganded form,homomeric protein,SINGLE PARTICLE
9ZQY,EMD-74584,3.09,2026-09-09T00:00:00.000+00:00,Structural insights into the exosite-mediated activation of Factor IX by Factor XIa using cryoEM,heteromeric protein,SINGLE PARTICLE
9ZR7,EMD-74594,3.28,2026-06-10T00:00:00.000+00:00,Cryo-EM structure of NRAS(Q61K)-BRIL fusion in complex with Fab(BAG2) and Monobody(Mb24),heteromeric protein,SINGLE PARTICLE
9ZRJ,EMD-74618,3.4,2026-06-17T00:00:00.000+00:00,cryoEM structure of hexametric HtrA from Borrelia burgdorferi with bound peptides in the active sites,heteromeric protein,SINGLE PARTICLE
9ZRK,EMD-74625,2.99,2026-01-14T00:00:00.000+00:00,Cryo-EM structure of KCa3.1_I/calmodulin channel in complex with SKA111.,heteromeric protein,SINGLE PARTICLE
9ZRL,EMD-74626,3.38,2026-01-14T00:00:00.000+00:00,Cryo-EM structure of KCa3.1_II/calmodulin channel in complex with SKA111.,heteromeric protein,SINGLE PARTICLE
9ZRQ,EMD-74627,2.77,2026-01-14T00:00:00.000+00:00,Cryo-EM structure of KCa2.2/calmodulin channel in complex with SKA31.,heteromeric protein,SINGLE PARTICLE
9ZRR,EMD-74628,3.31,2026-05-27T00:00:00.000+00:00,Cryo-EM structure of KCa2.2/calmodulin channel in complex with SKA111.,heteromeric protein,SINGLE PARTICLE
9ZRS,EMD-74629,3.4,2026-09-16T00:00:00.000+00:00,Shigella flexneri type III secretion system (T3SS) protein IpaD bound to hemolysis blocking Fab D02-F2 and hemolysis enhancing Fab D02-E4,heteromeric protein,SINGLE PARTICLE
9ZRT,EMD-74630,3.3,2026-09-16T00:00:00.000+00:00,Shigella flexneri type III secretion system (T3SS) protein IpaD bound to hemolysis blocking antibody fragment D13r-34,heteromeric protein,SINGLE PARTICLE
9ZRX,EMD-74654,3.3,2026-06-03T00:00:00.000+00:00,Cryo-EM structure of SHIV-elicited CE79-1571 Fab in complex with HIV Env trimer Q23-SCT27,protein/oligosaccharide,SINGLE PARTICLE
9ZRY,EMD-74655,2.9,2026-06-03T00:00:00.000+00:00,Cryo-EM structure of SHIV-elicited CN81-2029 Fab in complex with HIV Env trimer Q23-SCT27,protein/oligosaccharide,SINGLE PARTICLE
9ZRZ,EMD-74656,2.9,2026-06-03T00:00:00.000+00:00,Cryo-EM structure of SHIV-elicited CI93-1365 Fab in complex with HIV Env trimer Q23-SCT27,protein/oligosaccharide,SINGLE PARTICLE
9ZS7,EMD-74699,3.4,2026-08-05T00:00:00.000+00:00,"CryoEM structure of Shaker ILT (V369I,I372L,S376T)",homomeric protein,SINGLE PARTICLE
9ZT5,EMD-74737,3.21,2026-03-11T00:00:00.000+00:00,SARS-CoV-2 S2 in complex with polyclonal Fab-B_Donor3,protein/oligosaccharide,SINGLE PARTICLE
9ZT6,EMD-74738,2.83,2026-03-11T00:00:00.000+00:00,SARS-CoV-2 S2 in complex with polyclonal Fab-B_Donor8,protein/oligosaccharide,SINGLE PARTICLE
9ZT7,EMD-74739,3.11,2026-03-11T00:00:00.000+00:00,SARS-CoV-2 S2 in complex with COV2-2509,protein/oligosaccharide,SINGLE PARTICLE
9ZT8,EMD-74740,2.75,2026-03-11T00:00:00.000+00:00,Stabilized SARS-CoV-2 S2 apo,protein/oligosaccharide,SINGLE PARTICLE
9ZTC,EMD-74746,3.5,2026-04-22T00:00:00.000+00:00,"Beta-1,3-glucan synthase Fks1 S643P from Saccharomyces Cerevisiae",protein/oligosaccharide,SINGLE PARTICLE
9ZTJ,EMD-74755,3.08,2026-08-19T00:00:00.000+00:00,CryoEM structure of H5N1 A/Texas/37/2024 HA bound to Fab H91,protein/oligosaccharide,SINGLE PARTICLE
9ZTK,EMD-74756,3.7,2026-09-09T00:00:00.000+00:00,Structural insights into the exosite-mediated activation of Factor IX by Factor XIa using cryoEM,heteromeric protein,SINGLE PARTICLE
9ZUB,EMD-74802,3.65,2026-09-09T00:00:00.000+00:00,Structural insights into the exosite-mediated activation of Factor IX by Factor XIa using cryoEM,heteromeric protein,SINGLE PARTICLE
9ZUN,EMD-74822,3.55,2026-09-09T00:00:00.000+00:00,Structural insights into the exosite-mediated activation of Factor IX by Factor XIa using cryoEM,heteromeric protein,SINGLE PARTICLE
9ZV0,EMD-74842,3.24,2026-05-27T00:00:00.000+00:00,CryoEM structure of H5N1 A/Texas/37/2024 HA bound to Fab H70,protein/oligosaccharide,SINGLE PARTICLE
9ZV1,EMD-74844,2.7,2026-05-27T00:00:00.000+00:00,CryoEM structure of H5N1 A/Texas/37/2024 HA bound to Fab H51,protein/oligosaccharide,SINGLE PARTICLE
9ZV4,EMD-74855,3.15,2026-06-10T00:00:00.000+00:00,CryoEM structure of H5N1 A/Texas/37/2024 HA bound to Fab H20,protein/oligosaccharide,SINGLE PARTICLE
9ZV9,EMD-74865,2.79,2026-05-27T00:00:00.000+00:00,CryoEM structure of H5N1 A/Texas/37/2024 HA bound to Fab H77,protein/oligosaccharide,SINGLE PARTICLE
9ZVH,EMD-74873,2.93,2026-05-27T00:00:00.000+00:00,CryoEM structure of H5N1 A/Texas/37/2024 HA bound to Fab H33,protein/oligosaccharide,SINGLE PARTICLE
9ZVL,EMD-74879,3.48,2026-05-27T00:00:00.000+00:00,CryoEM structure of H5N1 A/Texas/37/2024 HA bound to Fab H83,heteromeric protein,SINGLE PARTICLE
9ZVM,EMD-74880,2.85,2026-04-08T00:00:00.000+00:00,Dimer structure of Thlaspi arvense plastid biotin carboxylase,homomeric protein,SINGLE PARTICLE
9ZVV,EMD-74892,2.4,2026-07-01T00:00:00.000+00:00,Quasibacillus thermotolerans T=4 encapsulin pore mutant variant Glass 9,homomeric protein,SINGLE PARTICLE
9ZVX,EMD-74894,3.4,2026-09-09T00:00:00.000+00:00,Structural insights into the exosite-mediated activation of Factor IX by Factor XIa using cryoEM,heteromeric protein,SINGLE PARTICLE
9ZW3,EMD-74904,2.4,2026-07-01T00:00:00.000+00:00,Quasibacillus thermotolerans T=4 encapsulin pore mutant variant Letter11,homomeric protein,SINGLE PARTICLE
9ZW4,EMD-74905,2.42,2026-07-01T00:00:00.000+00:00,Quasibacillus thermotolerans T=3 encapsulin pore mutant variant Letter11,homomeric protein,SINGLE PARTICLE
9ZWE,EMD-74907,2.75,2026-02-04T00:00:00.000+00:00,Soluble ectodomain of Herpes simplex virus 2 (HSV-2) glycoprotein B (gB) in the prefusion conformation in complex with 2c and D48 Fabs,heteromeric protein,SINGLE PARTICLE
9ZWK,EMD-74910,2.34,2026-04-01T00:00:00.000+00:00,High-resolution cryo-EM structure of KdpFABC in the E1 state in lipid nanodisc,heteromeric protein,SINGLE PARTICLE
9ZWL,EMD-74911,2.28,2026-04-01T00:00:00.000+00:00,High-resolution cryo-EM structure of KdpFABC in the E1-ATP state in lipid nanodisc,heteromeric protein,SINGLE PARTICLE
9ZWM,EMD-74912,2.25,2026-04-01T00:00:00.000+00:00,High-resolution cryo-EM structure of KdpFABC in the E1P state in lipid nanodisc,heteromeric protein,SINGLE PARTICLE
9ZWN,EMD-74913,2.58,2026-04-01T00:00:00.000+00:00,High-resolution cryo-EM structure of KdpFABC in the E2P state in lipid nanodisc,heteromeric protein,SINGLE PARTICLE
9ZWO,EMD-74914,2.72,2026-04-01T00:00:00.000+00:00,High-resolution cryo-EM structure of KdpFABC in the E2 state in lipid nanodisc,heteromeric protein,SINGLE PARTICLE
9ZXC,EMD-74919,3.4,2026-07-29T00:00:00.000+00:00,Structure of AT118-R nanobody in complex with the angiotensin II type I receptor bound to losartan,heteromeric protein,SINGLE PARTICLE
9ZXD,EMD-74920,3.2,2026-07-29T00:00:00.000+00:00,"Structure of AT118-R nanobody in complex with the angiotensin II type I receptor bound to L-162,313",heteromeric protein,SINGLE PARTICLE
9ZYS,EMD-74964,3.7,2026-07-15T00:00:00.000+00:00,Icosahedral Capsid assembly of phage Oekolampad (Bas18),heteromeric protein,SINGLE PARTICLE
9ZZJ,EMD-75003,3.28,2026-06-24T00:00:00.000+00:00,One Lmod2 at the pointed end of F-actin,heteromeric protein,SINGLE PARTICLE
9ZZM,EMD-75010,3.56,2026-06-24T00:00:00.000+00:00,Two Lmod2s and incoming actin at the pointed end of F-actin,heteromeric protein,SINGLE PARTICLE
9ZZO,EMD-75011,2.6,2026-06-17T00:00:00.000+00:00,MP1104-bound Kappa Opioid Receptor in complex with beta-arrestin1,heteromeric protein,SINGLE PARTICLE
