pdb_id,polymer_composition
10AY,heteromeric protein
10BE,protein/NA
10DQ,protein/NA
10EG,heteromeric protein
10EH,protein/NA
10EZ,heteromeric protein
10FA,homomeric protein
10FD,heteromeric protein
10FI,heteromeric protein
10FL,heteromeric protein
10FZ,protein/NA
10GJ,protein/NA
10GK,protein/NA
10GL,protein/NA
10GM,protein/NA
10GN,protein/NA
10GO,protein/NA
10IJ,homomeric protein
10IK,homomeric protein
10JA,heteromeric protein
10JB,heteromeric protein
10JF,protein/NA
10JG,protein/NA
10JH,protein/NA
10JI,protein/NA
10JJ,protein/NA
10JK,protein/NA
10KR,homomeric protein
10LN,homomeric protein
10MD,protein/NA
10MJ,protein/NA
10ML,protein/NA
10MR,homomeric protein
10MS,homomeric protein
10MT,heteromeric protein
10NK,heteromeric protein
10NL,heteromeric protein
10NT,homomeric protein
10OP,protein/oligosaccharide
10OZ,heteromeric protein
10PL,heteromeric protein
10QM,protein/NA
10QR,homomeric protein
10QT,heteromeric protein
10RN,heteromeric protein
10RR,protein/NA
10RX,homomeric protein
10SG,homomeric protein
10SH,homomeric protein
10SJ,heteromeric protein
10WC,homomeric protein
10XU,homomeric protein
10XZ,protein/NA
10YA,protein/NA
10YB,protein/NA
10YC,protein/NA
10YD,protein/NA
10YE,protein/NA
10YF,protein/NA
10YG,protein/NA
10YH,protein/NA
10YI,protein/NA
10ZY,protein/NA
10ZZ,protein/NA
11AA,protein/NA
11BQ,protein/NA
11CQ,heteromeric protein
11CV,homomeric protein
11CZ,homomeric protein
11DA,homomeric protein
11DB,homomeric protein
11DC,homomeric protein
11DD,heteromeric protein
11DE,heteromeric protein
11DF,heteromeric protein
11DG,protein/NA
11EL,protein/NA
11EN,homomeric protein
11EO,homomeric protein
11EP,homomeric protein
11FV,protein/NA
11GG,protein/NA
11GK,protein/NA
11GQ,protein/oligosaccharide
11HE,protein/NA
11HG,protein/NA
11HK,heteromeric protein
11HV,protein/NA
11HX,protein/NA
11HW,heteromeric protein
11HU,protein/NA
11HR,protein/NA
11HO,protein/oligosaccharide
11HN,homomeric protein
11HM,heteromeric protein
11HL,homomeric protein
11HF,heteromeric protein
11HD,protein/NA
11HC,protein/NA
11GP,homomeric protein
11GO,protein/NA
11GJ,protein/NA
11GI,protein/NA
11FW,homomeric protein
11FS,protein/NA
11FH,homomeric protein
11FG,heteromeric protein
11EV,homomeric protein
11EU,homomeric protein
11EQ,homomeric protein
11EI,homomeric protein
11EE,homomeric protein
11ED,heteromeric protein
11EC,homomeric protein
11DV,homomeric protein
11DR,homomeric protein
11CO,homomeric protein
11CN,homomeric protein
11CL,homomeric protein
11CK,homomeric protein
11CJ,homomeric protein
11BT,homomeric protein
11BR,homomeric protein
11BC,heteromeric protein
11AM,homomeric protein
11AK,homomeric protein
11AI,homomeric protein
11AH,homomeric protein
10ZN,heteromeric protein
10ZM,heteromeric protein
10ZL,heteromeric protein
10ZK,heteromeric protein
10XW,homomeric protein
10UP,homomeric protein
10UJ,homomeric protein
10UA,homomeric protein
10TU,homomeric protein
10TQ,homomeric protein
10TP,homomeric protein
10TM,heteromeric protein
10TL,heteromeric protein
10SS,homomeric protein
10SM,heteromeric protein
10SF,homomeric protein
10SE,homomeric protein
10SD,homomeric protein
10RK,protein/oligosaccharide
10RJ,protein/oligosaccharide
10RI,heteromeric protein
10QQ,homomeric protein
10PP,homomeric protein
10PM,homomeric protein
10OR,protein/oligosaccharide
10NR,homomeric protein
10NQ,homomeric protein
10NP,homomeric protein
10NO,homomeric protein
10NM,homomeric protein
10NB,homomeric protein
10NA,homomeric protein
10MZ,homomeric protein
10MY,homomeric protein
10MU,protein/oligosaccharide
10MK,protein/NA
10MI,protein/NA
10MG,protein/NA
10MF,protein/NA
10ME,protein/NA
10MC,protein/NA
10MB,protein/NA
10MA,protein/NA
10LM,heteromeric protein
10KF,heteromeric protein
10GX,homomeric protein
10GH,protein/oligosaccharide
10FT,heteromeric protein
10FM,homomeric protein
10FJ,heteromeric protein
10FC,protein/NA
10FB,protein/NA
10EU,homomeric protein
10ET,homomeric protein
10ES,homomeric protein
10ER,homomeric protein
10EQ,homomeric protein
10EP,homomeric protein
10EO,homomeric protein
10EN,heteromeric protein
10ED,heteromeric protein
10DW,heteromeric protein
10DP,homomeric protein
10DN,homomeric protein
10DK,homomeric protein
10DB,homomeric protein
10BU,homomeric protein
10AW,homomeric protein
10AM,homomeric protein
10AL,homomeric protein
10AD,homomeric protein
10AC,homomeric protein
11IQ,protein/NA
11IS,protein/oligosaccharide
11IT,heteromeric protein
11IW,heteromeric protein
11JJ,protein/NA
11KH,protein/NA
11KM,homomeric protein
11LP,heteromeric protein
11LQ,heteromeric protein
11LR,heteromeric protein
11LS,heteromeric protein
11ME,homomeric protein
11MF,homomeric protein
11MY,heteromeric protein
11MZ,homomeric protein
11NH,homomeric protein
11NJ,homomeric protein
11OO,heteromeric protein
11OQ,heteromeric protein
11OR,heteromeric protein
11OU,heteromeric protein
11RM,homomeric protein
11SM,homomeric protein
11SQ,homomeric protein
11SX,heteromeric protein
11TF,heteromeric protein
11TH,heteromeric protein
11UF,heteromeric protein
11UG,heteromeric protein
11UH,heteromeric protein
11UI,homomeric protein
11VE,heteromeric protein
11VV,homomeric protein
11VW,homomeric protein
11VX,homomeric protein
11VY,homomeric protein
11VZ,homomeric protein
11WB,homomeric protein
11WD,homomeric protein
11WE,homomeric protein
11XB,homomeric protein
11YB,heteromeric protein
11ZK,heteromeric protein
12AH,heteromeric protein
12BM,heteromeric protein
12BP,heteromeric protein
12BW,heteromeric protein
12BX,heteromeric protein
12DL,heteromeric protein
12DR,homomeric protein
12DS,homomeric protein
12DU,heteromeric protein
12EB,protein/NA
12EC,protein/NA
12ED,protein/NA
12EE,protein/NA
12EF,protein/NA
12EG,protein/NA
12EH,protein/NA
12EI,protein/NA
12ES,heteromeric protein
12IF,protein/oligosaccharide
12IV,heteromeric protein
12IZ,heteromeric protein
12JA,heteromeric protein
12QJ,heteromeric protein
12RV,homomeric protein
12SN,protein/NA
12ZE,homomeric protein
12ZN,heteromeric protein
13BS,heteromeric protein
13BV,heteromeric protein
13CO,protein/oligosaccharide
13FM,homomeric protein
13FN,protein/NA
13FO,protein/NA
13IO,heteromeric protein
13JV,protein/oligosaccharide
13LL,homomeric protein
13LK,homomeric protein
13LJ,homomeric protein
13KW,homomeric protein
13KK,homomeric protein
13IB,protein/oligosaccharide
13HS,homomeric protein
13HR,heteromeric protein
13HQ,homomeric protein
13GM,homomeric protein
13GJ,homomeric protein
13GH,homomeric protein
13EU,heteromeric protein
13ES,heteromeric protein
13ER,heteromeric protein
13DM,homomeric protein
13DJ,homomeric protein
13DE,heteromeric protein
13CP,protein/oligosaccharide
13CM,heteromeric protein
13BR,heteromeric protein
13BF,heteromeric protein
13BD,protein/oligosaccharide
13AJ,homomeric protein
12RU,heteromeric protein
12RT,heteromeric protein
12RP,homomeric protein
12RJ,homomeric protein
12RI,homomeric protein
12PB,heteromeric protein
12OZ,heteromeric protein
12OY,heteromeric protein
12JZ,protein/oligosaccharide
12JV,homomeric protein
12JT,protein/oligosaccharide
12JP,homomeric protein
12IY,homomeric protein
12IU,protein/oligosaccharide
12IE,protein/oligosaccharide
12ID,protein/oligosaccharide
12ER,heteromeric protein
12DK,heteromeric protein
12BZ,heteromeric protein
12BY,heteromeric protein
12BN,heteromeric protein
12BL,homomeric protein
12BK,homomeric protein
12BJ,homomeric protein
12BI,homomeric protein
12AI,homomeric protein
12AG,homomeric protein
12AD,homomeric protein
11ZW,protein/oligosaccharide
11ZV,protein/oligosaccharide
11ZS,homomeric protein
11ZJ,protein/NA
11YZ,homomeric protein
11YE,homomeric protein
11YA,homomeric protein
11XZ,homomeric protein
11XY,homomeric protein
11XX,homomeric protein
11WZ,protein/NA
11WR,heteromeric protein
11WQ,homomeric protein
11WP,homomeric protein
11WO,homomeric protein
11WN,homomeric protein
11TL,heteromeric protein
11TK,heteromeric protein
11TD,heteromeric protein
11TA,heteromeric protein
11SZ,heteromeric protein
11RN,heteromeric protein
11QC,homomeric protein
11OV,heteromeric protein
11OL,heteromeric protein
11OK,homomeric protein
11OI,homomeric protein
11OH,homomeric protein
11OC,homomeric protein
11OB,homomeric protein
11NX,homomeric protein
11NW,homomeric protein
11NU,homomeric protein
11NT,homomeric protein
11NR,homomeric protein
11NP,homomeric protein
11NO,homomeric protein
11NN,homomeric protein
11NM,homomeric protein
11NL,homomeric protein
11NK,homomeric protein
11NI,homomeric protein
11NF,heteromeric protein
11NE,heteromeric protein
11ND,heteromeric protein
11NC,heteromeric protein
11NB,heteromeric protein
11NA,heteromeric protein
11MX,homomeric protein
11MV,homomeric protein
11MU,homomeric protein
11MT,homomeric protein
11MS,homomeric protein
11MR,heteromeric protein
11MN,homomeric protein
11MH,protein/oligosaccharide
11MG,protein/oligosaccharide
11LX,heteromeric protein
11LT,heteromeric protein
11JF,heteromeric protein
11JD,homomeric protein
11JC,homomeric protein
11JB,homomeric protein
11IY,homomeric protein
11IE,homomeric protein
11ID,homomeric protein
11IC,protein/NA
11IB,homomeric protein
11IA,homomeric protein
11HZ,homomeric protein
13LU,homomeric protein
13MF,homomeric protein
20YC,heteromeric protein
20YJ,homomeric protein
20YR,homomeric protein
20YS,homomeric protein
20YY,heteromeric protein
20ZC,heteromeric protein
20ZD,heteromeric protein
20ZG,heteromeric protein
20ZH,heteromeric protein
20ZI,heteromeric protein
20ZJ,heteromeric protein
20ZK,heteromeric protein
20ZL,heteromeric protein
21AG,heteromeric protein
21AQ,protein/oligosaccharide
21BH,protein/NA
21DU,heteromeric protein
21FJ,homomeric protein
21FK,homomeric protein
21GL,heteromeric protein
21GM,heteromeric protein
21NP,homomeric protein
21NT,protein/oligosaccharide
21NX,protein/oligosaccharide
21NZ,protein/oligosaccharide
21RH,homomeric protein
21RJ,homomeric protein
21RK,heteromeric protein
21RP,protein/NA
21VQ,heteromeric protein
21WO,protein/NA
22BE,heteromeric protein
22BJ,heteromeric protein
22CR,heteromeric protein
22EM,heteromeric protein
22GK,heteromeric protein
22GL,heteromeric protein
22GM,heteromeric protein
22JY,homomeric protein
22MM,heteromeric protein
22RJ,heteromeric protein
22TR,protein/NA
22TU,protein/NA
22VL,heteromeric protein
22VT,heteromeric protein
22WR,homomeric protein
22WT,homomeric protein
23AY,heteromeric protein
23BG,protein/oligosaccharide
23BX,heteromeric protein
23FA,heteromeric protein
23FE,heteromeric protein
23FD,heteromeric protein
23FC,heteromeric protein
23FB,heteromeric protein
23EY,heteromeric protein
23EX,heteromeric protein
23EW,heteromeric protein
23DJ,homomeric protein
23CP,heteromeric protein
23BT,homomeric protein
23BD,heteromeric protein
23BB,heteromeric protein
22ZO,homomeric protein
22XO,homomeric protein
22XM,homomeric protein
22XK,homomeric protein
22XC,heteromeric protein
22WP,homomeric protein
22TH,homomeric protein
22TE,homomeric protein
22SK,heteromeric protein
22RQ,homomeric protein
22RD,homomeric protein
22QW,protein/oligosaccharide
22QV,protein/oligosaccharide
22QU,protein/oligosaccharide
22QT,protein/oligosaccharide
22QS,protein/oligosaccharide
22PS,heteromeric protein
22PL,protein/oligosaccharide
22PD,heteromeric protein
22OV,protein/oligosaccharide
22OF,heteromeric protein
22LL,heteromeric protein
22KK,heteromeric protein
22KG,homomeric protein
22JZ,heteromeric protein
22JX,heteromeric protein
22JW,heteromeric protein
22IX,homomeric protein
22IB,heteromeric protein
22HP,heteromeric protein
22HG,protein/oligosaccharide
22FY,homomeric protein
22FN,protein/NA
22EU,protein/NA
22ET,protein/NA
22ES,heteromeric protein
22EC,homomeric protein
22EB,heteromeric protein
22EA,heteromeric protein
22DZ,homomeric protein
22DY,heteromeric protein
22DX,heteromeric protein
22BV,heteromeric protein
22BU,heteromeric protein
22BK,heteromeric protein
22BI,heteromeric protein
22BH,heteromeric protein
22BG,heteromeric protein
22BF,heteromeric protein
22BD,heteromeric protein
22BC,heteromeric protein
22BA,heteromeric protein
22AZ,heteromeric protein
22AY,homomeric protein
22AX,protein/NA
22AV,protein/NA
22AK,heteromeric protein
22AJ,heteromeric protein
21ZT,protein/oligosaccharide
21ZH,protein/NA
21XO,heteromeric protein
21XM,protein/oligosaccharide
21XL,protein/oligosaccharide
21XK,protein/oligosaccharide
21XJ,protein/oligosaccharide
21WY,homomeric protein
21WL,homomeric protein
21WJ,protein/NA
21WE,protein/NA
21WC,protein/NA
21WA,protein/NA
21VM,heteromeric protein
21VL,heteromeric protein
21UY,heteromeric protein
21TY,homomeric protein
21TW,heteromeric protein
21TQ,protein/oligosaccharide
21TP,protein/oligosaccharide
21RT,heteromeric protein
21RS,homomeric protein
21RO,protein/NA
21RN,heteromeric protein
21OU,protein/NA
21OR,homomeric protein
21NY,protein/oligosaccharide
21NW,homomeric protein
21NS,protein/oligosaccharide
21NR,protein/oligosaccharide
21NQ,homomeric protein
21LT,heteromeric protein
21KT,protein/oligosaccharide
21KS,protein/oligosaccharide
21KR,protein/oligosaccharide
21KL,protein/NA
21JV,homomeric protein
21JU,homomeric protein
21GT,heteromeric protein
21GR,heteromeric protein
21GQ,heteromeric protein
21GF,homomeric protein
21FY,heteromeric protein
21FI,homomeric protein
21FH,homomeric protein
21FG,homomeric protein
21FF,homomeric protein
21FB,homomeric protein
21EO,heteromeric protein
21EN,heteromeric protein
21EA,protein/NA
21DZ,protein/NA
21DX,homomeric protein
21DI,homomeric protein
21CQ,protein/NA
21CO,heteromeric protein
21CN,protein/NA
21CB,protein/NA
21BQ,homomeric protein
21AV,protein/oligosaccharide
21AU,protein/oligosaccharide
21AO,protein/oligosaccharide
21AM,heteromeric protein
21AL,homomeric protein
21AK,homomeric protein
21AH,homomeric protein
20ZX,heteromeric protein
20ZN,homomeric protein
20YW,homomeric protein
20YV,homomeric protein
13LT,homomeric protein
13LS,homomeric protein
13LR,homomeric protein
13LP,homomeric protein
13LO,homomeric protein
13LN,homomeric protein
13LM,homomeric protein
23IL,protein/NA
23IU,heteromeric protein
23OI,heteromeric protein
23SG,heteromeric protein
23SO,heteromeric protein
23WI,protein/NA
24EW,protein/NA
24GL,heteromeric protein
24KR,heteromeric protein
24NB,homomeric protein
24QS,protein/NA
24TB,heteromeric protein
24YW,protein/NA
25FQ,heteromeric protein
25HO,homomeric protein
25HR,heteromeric protein
25HS,heteromeric protein
25HW,heteromeric protein
25II,protein/oligosaccharide
25IL,heteromeric protein
25QK,protein/NA
25QL,protein/NA
25VJ,heteromeric protein
26GS,heteromeric protein
26KA,protein/NA
26WC,heteromeric protein
26XH,heteromeric protein
27EM,heteromeric protein
28JC,heteromeric protein
28JM,heteromeric protein
28JS,protein/NA
28JV,protein/NA
28JW,protein/NA
28KE,protein/NA
28LN,protein/NA
28LO,homomeric protein
28LQ,homomeric protein
28LP,homomeric protein
28LJ,homomeric protein
28JQ,heteromeric protein
28JL,heteromeric protein
28IZ,homomeric protein
28IK,protein/oligosaccharide
28EP,homomeric protein
27ZV,homomeric protein
27ZD,homomeric protein
27XK,heteromeric protein
27WR,homomeric protein
27WM,homomeric protein
27TM,homomeric protein
27QB,homomeric protein
27QA,homomeric protein
27PZ,homomeric protein
27PY,homomeric protein
27PT,homomeric protein
27OA,protein/oligosaccharide
27KF,heteromeric protein
27KE,heteromeric protein
26ZN,heteromeric protein
26VE,homomeric protein
26VB,homomeric protein
26VA,homomeric protein
26QT,homomeric protein
26QS,homomeric protein
26QM,homomeric protein
26QJ,homomeric protein
26QI,homomeric protein
26QH,homomeric protein
26QG,homomeric protein
26QF,homomeric protein
26PF,heteromeric protein
26PC,homomeric protein
26NL,heteromeric protein
26LK,heteromeric protein
26LA,heteromeric protein
26KD,homomeric protein
26KB,homomeric protein
26JZ,protein/NA
26GP,homomeric protein
26GA,homomeric protein
26FV,homomeric protein
26FE,homomeric protein
26FB,heteromeric protein
26DK,homomeric protein
26DE,heteromeric protein
26CZ,protein/NA
26CI,homomeric protein
25XO,protein/NA
25XN,protein/NA
25XM,protein/NA
25XL,homomeric protein
25VK,homomeric protein
25VF,heteromeric protein
25VE,homomeric protein
25VD,heteromeric protein
25UJ,protein/oligosaccharide
25TY,protein/oligosaccharide
25TX,protein/oligosaccharide
25TW,protein/oligosaccharide
25TV,protein/oligosaccharide
25SU,heteromeric protein
25ST,heteromeric protein
25SB,heteromeric protein
25RG,heteromeric protein
25QP,homomeric protein
25PV,heteromeric protein
25NX,heteromeric protein
25NV,heteromeric protein
25MK,homomeric protein
25MJ,homomeric protein
25MI,homomeric protein
25LV,homomeric protein
25LE,homomeric protein
25JX,homomeric protein
25JP,homomeric protein
25JN,homomeric protein
25IK,heteromeric protein
25IJ,protein/oligosaccharide
25IH,protein/oligosaccharide
25IF,heteromeric protein
25HN,heteromeric protein
25GN,heteromeric protein
25GF,heteromeric protein
25GE,heteromeric protein
25EX,homomeric protein
24YE,heteromeric protein
24XZ,heteromeric protein
24XY,heteromeric protein
24XB,heteromeric protein
24WA,heteromeric protein
24VZ,heteromeric protein
24VY,heteromeric protein
24VW,heteromeric protein
24VV,heteromeric protein
24VU,heteromeric protein
24VT,heteromeric protein
24VS,heteromeric protein
24VR,heteromeric protein
24VQ,heteromeric protein
24VP,heteromeric protein
24VO,heteromeric protein
24VN,heteromeric protein
24VM,heteromeric protein
24VK,heteromeric protein
24VJ,heteromeric protein
24VI,heteromeric protein
24VE,heteromeric protein
24VD,heteromeric protein
24VC,heteromeric protein
24UM,homomeric protein
24TI,heteromeric protein
24SW,heteromeric protein
24SV,heteromeric protein
24RT,heteromeric protein
24RC,heteromeric protein
24QT,protein/NA
24QR,protein/NA
24QP,protein/NA
24QH,heteromeric protein
24ND,protein/NA
24NC,homomeric protein
24NA,homomeric protein
24MC,heteromeric protein
24IP,heteromeric protein
24ID,heteromeric protein
23XO,homomeric protein
23XM,homomeric protein
23XK,homomeric protein
23XI,homomeric protein
23WQ,protein/NA
23WO,heteromeric protein
23WN,heteromeric protein
23WM,heteromeric protein
23WJ,homomeric protein
23VW,protein/NA
23VV,protein/NA
23VU,protein/NA
23SR,heteromeric protein
23SQ,heteromeric protein
23SP,heteromeric protein
23SH,heteromeric protein
23SF,heteromeric protein
23PZ,homomeric protein
23PY,homomeric protein
23PX,homomeric protein
23PS,protein/oligosaccharide
23PI,homomeric protein
23PH,homomeric protein
23PG,homomeric protein
23OR,protein/NA
23NX,heteromeric protein
23IW,heteromeric protein
23IV,heteromeric protein
23IT,heteromeric protein
23IG,homomeric protein
23IF,homomeric protein
23IC,homomeric protein
23GX,protein/oligosaccharide
23GF,protein/oligosaccharide
23FJ,heteromeric protein
28LU,protein/NA
28LW,homomeric protein
28MJ,heteromeric protein
28MK,heteromeric protein
28MO,heteromeric protein
28MP,heteromeric protein
28MQ,heteromeric protein
28NT,protein/NA
28OE,protein/NA
28OP,protein/NA
28RO,heteromeric protein
28SD,heteromeric protein
28UH,protein/NA
28UI,protein/NA
28UJ,protein/NA
28UK,protein/NA
28UL,protein/NA
28UM,protein/NA
28UN,protein/NA
28YC,homomeric protein
28YE,protein/NA
28YO,homomeric protein
28ZU,protein/NA
28ZV,protein/NA
28ZX,protein/NA
28ZY,protein/NA
29EX,heteromeric protein
29GV,heteromeric protein
29HG,heteromeric protein
29JR,heteromeric protein
29OS,homomeric protein
29OU,homomeric protein
29RF,protein/NA
29TC,homomeric protein
29TI,heteromeric protein
29TK,protein/NA
29TX,heteromeric protein
29UB,protein/NA
29XZ,heteromeric protein
29YA,heteromeric protein
29YB,heteromeric protein
29YC,heteromeric protein
29YD,heteromeric protein
29YE,heteromeric protein
30EP,protein/NA
30ES,protein/NA
30FM,heteromeric protein
30GA,protein/NA
30GB,protein/NA
30GD,heteromeric protein
30GH,heteromeric protein
30HD,heteromeric protein
30JZ,heteromeric protein
30OD,homomeric protein
30OE,homomeric protein
30QZ,protein/NA
30RA,protein/NA
30RB,protein/NA
30UC,heteromeric protein
30YT,heteromeric protein
30YV,heteromeric protein
31FX,protein/NA
31FY,protein/NA
31FZ,protein/NA
31LE,protein/NA
31LF,protein/NA
31OX,heteromeric protein
31VX,heteromeric protein
32GD,homomeric protein
32GE,homomeric protein
32TO,protein/NA
33CG,heteromeric protein
33HM,homomeric protein
35TR,protein/NA
35ZW,heteromeric protein
36AZ,heteromeric protein
36BD,heteromeric protein
36BL,heteromeric protein
36BM,heteromeric protein
36CQ,heteromeric protein
36CR,heteromeric protein
36HU,heteromeric protein
36PM,protein/NA
36QD,homomeric protein
36QU,heteromeric protein
36QV,heteromeric protein
36QW,heteromeric protein
36UK,protein/NA
36PY,homomeric protein
36PR,protein/NA
36PP,protein/NA
36PO,protein/NA
36PK,protein/NA
36PJ,protein/NA
36PG,protein/NA
36PF,protein/NA
36PE,protein/NA
36PD,protein/NA
36PC,protein/NA
36PB,protein/NA
36JL,homomeric protein
36JK,homomeric protein
36JB,protein/oligosaccharide
36JA,protein/oligosaccharide
36IV,protein/NA
36IU,protein/NA
36HW,homomeric protein
36HT,protein/NA
36DN,protein/NA
36DK,protein/NA
36CW,protein/NA
36CP,protein/NA
36CG,homomeric protein
36BT,protein/NA
36BB,heteromeric protein
35ZV,heteromeric protein
35ZR,heteromeric protein
35TX,protein/NA
35TW,protein/NA
35TL,heteromeric protein
35SY,protein/NA
35SG,protein/NA
35SF,protein/NA
35SE,protein/NA
34AD,homomeric protein
33CI,heteromeric protein
33CH,heteromeric protein
33BF,homomeric protein
32ZB,homomeric protein
32YY,homomeric protein
32QB,heteromeric protein
32QA,heteromeric protein
32PZ,heteromeric protein
32NJ,protein/NA
32FI,homomeric protein
32FE,homomeric protein
31ZN,heteromeric protein
31MR,heteromeric protein
31IC,heteromeric protein
31IB,heteromeric protein
31EZ,homomeric protein
31EY,homomeric protein
31EW,homomeric protein
31EV,heteromeric protein
31ES,homomeric protein
31EP,heteromeric protein
31CK,homomeric protein
31CJ,homomeric protein
31BG,heteromeric protein
30ZA,homomeric protein
30YZ,heteromeric protein
30YY,homomeric protein
30YX,heteromeric protein
30YW,heteromeric protein
30YU,heteromeric protein
30YS,homomeric protein
30XT,protein/oligosaccharide
30WC,heteromeric protein
30UV,homomeric protein
30UU,homomeric protein
30UT,homomeric protein
30US,heteromeric protein
30SJ,homomeric protein
30QN,homomeric protein
30LD,homomeric protein
30LA,homomeric protein
30KZ,homomeric protein
30KW,homomeric protein
30KH,homomeric protein
30JW,protein/NA
30JV,protein/NA
30JE,heteromeric protein
30IE,homomeric protein
30HU,heteromeric protein
30GT,protein/NA
29TE,protein/oligosaccharide
29KM,homomeric protein
29JF,homomeric protein
29IN,heteromeric protein
29HQ,homomeric protein
29HP,homomeric protein
29HB,heteromeric protein
29CP,heteromeric protein
28YR,homomeric protein
28YQ,homomeric protein
28YP,homomeric protein
28YN,homomeric protein
28YM,homomeric protein
28WZ,heteromeric protein
28WY,heteromeric protein
28VY,protein/NA
28VJ,heteromeric protein
28TO,homomeric protein
28QN,protein/oligosaccharide
28QM,heteromeric protein
28QL,heteromeric protein
28PR,homomeric protein
28PQ,homomeric protein
28PP,homomeric protein
28PN,homomeric protein
37CY,heteromeric protein
37YA,homomeric protein
38KO,heteromeric protein
38OK,protein/NA
38PA,homomeric protein
43FX,heteromeric protein
43IE,protein/NA
43IF,protein/NA
43IG,protein/NA
43JF,homomeric protein
43JG,homomeric protein
43JH,homomeric protein
43MI,heteromeric protein
43YY,protein/oligosaccharide
44BB,protein/NA
44BW,homomeric protein
44NX,heteromeric protein
45IL,homomeric protein
45IM,homomeric protein
45IO,homomeric protein
45IP,homomeric protein
45IQ,homomeric protein
45IR,homomeric protein
8UX4,protein/NA
8V9T,heteromeric protein
9CZB,homomeric protein
9DHX,protein/NA
9DOV,protein/NA
9DP7,protein/NA
9DX0,heteromeric protein
9DX1,heteromeric protein
9DX2,heteromeric protein
9DX3,homomeric protein
9DZF,protein/oligosaccharide
9DZG,protein/oligosaccharide
9DZH,protein/oligosaccharide
9DZJ,protein/oligosaccharide
9DZK,protein/oligosaccharide
9E00,protein/NA
9E09,protein/NA
9E0F,heteromeric protein
9E0G,heteromeric protein
9E0R,protein/NA
9E16,protein/NA
9E1S,protein/NA
9E2Q,protein/NA
9E3D,protein/NA
9E4A,homomeric protein
9E4B,homomeric protein
9E4C,homomeric protein
9E4D,homomeric protein
9E4E,homomeric protein
9E4F,homomeric protein
9E4G,homomeric protein
9E4H,homomeric protein
9E4I,heteromeric protein
9E4J,heteromeric protein
9E4K,homomeric protein
9E6J,heteromeric protein
9E7I,homomeric protein
9E9E,homomeric protein
9EBB,protein/NA
9EC3,protein/NA
9EEK,heteromeric protein
9EEL,heteromeric protein
9EEM,heteromeric protein
9EEN,heteromeric protein
9EEO,heteromeric protein
9EEP,heteromeric protein
9EEQ,heteromeric protein
9EER,heteromeric protein
9EES,heteromeric protein
9EEU,heteromeric protein
9EFH,protein/oligosaccharide
9EFT,homomeric protein
9EHO,protein/NA
9EVT,protein/NA
9FQZ,protein/NA
9FY1,protein/NA
9FY2,protein/NA
9FY3,protein/NA
9GAE,heteromeric protein
9GJ6,protein/NA
9GJG,protein/oligosaccharide
9GJI,protein/oligosaccharide
9GJH,protein/oligosaccharide
9GJF,protein/oligosaccharide
9GJE,protein/oligosaccharide
9GJD,protein/oligosaccharide
9GJC,protein/oligosaccharide
9GJB,protein/oligosaccharide
9GJA,protein/oligosaccharide
9G44,protein/NA
9G42,protein/oligosaccharide
9G41,protein/oligosaccharide
9G2H,protein/oligosaccharide
9G2F,protein/oligosaccharide
9FTE,heteromeric protein
9ELS,homomeric protein
9EKA,homomeric protein
9EJB,protein/NA
9EJA,protein/NA
9EJ9,protein/NA
9EGG,homomeric protein
9EFS,homomeric protein
9EEB,heteromeric protein
9EDT,heteromeric protein
9EDS,heteromeric protein
9EDR,heteromeric protein
9EC7,protein/oligosaccharide
9EC0,heteromeric protein
9EBT,protein/NA
9EBC,heteromeric protein
9EBA,heteromeric protein
9EB9,protein/oligosaccharide
9E9V,protein/NA
9E9D,homomeric protein
9E94,homomeric protein
9E93,protein/NA
9E5X,homomeric protein
9E5V,homomeric protein
9E5U,homomeric protein
9E5N,homomeric protein
9E3I,homomeric protein
9E0L,protein/oligosaccharide
9DZ4,protein/oligosaccharide
9DX5,homomeric protein
9DX4,homomeric protein
9DWT,homomeric protein
9DSL,protein/oligosaccharide
9DPI,heteromeric protein
9DPD,heteromeric protein
9DEI,protein/NA
9DC4,heteromeric protein
9D74,heteromeric protein
9D73,heteromeric protein
9D72,heteromeric protein
9CZC,homomeric protein
9CWR,protein/oligosaccharide
9CWQ,protein/oligosaccharide
9CWP,heteromeric protein
9CTY,heteromeric protein
9CON,heteromeric protein
9COH,protein/oligosaccharide
9COG,protein/oligosaccharide
9COF,protein/oligosaccharide
9COE,protein/oligosaccharide
9COC,heteromeric protein
9CO4,homomeric protein
9CMM,heteromeric protein
9CMG,heteromeric protein
9CLV,homomeric protein
9CLT,heteromeric protein
9CLA,homomeric protein
9CKI,homomeric protein
9CK6,homomeric protein
9CK4,heteromeric protein
9CIN,protein/oligosaccharide
9CDQ,heteromeric protein
9BJJ,heteromeric protein
9BJI,heteromeric protein
9BJ8,heteromeric protein
9BIE,heteromeric protein
9BID,heteromeric protein
8YRQ,heteromeric protein
8Y71,heteromeric protein
8UBL,protein/NA
8UBK,protein/NA
8UBJ,protein/NA
8UBI,protein/NA
8U9S,protein/NA
8SUP,protein/NA
44NY,heteromeric protein
44FI,heteromeric protein
44FH,homomeric protein
44BV,homomeric protein
44AB,heteromeric protein
43SN,protein/oligosaccharide
43MU,heteromeric protein
43IB,protein/NA
43DY,homomeric protein
38LB,homomeric protein
38LA,homomeric protein
38KZ,homomeric protein
38KY,homomeric protein
38KQ,heteromeric protein
38KP,heteromeric protein
38KN,heteromeric protein
38KM,heteromeric protein
38KL,heteromeric protein
38JL,heteromeric protein
38HM,homomeric protein
37XD,homomeric protein
37UO,protein/NA
37UN,protein/NA
37KX,protein/NA
37IX,homomeric protein
37ID,homomeric protein
37IB,homomeric protein
37HT,homomeric protein
9GJL,protein/oligosaccharide
9H21,protein/NA
9H3G,protein/NA
9H52,protein/NA
9H54,protein/NA
9H55,protein/NA
9H6I,protein/NA
9H72,protein/NA
9HES,protein/NA
9HIG,protein/NA
9HMW,protein/NA
9HP8,protein/NA
9HP9,protein/NA
9HUM,protein/oligosaccharide
9HUQ,protein/NA
9HUS,protein/NA
9HVY,homomeric protein
9HY6,protein/NA
9HYM,protein/NA
9HYU,protein/oligosaccharide
9I14,protein/NA
9I2D,protein/NA
9I2E,protein/NA
9I3V,protein/oligosaccharide
9I4T,heteromeric protein
9I82,heteromeric protein
9I88,protein/NA
9I89,protein/NA
9IAS,heteromeric protein
9IAX,protein/NA
9IB1,heteromeric protein
9IB3,heteromeric protein
9IF7,protein/NA
9IF8,protein/NA
9IFM,heteromeric protein
9IGW,protein/NA
9IRI,protein/NA
9IRU,heteromeric protein
9IU4,protein/NA
9J4C,heteromeric protein
9J5L,heteromeric protein
9JB7,homomeric protein
9JBS,homomeric protein
9JBU,homomeric protein
9JCS,homomeric protein
9JKH,homomeric protein
9JKI,homomeric protein
9JKJ,homomeric protein
9JKK,homomeric protein
9JKR,heteromeric protein
9JPO,protein/NA
9JPP,protein/NA
9JQ2,protein/NA
9JRH,homomeric protein
9JY4,heteromeric protein
9JY3,heteromeric protein
9JRG,homomeric protein
9JRD,homomeric protein
9JQO,homomeric protein
9JPM,protein/NA
9JPH,protein/NA
9JPG,protein/NA
9JPF,protein/NA
9JN2,homomeric protein
9JN1,homomeric protein
9JLP,heteromeric protein
9JL3,protein/NA
9JKM,homomeric protein
9JHD,protein/NA
9JHC,protein/NA
9JHB,protein/NA
9JC0,homomeric protein
9JBT,homomeric protein
9J9E,protein/NA
9J94,heteromeric protein
9J93,protein/oligosaccharide
9J87,heteromeric protein
9J6V,homomeric protein
9J6U,homomeric protein
9J6T,homomeric protein
9J6S,homomeric protein
9J6R,homomeric protein
9J5O,protein/NA
9J5K,heteromeric protein
9J5I,heteromeric protein
9IYC,homomeric protein
9IX6,protein/NA
9IVJ,heteromeric protein
9IUB,protein/NA
9IUA,protein/NA
9IU9,protein/NA
9IU8,protein/NA
9IU6,protein/NA
9IU5,protein/NA
9IU3,protein/NA
9IU2,protein/NA
9IRS,heteromeric protein
9IRF,protein/NA
9IRD,heteromeric protein
9IPO,homomeric protein
9IPN,homomeric protein
9IPM,homomeric protein
9IP5,homomeric protein
9INZ,homomeric protein
9IHN,homomeric protein
9IHH,homomeric protein
9IGX,protein/NA
9IGS,protein/oligosaccharide
9IGJ,protein/NA
9IFO,heteromeric protein
9IFC,protein/NA
9IF5,protein/NA
9IBW,heteromeric protein
9IBS,homomeric protein
9IBD,heteromeric protein
9IBC,protein/NA
9IB2,protein/oligosaccharide
9IB0,protein/oligosaccharide
9IAZ,heteromeric protein
9IAR,heteromeric protein
9IAO,heteromeric protein
9IAN,heteromeric protein
9I9Y,heteromeric protein
9I8U,homomeric protein
9I8C,homomeric protein
9I83,heteromeric protein
9I7X,protein/oligosaccharide
9I7V,homomeric protein
9I7M,homomeric protein
9I6D,homomeric protein
9I66,homomeric protein
9I61,homomeric protein
9I60,homomeric protein
9I5Z,homomeric protein
9I5N,heteromeric protein
9I3T,heteromeric protein
9I3R,homomeric protein
9I3P,protein/oligosaccharide
9I3L,protein/NA
9I2G,protein/NA
9I2F,protein/NA
9I28,homomeric protein
9I1Z,heteromeric protein
9I07,heteromeric protein
9I06,heteromeric protein
9HZG,protein/NA
9HYW,homomeric protein
9HYI,heteromeric protein
9HYF,heteromeric protein
9HXN,homomeric protein
9HXM,homomeric protein
9HXL,homomeric protein
9HXJ,homomeric protein
9HXI,protein/NA
9HXH,protein/NA
9HXG,protein/NA
9HXF,protein/NA
9HXE,protein/NA
9HXD,homomeric protein
9HXB,homomeric protein
9HWL,homomeric protein
9HWK,heteromeric protein
9HWJ,homomeric protein
9HV6,homomeric protein
9HV5,homomeric protein
9HV4,homomeric protein
9HV0,homomeric protein
9HUZ,homomeric protein
9HUY,homomeric protein
9HUX,homomeric protein
9HUG,homomeric protein
9HUF,homomeric protein
9HUE,homomeric protein
9HU6,heteromeric protein
9HU5,heteromeric protein
9HU4,heteromeric protein
9HN2,heteromeric protein
9HN1,heteromeric protein
9HKT,protein/oligosaccharide
9HJX,heteromeric protein
9HJQ,homomeric protein
9HFK,homomeric protein
9H8N,homomeric protein
9H7U,homomeric protein
9H6T,protein/NA
9H5I,homomeric protein
9H51,protein/NA
9H50,homomeric protein
9H4M,protein/NA
9H4L,protein/NA
9H4K,protein/NA
9H4J,protein/NA
9H2Q,heteromeric protein
9H2M,protein/NA
9H2G,protein/NA
9H1V,protein/NA
9H1H,protein/NA
9GJM,protein/oligosaccharide
9GJK,protein/oligosaccharide
9GJJ,protein/oligosaccharide
9K11,protein/NA
9K1E,heteromeric protein
9K4J,heteromeric protein
9K4M,heteromeric protein
9K4R,heteromeric protein
9K4V,heteromeric protein
9K4X,heteromeric protein
9K51,heteromeric protein
9K53,heteromeric protein
9K56,heteromeric protein
9K5C,heteromeric protein
9K7V,heteromeric protein
9K88,homomeric protein
9KDT,protein/NA
9KDU,protein/NA
9KDV,protein/NA
9KKN,homomeric protein
9KOG,heteromeric protein
9KOH,heteromeric protein
9KPZ,heteromeric protein
9L06,protein/NA
9L19,homomeric protein
9L1E,homomeric protein
9L2T,homomeric protein
9L6O,heteromeric protein
9L76,heteromeric protein
9L94,protein/NA
9L95,protein/NA
9L98,protein/NA
9L9C,protein/NA
9L9J,protein/NA
9L9K,protein/NA
9LBW,heteromeric protein
9LDV,heteromeric protein
9LL7,heteromeric protein
9LL8,heteromeric protein
9LLE,heteromeric protein
9LLF,heteromeric protein
9LLJ,heteromeric protein
9LOU,protein/NA
9LOX,protein/NA
9LOY,heteromeric protein
9LP0,heteromeric protein
9LOZ,heteromeric protein
9LOV,protein/NA
9LOG,protein/oligosaccharide
9LOF,protein/oligosaccharide
9LOE,protein/oligosaccharide
9LO8,heteromeric protein
9LNO,homomeric protein
9LNN,homomeric protein
9LNM,homomeric protein
9LNA,homomeric protein
9LN9,heteromeric protein
9LN7,protein/oligosaccharide
9LN6,heteromeric protein
9LN4,heteromeric protein
9LM6,heteromeric protein
9LM5,heteromeric protein
9LM0,homomeric protein
9LLZ,homomeric protein
9LLY,heteromeric protein
9LLI,heteromeric protein
9LLH,heteromeric protein
9LLG,heteromeric protein
9LLC,heteromeric protein
9LLB,heteromeric protein
9LLA,heteromeric protein
9LL9,heteromeric protein
9LKZ,protein/oligosaccharide
9LKJ,protein/NA
9LKD,homomeric protein
9LKB,heteromeric protein
9LK6,heteromeric protein
9LK2,heteromeric protein
9LJI,homomeric protein
9LJF,protein/NA
9LJE,protein/NA
9LJC,homomeric protein
9LJB,homomeric protein
9LJA,homomeric protein
9LJ4,protein/NA
9LJ0,homomeric protein
9LIY,homomeric protein
9LIX,homomeric protein
9LIW,homomeric protein
9LIV,homomeric protein
9LIS,protein/NA
9LIR,protein/NA
9LIQ,protein/NA
9LIH,heteromeric protein
9LHZ,protein/oligosaccharide
9LGT,homomeric protein
9LFD,heteromeric protein
9LFC,heteromeric protein
9LFA,heteromeric protein
9LEZ,protein/oligosaccharide
9LEY,protein/oligosaccharide
9LEX,protein/oligosaccharide
9LEV,protein/oligosaccharide
9LEU,protein/oligosaccharide
9LET,protein/oligosaccharide
9LEG,heteromeric protein
9LEB,protein/NA
9LE2,heteromeric protein
9LE1,heteromeric protein
9LE0,heteromeric protein
9LDZ,heteromeric protein
9LDX,heteromeric protein
9LDW,heteromeric protein
9LD2,heteromeric protein
9LCQ,heteromeric protein
9LCP,heteromeric protein
9LCO,heteromeric protein
9LCK,protein/NA
9LBQ,protein/NA
9LAH,homomeric protein
9LAB,homomeric protein
9LAA,homomeric protein
9L9V,protein/NA
9L9O,heteromeric protein
9L9H,heteromeric protein
9L96,protein/NA
9L8W,homomeric protein
9L8O,protein/NA/oligosaccharide
9L8N,protein/oligosaccharide
9L8M,protein/NA/oligosaccharide
9L6P,homomeric protein
9L6I,homomeric protein
9L5I,heteromeric protein
9L5D,heteromeric protein
9L58,heteromeric protein
9L3Q,protein/oligosaccharide
9L3I,protein/oligosaccharide
9L38,homomeric protein
9L36,homomeric protein
9L2O,homomeric protein
9L1L,heteromeric protein
9L1D,homomeric protein
9L1C,homomeric protein
9L1B,homomeric protein
9L1A,homomeric protein
9L0A,heteromeric protein
9KZH,heteromeric protein
9KZG,heteromeric protein
9KWY,protein/oligosaccharide
9KVS,homomeric protein
9KU1,homomeric protein
9KSL,homomeric protein
9KQM,homomeric protein
9KQ5,homomeric protein
9KQ0,heteromeric protein
9KOF,heteromeric protein
9KKO,homomeric protein
9KH6,homomeric protein
9KDW,protein/NA
9KCF,heteromeric protein
9KC4,heteromeric protein
9KBZ,protein/NA
9KBY,protein/NA
9KAG,heteromeric protein
9KAF,heteromeric protein
9K91,homomeric protein
9K90,homomeric protein
9K8Y,homomeric protein
9K7S,homomeric protein
9K7G,homomeric protein
9K6X,heteromeric protein
9K5E,heteromeric protein
9K5D,heteromeric protein
9K5B,heteromeric protein
9K54,heteromeric protein
9K50,heteromeric protein
9K4Z,heteromeric protein
9K4Y,heteromeric protein
9K4W,heteromeric protein
9K4U,heteromeric protein
9K4K,heteromeric protein
9K4B,homomeric protein
9K4A,homomeric protein
9K3Y,heteromeric protein
9K3X,heteromeric protein
9K3S,heteromeric protein
9K32,protein/NA
9K31,protein/NA
9K30,protein/NA
9K2Z,protein/NA
9K18,protein/NA
9K17,protein/NA
9K16,protein/NA
9K15,protein/NA
9K14,protein/NA
9K13,protein/NA
9K12,protein/NA
9JZR,heteromeric protein
9JZN,homomeric protein
9JZL,protein/NA
9JZK,homomeric protein
9JZJ,homomeric protein
9JZI,homomeric protein
9LPZ,heteromeric protein
9LQW,heteromeric protein
9LT3,protein/oligosaccharide
9LTT,protein/NA
9LUT,heteromeric protein
9LV4,heteromeric protein
9LV5,protein/NA
9LV6,protein/NA
9LV7,protein/NA
9LVI,protein/oligosaccharide
9M0P,protein/NA
9M0X,heteromeric protein
9M0Z,heteromeric protein
9M1P,heteromeric protein
9M1S,heteromeric protein
9M3S,heteromeric protein
9M5A,heteromeric protein
9M5T,homomeric protein
9M8E,heteromeric protein
9M9X,homomeric protein
9MA0,heteromeric protein
9MA7,heteromeric protein
9MBP,heteromeric protein
9MC7,heteromeric protein
9MI8,protein/NA
9MKF,homomeric protein
9MKG,heteromeric protein
9MKT,protein/NA
9MKU,protein/NA
9MKV,protein/NA
9MKW,protein/NA
9MKX,protein/NA
9MN1,heteromeric protein
9MNC,protein/NA
9MNM,homomeric protein
9MOF,heteromeric protein
9MQM,homomeric protein
9MU7,protein/NA
9MUH,homomeric protein
9MXU,heteromeric protein
9MX7,homomeric protein
9MX6,homomeric protein
9MX4,homomeric protein
9MVS,protein/NA
9MVF,heteromeric protein
9MVE,heteromeric protein
9MVC,heteromeric protein
9MUR,heteromeric protein
9MUN,homomeric protein
9MT7,homomeric protein
9MQ0,heteromeric protein
9MPZ,heteromeric protein
9MOY,heteromeric protein
9MOH,heteromeric protein
9MOG,heteromeric protein
9MNB,heteromeric protein
9MN3,heteromeric protein
9MN0,homomeric protein
9MMZ,homomeric protein
9MMY,homomeric protein
9MM5,heteromeric protein
9MLC,protein/NA
9MK6,homomeric protein
9MJO,homomeric protein
9MIX,homomeric protein
9MCV,homomeric protein
9MCU,homomeric protein
9MCT,homomeric protein
9MCS,homomeric protein
9MCR,homomeric protein
9MCG,heteromeric protein
9MCB,heteromeric protein
9MC9,heteromeric protein
9MC6,heteromeric protein
9MC5,heteromeric protein
9MC4,heteromeric protein
9MC2,homomeric protein
9MBZ,protein/oligosaccharide
9MBQ,heteromeric protein
9MBO,heteromeric protein
9MB8,heteromeric protein
9MB7,protein/NA
9MB6,protein/NA
9MB5,heteromeric protein
9MB2,protein/NA
9MAV,protein/oligosaccharide
9MAO,heteromeric protein
9MAN,heteromeric protein
9MAK,heteromeric protein
9MAI,heteromeric protein
9MAG,heteromeric protein
9MAE,heteromeric protein
9MA8,protein/oligosaccharide
9MA5,heteromeric protein
9M9W,homomeric protein
9M9Q,homomeric protein
9M9P,homomeric protein
9M9M,homomeric protein
9M9F,homomeric protein
9M9E,protein/NA
9M9D,protein/NA
9M98,protein/NA
9M8U,homomeric protein
9M8F,homomeric protein
9M8D,heteromeric protein
9M80,protein/oligosaccharide
9M7W,protein/NA
9M7U,protein/NA
9M7S,heteromeric protein
9M7R,homomeric protein
9M7Q,homomeric protein
9M7K,heteromeric protein
9M7H,heteromeric protein
9M7G,heteromeric protein
9M7B,homomeric protein
9M77,protein/NA
9M72,heteromeric protein
9M6W,heteromeric protein
9M5Z,heteromeric protein
9M5L,homomeric protein
9M5K,homomeric protein
9M5C,heteromeric protein
9M4E,homomeric protein
9M4D,homomeric protein
9M4C,homomeric protein
9M49,protein/NA
9M48,protein/NA
9M42,heteromeric protein
9M40,heteromeric protein
9M3Q,heteromeric protein
9M2X,heteromeric protein
9M2S,heteromeric protein
9M2O,heteromeric protein
9M1U,heteromeric protein
9M1R,heteromeric protein
9M0N,homomeric protein
9M0J,heteromeric protein
9LZZ,homomeric protein
9LZY,homomeric protein
9LZH,protein/oligosaccharide
9LZ2,heteromeric protein
9LZ1,heteromeric protein
9LZ0,heteromeric protein
9LYI,heteromeric protein
9LY6,heteromeric protein
9LY5,heteromeric protein
9LY3,heteromeric protein
9LY2,heteromeric protein
9LXP,heteromeric protein
9LXF,heteromeric protein
9LXE,heteromeric protein
9LXD,heteromeric protein
9LWN,heteromeric protein
9LWI,heteromeric protein
9LWC,heteromeric protein
9LW5,heteromeric protein
9LW3,homomeric protein
9LW1,homomeric protein
9LVS,protein/oligosaccharide
9LV9,heteromeric protein
9LUU,heteromeric protein
9LUJ,homomeric protein
9LU8,protein/oligosaccharide
9LU7,heteromeric protein
9LU6,heteromeric protein
9LU5,heteromeric protein
9LU4,heteromeric protein
9LU1,heteromeric protein
9LTZ,heteromeric protein
9LTW,heteromeric protein
9LTR,heteromeric protein
9LTO,heteromeric protein
9LTM,protein/NA
9LTL,heteromeric protein
9LTJ,heteromeric protein
9LSZ,protein/oligosaccharide
9LSY,heteromeric protein
9LS3,protein/oligosaccharide
9LRW,protein/NA
9LRV,protein/NA
9LRS,heteromeric protein
9LRM,heteromeric protein
9LRK,homomeric protein
9LR3,heteromeric protein
9LR2,heteromeric protein
9LR1,heteromeric protein
9LR0,protein/NA
9LQZ,homomeric protein
9LQY,homomeric protein
9LQX,heteromeric protein
9LQV,protein/NA
9LQU,heteromeric protein
9LQT,homomeric protein
9LQQ,protein/NA
9LQP,protein/NA
9LQO,protein/NA
9LQJ,heteromeric protein
9LPW,heteromeric protein
9LPK,heteromeric protein
9LP1,heteromeric protein
9MZE,heteromeric protein
9MZG,heteromeric protein
9N05,heteromeric protein
9N09,heteromeric protein
9N0E,heteromeric protein
9N1P,heteromeric protein
9N37,heteromeric protein
9N96,protein/NA
9NAU,homomeric protein
9NAV,heteromeric protein
9NBT,protein/oligosaccharide
9NBY,protein/oligosaccharide
9NC0,protein/oligosaccharide
9NC3,protein/oligosaccharide
9NEJ,homomeric protein
9NEN,homomeric protein
9NEP,protein/NA
9NF8,protein/NA
9NFA,protein/NA
9NFT,heteromeric protein
9NFX,protein/NA
9NG0,protein/NA
9NGK,homomeric protein
9NGO,heteromeric protein
9NH5,protein/NA
9NH6,protein/NA
9NJ9,protein/oligosaccharide
9NN1,heteromeric protein
9NNC,homomeric protein
9NU8,heteromeric protein
9NUK,protein/NA
9NUV,protein/NA
9NW0,protein/oligosaccharide
9NX1,protein/oligosaccharide
9NYX,protein/oligosaccharide
9O04,heteromeric protein
9O0L,heteromeric protein
9O2Y,protein/NA
9O3V,protein/NA
9O3G,homomeric protein
9O36,heteromeric protein
9O2X,protein/NA
9O1P,homomeric protein
9O1O,homomeric protein
9O1N,homomeric protein
9O1M,homomeric protein
9O1L,homomeric protein
9O1I,homomeric protein
9O0G,protein/NA
9NZU,homomeric protein
9NZT,protein/NA
9NZS,protein/NA
9NZR,protein/NA
9NZQ,protein/NA
9NZP,protein/NA
9NZO,protein/NA
9NZ0,heteromeric protein
9NYR,heteromeric protein
9NYP,heteromeric protein
9NY0,homomeric protein
9NXZ,homomeric protein
9NX2,protein/oligosaccharide
9NX0,protein/oligosaccharide
9NWV,homomeric protein
9NWT,heteromeric protein
9NWS,heteromeric protein
9NWR,homomeric protein
9NW1,protein/oligosaccharide
9NVZ,protein/oligosaccharide
9NVY,protein/oligosaccharide
9NVX,protein/oligosaccharide
9NVW,protein/oligosaccharide
9NVV,protein/oligosaccharide
9NVS,homomeric protein
9NVR,heteromeric protein
9NVQ,heteromeric protein
9NVP,heteromeric protein
9NVO,heteromeric protein
9NVN,heteromeric protein
9NVG,protein/oligosaccharide
9NUY,protein/NA
9NUX,protein/NA
9NUW,protein/NA
9NUU,protein/NA
9NUT,protein/NA
9NUR,protein/NA
9NUQ,protein/NA
9NUP,protein/NA
9NUO,protein/NA
9NUN,protein/NA
9NUM,protein/NA
9NUL,protein/NA
9NUJ,protein/NA
9NUI,protein/NA
9NUH,protein/NA
9NUF,protein/NA
9NU5,heteromeric protein
9NU4,heteromeric protein
9NRH,heteromeric protein
9NRG,heteromeric protein
9NRF,heteromeric protein
9NRE,heteromeric protein
9NRD,heteromeric protein
9NR4,heteromeric protein
9NR1,heteromeric protein
9NQL,heteromeric protein
9NQ6,heteromeric protein
9NQ1,heteromeric protein
9NPW,heteromeric protein
9NPM,protein/oligosaccharide
9NP0,heteromeric protein
9NOZ,protein/oligosaccharide
9NOQ,heteromeric protein
9NOP,heteromeric protein
9NOO,heteromeric protein
9NON,homomeric protein
9NOC,heteromeric protein
9NO9,homomeric protein
9NO8,homomeric protein
9NNZ,protein/oligosaccharide
9NNN,homomeric protein
9NNL,heteromeric protein
9NMT,homomeric protein
9NMS,homomeric protein
9NJS,homomeric protein
9NJA,protein/oligosaccharide
9NJ6,protein/oligosaccharide
9NJ3,protein/oligosaccharide
9NJ2,heteromeric protein
9NI8,heteromeric protein
9NI7,heteromeric protein
9NI6,heteromeric protein
9NI5,heteromeric protein
9NI4,heteromeric protein
9NI3,heteromeric protein
9NHZ,homomeric protein
9NGZ,homomeric protein
9NFZ,protein/NA
9NFY,protein/NA
9NFW,protein/NA
9NFV,protein/NA
9NFN,homomeric protein
9NF7,homomeric protein
9NEY,heteromeric protein
9NET,homomeric protein
9NEQ,homomeric protein
9NEF,homomeric protein
9NCO,heteromeric protein
9NCN,protein/oligosaccharide
9NCK,homomeric protein
9NCJ,homomeric protein
9NC9,homomeric protein
9NC8,protein/oligosaccharide
9NC6,protein/oligosaccharide
9NB3,homomeric protein
9NB1,protein/NA
9NAL,homomeric protein
9NAH,homomeric protein
9N9W,homomeric protein
9N9I,heteromeric protein
9N9H,heteromeric protein
9N9G,heteromeric protein
9N9F,heteromeric protein
9N9E,heteromeric protein
9N8Z,homomeric protein
9N8Y,homomeric protein
9N8J,protein/oligosaccharide
9N8F,protein/oligosaccharide
9N84,heteromeric protein
9N7V,protein/oligosaccharide
9N7T,protein/oligosaccharide
9N7S,protein/oligosaccharide
9N7Q,protein/oligosaccharide
9N7F,homomeric protein
9N6D,homomeric protein
9N5N,homomeric protein
9N5J,homomeric protein
9N3Z,protein/NA
9N3Y,protein/NA
9N3V,homomeric protein
9N3B,heteromeric protein
9N38,heteromeric protein
9N2I,heteromeric protein
9N29,heteromeric protein
9N1Q,heteromeric protein
9N0L,homomeric protein
9N04,heteromeric protein
9N01,heteromeric protein
9N00,homomeric protein
9MZS,protein/oligosaccharide
9MZR,homomeric protein
9MZP,protein/oligosaccharide
9MZO,protein/oligosaccharide
9MZN,protein/oligosaccharide
9MZM,protein/oligosaccharide
9MZK,protein/oligosaccharide
9MZJ,protein/oligosaccharide
9MZI,protein/oligosaccharide
9MZF,heteromeric protein
9MYS,protein/NA
9O3W,protein/NA
9O3Y,protein/NA
9O65,heteromeric protein
9O6V,homomeric protein
9O6W,homomeric protein
9O6X,homomeric protein
9O6Y,homomeric protein
9O6Z,homomeric protein
9O76,homomeric protein
9O79,homomeric protein
9O7E,heteromeric protein
9O7O,protein/NA
9O8P,protein/NA
9O8Z,protein/NA
9O9M,protein/NA
9OAA,heteromeric protein
9ODH,heteromeric protein
9ODJ,heteromeric protein
9ODK,heteromeric protein
9ODT,homomeric protein
9OFA,homomeric protein
9OI2,heteromeric protein
9OI3,heteromeric protein
9OIR,homomeric protein
9OJ2,heteromeric protein
9OKE,heteromeric protein
9OKL,heteromeric protein
9OKQ,heteromeric protein
9OLF,protein/NA
9OMY,heteromeric protein
9OMZ,heteromeric protein
9ON2,heteromeric protein
9OOX,heteromeric protein
9ORP,homomeric protein
9OS7,heteromeric protein
9OSS,heteromeric protein
9OST,heteromeric protein
9OSU,heteromeric protein
9OUP,protein/oligosaccharide
9OV4,protein/oligosaccharide
9OV5,homomeric protein
9OVM,protein/oligosaccharide
9OVV,heteromeric protein
9OVU,protein/oligosaccharide
9OVT,heteromeric protein
9OVP,protein/oligosaccharide
9OVO,protein/oligosaccharide
9OVN,protein/oligosaccharide
9OVL,protein/oligosaccharide
9OVK,protein/oligosaccharide
9OVD,homomeric protein
9OV9,homomeric protein
9OV1,homomeric protein
9OV0,homomeric protein
9OUZ,homomeric protein
9OUS,homomeric protein
9OUR,protein/oligosaccharide
9OUQ,protein/oligosaccharide
9OUO,protein/oligosaccharide
9OUN,protein/oligosaccharide
9OUM,protein/oligosaccharide
9OTK,homomeric protein
9OTH,homomeric protein
9OTA,homomeric protein
9OSI,heteromeric protein
9OSG,heteromeric protein
9OSF,heteromeric protein
9OSB,homomeric protein
9OS2,heteromeric protein
9OQD,heteromeric protein
9OQ7,homomeric protein
9OPU,homomeric protein
9OPR,protein/oligosaccharide
9OPQ,heteromeric protein
9OPJ,heteromeric protein
9ONK,heteromeric protein
9ONJ,heteromeric protein
9ONC,homomeric protein
9ON6,homomeric protein
9ON5,homomeric protein
9ON3,protein/oligosaccharide
9OMR,homomeric protein
9OME,homomeric protein
9OM7,homomeric protein
9OM5,protein/oligosaccharide
9OM2,homomeric protein
9OM0,homomeric protein
9OLX,homomeric protein
9OLM,homomeric protein
9OLL,homomeric protein
9OLK,homomeric protein
9OL4,heteromeric protein
9OKP,heteromeric protein
9OKO,heteromeric protein
9OKK,heteromeric protein
9OKD,protein/NA
9OK8,homomeric protein
9OK7,homomeric protein
9OJM,protein/NA
9OJK,homomeric protein
9OIP,homomeric protein
9OII,homomeric protein
9OIG,protein/NA
9OIF,homomeric protein
9OID,homomeric protein
9OI9,homomeric protein
9OHN,homomeric protein
9OHM,heteromeric protein
9OHK,homomeric protein
9OHF,homomeric protein
9OHE,homomeric protein
9OHD,homomeric protein
9OHC,homomeric protein
9OH4,protein/NA
9OGY,protein/NA
9OGH,homomeric protein
9OFW,homomeric protein
9OFN,homomeric protein
9OFI,protein/oligosaccharide
9OEN,protein/oligosaccharide
9OEM,protein/oligosaccharide
9OEK,homomeric protein
9OEH,protein/oligosaccharide
9OEG,heteromeric protein
9OEF,heteromeric protein
9OED,protein/oligosaccharide
9OE8,homomeric protein
9OE7,homomeric protein
9OE6,homomeric protein
9OE5,homomeric protein
9OE4,homomeric protein
9OE3,homomeric protein
9OE2,homomeric protein
9OE1,homomeric protein
9OE0,homomeric protein
9ODZ,homomeric protein
9ODY,homomeric protein
9ODU,heteromeric protein
9ODO,heteromeric protein
9ODN,heteromeric protein
9ODM,heteromeric protein
9ODL,heteromeric protein
9ODI,heteromeric protein
9ODF,heteromeric protein
9ODE,heteromeric protein
9OC2,heteromeric protein
9OC1,heteromeric protein
9OC0,heteromeric protein
9OBZ,heteromeric protein
9OBY,heteromeric protein
9OBX,heteromeric protein
9OBW,heteromeric protein
9OBV,heteromeric protein
9OBU,heteromeric protein
9OBT,heteromeric protein
9OBS,heteromeric protein
9OBK,homomeric protein
9OB1,protein/NA
9OAJ,protein/oligosaccharide
9OAE,protein/NA
9OAD,protein/NA
9OAC,protein/NA
9OAB,heteromeric protein
9OA9,protein/oligosaccharide
9OA3,homomeric protein
9O9L,protein/NA
9O9K,heteromeric protein
9O9J,heteromeric protein
9O98,homomeric protein
9O97,homomeric protein
9O96,homomeric protein
9O95,homomeric protein
9O8T,protein/oligosaccharide
9O8S,protein/oligosaccharide
9O8R,protein/oligosaccharide
9O8Q,protein/oligosaccharide
9O8M,protein/oligosaccharide
9O8H,homomeric protein
9O8E,homomeric protein
9O8D,homomeric protein
9O7T,protein/NA
9O7M,homomeric protein
9O7I,heteromeric protein
9O7G,heteromeric protein
9O7F,heteromeric protein
9O7D,heteromeric protein
9O7C,homomeric protein
9O7B,homomeric protein
9O6G,homomeric protein
9O6A,homomeric protein
9O5Q,homomeric protein
9O5D,heteromeric protein
9O5A,heteromeric protein
9O59,homomeric protein
9O4R,heteromeric protein
9O4G,heteromeric protein
9O4E,heteromeric protein
9O4C,heteromeric protein
9O49,heteromeric protein
9O3Z,heteromeric protein
9OVY,heteromeric protein
9OW3,protein/oligosaccharide
9OXA,heteromeric protein
9OXB,heteromeric protein
9OY8,protein/NA
9OYJ,protein/NA
9OYV,protein/NA
9OZ9,protein/NA
9OZN,protein/NA
9OZZ,protein/NA
9P0E,protein/NA
9P0J,homomeric protein
9P1V,heteromeric protein
9P3N,homomeric protein
9P3O,homomeric protein
9P3P,homomeric protein
9P3Q,homomeric protein
9P3R,homomeric protein
9P3S,homomeric protein
9P3T,homomeric protein
9P3U,homomeric protein
9P3V,homomeric protein
9P3W,homomeric protein
9P4N,heteromeric protein
9P4Q,heteromeric protein
9P53,heteromeric protein
9P54,heteromeric protein
9P6G,protein/oligosaccharide
9P6X,protein/oligosaccharide
9P80,heteromeric protein
9P87,heteromeric protein
9P9L,homomeric protein
9P9M,homomeric protein
9P9R,heteromeric protein
9P9S,heteromeric protein
9PA1,heteromeric protein
9PA4,heteromeric protein
9PA6,heteromeric protein
9PA8,heteromeric protein
9PAW,heteromeric protein
9PB5,homomeric protein
9PB6,homomeric protein
9PE0,homomeric protein
9PE1,protein/oligosaccharide
9PEL,protein/oligosaccharide
9PEX,heteromeric protein
9PG8,protein/NA
9PGC,protein/NA
9PGF,protein/NA
9PGI,protein/NA
9PGL,protein/NA
9PGM,protein/NA
9PHC,protein/NA
9PI7,heteromeric protein
9PI8,heteromeric protein
9PIH,protein/NA
9PII,protein/NA
9PIJ,protein/NA
9PIV,protein/oligosaccharide
9PJ7,protein/NA
9PJ8,protein/NA
9PJ9,protein/NA
9PKB,protein/NA
9PKD,protein/NA
9PKW,heteromeric protein
9PKZ,heteromeric protein
9PN5,protein/NA
9PNA,heteromeric protein
9PN9,heteromeric protein
9PN8,heteromeric protein
9PMS,heteromeric protein
9PMQ,heteromeric protein
9PMO,heteromeric protein
9PM6,heteromeric protein
9PM0,protein/NA
9PLR,heteromeric protein
9PLQ,heteromeric protein
9PKY,heteromeric protein
9PKX,heteromeric protein
9PKP,homomeric protein
9PKO,homomeric protein
9PJC,homomeric protein
9PJA,protein/oligosaccharide
9PJ6,homomeric protein
9PJ5,homomeric protein
9PIT,protein/oligosaccharide
9PIN,heteromeric protein
9PIM,heteromeric protein
9PIL,homomeric protein
9PIK,homomeric protein
9PIG,heteromeric protein
9PIF,heteromeric protein
9PIE,heteromeric protein
9PHF,homomeric protein
9PGH,protein/NA
9PGG,heteromeric protein
9PGD,heteromeric protein
9PGA,protein/NA
9PFV,protein/NA
9PFU,protein/NA
9PFT,protein/NA
9PFS,protein/NA
9PFR,protein/NA
9PFK,heteromeric protein
9PFJ,heteromeric protein
9PEW,heteromeric protein
9PEI,homomeric protein
9PEH,homomeric protein
9PEG,homomeric protein
9PEF,homomeric protein
9PEA,homomeric protein
9PE5,protein/oligosaccharide
9PE4,protein/oligosaccharide
9PE3,protein/oligosaccharide
9PE2,protein/oligosaccharide
9PDW,homomeric protein
9PDV,homomeric protein
9PDT,homomeric protein
9PDS,homomeric protein
9PDP,homomeric protein
9PD7,homomeric protein
9PD4,protein/NA
9PD3,protein/NA
9PAR,homomeric protein
9PA5,heteromeric protein
9PA3,heteromeric protein
9PA2,heteromeric protein
9P9W,homomeric protein
9P9T,heteromeric protein
9P9Q,protein/oligosaccharide
9P9F,heteromeric protein
9P9E,heteromeric protein
9P9D,heteromeric protein
9P9B,heteromeric protein
9P9A,protein/NA
9P91,homomeric protein
9P90,homomeric protein
9P8Y,homomeric protein
9P8A,heteromeric protein
9P89,heteromeric protein
9P88,heteromeric protein
9P86,heteromeric protein
9P85,heteromeric protein
9P84,heteromeric protein
9P83,heteromeric protein
9P82,heteromeric protein
9P81,heteromeric protein
9P7Z,heteromeric protein
9P7S,homomeric protein
9P6V,homomeric protein
9P6U,homomeric protein
9P6S,protein/oligosaccharide
9P6E,protein/oligosaccharide
9P4R,homomeric protein
9P4P,homomeric protein
9P4O,homomeric protein
9P4M,homomeric protein
9P4L,homomeric protein
9P4F,heteromeric protein
9P35,homomeric protein
9P24,homomeric protein
9P1X,heteromeric protein
9P0O,homomeric protein
9P0N,homomeric protein
9P0M,heteromeric protein
9P0L,heteromeric protein
9P0K,heteromeric protein
9OZI,protein/oligosaccharide
9OZC,protein/oligosaccharide
9OZ6,heteromeric protein
9OZ1,protein/oligosaccharide
9OYZ,protein/oligosaccharide
9OYN,protein/NA
9OYM,protein/NA
9OYL,protein/NA
9OYK,protein/NA
9OYI,protein/NA
9OYH,protein/NA
9OYG,heteromeric protein
9OYF,protein/NA
9OYE,protein/NA
9OYD,protein/NA
9OYC,protein/NA
9OYB,protein/NA
9OYA,homomeric protein
9OXM,homomeric protein
9OXL,homomeric protein
9OXI,homomeric protein
9OXH,heteromeric protein
9OX7,heteromeric protein
9OWY,protein/NA
9OWX,protein/NA
9OWW,protein/NA
9OWV,protein/NA
9OWU,protein/NA
9OWT,protein/NA
9OWS,protein/NA
9OW6,protein/oligosaccharide
9OW5,protein/oligosaccharide
9OW4,protein/oligosaccharide
9PNB,heteromeric protein
9PPY,heteromeric protein
9PPZ,heteromeric protein
9PR4,protein/NA
9PRA,protein/NA
9PRD,protein/NA
9PRQ,protein/NA
9PRT,heteromeric protein
9PRX,protein/NA
9PS0,protein/NA
9PS7,protein/NA
9PSI,protein/NA
9PSM,protein/NA
9PTR,homomeric protein
9PV0,homomeric protein
9PX9,homomeric protein
9PXF,heteromeric protein
9PXT,homomeric protein
9PYC,heteromeric protein
9PZC,heteromeric protein
9Q0F,heteromeric protein
9Q0N,heteromeric protein
9Q0Z,protein/NA
9Q1S,protein/NA
9Q2A,protein/NA
9Q2F,protein/NA
9Q2I,protein/NA
9Q2L,protein/NA
9Q2M,protein/NA
9Q2P,protein/NA
9Q3Q,protein/NA
9Q3R,protein/NA
9Q3S,protein/oligosaccharide
9Q40,protein/NA
9Q42,protein/NA
9Q43,protein/NA
9Q44,protein/NA
9Q5M,protein/oligosaccharide
9Q5W,protein/NA
9Q71,heteromeric protein
9Q7B,protein/oligosaccharide
9Q7Q,protein/NA
9QDL,heteromeric protein
9QDM,heteromeric protein
9QEB,protein/NA
9QHG,heteromeric protein
9QHF,heteromeric protein
9QHE,heteromeric protein
9QHD,heteromeric protein
9QH9,homomeric protein
9QH8,heteromeric protein
9QH7,homomeric protein
9QH6,heteromeric protein
9QH4,homomeric protein
9QH1,heteromeric protein
9QGY,heteromeric protein
9QGU,heteromeric protein
9QGK,heteromeric protein
9QFX,heteromeric protein
9QFM,homomeric protein
9QEF,heteromeric protein
9QC6,heteromeric protein
9QAW,protein/oligosaccharide
9Q8X,protein/NA
9Q8V,homomeric protein
9Q85,protein/NA
9Q80,protein/NA
9Q7Y,protein/oligosaccharide
9Q7U,protein/NA
9Q7O,heteromeric protein
9Q7N,heteromeric protein
9Q7M,heteromeric protein
9Q7L,heteromeric protein
9Q7K,heteromeric protein
9Q7J,homomeric protein
9Q6Z,heteromeric protein
9Q6Y,heteromeric protein
9Q6O,homomeric protein
9Q6N,heteromeric protein
9Q6H,heteromeric protein
9Q6F,heteromeric protein
9Q6B,heteromeric protein
9Q69,heteromeric protein
9Q60,protein/NA
9Q5V,protein/oligosaccharide
9Q5L,homomeric protein
9Q5A,homomeric protein
9Q59,homomeric protein
9Q57,protein/NA
9Q50,protein/NA
9Q3X,protein/oligosaccharide
9Q3V,heteromeric protein
9Q3U,heteromeric protein
9Q3L,homomeric protein
9Q3E,heteromeric protein
9Q3A,heteromeric protein
9Q37,homomeric protein
9Q33,heteromeric protein
9Q2H,heteromeric protein
9Q2E,protein/NA
9Q2C,protein/NA
9Q2B,protein/NA
9Q29,protein/NA
9Q28,protein/NA
9Q26,protein/oligosaccharide
9Q25,protein/NA
9Q24,protein/oligosaccharide
9Q23,protein/NA
9Q20,protein/oligosaccharide
9Q1Z,protein/oligosaccharide
9Q1X,heteromeric protein
9Q1Q,protein/NA
9Q1E,homomeric protein
9Q19,protein/NA
9Q18,protein/NA
9Q17,protein/NA
9Q16,protein/NA
9Q15,homomeric protein
9Q14,protein/NA
9Q12,protein/NA
9Q11,protein/NA
9Q10,protein/NA
9Q0Y,homomeric protein
9Q0X,homomeric protein
9Q0V,heteromeric protein
9Q0U,heteromeric protein
9Q0R,heteromeric protein
9Q0O,heteromeric protein
9Q0M,heteromeric protein
9Q0G,heteromeric protein
9Q0E,heteromeric protein
9Q09,protein/oligosaccharide
9Q06,homomeric protein
9Q05,homomeric protein
9PZO,protein/oligosaccharide
9PZN,protein/oligosaccharide
9PZD,homomeric protein
9PZB,heteromeric protein
9PYK,protein/oligosaccharide
9PYH,protein/oligosaccharide
9PYD,protein/oligosaccharide
9PY5,protein/oligosaccharide
9PXN,homomeric protein
9PXM,heteromeric protein
9PXL,heteromeric protein
9PXK,heteromeric protein
9PXJ,heteromeric protein
9PXI,heteromeric protein
9PXG,heteromeric protein
9PX8,homomeric protein
9PX7,homomeric protein
9PX6,homomeric protein
9PWP,heteromeric protein
9PWC,heteromeric protein
9PWB,heteromeric protein
9PWA,heteromeric protein
9PW5,heteromeric protein
9PW3,homomeric protein
9PVZ,homomeric protein
9PVY,homomeric protein
9PVO,heteromeric protein
9PVM,homomeric protein
9PVC,heteromeric protein
9PVB,heteromeric protein
9PVA,homomeric protein
9PUW,heteromeric protein
9PUV,heteromeric protein
9PUR,heteromeric protein
9PUP,protein/oligosaccharide
9PUM,heteromeric protein
9PUD,heteromeric protein
9PU5,heteromeric protein
9PTU,heteromeric protein
9PTS,homomeric protein
9PTC,homomeric protein
9PTB,homomeric protein
9PTA,homomeric protein
9PT9,homomeric protein
9PT8,homomeric protein
9PT5,homomeric protein
9PT4,heteromeric protein
9PS5,homomeric protein
9PRZ,homomeric protein
9PRY,homomeric protein
9PRC,protein/NA
9PR7,homomeric protein
9PR6,homomeric protein
9PR5,homomeric protein
9PR3,homomeric protein
9PQT,homomeric protein
9PQR,homomeric protein
9PQQ,homomeric protein
9PQO,homomeric protein
9PQM,homomeric protein
9PQJ,homomeric protein
9PQ0,heteromeric protein
9PPX,heteromeric protein
9PPW,heteromeric protein
9PPQ,homomeric protein
9PNS,heteromeric protein
9QIK,protein/NA
9QJC,protein/NA
9QJX,protein/oligosaccharide
9QK0,protein/oligosaccharide
9QLO,protein/NA
9QLP,protein/NA
9QLQ,protein/NA
9QO0,heteromeric protein
9QO1,heteromeric protein
9QO2,heteromeric protein
9QO9,homomeric protein
9QOH,protein/NA
9QON,heteromeric protein
9QPE,heteromeric protein
9QPO,heteromeric protein
9QPP,heteromeric protein
9QQF,heteromeric protein
9QQL,protein/NA
9QQP,protein/NA
9QQQ,protein/NA
9QQS,heteromeric protein
9QRU,heteromeric protein
9QS6,heteromeric protein
9QSA,protein/NA
9QSJ,protein/NA
9QTN,protein/oligosaccharide
9QTO,protein/oligosaccharide
9QTY,heteromeric protein
9QWT,protein/NA
9QZP,protein/NA
9R01,heteromeric protein
9R03,heteromeric protein
9R07,homomeric protein
9R1D,protein/NA
9R1H,homomeric protein
9R1Q,protein/oligosaccharide
9R1R,protein/oligosaccharide
9R1T,homomeric protein
9R2G,heteromeric protein
9R3A,protein/NA
9R3D,protein/NA
9R42,heteromeric protein
9R4I,heteromeric protein
9R4Y,heteromeric protein
9R5S,protein/NA
9R5W,protein/NA
9R62,homomeric protein
9R6T,protein/oligosaccharide
9R7U,homomeric protein
9R7V,protein/NA
9R8G,heteromeric protein
9R8M,homomeric protein
9R90,homomeric protein
9R91,heteromeric protein
9R9H,heteromeric protein
9R9X,protein/NA
9RAD,protein/NA
9RAE,protein/NA
9RAF,protein/NA
9RBA,homomeric protein
9RBF,protein/NA
9RBO,heteromeric protein
9RBR,protein/oligosaccharide
9RCB,homomeric protein
9RD0,heteromeric protein
9RD8,heteromeric protein
9RD9,heteromeric protein
9RFW,protein/NA
9RG7,protein/NA
9RHD,heteromeric protein
9RHI,protein/NA
9RHF,heteromeric protein
9RHE,heteromeric protein
9RHC,heteromeric protein
9RHB,heteromeric protein
9RHA,heteromeric protein
9RH9,heteromeric protein
9RH8,heteromeric protein
9RH7,heteromeric protein
9RH6,heteromeric protein
9RH5,heteromeric protein
9RH4,heteromeric protein
9RH3,heteromeric protein
9RH2,heteromeric protein
9RH1,heteromeric protein
9RGP,homomeric protein
9RGO,homomeric protein
9RGN,homomeric protein
9RGE,protein/oligosaccharide
9RGD,protein/oligosaccharide
9RFV,heteromeric protein
9RF3,homomeric protein
9RDK,heteromeric protein
9RD7,homomeric protein
9RCH,heteromeric protein
9RCE,heteromeric protein
9RCD,homomeric protein
9RBQ,protein/oligosaccharide
9RBB,homomeric protein
9RB9,homomeric protein
9RB8,homomeric protein
9RB7,homomeric protein
9RB6,homomeric protein
9RB3,homomeric protein
9RAG,protein/NA
9RA2,homomeric protein
9R9Z,protein/NA
9R9W,homomeric protein
9R9N,heteromeric protein
9R9I,homomeric protein
9R9A,homomeric protein
9R8W,heteromeric protein
9R8P,homomeric protein
9R8N,homomeric protein
9R8L,homomeric protein
9R8K,homomeric protein
9R8J,homomeric protein
9R8D,homomeric protein
9R8A,homomeric protein
9R89,homomeric protein
9R88,homomeric protein
9R85,heteromeric protein
9R81,protein/NA
9R80,homomeric protein
9R7Z,homomeric protein
9R7Y,homomeric protein
9R7X,homomeric protein
9R7T,protein/NA
9R7S,protein/NA
9R7R,protein/NA
9R7N,homomeric protein
9R7M,homomeric protein
9R7L,homomeric protein
9R6S,protein/oligosaccharide
9R67,heteromeric protein
9R66,heteromeric protein
9R65,heteromeric protein
9R64,heteromeric protein
9R63,homomeric protein
9R61,homomeric protein
9R60,homomeric protein
9R4X,heteromeric protein
9R4J,protein/NA
9R41,heteromeric protein
9R3S,protein/oligosaccharide
9R2N,heteromeric protein
9R2I,heteromeric protein
9R1V,homomeric protein
9R1U,homomeric protein
9R0O,homomeric protein
9R0N,homomeric protein
9R0M,homomeric protein
9R0I,homomeric protein
9R0A,homomeric protein
9QZO,homomeric protein
9QY3,protein/NA
9QXL,heteromeric protein
9QWW,heteromeric protein
9QW9,homomeric protein
9QVX,heteromeric protein
9QU9,heteromeric protein
9QT4,heteromeric protein
9QSZ,homomeric protein
9QSY,homomeric protein
9QSX,homomeric protein
9QSH,heteromeric protein
9QR6,homomeric protein
9QQE,heteromeric protein
9QP4,heteromeric protein
9QOP,heteromeric protein
9QOO,heteromeric protein
9QO8,homomeric protein
9QO6,heteromeric protein
9QO5,heteromeric protein
9QO4,heteromeric protein
9QLV,heteromeric protein
9QL1,heteromeric protein
9QKZ,heteromeric protein
9QKT,heteromeric protein
9QK1,protein/oligosaccharide
9QJY,protein/oligosaccharide
9QJV,protein/oligosaccharide
9QJS,protein/oligosaccharide
9QJR,protein/oligosaccharide
9QJQ,protein/oligosaccharide
9QJP,protein/oligosaccharide
9QJN,heteromeric protein
9QJJ,heteromeric protein
9QIN,heteromeric protein
9QID,heteromeric protein
9QHX,heteromeric protein
9QHW,heteromeric protein
9QHS,protein/NA
9QHQ,homomeric protein
9QHP,homomeric protein
9QHO,homomeric protein
9QHN,homomeric protein
9QHM,homomeric protein
9QHK,heteromeric protein
9QHJ,heteromeric protein
9RHL,protein/NA
9RHU,protein/NA
9RIG,heteromeric protein
9RIH,heteromeric protein
9RII,heteromeric protein
9RIJ,heteromeric protein
9RIK,heteromeric protein
9RIL,heteromeric protein
9RIM,heteromeric protein
9RIO,heteromeric protein
9RIP,heteromeric protein
9RIQ,heteromeric protein
9RIV,homomeric protein
9RIW,homomeric protein
9RJA,protein/NA
9RJB,heteromeric protein
9RL4,protein/NA
9RLA,heteromeric protein
9RLC,heteromeric protein
9RLD,heteromeric protein
9RLG,heteromeric protein
9RLI,heteromeric protein
9RMI,homomeric protein
9RMK,heteromeric protein
9ROH,heteromeric protein
9ROL,heteromeric protein
9ROR,protein/NA
9RRF,homomeric protein
9RRS,heteromeric protein
9RSD,heteromeric protein
9RSH,homomeric protein
9RSQ,heteromeric protein
9RSS,heteromeric protein
9RST,heteromeric protein
9RU6,protein/NA
9RU7,protein/NA
9RU8,protein/NA
9RU9,protein/NA
9RUA,protein/NA
9RUC,protein/NA
9RUH,heteromeric protein
9RUX,homomeric protein
9RV1,protein/NA
9RVC,protein/NA
9RVU,protein/NA
9RWA,protein/NA
9RWG,heteromeric protein
9RWS,homomeric protein
9RX4,heteromeric protein
9RX5,heteromeric protein
9RX6,heteromeric protein
9RX7,heteromeric protein
9RX8,heteromeric protein
9RX9,heteromeric protein
9RXA,heteromeric protein
9RYB,protein/NA
9RYE,heteromeric protein
9RYI,homomeric protein
9RYO,homomeric protein
9S05,heteromeric protein
9S0N,protein/NA
9S0R,homomeric protein
9S0Z,protein/NA
9S1F,protein/NA
9S1H,heteromeric protein
9S1L,heteromeric protein
9S1M,heteromeric protein
9S28,protein/NA
9S29,protein/NA
9S2E,protein/NA
9S2F,protein/NA
9S2G,protein/NA
9S3B,protein/NA
9S3C,protein/NA
9S3D,protein/NA
9S3E,heteromeric protein
9S3F,heteromeric protein
9S3R,heteromeric protein
9S3T,homomeric protein
9S5U,protein/oligosaccharide
9S6F,homomeric protein
9S6P,heteromeric protein
9S6T,heteromeric protein
9S7B,protein/NA
9S7C,protein/NA
9S7D,protein/NA
9S72,heteromeric protein
9S6Y,heteromeric protein
9S6U,heteromeric protein
9S6S,protein/oligosaccharide
9S6R,heteromeric protein
9S6Q,heteromeric protein
9S6E,homomeric protein
9S5J,heteromeric protein
9S5F,heteromeric protein
9S55,heteromeric protein
9S54,heteromeric protein
9S4U,homomeric protein
9S4T,homomeric protein
9S4S,homomeric protein
9S4N,heteromeric protein
9S3V,heteromeric protein
9S3Q,protein/oligosaccharide
9S3M,heteromeric protein
9S34,heteromeric protein
9S2S,heteromeric protein
9S2H,homomeric protein
9S2C,homomeric protein
9S1E,protein/NA
9S16,heteromeric protein
9S11,homomeric protein
9S10,protein/NA
9S0Y,heteromeric protein
9S0S,homomeric protein
9RZV,heteromeric protein
9RZU,heteromeric protein
9RZM,homomeric protein
9RYX,homomeric protein
9RYW,homomeric protein
9RYV,homomeric protein
9RYU,homomeric protein
9RYQ,homomeric protein
9RYP,homomeric protein
9RYN,homomeric protein
9RYM,heteromeric protein
9RYK,heteromeric protein
9RYJ,heteromeric protein
9RYF,heteromeric protein
9RY7,homomeric protein
9RY4,homomeric protein
9RWZ,protein/NA
9RWT,homomeric protein
9RWB,protein/NA
9RW7,protein/NA
9RW6,protein/NA
9RW4,protein/NA
9RW3,protein/NA
9RW2,protein/NA
9RW1,protein/NA
9RW0,protein/NA
9RVZ,protein/NA
9RVY,protein/NA
9RVV,homomeric protein
9RVN,heteromeric protein
9RVM,heteromeric protein
9RUG,heteromeric protein
9RUF,heteromeric protein
9RT4,heteromeric protein
9RT2,heteromeric protein
9RSU,homomeric protein
9RSM,homomeric protein
9RSG,homomeric protein
9RSC,heteromeric protein
9RRU,homomeric protein
9RRQ,homomeric protein
9RRO,homomeric protein
9RRN,homomeric protein
9RRM,homomeric protein
9RQT,protein/NA
9RQN,homomeric protein
9RQM,heteromeric protein
9RQL,homomeric protein
9RQJ,homomeric protein
9RPB,protein/oligosaccharide
9ROZ,heteromeric protein
9ROX,heteromeric protein
9ROW,homomeric protein
9ROV,protein/NA
9ROQ,heteromeric protein
9ROP,heteromeric protein
9ROO,heteromeric protein
9RON,heteromeric protein
9ROM,heteromeric protein
9ROK,heteromeric protein
9ROJ,heteromeric protein
9ROI,heteromeric protein
9ROG,heteromeric protein
9ROF,heteromeric protein
9ROE,protein/oligosaccharide
9ROD,protein/oligosaccharide
9ROA,protein/oligosaccharide
9RO9,heteromeric protein
9RNJ,homomeric protein
9RMA,protein/oligosaccharide
9RM9,protein/oligosaccharide
9RM5,protein/NA
9RM0,heteromeric protein
9RLZ,heteromeric protein
9RLT,heteromeric protein
9RLK,heteromeric protein
9RLJ,heteromeric protein
9RLH,heteromeric protein
9RLF,heteromeric protein
9RLE,heteromeric protein
9RL5,protein/oligosaccharide
9RL3,heteromeric protein
9RKZ,heteromeric protein
9RIR,heteromeric protein
9RHM,protein/NA
9RHJ,protein/NA
9S7E,protein/NA
9S7G,heteromeric protein
9S7O,homomeric protein
9S7Q,homomeric protein
9S8G,homomeric protein
9S98,homomeric protein
9S99,homomeric protein
9SAS,heteromeric protein
9SAY,protein/NA
9SAZ,protein/NA
9SB0,protein/NA
9SB2,protein/NA
9SB3,protein/NA
9SB4,protein/NA
9SB5,protein/NA
9SBN,protein/NA
9SBO,protein/NA
9SBR,protein/NA
9SBS,protein/NA
9SBU,protein/NA
9SBW,protein/NA
9SBX,protein/NA
9SC0,protein/NA
9SC1,protein/NA
9SC2,protein/NA
9SC3,protein/NA
9SCU,protein/NA
9SDA,protein/NA
9SDL,homomeric protein
9SDP,protein/NA
9SDQ,protein/NA
9SE6,heteromeric protein
9SE7,heteromeric protein
9SEC,homomeric protein
9SFD,homomeric protein
9SFI,heteromeric protein
9SGM,homomeric protein
9SGR,homomeric protein
9SH6,heteromeric protein
9SHM,homomeric protein
9SHO,homomeric protein
9SHV,heteromeric protein
9SHY,protein/NA
9SI0,protein/NA
9SIE,homomeric protein
9SII,homomeric protein
9SIQ,homomeric protein
9SJ2,homomeric protein
9SJC,protein/NA
9SJU,homomeric protein
9SKI,homomeric protein
9SKJ,homomeric protein
9SLG,protein/NA
9SLN,homomeric protein
9SM4,homomeric protein
9SMH,heteromeric protein
9SMJ,homomeric protein
9SMP,heteromeric protein
9SMX,heteromeric protein
9SPF,protein/NA
9SPI,protein/NA
9SPJ,protein/NA
9SQ4,heteromeric protein
9SQ5,heteromeric protein
9SRA,protein/NA
9SRB,protein/NA
9SRC,protein/NA
9SRD,protein/NA
9SRE,protein/NA
9SRO,protein/NA
9SS0,protein/NA
9SS1,protein/NA
9SS2,protein/NA
9SS4,protein/NA
9SS5,protein/NA
9SRZ,protein/NA
9SRX,heteromeric protein
9SRW,heteromeric protein
9SRU,protein/NA
9SRT,homomeric protein
9SRI,protein/NA
9SRF,protein/NA
9SR9,homomeric protein
9SQY,heteromeric protein
9SQW,heteromeric protein
9SQV,heteromeric protein
9SQR,heteromeric protein
9SQQ,homomeric protein
9SQP,protein/oligosaccharide
9SQO,protein/oligosaccharide
9SQN,protein/oligosaccharide
9SQM,protein/oligosaccharide
9SQ6,heteromeric protein
9SQ0,homomeric protein
9SO9,heteromeric protein
9SNK,heteromeric protein
9SNA,heteromeric protein
9SMS,heteromeric protein
9SMR,heteromeric protein
9SMN,heteromeric protein
9SML,homomeric protein
9SMK,homomeric protein
9SMI,heteromeric protein
9SMG,heteromeric protein
9SMF,heteromeric protein
9SM8,homomeric protein
9SM2,protein/oligosaccharide
9SLP,homomeric protein
9SLM,protein/oligosaccharide
9SLL,homomeric protein
9SLD,protein/oligosaccharide
9SL1,protein/oligosaccharide
9SKZ,homomeric protein
9SKY,homomeric protein
9SKX,homomeric protein
9SKW,homomeric protein
9SKV,homomeric protein
9SKU,homomeric protein
9SKT,homomeric protein
9SKS,homomeric protein
9SKR,homomeric protein
9SKL,homomeric protein
9SKK,homomeric protein
9SK3,heteromeric protein
9SJV,homomeric protein
9SJT,homomeric protein
9SJS,homomeric protein
9SJR,homomeric protein
9SJO,protein/NA
9SJN,protein/NA
9SJM,protein/NA
9SJL,protein/NA
9SJE,protein/oligosaccharide
9SJD,protein/NA
9SJB,heteromeric protein
9SJ9,heteromeric protein
9SJ7,heteromeric protein
9SIU,protein/NA
9SIT,protein/NA
9SIO,homomeric protein
9SI8,homomeric protein
9SHZ,protein/NA
9SHX,protein/NA
9SHW,heteromeric protein
9SHP,protein/NA
9SHN,homomeric protein
9SHE,homomeric protein
9SH2,homomeric protein
9SH1,homomeric protein
9SGY,homomeric protein
9SGT,homomeric protein
9SGS,homomeric protein
9SGQ,homomeric protein
9SGP,homomeric protein
9SGO,homomeric protein
9SGN,homomeric protein
9SGL,homomeric protein
9SGK,heteromeric protein
9SFV,heteromeric protein
9SFN,heteromeric protein
9SFJ,heteromeric protein
9SFH,heteromeric protein
9SFF,heteromeric protein
9SF9,homomeric protein
9SF8,homomeric protein
9SF5,heteromeric protein
9SF4,heteromeric protein
9SEJ,heteromeric protein
9SEH,homomeric protein
9SEF,homomeric protein
9SED,homomeric protein
9SE4,heteromeric protein
9SDT,homomeric protein
9SDO,homomeric protein
9SDH,homomeric protein
9SDG,homomeric protein
9SDB,homomeric protein
9SC4,protein/NA
9SBZ,protein/NA
9SBY,protein/NA
9SBV,protein/NA
9SBT,protein/NA
9SBQ,protein/NA
9SBP,protein/NA
9SB1,protein/NA
9SAU,heteromeric protein
9SA8,protein/NA
9S9B,heteromeric protein
9S97,homomeric protein
9S8L,heteromeric protein
9S8K,heteromeric protein
9S8E,homomeric protein
9S8D,homomeric protein
9S8C,homomeric protein
9S8B,heteromeric protein
9S86,homomeric protein
9S7V,homomeric protein
9S7S,heteromeric protein
9S7P,homomeric protein
9S7J,homomeric protein
9SS6,protein/NA
9SSL,protein/NA
9ST9,homomeric protein
9SUM,protein/NA
9SVK,protein/NA
9SW2,heteromeric protein
9SW3,heteromeric protein
9SW4,heteromeric protein
9SW5,heteromeric protein
9SW6,heteromeric protein
9SWN,protein/NA
9SX2,protein/NA
9SX6,protein/NA
9SYH,protein/NA
9SYJ,heteromeric protein
9SYT,heteromeric protein
9SYV,heteromeric protein
9SZ7,protein/NA
9SZ9,heteromeric protein
9SZB,heteromeric protein
9SZC,heteromeric protein
9SZE,heteromeric protein
9T0Y,protein/NA
9T0Z,protein/NA
9T1B,protein/NA
9T1F,protein/NA
9T1G,protein/NA
9T1S,heteromeric protein
9T2K,protein/NA
9T2P,protein/NA
9T34,homomeric protein
9T35,homomeric protein
9T3R,heteromeric protein
9T3S,heteromeric protein
9T3X,heteromeric protein
9T4R,protein/NA
9T4U,homomeric protein
9T56,protein/NA
9T5C,protein/NA
9T5H,heteromeric protein
9T5J,heteromeric protein
9T5M,homomeric protein
9T5N,heteromeric protein
9T5O,heteromeric protein
9T5P,heteromeric protein
9T5T,heteromeric protein
9T5U,heteromeric protein
9T5W,protein/oligosaccharide
9T61,protein/NA
9T6H,protein/NA
9T6M,protein/NA
9T74,protein/NA/oligosaccharide
9T7H,protein/NA
9T7J,heteromeric protein
9T7L,protein/NA
9T7T,protein/NA
9T7V,heteromeric protein
9T88,heteromeric protein
9T8C,heteromeric protein
9T8H,protein/oligosaccharide
9T8I,homomeric protein
9T8K,protein/NA
9T8L,protein/NA
9T8M,protein/NA
9T8N,protein/NA
9T8O,protein/NA
9T8P,protein/NA
9T8Q,protein/NA
9T8R,protein/NA
9T8S,protein/NA
9T8T,protein/NA
9T92,heteromeric protein
9T93,heteromeric protein
9T94,heteromeric protein
9T9M,heteromeric protein
9T9U,homomeric protein
9TAJ,heteromeric protein
9TAK,heteromeric protein
9TAW,protein/NA
9TBH,heteromeric protein
9TCM,homomeric protein
9TCN,homomeric protein
9TD2,protein/oligosaccharide
9TDS,heteromeric protein
9TDT,heteromeric protein
9TEQ,protein/NA
9TEW,protein/NA
9TEX,protein/NA
9TEY,protein/NA
9TEZ,protein/NA
9TF0,heteromeric protein
9TF1,heteromeric protein
9TF2,heteromeric protein
9TG8,heteromeric protein
9TG9,heteromeric protein
9TGA,heteromeric protein
9TGM,heteromeric protein
9TGO,protein/NA
9TH8,protein/NA
9THK,homomeric protein
9TI4,heteromeric protein
9TI5,protein/NA
9TI6,protein/NA
9TI7,protein/NA
9TI8,protein/NA
9TI9,protein/NA
9TID,heteromeric protein
9TIG,heteromeric protein
9TIH,heteromeric protein
9TIN,heteromeric protein
9TIO,heteromeric protein
9TIU,homomeric protein
9TIV,homomeric protein
9TKG,homomeric protein
9TKK,homomeric protein
9TKM,heteromeric protein
9TKL,homomeric protein
9TKJ,homomeric protein
9TKI,homomeric protein
9TKH,homomeric protein
9TKF,homomeric protein
9TKE,homomeric protein
9TKA,homomeric protein
9TK9,homomeric protein
9TIE,heteromeric protein
9THP,homomeric protein
9THN,homomeric protein
9THM,homomeric protein
9THI,homomeric protein
9TGW,protein/NA
9TGN,protein/NA
9TGD,protein/NA
9TG6,homomeric protein
9TG4,heteromeric protein
9TG3,homomeric protein
9TFV,homomeric protein
9TER,protein/NA
9TEP,protein/NA
9TEO,protein/NA
9TEN,protein/NA
9TDM,heteromeric protein
9TCC,homomeric protein
9TBY,heteromeric protein
9TBJ,protein/oligosaccharide
9TBI,heteromeric protein
9TAO,heteromeric protein
9TAN,heteromeric protein
9TAM,heteromeric protein
9TAL,heteromeric protein
9TA3,homomeric protein
9T9V,heteromeric protein
9T9R,heteromeric protein
9T9P,heteromeric protein
9T97,heteromeric protein
9T8D,heteromeric protein
9T7Q,heteromeric protein
9T7P,heteromeric protein
9T6N,heteromeric protein
9T6L,heteromeric protein
9T5Z,protein/oligosaccharide
9T5X,protein/NA
9T5V,protein/oligosaccharide
9T5L,protein/NA
9T5K,homomeric protein
9T4X,homomeric protein
9T4W,homomeric protein
9T3Y,protein/oligosaccharide
9T33,homomeric protein
9T2S,protein/NA
9T2R,protein/NA
9T2Q,protein/NA
9T2O,protein/NA
9T2N,protein/NA
9T2M,protein/NA
9T2L,protein/NA
9T2J,protein/NA
9T1J,protein/NA
9T1I,protein/NA
9T1H,protein/NA
9T1E,protein/NA
9T1D,heteromeric protein
9T1C,protein/NA
9T1A,protein/NA
9T19,protein/NA
9T17,heteromeric protein
9T0F,homomeric protein
9T0E,protein/NA
9SZW,heteromeric protein
9SZD,homomeric protein
9SZA,heteromeric protein
9SY5,homomeric protein
9SWS,homomeric protein
9SWR,homomeric protein
9SWQ,homomeric protein
9SWO,protein/NA
9SWM,homomeric protein
9SWK,heteromeric protein
9SWA,homomeric protein
9SV6,protein/NA
9STA,homomeric protein
9TLB,homomeric protein
9TLH,homomeric protein
9TLK,homomeric protein
9TMI,protein/NA
9TMN,heteromeric protein
9TMS,heteromeric protein
9TNB,protein/oligosaccharide
9TNL,protein/NA
9TNS,protein/oligosaccharide
9TPQ,protein/oligosaccharide
9TQA,protein/NA
9TQG,heteromeric protein
9TRA,homomeric protein
9TRE,protein/NA
9TRL,protein/NA
9TRM,protein/NA
9TT7,protein/NA
9TV2,protein/NA
9TVU,protein/NA
9TXL,protein/oligosaccharide
9TYY,protein/NA
9TZ5,protein/NA
9TZ9,protein/NA
9TZE,protein/NA
9U3A,homomeric protein
9U3K,homomeric protein
9U40,heteromeric protein
9U4B,homomeric protein
9U4D,heteromeric protein
9U57,homomeric protein
9U58,homomeric protein
9U5U,protein/NA
9U5Z,heteromeric protein
9U60,heteromeric protein
9U61,protein/oligosaccharide
9U62,protein/oligosaccharide
9U67,heteromeric protein
9U7L,heteromeric protein
9UA1,heteromeric protein
9UAN,heteromeric protein
9UAR,homomeric protein
9UAS,heteromeric protein
9UBC,heteromeric protein
9UBM,protein/NA
9UBR,heteromeric protein
9UCL,heteromeric protein
9UE3,protein/oligosaccharide
9UEJ,homomeric protein
9UEK,homomeric protein
9UEP,protein/oligosaccharide
9UFB,heteromeric protein
9UFT,heteromeric protein
9UFV,heteromeric protein
9UFW,heteromeric protein
9UFZ,heteromeric protein
9UGJ,homomeric protein
9UGL,homomeric protein
9UGO,heteromeric protein
9UGU,homomeric protein
9UGY,homomeric protein
9UH3,heteromeric protein
9UH7,protein/NA
9UH9,protein/NA
9UHA,protein/NA
9UIF,homomeric protein
9UIQ,heteromeric protein
9UJ4,heteromeric protein
9UJF,homomeric protein
9UJQ,homomeric protein
9UKI,heteromeric protein
9UKL,heteromeric protein
9UKJ,heteromeric protein
9UKH,heteromeric protein
9UKG,heteromeric protein
9UKF,heteromeric protein
9UKE,heteromeric protein
9UKD,heteromeric protein
9UK9,homomeric protein
9UK2,heteromeric protein
9UJV,homomeric protein
9UJS,protein/NA
9UJM,homomeric protein
9UJE,protein/oligosaccharide
9UIT,homomeric protein
9UIN,homomeric protein
9UI6,homomeric protein
9UI1,homomeric protein
9UHG,protein/oligosaccharide
9UH4,heteromeric protein
9UGX,homomeric protein
9UGG,heteromeric protein
9UG2,heteromeric protein
9UG1,homomeric protein
9UG0,homomeric protein
9UFY,homomeric protein
9UFX,homomeric protein
9UFS,homomeric protein
9UFN,heteromeric protein
9UFL,homomeric protein
9UFF,homomeric protein
9UFE,protein/oligosaccharide
9UFD,homomeric protein
9UF6,homomeric protein
9UER,protein/NA
9UED,homomeric protein
9UDK,homomeric protein
9UDC,homomeric protein
9UCO,heteromeric protein
9UBO,protein/NA
9UBL,protein/NA
9UB7,protein/oligosaccharide
9UB1,protein/oligosaccharide
9UAX,protein/oligosaccharide
9UAT,protein/oligosaccharide
9UAQ,heteromeric protein
9UAM,heteromeric protein
9UA5,heteromeric protein
9UA3,heteromeric protein
9UA0,heteromeric protein
9U9Z,heteromeric protein
9U9I,heteromeric protein
9U9H,heteromeric protein
9U8K,homomeric protein
9U8B,homomeric protein
9U7Y,heteromeric protein
9U7T,heteromeric protein
9U7R,heteromeric protein
9U7J,homomeric protein
9U7I,homomeric protein
9U7H,heteromeric protein
9U6R,heteromeric protein
9U69,heteromeric protein
9U68,heteromeric protein
9U66,heteromeric protein
9U65,heteromeric protein
9U5R,protein/NA
9U5Q,protein/NA
9U5P,protein/NA
9U56,homomeric protein
9U4Z,homomeric protein
9U4R,heteromeric protein
9U4O,protein/oligosaccharide
9U4J,homomeric protein
9U4C,homomeric protein
9U4A,homomeric protein
9U43,heteromeric protein
9U3L,heteromeric protein
9U32,homomeric protein
9U2T,protein/NA
9U2S,protein/NA
9U02,homomeric protein
9TZY,homomeric protein
9TZX,homomeric protein
9TZW,homomeric protein
9TZ3,heteromeric protein
9TYI,heteromeric protein
9TYH,heteromeric protein
9TYG,heteromeric protein
9TXK,protein/oligosaccharide
9TXJ,protein/oligosaccharide
9TXI,protein/oligosaccharide
9TW3,heteromeric protein
9TW2,heteromeric protein
9TV0,heteromeric protein
9TUZ,heteromeric protein
9TUD,homomeric protein
9TUB,protein/NA
9TUA,protein/NA
9TU9,protein/NA
9TU8,protein/NA
9TU7,protein/NA
9TRD,protein/NA
9TRC,protein/NA
9TQK,heteromeric protein
9TQJ,heteromeric protein
9TQD,protein/oligosaccharide
9TQC,heteromeric protein
9TQ8,homomeric protein
9TQ7,homomeric protein
9TQ4,protein/NA
9TPT,homomeric protein
9TPS,heteromeric protein
9TPL,heteromeric protein
9TPK,heteromeric protein
9TPJ,heteromeric protein
9TPA,protein/oligosaccharide
9TOZ,homomeric protein
9TOI,homomeric protein
9TO0,homomeric protein
9TNZ,homomeric protein
9TLG,protein/oligosaccharide
9TLE,protein/oligosaccharide
9TLC,homomeric protein
9TLA,homomeric protein
9TL9,homomeric protein
9TL8,homomeric protein
9TL7,homomeric protein
9TL6,homomeric protein
9TL2,homomeric protein
9TKZ,homomeric protein
9UNO,heteromeric protein
9UNP,heteromeric protein
9UNU,heteromeric protein
9UOF,heteromeric protein
9UOV,heteromeric protein
9UPV,heteromeric protein
9UPY,heteromeric protein
9UQ0,heteromeric protein
9URJ,homomeric protein
9URZ,heteromeric protein
9UUH,homomeric protein
9UV4,heteromeric protein
9UV9,homomeric protein
9UVC,homomeric protein
9UVX,homomeric protein
9UVZ,homomeric protein
9UW3,heteromeric protein
9UWI,heteromeric protein
9UWJ,homomeric protein
9UWL,homomeric protein
9UWQ,heteromeric protein
9UWV,heteromeric protein
9UX2,heteromeric protein
9UX7,protein/NA
9UX8,heteromeric protein
9UX9,protein/NA
9UXQ,homomeric protein
9UXW,protein/NA
9UY9,heteromeric protein
9V09,heteromeric protein
9V0B,heteromeric protein
9V0F,heteromeric protein
9V10,heteromeric protein
9V2V,protein/NA
9V3F,heteromeric protein
9V3T,homomeric protein
9V3V,homomeric protein
9V3X,homomeric protein
9V3Z,homomeric protein
9V66,protein/NA
9V6T,heteromeric protein
9V7U,heteromeric protein
9V7X,protein/NA
9V9P,protein/NA
9V9Q,protein/NA
9V9T,protein/NA
9V9U,protein/NA
9VAT,heteromeric protein
9VAU,heteromeric protein
9VAY,heteromeric protein
9VB0,heteromeric protein
9VB2,heteromeric protein
9VB4,heteromeric protein
9VB5,heteromeric protein
9VB7,heteromeric protein
9VBO,heteromeric protein
9VBN,homomeric protein
9VBM,homomeric protein
9VBL,homomeric protein
9VBD,protein/oligosaccharide
9VBA,heteromeric protein
9VB6,heteromeric protein
9VB3,heteromeric protein
9VB1,heteromeric protein
9VAZ,heteromeric protein
9VAX,heteromeric protein
9VAW,heteromeric protein
9VAV,heteromeric protein
9VAP,heteromeric protein
9VAM,homomeric protein
9VA2,protein/oligosaccharide
9VA1,heteromeric protein
9V9Z,protein/NA
9V9Y,protein/NA
9V9X,protein/NA
9V9W,protein/NA
9V9V,protein/NA
9V9S,protein/NA
9V9R,protein/NA
9V9I,protein/NA
9V9G,protein/NA
9V9E,homomeric protein
9V9C,homomeric protein
9V96,homomeric protein
9V95,homomeric protein
9V93,protein/NA
9V8Y,homomeric protein
9V8X,homomeric protein
9V8W,homomeric protein
9V8A,protein/NA
9V82,homomeric protein
9V81,heteromeric protein
9V7Z,protein/NA
9V7T,heteromeric protein
9V7S,protein/NA
9V7C,homomeric protein
9V75,heteromeric protein
9V6X,protein/NA
9V6U,homomeric protein
9V6S,protein/NA
9V6L,heteromeric protein
9V65,homomeric protein
9V5P,protein/NA
9V4D,heteromeric protein
9V43,protein/NA
9V42,protein/NA
9V3Y,heteromeric protein
9V3S,homomeric protein
9V3E,heteromeric protein
9V3C,heteromeric protein
9V38,heteromeric protein
9V36,protein/NA
9V35,homomeric protein
9V2W,protein/NA
9V2U,heteromeric protein
9V2S,homomeric protein
9V1H,heteromeric protein
9V0X,heteromeric protein
9V0E,heteromeric protein
9V0C,heteromeric protein
9V0A,heteromeric protein
9UZ7,protein/NA
9UYQ,homomeric protein
9UYP,homomeric protein
9UYO,homomeric protein
9UYD,protein/oligosaccharide
9UXX,heteromeric protein
9UXU,heteromeric protein
9UXT,homomeric protein
9UXS,heteromeric protein
9UXP,homomeric protein
9UXO,homomeric protein
9UXN,homomeric protein
9UXK,heteromeric protein
9UXI,homomeric protein
9UXH,protein/NA
9UXC,heteromeric protein
9UXB,heteromeric protein
9UXA,protein/NA
9UX4,homomeric protein
9UX3,heteromeric protein
9UX1,heteromeric protein
9UWY,homomeric protein
9UWX,homomeric protein
9UWW,homomeric protein
9UWM,heteromeric protein
9UWG,heteromeric protein
9UW4,heteromeric protein
9UVY,homomeric protein
9UVW,homomeric protein
9UVV,heteromeric protein
9UVU,heteromeric protein
9UVT,heteromeric protein
9UVB,homomeric protein
9UVA,heteromeric protein
9UV7,heteromeric protein
9UV3,heteromeric protein
9UV2,heteromeric protein
9UUY,heteromeric protein
9UUX,heteromeric protein
9UUR,heteromeric protein
9UUQ,heteromeric protein
9UUM,heteromeric protein
9UTG,homomeric protein
9UT7,heteromeric protein
9UT6,protein/NA
9UT5,protein/NA
9UT4,heteromeric protein
9UT3,protein/NA
9UT1,protein/NA
9UT0,homomeric protein
9USZ,homomeric protein
9USY,homomeric protein
9USX,homomeric protein
9USW,homomeric protein
9USV,homomeric protein
9USU,homomeric protein
9US8,homomeric protein
9URI,homomeric protein
9UPU,heteromeric protein
9UPR,protein/oligosaccharide
9UPO,homomeric protein
9UPN,homomeric protein
9UPM,homomeric protein
9UPE,homomeric protein
9UPC,heteromeric protein
9UPB,heteromeric protein
9UP2,heteromeric protein
9UOE,homomeric protein
9UNW,heteromeric protein
9UNR,heteromeric protein
9UNQ,heteromeric protein
9UNN,heteromeric protein
9UNK,heteromeric protein
9UNJ,heteromeric protein
9UN3,heteromeric protein
9UMT,heteromeric protein
9UMG,heteromeric protein
9ULZ,homomeric protein
9ULO,heteromeric protein
9VBT,heteromeric protein
9VCB,protein/NA
9VE9,homomeric protein
9VEG,heteromeric protein
9VGD,homomeric protein
9VGF,heteromeric protein
9VH2,protein/oligosaccharide
9VH3,protein/oligosaccharide
9VIN,heteromeric protein
9VJR,homomeric protein
9VKR,heteromeric protein
9VLG,protein/oligosaccharide
9VLZ,homomeric protein
9VMP,heteromeric protein
9VNA,homomeric protein
9VNE,heteromeric protein
9VO2,heteromeric protein
9VPG,homomeric protein
9VPM,heteromeric protein
9VQT,heteromeric protein
9VT4,protein/oligosaccharide
9VTG,protein/NA
9VTI,protein/NA
9VTP,protein/NA
9VTQ,protein/NA
9VTR,protein/NA
9VTS,protein/oligosaccharide
9VU1,homomeric protein
9VU9,heteromeric protein
9VUA,heteromeric protein
9VUB,heteromeric protein
9VUH,heteromeric protein
9VUJ,heteromeric protein
9VUS,heteromeric protein
9VV6,heteromeric protein
9VVI,protein/NA
9VVM,homomeric protein
9VVO,heteromeric protein
9VW8,protein/NA
9VWF,heteromeric protein
9VWR,homomeric protein
9VWS,homomeric protein
9VX1,protein/NA
9VX6,protein/NA
9VXM,protein/NA
9VXN,protein/NA
9VY1,heteromeric protein
9VZ8,heteromeric protein
9VZX,protein/NA
9W01,heteromeric protein
9W02,protein/NA
9W03,protein/NA
9W04,protein/NA
9W07,homomeric protein
9W0D,heteromeric protein
9W0E,protein/oligosaccharide
9W0J,protein/oligosaccharide
9W0M,heteromeric protein
9W0N,protein/NA
9W0Q,heteromeric protein
9W0U,heteromeric protein
9W0T,heteromeric protein
9W0S,heteromeric protein
9W0R,heteromeric protein
9W0P,heteromeric protein
9W0O,heteromeric protein
9W0K,protein/oligosaccharide
9W0I,protein/oligosaccharide
9W0G,protein/oligosaccharide
9W0B,heteromeric protein
9W09,heteromeric protein
9W08,homomeric protein
9W06,heteromeric protein
9VZP,homomeric protein
9VZ3,heteromeric protein
9VZ2,heteromeric protein
9VY0,heteromeric protein
9VXZ,heteromeric protein
9VXY,heteromeric protein
9VXX,heteromeric protein
9VXV,heteromeric protein
9VXU,homomeric protein
9VXT,homomeric protein
9VXP,homomeric protein
9VXE,homomeric protein
9VWZ,heteromeric protein
9VWM,protein/oligosaccharide
9VWJ,protein/oligosaccharide
9VWI,homomeric protein
9VWG,homomeric protein
9VWE,heteromeric protein
9VWC,homomeric protein
9VWA,homomeric protein
9VVK,homomeric protein
9VVJ,protein/oligosaccharide
9VVG,protein/oligosaccharide
9VV0,protein/oligosaccharide
9VUQ,homomeric protein
9VUM,heteromeric protein
9VUL,heteromeric protein
9VUK,heteromeric protein
9VUI,heteromeric protein
9VUF,heteromeric protein
9VUE,heteromeric protein
9VUC,heteromeric protein
9VU0,homomeric protein
9VTZ,homomeric protein
9VTY,homomeric protein
9VTX,homomeric protein
9VTW,homomeric protein
9VS5,protein/NA
9VS4,homomeric protein
9VS3,homomeric protein
9VRE,homomeric protein
9VRD,homomeric protein
9VRC,homomeric protein
9VRB,homomeric protein
9VQY,homomeric protein
9VQX,homomeric protein
9VQW,homomeric protein
9VQV,heteromeric protein
9VQU,heteromeric protein
9VQS,heteromeric protein
9VQR,heteromeric protein
9VQQ,homomeric protein
9VQP,heteromeric protein
9VQO,heteromeric protein
9VPN,heteromeric protein
9VPD,heteromeric protein
9VO1,heteromeric protein
9VO0,heteromeric protein
9VNZ,heteromeric protein
9VNY,heteromeric protein
9VND,heteromeric protein
9VNC,homomeric protein
9VNB,homomeric protein
9VN9,homomeric protein
9VMO,heteromeric protein
9VMN,heteromeric protein
9VMH,homomeric protein
9VMG,heteromeric protein
9VM2,heteromeric protein
9VLQ,protein/NA
9VLN,heteromeric protein
9VL5,homomeric protein
9VL3,homomeric protein
9VKZ,homomeric protein
9VKY,homomeric protein
9VKQ,heteromeric protein
9VKP,heteromeric protein
9VKO,homomeric protein
9VJT,heteromeric protein
9VJS,heteromeric protein
9VJQ,homomeric protein
9VJP,homomeric protein
9VJO,homomeric protein
9VJN,homomeric protein
9VJH,protein/NA
9VJD,homomeric protein
9VJB,protein/NA
9VJA,protein/NA
9VJ9,protein/NA
9VJ8,heteromeric protein
9VJ4,heteromeric protein
9VJ3,heteromeric protein
9VI4,homomeric protein
9VI1,homomeric protein
9VHL,protein/NA
9VHD,homomeric protein
9VH9,homomeric protein
9VH5,heteromeric protein
9VH4,heteromeric protein
9VGU,heteromeric protein
9VFX,heteromeric protein
9VFV,homomeric protein
9VFI,homomeric protein
9VF5,homomeric protein
9VF4,homomeric protein
9VEK,homomeric protein
9VEJ,heteromeric protein
9VEF,heteromeric protein
9VEE,heteromeric protein
9VED,heteromeric protein
9VE1,homomeric protein
9VCW,protein/NA
9VCV,protein/NA
9VCU,homomeric protein
9VCT,homomeric protein
9VCS,homomeric protein
9VCP,homomeric protein
9VCF,protein/NA
9VCC,homomeric protein
9VC9,homomeric protein
9VC6,homomeric protein
9VC0,protein/oligosaccharide
9VBZ,protein/oligosaccharide
9VBY,protein/oligosaccharide
9VBX,protein/oligosaccharide
9VBV,protein/oligosaccharide
9VBP,homomeric protein
9W14,protein/oligosaccharide
9W1Z,homomeric protein
9W20,homomeric protein
9W22,homomeric protein
9W23,protein/oligosaccharide
9W24,homomeric protein
9W2F,heteromeric protein
9W2J,heteromeric protein
9W2R,heteromeric protein
9W2S,heteromeric protein
9W2W,heteromeric protein
9W34,heteromeric protein
9W39,heteromeric protein
9W3E,heteromeric protein
9W3F,heteromeric protein
9W3W,protein/NA
9W40,heteromeric protein
9W41,heteromeric protein
9W45,heteromeric protein
9W4I,heteromeric protein
9W4O,heteromeric protein
9W4Y,protein/oligosaccharide
9W5B,heteromeric protein
9W64,homomeric protein
9W65,homomeric protein
9W6E,protein/NA
9W6U,heteromeric protein
9W7D,heteromeric protein
9W7K,heteromeric protein
9W89,heteromeric protein
9W8T,protein/NA
9W8U,protein/NA
9W8V,protein/NA
9W8W,protein/NA
9W8X,protein/NA
9W8Z,protein/NA
9W90,heteromeric protein
9W9C,homomeric protein
9W9G,protein/NA
9W9V,homomeric protein
9W9X,homomeric protein
9WAD,protein/NA
9WAG,heteromeric protein
9WAH,heteromeric protein
9WAI,heteromeric protein
9WBL,homomeric protein
9WBZ,protein/NA
9WC0,protein/NA
9WCY,heteromeric protein
9WD5,heteromeric protein
9WDI,heteromeric protein
9WDR,homomeric protein
9WDX,homomeric protein
9WEZ,homomeric protein
9WF9,protein/oligosaccharide
9WFC,protein/oligosaccharide
9WFG,homomeric protein
9WFL,protein/oligosaccharide
9WFR,homomeric protein
9WG4,heteromeric protein
9WG8,homomeric protein
9WG7,heteromeric protein
9WG6,heteromeric protein
9WG2,homomeric protein
9WG0,heteromeric protein
9WFZ,heteromeric protein
9WFU,homomeric protein
9WFO,protein/oligosaccharide
9WFN,protein/oligosaccharide
9WFF,homomeric protein
9WFA,homomeric protein
9WF3,protein/oligosaccharide
9WF2,protein/oligosaccharide
9WF0,homomeric protein
9WEY,heteromeric protein
9WEU,heteromeric protein
9WET,homomeric protein
9WE7,heteromeric protein
9WDY,protein/NA
9WDW,protein/NA
9WDV,protein/NA
9WDU,protein/NA
9WDT,homomeric protein
9WDS,protein/NA
9WDQ,homomeric protein
9WDP,heteromeric protein
9WDO,homomeric protein
9WDC,heteromeric protein
9WDB,heteromeric protein
9WDA,heteromeric protein
9WD9,heteromeric protein
9WD7,heteromeric protein
9WD4,homomeric protein
9WD1,heteromeric protein
9WD0,heteromeric protein
9WCX,heteromeric protein
9WCW,heteromeric protein
9WCB,heteromeric protein
9WCA,heteromeric protein
9WC6,homomeric protein
9WC1,heteromeric protein
9WBW,homomeric protein
9WBV,homomeric protein
9WBR,homomeric protein
9WBK,homomeric protein
9WBJ,homomeric protein
9WB4,protein/NA
9WB3,protein/NA
9WAP,homomeric protein
9WAO,homomeric protein
9WAK,heteromeric protein
9WAJ,heteromeric protein
9WAF,protein/NA
9WAE,homomeric protein
9WAC,protein/NA
9WA2,homomeric protein
9WA1,homomeric protein
9WA0,homomeric protein
9W9Z,homomeric protein
9W9Y,homomeric protein
9W9W,homomeric protein
9W9U,homomeric protein
9W9T,homomeric protein
9W9S,homomeric protein
9W9R,homomeric protein
9W9Q,homomeric protein
9W9P,homomeric protein
9W9O,homomeric protein
9W9N,homomeric protein
9W9L,homomeric protein
9W9K,homomeric protein
9W9J,homomeric protein
9W9F,protein/NA
9W9E,homomeric protein
9W9B,homomeric protein
9W9A,homomeric protein
9W99,homomeric protein
9W98,homomeric protein
9W97,homomeric protein
9W8Y,protein/NA
9W8S,protein/NA
9W8R,protein/NA
9W8Q,homomeric protein
9W8J,homomeric protein
9W8A,heteromeric protein
9W81,homomeric protein
9W7Y,homomeric protein
9W7X,homomeric protein
9W7J,heteromeric protein
9W6Q,protein/NA
9W6K,protein/NA
9W6F,protein/NA
9W66,homomeric protein
9W63,homomeric protein
9W62,homomeric protein
9W5I,protein/NA
9W51,homomeric protein
9W50,homomeric protein
9W4Q,homomeric protein
9W4L,homomeric protein
9W4K,homomeric protein
9W4J,heteromeric protein
9W4E,homomeric protein
9W4D,homomeric protein
9W4C,homomeric protein
9W43,heteromeric protein
9W3Z,heteromeric protein
9W3V,protein/NA
9W3U,homomeric protein
9W3T,homomeric protein
9W3P,homomeric protein
9W3L,heteromeric protein
9W3K,heteromeric protein
9W3G,heteromeric protein
9W3D,heteromeric protein
9W37,heteromeric protein
9W36,heteromeric protein
9W35,heteromeric protein
9W33,homomeric protein
9W32,homomeric protein
9W2Z,heteromeric protein
9W2Y,heteromeric protein
9W2X,heteromeric protein
9W2V,heteromeric protein
9W2U,heteromeric protein
9W2I,heteromeric protein
9W2H,heteromeric protein
9W2G,heteromeric protein
9W26,protein/NA
9W1T,heteromeric protein
9W1J,heteromeric protein
9W1I,protein/NA
9W1H,protein/NA
9W1G,protein/NA
9W1F,protein/NA
9W1E,protein/NA
9W1B,homomeric protein
9W0Z,homomeric protein
9W0X,homomeric protein
9W0W,heteromeric protein
9WH1,protein/NA
9WIE,heteromeric protein
9WIG,heteromeric protein
9WIJ,homomeric protein
9WIK,heteromeric protein
9WIT,homomeric protein
9WLS,heteromeric protein
9WME,heteromeric protein
9WNG,heteromeric protein
9WPE,heteromeric protein
9WPF,heteromeric protein
9WPG,heteromeric protein
9WPH,heteromeric protein
9WPM,heteromeric protein
9WQ7,protein/NA
9WQ8,protein/NA
9WQA,heteromeric protein
9WQB,heteromeric protein
9WQK,heteromeric protein
9WRL,homomeric protein
9WSM,protein/NA
9WSN,heteromeric protein
9WSO,heteromeric protein
9WUE,homomeric protein
9WUP,homomeric protein
9WUW,homomeric protein
9WUY,homomeric protein
9WV1,heteromeric protein
9WV2,heteromeric protein
9WV9,homomeric protein
9WVC,homomeric protein
9WW4,protein/NA
9WW5,protein/NA
9WW6,protein/NA
9WW9,heteromeric protein
9WX7,homomeric protein
9WXP,protein/oligosaccharide
9WYP,heteromeric protein
9WZU,protein/oligosaccharide
9WZX,homomeric protein
9X04,protein/oligosaccharide
9X1L,heteromeric protein
9X1N,protein/NA
9X1P,protein/NA
9X20,heteromeric protein
9X28,homomeric protein
9X29,homomeric protein
9X2A,homomeric protein
9X2B,homomeric protein
9X2F,heteromeric protein
9X2M,heteromeric protein
9X35,protein/oligosaccharide
9X4H,protein/NA
9X57,homomeric protein
9X58,heteromeric protein
9X4G,heteromeric protein
9X4C,heteromeric protein
9X4B,heteromeric protein
9X4A,heteromeric protein
9X49,heteromeric protein
9X48,heteromeric protein
9X47,heteromeric protein
9X46,heteromeric protein
9X41,homomeric protein
9X40,heteromeric protein
9X3Z,heteromeric protein
9X3Y,heteromeric protein
9X3S,heteromeric protein
9X3R,heteromeric protein
9X3Q,heteromeric protein
9X3P,heteromeric protein
9X3O,heteromeric protein
9X3K,protein/oligosaccharide
9X3J,protein/oligosaccharide
9X2N,heteromeric protein
9X2C,homomeric protein
9X22,heteromeric protein
9X1V,heteromeric protein
9X1O,protein/NA
9X1M,protein/NA
9X0Y,heteromeric protein
9X0X,heteromeric protein
9X0W,heteromeric protein
9X0R,heteromeric protein
9X0Q,heteromeric protein
9X0L,homomeric protein
9X0K,homomeric protein
9X0J,heteromeric protein
9X0F,homomeric protein
9X0C,homomeric protein
9X0B,homomeric protein
9X05,heteromeric protein
9WZV,protein/oligosaccharide
9WZT,protein/oligosaccharide
9WZS,protein/oligosaccharide
9WZR,protein/NA
9WZ3,homomeric protein
9WYX,homomeric protein
9WYV,homomeric protein
9WYT,protein/oligosaccharide
9WYM,homomeric protein
9WYL,homomeric protein
9WYK,homomeric protein
9WY8,homomeric protein
9WY1,protein/oligosaccharide
9WXJ,protein/NA
9WXI,protein/NA
9WXH,protein/NA
9WXF,homomeric protein
9WXB,heteromeric protein
9WX9,homomeric protein
9WWA,heteromeric protein
9WV7,homomeric protein
9WV6,homomeric protein
9WV5,homomeric protein
9WV3,heteromeric protein
9WUV,homomeric protein
9WUU,heteromeric protein
9WUT,homomeric protein
9WUM,protein/oligosaccharide
9WUK,homomeric protein
9WUG,homomeric protein
9WUF,homomeric protein
9WUD,homomeric protein
9WUC,homomeric protein
9WTZ,homomeric protein
9WTY,homomeric protein
9WTX,homomeric protein
9WTW,homomeric protein
9WTO,homomeric protein
9WTD,homomeric protein
9WT2,homomeric protein
9WT1,heteromeric protein
9WT0,heteromeric protein
9WSZ,heteromeric protein
9WSR,heteromeric protein
9WSQ,heteromeric protein
9WSD,homomeric protein
9WS8,homomeric protein
9WS4,homomeric protein
9WRK,homomeric protein
9WRE,homomeric protein
9WQV,heteromeric protein
9WQR,heteromeric protein
9WQQ,homomeric protein
9WQO,homomeric protein
9WQN,heteromeric protein
9WQM,heteromeric protein
9WQL,heteromeric protein
9WQ9,protein/NA
9WQ6,homomeric protein
9WQ5,heteromeric protein
9WQ3,homomeric protein
9WQ2,homomeric protein
9WQ0,heteromeric protein
9WPZ,heteromeric protein
9WPY,heteromeric protein
9WPX,heteromeric protein
9WPQ,heteromeric protein
9WPL,heteromeric protein
9WP6,homomeric protein
9WNU,heteromeric protein
9WNS,heteromeric protein
9WNF,heteromeric protein
9WND,heteromeric protein
9WNB,homomeric protein
9WN8,protein/NA
9WMR,homomeric protein
9WMQ,heteromeric protein
9WMP,homomeric protein
9WMO,homomeric protein
9WMN,homomeric protein
9WMM,homomeric protein
9WML,homomeric protein
9WMJ,homomeric protein
9WMI,heteromeric protein
9WMH,protein/NA
9WMF,protein/NA
9WMD,homomeric protein
9WLR,homomeric protein
9WLB,heteromeric protein
9WLA,heteromeric protein
9WL9,homomeric protein
9WL8,homomeric protein
9WL7,homomeric protein
9WL6,homomeric protein
9WL5,homomeric protein
9WKZ,homomeric protein
9WKR,heteromeric protein
9WK1,homomeric protein
9WJS,heteromeric protein
9WJ0,heteromeric protein
9WIX,homomeric protein
9WIF,heteromeric protein
9WID,heteromeric protein
9WHY,protein/NA
9WHX,protein/NA
9WHU,protein/NA
9WHK,protein/NA
9WGB,homomeric protein
9X5F,heteromeric protein
9X5G,heteromeric protein
9X5J,heteromeric protein
9X65,heteromeric protein
9X6D,heteromeric protein
9X74,heteromeric protein
9XA7,protein/NA
9XA8,protein/NA
9XAA,protein/NA
9XAB,protein/NA
9XAF,protein/NA
9XAG,protein/NA
9XAH,protein/NA
9XAJ,protein/NA
9XAK,protein/NA
9XB9,heteromeric protein
9XBY,heteromeric protein
9XCA,homomeric protein
9XD0,heteromeric protein
9XD4,homomeric protein
9XD5,protein/NA
9XD6,protein/NA
9XDA,homomeric protein
9XE6,protein/NA
9XED,heteromeric protein
9XFG,heteromeric protein
9XFK,protein/NA
9XFL,protein/NA
9XFV,homomeric protein
9XGV,heteromeric protein
9XGX,heteromeric protein
9XH2,heteromeric protein
9XIY,heteromeric protein
9XJ5,heteromeric protein
9XJM,homomeric protein
9XJP,heteromeric protein
9XKL,homomeric protein
9XO4,protein/oligosaccharide
9XPS,heteromeric protein
9XRL,heteromeric protein
9XTB,homomeric protein
9XTE,protein/NA
9XTJ,heteromeric protein
9XTT,protein/NA
9XTU,heteromeric protein
9XU3,protein/NA
9XW5,heteromeric protein
9XWM,heteromeric protein
9XWO,protein/NA
9XXT,heteromeric protein
9XZG,heteromeric protein
9XZJ,protein/NA
9XZK,heteromeric protein
9Y08,homomeric protein
9Y1Q,heteromeric protein
9Y3U,heteromeric protein
9Y3T,heteromeric protein
9Y3Q,heteromeric protein
9Y3P,heteromeric protein
9Y2C,homomeric protein
9Y2B,homomeric protein
9Y2A,homomeric protein
9Y1V,homomeric protein
9Y0C,homomeric protein
9Y0B,homomeric protein
9Y09,homomeric protein
9Y07,homomeric protein
9Y06,homomeric protein
9Y05,homomeric protein
9Y04,homomeric protein
9Y03,homomeric protein
9XZY,homomeric protein
9XZX,heteromeric protein
9XZS,protein/NA
9XZR,protein/NA
9XZQ,protein/NA
9XZN,homomeric protein
9XZL,protein/NA
9XYU,protein/NA
9XYE,heteromeric protein
9XYC,protein/NA
9XY4,protein/oligosaccharide
9XWN,protein/oligosaccharide
9XWG,homomeric protein
9XWA,protein/oligosaccharide
9XW8,homomeric protein
9XW7,homomeric protein
9XVV,protein/oligosaccharide
9XVR,protein/oligosaccharide
9XVP,heteromeric protein
9XVI,heteromeric protein
9XVG,homomeric protein
9XVE,homomeric protein
9XVC,heteromeric protein
9XUS,heteromeric protein
9XUR,heteromeric protein
9XUO,heteromeric protein
9XUM,heteromeric protein
9XUL,heteromeric protein
9XUK,heteromeric protein
9XTI,heteromeric protein
9XTD,protein/NA
9XTC,protein/NA
9XSM,heteromeric protein
9XSG,heteromeric protein
9XSF,protein/NA
9XRO,heteromeric protein
9XQS,heteromeric protein
9XQN,heteromeric protein
9XQC,heteromeric protein
9XQB,heteromeric protein
9XPF,heteromeric protein
9XPE,heteromeric protein
9XOU,heteromeric protein
9XO5,protein/oligosaccharide
9XO3,protein/oligosaccharide
9XO2,protein/oligosaccharide
9XO1,protein/oligosaccharide
9XO0,protein/oligosaccharide
9XNZ,protein/oligosaccharide
9XNY,protein/oligosaccharide
9XNX,protein/oligosaccharide
9XNP,heteromeric protein
9XNO,heteromeric protein
9XNH,homomeric protein
9XNC,homomeric protein
9XMM,protein/oligosaccharide
9XMI,homomeric protein
9XMG,homomeric protein
9XKO,protein/oligosaccharide
9XKA,heteromeric protein
9XJW,heteromeric protein
9XJL,homomeric protein
9XJK,heteromeric protein
9XJ9,heteromeric protein
9XJ7,heteromeric protein
9XJ1,heteromeric protein
9XIX,heteromeric protein
9XIR,homomeric protein
9XIQ,homomeric protein
9XIP,homomeric protein
9XI9,protein/oligosaccharide
9XI8,heteromeric protein
9XI7,protein/oligosaccharide
9XI6,heteromeric protein
9XI5,protein/oligosaccharide
9XI4,heteromeric protein
9XI2,heteromeric protein
9XI1,heteromeric protein
9XI0,protein/oligosaccharide
9XHY,heteromeric protein
9XHI,heteromeric protein
9XHH,heteromeric protein
9XGW,heteromeric protein
9XGK,protein/NA
9XGC,heteromeric protein
9XGB,heteromeric protein
9XFO,heteromeric protein
9XFJ,heteromeric protein
9XFI,heteromeric protein
9XFH,heteromeric protein
9XF4,heteromeric protein
9XEC,protein/NA
9XE9,protein/NA
9XE7,protein/NA
9XDR,heteromeric protein
9XDQ,heteromeric protein
9XDE,homomeric protein
9XDD,heteromeric protein
9XDC,heteromeric protein
9XDB,homomeric protein
9XCM,heteromeric protein
9XCH,heteromeric protein
9XCB,homomeric protein
9XC6,heteromeric protein
9XBS,homomeric protein
9XB1,homomeric protein
9XAE,protein/NA
9XAD,protein/NA
9XAC,protein/NA
9XA9,protein/NA
9XA3,homomeric protein
9X9T,heteromeric protein
9X9K,homomeric protein
9X9B,protein/NA
9X97,homomeric protein
9X95,homomeric protein
9X94,protein/NA
9X8X,homomeric protein
9X6Z,homomeric protein
9X6S,homomeric protein
9X69,heteromeric protein
9X67,homomeric protein
9X61,protein/oligosaccharide
9X60,protein/oligosaccharide
9X5Z,protein/oligosaccharide
9X5Y,protein/oligosaccharide
9X5X,protein/oligosaccharide
9X5W,protein/oligosaccharide
9X5R,heteromeric protein
9Y49,protein/NA
9Y4C,protein/NA
9Y4D,protein/NA
9Y4E,protein/NA
9Y4F,protein/NA
9Y4G,protein/NA
9Y4P,protein/NA
9Y4T,homomeric protein
9Y52,heteromeric protein
9Y5M,homomeric protein
9Y66,protein/NA
9Y6N,homomeric protein
9Y6O,protein/oligosaccharide
9Y6T,homomeric protein
9Y72,homomeric protein
9Y79,protein/NA
9Y7B,protein/NA
9Y7J,homomeric protein
9Y7N,heteromeric protein
9Y7P,homomeric protein
9Y7Z,homomeric protein
9Y9L,heteromeric protein
9Y9M,heteromeric protein
9YB3,protein/oligosaccharide
9YB4,protein/oligosaccharide
9YBL,homomeric protein
9YBM,homomeric protein
9YCD,homomeric protein
9YCI,heteromeric protein
9YCZ,protein/NA
9YD0,heteromeric protein
9YD5,protein/NA
9YDO,heteromeric protein
9YEK,protein/oligosaccharide
9YEU,protein/oligosaccharide
9YF4,heteromeric protein
9YFG,heteromeric protein
9YGH,heteromeric protein
9YGJ,heteromeric protein
9YGM,protein/NA
9YGP,protein/oligosaccharide
9YGT,homomeric protein
9YH1,homomeric protein
9YH6,heteromeric protein
9YH7,heteromeric protein
9YHA,homomeric protein
9YHB,homomeric protein
9YI2,homomeric protein
9YIM,heteromeric protein
9YK0,homomeric protein
9YL3,protein/NA
9YLE,protein/NA
9YLF,heteromeric protein
9YLY,protein/NA
9YM8,protein/NA
9YM9,protein/NA
9YMF,protein/NA
9YMU,protein/NA
9YMV,protein/NA
9YMW,protein/NA
9YMX,protein/NA
9YMY,protein/NA
9YN0,protein/NA
9YNC,heteromeric protein
9YNF,homomeric protein
9YNQ,protein/NA
9YOP,heteromeric protein
9YOV,protein/oligosaccharide
9YOU,protein/oligosaccharide
9YOT,protein/oligosaccharide
9YOS,protein/oligosaccharide
9YOR,protein/oligosaccharide
9YOK,protein/oligosaccharide
9YNR,protein/oligosaccharide
9YNP,protein/NA
9YNK,homomeric protein
9YNB,homomeric protein
9YMZ,homomeric protein
9YML,protein/oligosaccharide
9YMK,protein/oligosaccharide
9YMJ,protein/oligosaccharide
9YMD,protein/NA
9YMC,protein/NA
9YMB,protein/NA
9YMA,protein/NA
9YLX,protein/NA
9YLV,homomeric protein
9YLU,protein/NA
9YLI,homomeric protein
9YLB,heteromeric protein
9YKY,homomeric protein
9YKW,heteromeric protein
9YKV,heteromeric protein
9YKK,homomeric protein
9YJZ,homomeric protein
9YIX,heteromeric protein
9YIK,protein/oligosaccharide
9YIG,protein/oligosaccharide
9YIF,protein/oligosaccharide
9YI4,homomeric protein
9YHR,protein/oligosaccharide
9YHQ,protein/oligosaccharide
9YHO,protein/oligosaccharide
9YH0,heteromeric protein
9YGZ,heteromeric protein
9YGV,heteromeric protein
9YGU,homomeric protein
9YGR,heteromeric protein
9YGQ,heteromeric protein
9YGO,protein/oligosaccharide
9YGN,protein/oligosaccharide
9YGI,heteromeric protein
9YGF,heteromeric protein
9YG5,heteromeric protein
9YG4,heteromeric protein
9YFW,homomeric protein
9YFU,heteromeric protein
9YFT,heteromeric protein
9YFD,homomeric protein
9YF9,homomeric protein
9YF0,protein/oligosaccharide
9YEX,protein/oligosaccharide
9YET,protein/oligosaccharide
9YER,protein/oligosaccharide
9YEO,protein/oligosaccharide
9YEM,protein/oligosaccharide
9YEL,protein/oligosaccharide
9YEI,protein/oligosaccharide
9YEH,protein/oligosaccharide
9YEE,heteromeric protein
9YEC,heteromeric protein
9YE8,protein/oligosaccharide
9YE7,protein/oligosaccharide
9YE6,protein/oligosaccharide
9YDX,homomeric protein
9YDW,protein/oligosaccharide
9YDT,heteromeric protein
9YDS,heteromeric protein
9YCY,heteromeric protein
9YCX,heteromeric protein
9YCJ,heteromeric protein
9YCH,heteromeric protein
9YC5,protein/oligosaccharide
9YBY,protein/oligosaccharide
9YBP,homomeric protein
9YBN,protein/NA
9YAZ,protein/oligosaccharide
9YAI,heteromeric protein
9YAB,heteromeric protein
9YA9,heteromeric protein
9YA7,heteromeric protein
9YA5,heteromeric protein
9Y9X,homomeric protein
9Y9V,protein/oligosaccharide
9Y9P,heteromeric protein
9Y9J,heteromeric protein
9Y9G,homomeric protein
9Y9F,homomeric protein
9Y9D,protein/oligosaccharide
9Y96,homomeric protein
9Y95,homomeric protein
9Y94,homomeric protein
9Y93,homomeric protein
9Y90,protein/oligosaccharide
9Y8Z,homomeric protein
9Y80,homomeric protein
9Y7X,homomeric protein
9Y7W,homomeric protein
9Y7O,homomeric protein
9Y7M,heteromeric protein
9Y7L,heteromeric protein
9Y7I,homomeric protein
9Y7C,heteromeric protein
9Y75,homomeric protein
9Y73,homomeric protein
9Y71,homomeric protein
9Y70,homomeric protein
9Y6P,homomeric protein
9Y6G,homomeric protein
9Y6F,heteromeric protein
9Y68,homomeric protein
9Y67,homomeric protein
9Y63,homomeric protein
9Y61,heteromeric protein
9Y5U,heteromeric protein
9Y5T,heteromeric protein
9Y5S,heteromeric protein
9Y5R,heteromeric protein
9Y5O,homomeric protein
9Y5N,homomeric protein
9Y5L,homomeric protein
9Y5K,protein/NA
9Y5J,homomeric protein
9Y5I,homomeric protein
9Y4W,heteromeric protein
9Y4L,protein/NA
9Y4J,protein/NA
9Y4B,heteromeric protein
9Y4A,homomeric protein
9Y3V,heteromeric protein
9YP6,homomeric protein
9YP8,homomeric protein
9YP9,heteromeric protein
9YPF,protein/NA
9YQO,protein/oligosaccharide
9YQQ,homomeric protein
9YR7,heteromeric protein
9YRG,heteromeric protein
9YRH,heteromeric protein
9YRK,protein/NA
9YRL,protein/NA
9YRN,protein/NA
9YRO,protein/NA
9YUZ,heteromeric protein
9YX6,protein/oligosaccharide
9YXB,protein/NA
9YXV,protein/NA
9YYG,protein/NA
9YYH,protein/NA
9Z07,protein/NA
9Z0H,protein/NA
9Z1M,protein/oligosaccharide
9Z2F,homomeric protein
9Z3Y,protein/oligosaccharide
9Z4W,homomeric protein
9Z5I,homomeric protein
9Z7Q,protein/NA
9Z7V,protein/NA
9Z7X,protein/NA
9Z80,protein/NA/oligosaccharide
9Z82,homomeric protein
9Z8F,homomeric protein
9Z9G,homomeric protein
9Z9X,homomeric protein
9ZBI,heteromeric protein
9ZBL,heteromeric protein
9ZCD,protein/NA
9ZCW,homomeric protein
9ZCY,heteromeric protein
9ZD0,homomeric protein
9ZD1,heteromeric protein
9ZD2,heteromeric protein
9ZD3,heteromeric protein
9ZD4,heteromeric protein
9ZDQ,heteromeric protein
9ZE0,protein/NA
9ZDY,homomeric protein
9ZDX,homomeric protein
9ZDW,heteromeric protein
9ZD8,heteromeric protein
9ZD5,homomeric protein
9ZCZ,homomeric protein
9ZCV,homomeric protein
9ZCU,homomeric protein
9ZCR,homomeric protein
9ZCQ,homomeric protein
9ZCP,homomeric protein
9ZCO,homomeric protein
9ZCN,homomeric protein
9ZBV,homomeric protein
9ZBU,protein/NA
9ZBT,protein/NA
9ZBS,heteromeric protein
9ZBP,heteromeric protein
9ZBK,heteromeric protein
9ZBJ,heteromeric protein
9ZBD,homomeric protein
9ZBC,homomeric protein
9ZBB,homomeric protein
9ZBA,homomeric protein
9ZB9,homomeric protein
9ZB5,protein/oligosaccharide
9ZAW,homomeric protein
9ZA4,homomeric protein
9ZA3,homomeric protein
9ZA1,homomeric protein
9Z9Y,homomeric protein
9Z9W,homomeric protein
9Z9S,homomeric protein
9Z9L,protein/oligosaccharide
9Z9H,homomeric protein
9Z9B,homomeric protein
9Z8M,homomeric protein
9Z8L,homomeric protein
9Z81,homomeric protein
9Z7W,homomeric protein
9Z7U,homomeric protein
9Z7T,homomeric protein
9Z7S,homomeric protein
9Z7R,homomeric protein
9Z7P,homomeric protein
9Z7B,heteromeric protein
9Z7A,heteromeric protein
9Z79,heteromeric protein
9Z78,heteromeric protein
9Z77,heteromeric protein
9Z76,heteromeric protein
9Z6Z,protein/NA
9Z6Y,protein/NA
9Z6W,heteromeric protein
9Z6V,heteromeric protein
9Z6U,heteromeric protein
9Z6T,homomeric protein
9Z6N,homomeric protein
9Z67,protein/oligosaccharide
9Z66,heteromeric protein
9Z64,heteromeric protein
9Z63,heteromeric protein
9Z62,heteromeric protein
9Z61,heteromeric protein
9Z60,heteromeric protein
9Z5U,protein/oligosaccharide
9Z5N,homomeric protein
9Z4O,homomeric protein
9Z4J,homomeric protein
9Z4I,homomeric protein
9Z4H,protein/oligosaccharide
9Z4A,heteromeric protein
9Z49,heteromeric protein
9Z3K,homomeric protein
9Z3J,protein/oligosaccharide
9Z3D,protein/NA
9Z32,homomeric protein
9Z2W,protein/NA
9Z2V,homomeric protein
9Z2U,protein/NA
9Z2T,protein/NA
9Z2R,protein/NA
9Z2Q,protein/NA
9Z2P,protein/NA
9Z2O,protein/NA
9Z2N,protein/NA
9Z2M,homomeric protein
9Z2D,homomeric protein
9Z27,homomeric protein
9Z26,homomeric protein
9Z25,homomeric protein
9Z24,homomeric protein
9Z23,homomeric protein
9Z22,homomeric protein
9Z21,homomeric protein
9Z20,homomeric protein
9Z1Z,homomeric protein
9Z1Y,homomeric protein
9Z1X,homomeric protein
9Z1W,homomeric protein
9Z1N,heteromeric protein
9Z18,heteromeric protein
9Z12,heteromeric protein
9Z0P,homomeric protein
9Z0E,heteromeric protein
9Z06,homomeric protein
9Z05,homomeric protein
9Z04,homomeric protein
9Z03,homomeric protein
9YYV,homomeric protein
9YYU,heteromeric protein
9YYD,homomeric protein
9YXX,homomeric protein
9YXQ,heteromeric protein
9YX8,homomeric protein
9YX7,homomeric protein
9YWS,heteromeric protein
9YWQ,homomeric protein
9YW2,heteromeric protein
9YW0,protein/oligosaccharide
9YVP,homomeric protein
9YVO,homomeric protein
9YVN,homomeric protein
9YVM,homomeric protein
9YVL,homomeric protein
9YVK,homomeric protein
9YVI,protein/oligosaccharide
9YVH,protein/oligosaccharide
9YVG,protein/oligosaccharide
9YUY,heteromeric protein
9YUQ,homomeric protein
9YTS,protein/oligosaccharide
9YTC,protein/oligosaccharide
9YTA,protein/oligosaccharide
9YT7,protein/oligosaccharide
9YT6,protein/oligosaccharide
9YT4,protein/oligosaccharide
9YSS,protein/oligosaccharide
9YSR,heteromeric protein
9YSK,protein/oligosaccharide
9YSJ,protein/oligosaccharide
9YSG,protein/oligosaccharide
9YRQ,heteromeric protein
9YRM,heteromeric protein
9YRC,heteromeric protein
9YRB,heteromeric protein
9YR4,heteromeric protein
9YQL,homomeric protein
9YQK,heteromeric protein
9YQ8,heteromeric protein
9YQ6,protein/oligosaccharide
9YPR,protein/oligosaccharide
9YPE,protein/NA
9YPB,heteromeric protein
9ZE2,protein/NA
9ZEC,protein/NA
9ZEO,protein/NA
9ZI8,protein/NA
9ZI9,protein/NA
9ZIB,protein/NA
9ZIC,protein/NA
9ZID,protein/NA
9ZIE,protein/NA
9ZIF,protein/NA
9ZIG,protein/NA
9ZIH,protein/NA
9ZII,protein/NA
9ZIJ,protein/NA
9ZIK,protein/NA
9ZIL,protein/NA
9ZIM,protein/NA
9ZIN,protein/NA
9ZIU,protein/NA
9ZIV,protein/NA
9ZIW,protein/NA
9ZIX,protein/NA
9ZIY,protein/NA
9ZIZ,protein/NA
9ZJR,homomeric protein
9ZJS,homomeric protein
9ZJT,heteromeric protein
9ZJU,homomeric protein
9ZJV,homomeric protein
9ZJW,homomeric protein
9ZJZ,homomeric protein
9ZKD,homomeric protein
9ZKM,heteromeric protein
9ZNA,heteromeric protein
9ZNF,protein/NA
9ZNG,protein/NA
9ZNI,protein/NA
9ZOF,heteromeric protein
9ZP9,protein/NA
9ZPK,heteromeric protein
9ZPL,heteromeric protein
9ZPO,heteromeric protein
9ZPT,heteromeric protein
9ZPV,homomeric protein
9ZPW,homomeric protein
9ZPX,homomeric protein
9ZPY,homomeric protein
9ZPZ,homomeric protein
9ZQ0,homomeric protein
9ZQ1,homomeric protein
9ZQ6,protein/NA
9ZQ9,protein/NA
9ZQA,protein/NA
9ZQB,protein/NA
9ZQC,protein/NA
9ZQR,homomeric protein
9ZQU,homomeric protein
9ZRG,protein/NA
9ZRJ,heteromeric protein
9ZRK,heteromeric protein
9ZRL,heteromeric protein
9ZRQ,heteromeric protein
9ZRX,protein/oligosaccharide
9ZS4,protein/NA
9ZT7,protein/oligosaccharide
9ZTC,protein/oligosaccharide
9ZTL,protein/NA
9ZV4,protein/oligosaccharide
9ZVH,protein/oligosaccharide
9ZVV,homomeric protein
9ZW3,homomeric protein
9ZY0,protein/NA
9ZY1,protein/NA
9ZYS,heteromeric protein
9ZZY,protein/NA
9ZZR,protein/NA
9ZZO,heteromeric protein
9ZZM,heteromeric protein
9ZZJ,heteromeric protein
9ZZI,homomeric protein
9ZXD,heteromeric protein
9ZXC,heteromeric protein
9ZWO,heteromeric protein
9ZWN,heteromeric protein
9ZWM,heteromeric protein
9ZWL,heteromeric protein
9ZWK,heteromeric protein
9ZWE,heteromeric protein
9ZW4,homomeric protein
9ZVX,heteromeric protein
9ZVM,homomeric protein
9ZVL,heteromeric protein
9ZV9,protein/oligosaccharide
9ZV1,protein/oligosaccharide
9ZV0,protein/oligosaccharide
9ZUN,heteromeric protein
9ZUB,heteromeric protein
9ZTK,heteromeric protein
9ZTJ,protein/oligosaccharide
9ZT8,protein/oligosaccharide
9ZT6,protein/oligosaccharide
9ZT5,protein/oligosaccharide
9ZS7,homomeric protein
9ZRZ,protein/oligosaccharide
9ZRY,protein/oligosaccharide
9ZRT,heteromeric protein
9ZRS,heteromeric protein
9ZRR,heteromeric protein
9ZR7,heteromeric protein
9ZQY,heteromeric protein
9ZQT,homomeric protein
9ZQS,homomeric protein
9ZP4,protein/NA
9ZP3,protein/NA
9ZP2,protein/NA
9ZP1,protein/NA
9ZOH,heteromeric protein
9ZOB,protein/NA
9ZNP,homomeric protein
9ZNO,homomeric protein
9ZNN,homomeric protein
9ZND,heteromeric protein
9ZNC,protein/NA
9ZN9,heteromeric protein
9ZN8,heteromeric protein
9ZN7,heteromeric protein
9ZN6,heteromeric protein
9ZMM,protein/NA
9ZM2,homomeric protein
9ZLY,homomeric protein
9ZLK,homomeric protein
9ZLH,homomeric protein
9ZLF,homomeric protein
9ZLD,homomeric protein
9ZLC,homomeric protein
9ZLA,protein/NA
9ZL7,homomeric protein
9ZKW,heteromeric protein
9ZKV,heteromeric protein
9ZKU,heteromeric protein
9ZKT,heteromeric protein
9ZKS,heteromeric protein
9ZKR,heteromeric protein
9ZKQ,heteromeric protein
9ZKP,heteromeric protein
9ZKO,heteromeric protein
9ZKN,heteromeric protein
9ZKE,homomeric protein
9ZKC,homomeric protein
9ZKA,homomeric protein
9ZK9,homomeric protein
9ZK8,homomeric protein
9ZJN,heteromeric protein
9ZHH,homomeric protein
9ZGF,protein/NA
9ZFZ,heteromeric protein
9ZFY,heteromeric protein
9ZFO,heteromeric protein
9ZF0,homomeric protein
9ZEZ,homomeric protein
9ZEN,protein/NA
9ZED,protein/NA
9ZE3,protein/NA
