pdb_id,emdb_ids,resolution,release_date,title
10AC,EMD-75023,2.47,2026-08-12T00:00:00.000+00:00,Cryo-EM structure of major outer membrane protein (PorA) in C. jejuni
10AD,EMD-75024,3.44,2026-02-04T00:00:00.000+00:00,Cryo-EM structure of the human BK channel bound to the agonist NS1619
10AL,EMD-75028,2.45,2026-09-16T00:00:00.000+00:00,indoleacetate decarboxylase with bound indole-3-acetate
10AM,EMD-75029,3.13,2026-08-12T00:00:00.000+00:00,C. Jejuni Simpl-Like Protein
10AW,EMD-75037,2.82,2026-08-12T00:00:00.000+00:00,Cryo-EM structure of 50 kDa outer membrane protein (omp50) in C. jejuni
10AY,EMD-75038,2.9,2026-04-22T00:00:00.000+00:00,Cryo-EM structure of CRBN-DDB1 in complex with HBS1L and TNG961
10BE,EMD-75039,3.02,2026-06-03T00:00:00.000+00:00,Human AGO2 bound to a miR-20a guide and a position 10-11 mismatched target
10BU,EMD-75053,3.2,2026-05-27T00:00:00.000+00:00,Adenovirus hexon displaying BAP insertion in the HVR5 region
10DB,EMD-75081,2.74,2026-08-12T00:00:00.000+00:00,Cryo-EM structure of major outer membrane protein (PorA) with Loop4 missing
10DK,EMD-75090,3.22,2026-05-27T00:00:00.000+00:00,Structure of an adenovirus hexon with Zwitterionic insertion in HVR5
10DN,EMD-75093,2.81,2026-08-12T00:00:00.000+00:00,Cryo-EM structure of 50 kDa outer membrane protein (omp50) with no N-ternimal helix
10DP,EMD-75094,3.25,2026-05-27T00:00:00.000+00:00,Human adenovirus hexon and polyclonal antibody complex
10DQ,EMD-75095,3.9,2026-07-08T00:00:00.000+00:00,Cbf1-CCAN-CEN complex
10DW,EMD-75101,2.9,2026-08-12T00:00:00.000+00:00,Structure of CRBN/DDB1dB-KAT2A-Compound4 ternary complex
10ED,EMD-75104,1.95,2026-08-26T00:00:00.000+00:00,CbrXA SLC5-STAC domains
10EG,EMD-75106,3.4,2026-07-01T00:00:00.000+00:00,Thermosynechococcus vestitus (BP-1) Photosystem I Complexed with Platinum Nanoparticles
10EH,EMD-75107,3.5,2026-07-01T00:00:00.000+00:00,De novo assembled CBF3-CEN complex
10EN,EMD-75112,3.7,2026-03-25T00:00:00.000+00:00,"SK3D-Matured in complex with GluN1-GluN2B, full refinement"
10EO,EMD-75113,3.2,2026-05-27T00:00:00.000+00:00,Chloroplast Glutamyl Peptidase S781R in closed-closed conformation
10EP,EMD-75114,3.2,2026-05-27T00:00:00.000+00:00,Chloroplast Glutamyl Peptidase S781R in open-closed conformation
10EQ,EMD-75115,3.3,2026-05-27T00:00:00.000+00:00,Chloroplast Glutamyl Peptidase WT in open-closed conformation
10ER,EMD-75116,3.2,2026-05-27T00:00:00.000+00:00,Chloroplast Glutamyl Peptidase S781R in open-open conformation
10ES,EMD-75117,3.0,2026-05-27T00:00:00.000+00:00,Chloroplast Glutamyl Peptidase WT in open-open conformation
10ET,EMD-75118,3.0,2026-05-27T00:00:00.000+00:00,Chloroplast Glutamyl Peptidase D855N in open-closed conformation
10EU,EMD-75119,3.0,2026-05-27T00:00:00.000+00:00,Chloroplast Glutamyl Peptidase D855N in open-open conformation
10EZ,EMD-75123,3.76,2026-03-25T00:00:00.000+00:00,"SK3D-Germline in complex with GluN1-GluN2B, full refinement"
10FA,EMD-75124,3.52,2026-07-15T00:00:00.000+00:00,E. coli tRNA guanine transgylcosylase
10FB,EMD-75125,3.01,2026-07-15T00:00:00.000+00:00,E. coli TGT covalent intermediate with 1 tRNA
10FC,EMD-75126,2.72,2026-07-22T00:00:00.000+00:00,E. coli TGT covalent intermediate with 2 tRNAs
10FD,EMD-75127,3.09,2026-03-25T00:00:00.000+00:00,"SK5G-Matured in complex with GluN1-GluN2B, full refinement"
10FI,EMD-75131,3.3,2026-07-08T00:00:00.000+00:00,apo CCAN purified from budding yeast
10FJ,EMD-75133,3.5,2026-07-01T00:00:00.000+00:00,FcgRIIa in complex with IV.3 Fab
10FL,EMD-75134,3.81,2026-03-25T00:00:00.000+00:00,SK5G-Germline
10FM,EMD-75135,3.03,2026-01-28T00:00:00.000+00:00,CryoEM structure of Aldehyde dehydrogenase from Francisella tularensis subsp. tularensis at 3.03A resolution
10FT,EMD-75142,3.21,2026-02-25T00:00:00.000+00:00,Cryo-EM structure of receptor tyrosine kinase ROS1 in complex with NELL2
10FZ,EMD-75144,2.91,2026-03-18T00:00:00.000+00:00,30S ribosomal subunit from E. coli missing the gene encoding for the 16S rRNA 2'-O-methyltransferase RsmI
10GH,EMD-75151;EMD-45172,3.06,2026-02-25T00:00:00.000+00:00,Cryo-EM structure of Receptor Tyrosine Kinase ROS1 in complex with Fab-RX5
10GJ,EMD-75152,2.8,2026-07-22T00:00:00.000+00:00,Nucleosome containing an 8oxoG:A at SHL-6
10GK,EMD-75153,2.7,2026-07-22T00:00:00.000+00:00,Nucleosome containing an 8oxoG:A at SHL+4
10GL,EMD-75154,2.5,2026-07-22T00:00:00.000+00:00,Nucleosome containing an 8oxoG:A at SHL+3
10GM,EMD-75155,2.5,2026-07-22T00:00:00.000+00:00,Nucleosome containing an 8oxoG:A at SHL+2
10GN,EMD-75156,3.0,2026-07-22T00:00:00.000+00:00,Nucleosome containing an 8oxoG at SHL+3
10GO,EMD-75157,2.8,2026-07-22T00:00:00.000+00:00,Nucleosome containing an 8oxoG at SHL+2
10GX,EMD-75163,3.2,2026-07-22T00:00:00.000+00:00,Yeast Blm10 apo Structure
10IJ,EMD-75195,3.1,2026-03-11T00:00:00.000+00:00,S305I Frontotemporal Lobar Degeneration (FTLD) type I tau filament
10IK,EMD-75196,3.2,2026-03-11T00:00:00.000+00:00,S305I Frontotemporal Lobar Degeneration (FTLD) type II tau filament
10JA,EMD-75211,3.43,2026-08-26T00:00:00.000+00:00,Cryo-EM structure of Gi-coupled GPR84 in complex with OX04539
10JB,EMD-75212,3.22,2026-08-26T00:00:00.000+00:00,Cryo-EM structure of Gi-coupled GPR84 in complex with OX04539 and PSB-16671
10JF,EMD-75215,3.4,2026-09-23T00:00:00.000+00:00,Structure of Human Argonaute2-miR200b RISC bound to 13nt long target in closed conformation
10JG,EMD-75216,3.6,2026-09-23T00:00:00.000+00:00,Structure of Human Argonaute2-miR200b RISC bound to 13nt long target in open conformation
10JH,EMD-75217,3.4,2026-09-23T00:00:00.000+00:00,Structure of Human Argonaute2-miR200b RISC bound to 14nt long target RNA
10JI,EMD-75218,3.7,2026-09-23T00:00:00.000+00:00,Structure of Human Argonaute2-miR200b RISC bound to 14nt long target in complex with kinase CK1alpha
10JJ,EMD-75219,2.8,2026-09-23T00:00:00.000+00:00,Structure of Human Argonaute2-miR200b RISC bound to 30nt long target RNA
10JK,EMD-75220,2.8,2026-09-23T00:00:00.000+00:00,Structure of Human Argonaute2-miR200b RISC bound to 30nt long target in complex with kinase CK1alpha
10KF,EMD-75232,3.57,2026-09-02T00:00:00.000+00:00,Cryo-EM structure of a chemically treated Cyanobacterial Photosystem I core with bound platinum nanoparticles
10KR,EMD-75254,3.57,2026-02-25T00:00:00.000+00:00,Cryo-EM structure of tau filament
10LM,EMD-75270,3.5,2026-09-02T00:00:00.000+00:00,Native flagellar filament from Leptospira biflexa
10LN,EMD-75271,2.92,2026-09-02T00:00:00.000+00:00,VT Ia tau filament from VT Case 1
10MA,EMD-75279,2.9,2026-04-29T00:00:00.000+00:00,"Closed Eco-ePEC: Cryo-EM structure of Eco RNAP his-elemental paused elongation complex with a closed active site (closed TL, SI3 and RH-FL)"
10MB,EMD-75280,2.9,2026-04-29T00:00:00.000+00:00,"Open1 Eco-ePEC: Cryo-EM structure of Eco RNAP his-elemental paused elongation complex with an open active site (open TL, SI3 and RH-FL)"
10MC,EMD-75281,2.8,2026-04-29T00:00:00.000+00:00,"Open2 Eco-ePEC: Cryo-EM structure of Eco RNAP his-elemental paused elongation complex with an open active site (open TL, SI3 and RH-FL)"
10MD,EMD-75282,2.8,2026-04-29T00:00:00.000+00:00,"Open3 Eco-ePEC: Cryo-EM structure of Eco RNAP his-elemental paused elongation complex with an open active site (open TL, SI3 and RH-FL)"
10ME,EMD-75283,4.0,2026-06-24T00:00:00.000+00:00,"SemiClosed Eco-ePEC: Cryo-EM structure of Eco RNAP his-elemental paused elongation complex with a semi-closed active site (closed TL and SI3, open RH-FL)"
10MF,EMD-75284,2.8,2026-06-24T00:00:00.000+00:00,"CBR9379 bound Open1 Eco-ePEC: Cryo-EM structure of Eco RNAP his-elemental paused elongation complex with an open active site (open TL, SI3 and RH-FL)"
10MG,EMD-75285,2.9,2026-06-24T00:00:00.000+00:00,"CBR9379 bound Open2 Eco-ePEC: Cryo-EM structure of Eco RNAP his-elemental paused elongation complex with an open active site (open TL, SI3 and RH-FL)"
10MI,EMD-75286,3.0,2026-06-24T00:00:00.000+00:00,Closed Mtb-EC: Cryo-EM structure of Mtb RNAP elongation complex (substrate loading mimic) with a closed active site (closed TL and RH-FL)
10MJ,EMD-75287,3.3,2026-06-24T00:00:00.000+00:00,Open Mtb-EC: Cryo-EM structure of Mtb RNAP elongation complex (substrate loading mimic) with an open active site (open TL and RH-FL)
10MK,EMD-75288,3.3,2026-06-24T00:00:00.000+00:00,"SemiClosed Mtb-EC: Cryo-EM structure of Mtb RNAP elongation complex (substrate loading mimic) with a semiclosed active site (closed TL, open RH-FL)"
10ML,EMD-75289,3.0,2026-06-24T00:00:00.000+00:00,AAP-SO2 bound Open Mtb-EC: Cryo-EM structure of Mtb RNAP elongation complex (substrate loading mimic) with an open active site (open TL and RH-FL)
10MR,EMD-75292,3.14,2026-09-02T00:00:00.000+00:00,VT II tau filament from VT Case 1
10MS,EMD-75293,3.24,2026-09-02T00:00:00.000+00:00,VT IV tau filament from VT Case 2
10MT,EMD-75294,3.7,2026-07-22T00:00:00.000+00:00,"C2 symmetry expanded and subtracted 20S Proteasome, Blm10, Fub1 Complex Halfmer"
10MU,EMD-75295,3.16,2026-03-11T00:00:00.000+00:00,SARS-CoV-2 S2 in complex with polyclonal Fab_Donor2
10MY,EMD-75296,3.44,2026-05-20T00:00:00.000+00:00,"Single particle reconstruction of PilU from Vibrio cholerae El Tor E7946, form 1"
10MZ,EMD-75297,3.68,2026-05-20T00:00:00.000+00:00,"Single particle reconstruction of PilU from Vibrio cholerae El Tor E7946, form 2"
10NA,EMD-75298,3.49,2026-05-20T00:00:00.000+00:00,"Single particle reconstruction of PilU from Vibrio cholerae El Tor E7946, form 3"
10NB,EMD-75299,3.76,2026-05-20T00:00:00.000+00:00,"Single particle reconstruction of PilU from Vibrio cholerae El Tor E7946, form 4"
10NK,EMD-75305,3.95,2026-09-02T00:00:00.000+00:00,Xenopus KCNQ1 Intermediate State (E1R/R2E) in complex with UCL2077
10NL,EMD-75306,3.81,2026-09-02T00:00:00.000+00:00,Xenopus KCNQ1 in complex with UCL2077
10NM,EMD-75307,2.92,2026-04-08T00:00:00.000+00:00,CRYO-EM STRUCTURE OF THE A149T DIMER VARIANT OF SERINE HYDROXYMETHYLTRANSFERASE 8 FROM SOYBEAN CULTIVAR ESSEX IN COMPLEX WITH PLP
10NO,EMD-75308,2.96,2026-09-02T00:00:00.000+00:00,u-VT Ia tau filament from VT Case 2
10NP,EMD-75309,3.51,2026-09-02T00:00:00.000+00:00,u-VT Ib tau filament from VT Case 1
10NQ,EMD-75310,3.61,2026-09-02T00:00:00.000+00:00,u-VT Ic tau filament from VT Case 1
10NR,EMD-75311,3.37,2026-09-02T00:00:00.000+00:00,u-VT II tau filament from VT Case 1
10NT,EMD-75313,3.05,2026-09-02T00:00:00.000+00:00,u-VT IV tau filament from VT Case 1
10OP,EMD-75339,2.63,2026-03-18T00:00:00.000+00:00,"Cryo-EM structure of Sudan Ebolavirus GP bound by three neutralizing antibodies 545S, 523S and 294S"
10OR,EMD-75340,2.46,2026-03-18T00:00:00.000+00:00,"Cryo-EM structure of Sudan Ebolavirus GP bound by three neutralizing antibodies 316L, 523S and 294S"
10OZ,EMD-75366,3.06,2026-05-06T00:00:00.000+00:00,Structure of PDE5 PDE6 chimera
10PL,EMD-75374,3.44,2026-07-01T00:00:00.000+00:00,Asymmetric architecture and adaptation of Treponema flagella
10PM,EMD-75375,3.67,2026-07-01T00:00:00.000+00:00,Asymmetric architecture and adaptation of Treponema flagella
10PP,EMD-75376,3.72,2026-07-01T00:00:00.000+00:00,Asymmetric architecture and adaptation of Treponema flagella
10QM,EMD-75389,2.49,2026-06-10T00:00:00.000+00:00,E.coli 50S ribosomal subunit bound to compound 48a
10QQ,EMD-75391,2.13,2026-03-18T00:00:00.000+00:00,Structure of human VCP/p97 dodecamer bound to ADP (DMSO control)
10QR,EMD-75392,2.3,2026-03-18T00:00:00.000+00:00,Structure of human VCP/p97 hexamer bound to ADP (DMSO control)
10QT,EMD-75393,3.4,2026-07-22T00:00:00.000+00:00,"C2 expanded and subtracted 20S Alpha 3 Deletion proteasome core particle in complex with Blm10, Halfmer"
10RI,EMD-75407,3.6,2026-06-10T00:00:00.000+00:00,"Dimeric complex of VEGF, VEGFR2 and Neuropilin 1"
10RJ,EMD-75408,3.34,2026-06-10T00:00:00.000+00:00,"Heparin-induced cis tetrameric complex of VEGF, VEGFR2 and Neuropilin 1"
10RK,EMD-75409,3.65,2026-06-10T00:00:00.000+00:00,"Heparin-induced trans tetrameric complex of VEGF, VEGFR2 and Neuropilin 1"
10RN,EMD-75411,3.6,2026-08-26T00:00:00.000+00:00,Human RNase PNK bound to ATPyS ligand
10RR,EMD-75414,3.5,2026-08-26T00:00:00.000+00:00,Human RNase PNK bound to AMPPNP ligand + rCAA in PNK active site
10RX,EMD-75424,2.51,2026-04-29T00:00:00.000+00:00,"SthK closed state at low temperature, cAMP-bound in DOPC nanodiscs"
10SD,EMD-75431,3.11,2026-06-17T00:00:00.000+00:00,The cryoEM structure of T10 type2 nanofiber
10SE,EMD-75432,2.41,2026-07-01T00:00:00.000+00:00,The CryoEM structure of T8 nanofiber
10SF,EMD-75433,3.08,2026-07-01T00:00:00.000+00:00,The CryoEM structure of T10 type1 nanofiber
10SG,EMD-75434,2.84,2026-06-17T00:00:00.000+00:00,The CryoEM structure of T12 type1 nanofiber
10SH,EMD-75435,2.97,2026-06-17T00:00:00.000+00:00,The CryoEM structure of T12 type2 nanofiber
10SJ,EMD-75436,3.7,2026-07-22T00:00:00.000+00:00,20S Alpha 3 Deletion proteasome core particle in complex with Blm10
10SM,EMD-75437,3.5,2026-05-27T00:00:00.000+00:00,Importin-9 bound to ETS homologous factor (EHF)
10SS,EMD-75440,4.0,2026-09-09T00:00:00.000+00:00,Cryo-EM of chaperon usher pathway pilus from Stenotrophomonas maltophilia
10TL,EMD-71869,3.5,2026-05-27T00:00:00.000+00:00,Cryo-EM structure of human MOR bound with DAMGO and BMS986187
10TM,EMD-71871,3.0,2026-05-27T00:00:00.000+00:00,Cryo-EM structure of MOR bound with DAMGO
10TP,EMD-75462,3.6,2026-03-11T00:00:00.000+00:00,ArsB from L. ferriphilum in inward-facing state (parallel dimer)
10TQ,EMD-75463,3.1,2026-03-11T00:00:00.000+00:00,ArsB from L. ferriphilum in inward-facing state (antiparallel dimer)
10TU,EMD-75467,3.2,2026-03-11T00:00:00.000+00:00,ArsB from L. ferriphilum bound to arsenite in inward-facing state (parallel dimer)
10UA,EMD-75468,3.1,2026-03-11T00:00:00.000+00:00,ArsB from L. ferriphilum bound to antimonite in inward-facing state (antiparallel dimer)
10UJ,EMD-75470,3.9,2026-06-03T00:00:00.000+00:00,Hna Monomer
10UP,EMD-75471,2.86,2026-09-09T00:00:00.000+00:00,Structure of human TM6SF1
10WC,EMD-75498,2.42,2026-05-20T00:00:00.000+00:00,"KpSwz DUF4062 (Hexamer, catalytic mutant E97A)"
10XU,EMD-75514,3.18,2026-02-25T00:00:00.000+00:00,Structure of amplified aSyn filament by using seed amplification assay (SAA) from MSA patient CSF.
10XW,EMD-75516,3.5,2026-07-15T00:00:00.000+00:00,C6 Tail assembly of phage Oekolampad (Bas18)
10XZ,EMD-75521,2.6,2026-03-18T00:00:00.000+00:00,Non-damaged nucleosome
10YA,EMD-75522,2.7,2026-03-18T00:00:00.000+00:00,Nucleosome containing a nick at SHL0
10YB,EMD-75523,2.8,2026-03-18T00:00:00.000+00:00,Nucleosome containing a nick at SHL-2
10YC,EMD-75524,2.7,2026-03-18T00:00:00.000+00:00,Nucleosome containing a nick at SHL-4
10YD,EMD-75525,2.8,2026-03-18T00:00:00.000+00:00,Nucleosome containing a nick at SHL-6
10YE,EMD-75526,2.5,2026-03-18T00:00:00.000+00:00,DNA Ligase IIIa bound to nucleosome containing a nick at SHL0
10YF,EMD-75527,3.0,2026-03-18T00:00:00.000+00:00,DNA Ligase IIIa bound to nucleosome containing a nick at SHL-2 (composite)
10YG,EMD-75528,3.4,2026-03-18T00:00:00.000+00:00,DNA Ligase IIIa bound to a nucleosome containing a nick at SHL-4 (composite)
10YH,EMD-75529,2.9,2026-03-18T00:00:00.000+00:00,DNA Ligase IIIa bound to a nucleosome containing a nick at SHL-6 (composite)
10YI,EMD-75530,2.9,2026-03-18T00:00:00.000+00:00,XRCC1-DNA Ligase IIIa complex bound to a nucleosome containing a nick at SHL-6 (composite)
10ZK,EMD-75566,2.73,2026-07-15T00:00:00.000+00:00,CryoEM structure of Gluconacetobacter diazotrophicus nitrogenase complex (2:1 FeP:MoFeP) inhibited by BeFx (C2 symmetry)
10ZL,EMD-75567,2.15,2026-07-15T00:00:00.000+00:00,CryoEM structure of Gluconacetobacter diazotrophicus MoFeP (C2 symmetry)
10ZM,EMD-75568,2.22,2026-07-15T00:00:00.000+00:00,CryoEM structure of heterologous nitrogenase complex (2:1 G. diazotrophicus-FeP:A. vinelandii-MoFeP) inhibited by BeFx (C2 symmetry)
10ZN,EMD-75569,2.92,2026-07-15T00:00:00.000+00:00,CryoEM structure of Heterologous nitrogenase complex (2:1 A. vinelandii-FeP:G. diazotrophicus-MoFeP) inhibited by BeFx (C2 symmetry)
10ZY,EMD-75577,2.74,2026-07-01T00:00:00.000+00:00,Yeast co-transcriptional pre-60S assembly intermediate Pwp1 RNP
10ZZ,EMD-75578,2.8,2026-07-01T00:00:00.000+00:00,Yeast co-transcriptional pre-60S assembly intermediate Pwp1 RNP*
11AA,EMD-75580,2.78,2026-07-01T00:00:00.000+00:00,Yeast co-transcriptional pre-60S assembly intermediate Nop12 RNP
11AH,EMD-75585,3.6,2026-09-09T00:00:00.000+00:00,Cryo-EM structure of a bovine CLC-K S68N/R355K chloride channel
11AI,EMD-75586,2.8,2026-09-09T00:00:00.000+00:00,Cryo-EM structure of a bovine CLC-K S68N/R355K chloride channel with inhibitor M-BIM1
11AK,EMD-75588,3.0,2026-09-09T00:00:00.000+00:00,Cryo-EM structure of a bovine CLC-K S68N/R355K chloride channel with inhibitor M-BIM15
11AM,EMD-75590,3.4,2026-09-09T00:00:00.000+00:00,Cryo-EM structure of a bovine CLC-K S68N/R355K chloride channel with 100 mM Ca2+
11BC,EMD-75601,3.3,2026-05-13T00:00:00.000+00:00,Human Nap1 in complex with HIV-1 Rev
11BQ,EMD-75605,3.0,2026-04-08T00:00:00.000+00:00,Escherichia coli 70S ribosome containing an evolved 16S rRNA (EC-S3.5)
11BR,EMD-75606,3.37,2026-09-09T00:00:00.000+00:00,Structure of cholesterol binding deficient human TM6SF1
11BT,EMD-75608,3.57,2026-08-19T00:00:00.000+00:00,C3 Hexon Map of Phage Goslar
11CJ,EMD-75616,2.52,2026-06-03T00:00:00.000+00:00,Structure of human TRPV1 in Apo state
11CK,EMD-75617,2.9,2026-06-03T00:00:00.000+00:00,Structure of human TRPV1 in complex with 6-Iodo-CAP (CAY10448)
11CL,EMD-75618,2.1,2026-06-03T00:00:00.000+00:00,Structure of human TRPV1 in complex with Asivatrep
11CN,EMD-75619,2.37,2026-06-03T00:00:00.000+00:00,Structure of human TRPV1 in complex with Mavatrep
11CO,EMD-75620,2.49,2026-06-03T00:00:00.000+00:00,Structure of human TRPV1 in Complex with JNJ-17203212
11CQ,EMD-75622,2.53,2026-05-20T00:00:00.000+00:00,KpSwz in complex with bacteriophage Bas14 Portal
11CV,EMD-75626,2.66,2026-05-20T00:00:00.000+00:00,"KpSwz DUF4062 (Tetramer, catalytic mutant E97A)"
11CZ,EMD-75627,2.6,2026-09-23T00:00:00.000+00:00,Human Slo1-paxilline complex under divalent chelated condition - full model
11DA,EMD-75628,2.57,2026-09-23T00:00:00.000+00:00,Human Slo1-PenitremA complex under divalent chelated condition - full model
11DB,EMD-75629,2.71,2026-09-23T00:00:00.000+00:00,Human Slo1-Paxilline complex under divalent chelated condition - gating-ring masked
11DC,EMD-75630,2.58,2026-09-23T00:00:00.000+00:00,Human Slo1-PenitremA complex under divalent chelated condition - gating-ring masked out
11DD,EMD-75631,2.9,2026-09-23T00:00:00.000+00:00,Human Slo1-Charybdotoxin complex under divalent chelated condition
11DE,EMD-75632,3.0,2026-09-23T00:00:00.000+00:00,Human Slo1-Charybdotoxin complex under divalent chelated condition - gating ring masked map
11DF,EMD-75633,3.1,2026-09-23T00:00:00.000+00:00,Human Slo1-Iberiotoxin complex under divalent chelated condition - gating ring masked map
11DG,EMD-75634,3.0,2026-04-08T00:00:00.000+00:00,Chimeric Escherichia coli 70S ribosome containing an evolved Vibrio cholerae 16S rRNA (VC-S4.4)
11DR,EMD-75638,2.62,2026-05-20T00:00:00.000+00:00,"Human Brain RNA Vault Shoulder bound to ADPR, focused refinement (EMPIAR-10766)"
11DV,EMD-75642,2.33,2026-05-20T00:00:00.000+00:00,"RNA Vault waist region, focused refinement (MVP/TEP1 sample)"
11EC,EMD-75645,3.22,2026-08-19T00:00:00.000+00:00,Tail Tube of Bacteriophage Goslar
11ED,EMD-75646,3.82,2026-08-19T00:00:00.000+00:00,C12 Portal Assembly of Bacteriophage Goslar
11EE,EMD-75647,1.87,2026-05-20T00:00:00.000+00:00,"RNA Vault shoulder region with BAD bound, focused refinement (MVP/TEP1 sample)"
11EI,EMD-75649,3.36,2026-08-19T00:00:00.000+00:00,Tail Sheath of Bacteriophage Goslar
11EL,EMD-75650,3.2,2026-05-06T00:00:00.000+00:00,Chimeric Escherichia coli 70S ribosome containing an evolved 16S rRNA from Vibrio cholerae (VC-ST)
11EN,EMD-75652,2.5,2026-05-20T00:00:00.000+00:00,"Structure of Rapidly twisting Amyloid-beta 40 fibril , RT-Ab40(2_1)"
11EO,EMD-75653,2.73,2026-05-20T00:00:00.000+00:00,"Structure of Rapidly twisting Amyloid-beta 40 fibril , RT-Ab40(C2)"
11EP,EMD-75654,2.75,2026-05-20T00:00:00.000+00:00,"Structure of Rapidly twisting Amyloid-beta 40 fibril , RT-Ab40(C1)"
11EQ,EMD-75656,2.17,2026-05-20T00:00:00.000+00:00,RNA Vault with BAD bound (MVP/TEP1 sample)
11EU,EMD-75586,2.8,2026-09-09T00:00:00.000+00:00,Cryo-EM structure of a bovine CLC-K S68N/R355K chloride channel with inhibitor P-BIM1
11EV,EMD-75588,3.0,2026-09-09T00:00:00.000+00:00,Cryo-EM structure of a bovine CLC-K S68N/R355K chloride channel with inhibitor P-BIM15
11FG,EMD-75663,3.57,2026-08-19T00:00:00.000+00:00,Penton Vertex Complex of Bacteriophage Goslar
11FH,EMD-75664,1.92,2026-05-20T00:00:00.000+00:00,RNA Vault cap (MVP/PARP4/TEP1 sample)
11FS,EMD-75667,3.2,2026-08-26T00:00:00.000+00:00,Effector complex from type IV-C CRISPR-Cas system
11FV,EMD-75668,2.9,2026-04-08T00:00:00.000+00:00,Chimeric Escherichia coli 70S ribosome containing an evolved 16S rRNA from Pseudomonas aeruginosa (PA-S3.3)
11FW,EMD-75669,3.35,2026-06-24T00:00:00.000+00:00,Cryo-EM structure of the bacteriophage N4 virion RNA polymerase (open plug state)
11GG,EMD-75676,3.02,2026-04-08T00:00:00.000+00:00,Chimeric Escherichia coli 70S ribosome containing an evolved 16S rRNA from Pseudomonas aeruginosa (PA-ST)
11GI,EMD-75677,3.0,2026-05-13T00:00:00.000+00:00,Human Argonaute2 WT - guide(3 prime-amino) RNA in complex with a fully complementary target
11GJ,EMD-75678,3.3,2026-05-13T00:00:00.000+00:00,Human Argonaute2 R315V/H316A - guide10U RNA in complex with a complementary target to position 19
11GK,EMD-75679,3.0,2026-05-13T00:00:00.000+00:00,Human Argonaute2 R315V/H316A - guide RNA in complex with a fully complementary target (conformation 2)
11GO,EMD-75680,2.82,2026-06-24T00:00:00.000+00:00,Cryo-EM structure of the bacteriophage N4 virion RNA polymerase (transcription initiation complex)
11GP,EMD-75681,3.43,2026-06-24T00:00:00.000+00:00,Cryo-EM structure of the bacteriophage N4 virion RNA polymerase (closed plug state)
11GQ,EMD-75682,3.54,2026-07-29T00:00:00.000+00:00,Cryo-EM structure of human CNNM4(E284A) tetramer with Magnesium and MgATP in outward-facing state
11HC,EMD-75685,3.37,2026-08-26T00:00:00.000+00:00,Effector complex from type IV-C CRISPR-Cas system
11HD,EMD-75686,3.21,2026-08-26T00:00:00.000+00:00,Effector complex from type IV-C CRISPR-Cas system
11HE,EMD-75687,2.86,2026-09-02T00:00:00.000+00:00,Rabbit 60S ribosomal subunit with eEF2 domain IV closed
11HF,EMD-75688,3.39,2026-08-19T00:00:00.000+00:00,Bacteriophage Goslar Tail Assembly
11HG,EMD-75689,2.9,2026-09-02T00:00:00.000+00:00,"Rabbit 80S with eEF2,CCDC124,and LARP1,40S-head-swiveled"
11HK,EMD-75694,2.7,2026-05-13T00:00:00.000+00:00,SARS-CoV-2 spike S2 trimer stabilized in the early fusion intermediate conformation (E-FICs-v3) bound to the VN01H1 Fab (Fab local refinement)
11HL,EMD-75695,2.8,2026-05-13T00:00:00.000+00:00,SARS-CoV-2 spike S2 trimer stabilized in the early fusion intermediate conformation (E-FICs-v3) bound to the VN01H1 Fab (S2 local refinement)
11HM,EMD-75696,3.56,2026-08-26T00:00:00.000+00:00,1332D4-RBD KP3.1.1 Complex
11HN,EMD-75697,2.7,2026-03-18T00:00:00.000+00:00,SARS-CoV-2 spike S2 trimer stabilized in the early fusion intermediate conformation (E-FICs-v3) bound to C77G12 (S2 local refinement)
11HO,EMD-75698,3.26,2026-08-26T00:00:00.000+00:00,1332D4 Spike KP3.1.1 Complex
11HR,EMD-75700,2.8,2026-06-03T00:00:00.000+00:00,Engineered IscB and wRNA bound to Target ssDNA
11HU,EMD-75703,2.9,2026-06-03T00:00:00.000+00:00,Engineered IscB and wRNA bound to Target ssDNA
11HV,EMD-75704,2.9,2026-09-02T00:00:00.000+00:00,Rabbit 60S ribosomal subunit with eEF2 domain IV open
11HW,EMD-75705,2.8,2026-05-13T00:00:00.000+00:00,SARS-CoV-2 spike S2 trimer stabilized in the early fusion intermediate conformation (E-FICs-v3) bound to C77G12 (Fab local refinement)
11HX,EMD-75706,2.67,2026-06-03T00:00:00.000+00:00,IscB-TID truncated and wRNA bound to Target ssRNA
11HZ,EMD-75707,3.36,2026-09-02T00:00:00.000+00:00,"Apo human TRPV2, wild-type"
11IA,EMD-75708,2.76,2026-09-02T00:00:00.000+00:00,"Apo human TRPV2, S651H/T654D/D655N"
11IB,EMD-75709,3.33,2026-09-02T00:00:00.000+00:00,"2-APB bound human TRPV2, S651H/T654D/D655N"
11IC,EMD-75710,2.63,2026-06-03T00:00:00.000+00:00,IscB-TID truncated and wRNA bound to Target ssRNA
11ID,EMD-75711,2.95,2026-09-02T00:00:00.000+00:00,"apo rat TRPV2, H651S/D654T/N655D"
11IE,EMD-75712,3.07,2026-09-02T00:00:00.000+00:00,"2-APB bound rat TRPV2, H651S/D654T/N655D"
11IQ,EMD-75724,2.4,2026-09-02T00:00:00.000+00:00,"Rabbit 80S with eEF2,eIF5A and SERBP1"
11IS,EMD-75725,3.23,2026-08-26T00:00:00.000+00:00,1332E5 Spike KP3.1.1 Complex
11IT,EMD-75726,3.62,2026-08-26T00:00:00.000+00:00,1332E5-RBD KP3.1.1 Complex Local Refine
11IW,EMD-75729,3.01,2026-08-19T00:00:00.000+00:00,Mouse monoclonal antibody A2 in complex with rabies virus glycoprotein
11IY,EMD-75730,3.57,2026-05-06T00:00:00.000+00:00,Protocadherin-15 extracellular domains 1-7
11JB,EMD-75731,2.16,2026-05-20T00:00:00.000+00:00,RNA Vault with ADPR bound (MVP/PARP4/TEP1 NADP sample)
11JC,EMD-75732,1.96,2026-05-20T00:00:00.000+00:00,"RNA Vault Shoulder with ADPR bound, compact conformation, focused refinement (MVP/PARP4/TEP1 NADP sample)"
11JD,EMD-75733,2.37,2026-05-20T00:00:00.000+00:00,"RNA Vault Shoulder with ADPR bound, extended conformation, focused refinement (MVP/PARP4/TEP1 NADP sample)"
11JF,EMD-75735,2.85,2026-05-20T00:00:00.000+00:00,"RNA Vault bound to PARP4 MINT, focused refinement (MVP/PARP4/TEP1 NADP sample)"
11JJ,EMD-75740,2.9,2026-09-02T00:00:00.000+00:00,"Rabbit 80S with eEF2,IFRD2 and LARP1,40S-head-swiveled"
11KH,EMD-75768,3.1,2026-09-02T00:00:00.000+00:00,"Rabbit 80S with IFRD2 and LARP1, 40S head-swiveled"
11KM,EMD-75776,2.97,2026-07-22T00:00:00.000+00:00,SpACSA with propyl-AMP and CoA
11LP,EMD-75811,2.92,2026-08-19T00:00:00.000+00:00,Mouse monoclonal antibody A11 in complex with rabies virus glycoprotein
11LQ,EMD-75813,3.24,2026-08-19T00:00:00.000+00:00,Human monoclonal antibodies 4C12 and 4H3 in complex with rabies virus glycoprotein
11LR,EMD-75814,3.16,2026-08-19T00:00:00.000+00:00,Human monoclonal antibody 8C5 in complex with rabies virus glycoprotein
11LS,EMD-75815,3.15,2026-08-19T00:00:00.000+00:00,Human Monoclonal Antibody RVC68 in complex with rabies virus glycoprotein
11LT,EMD-75818,2.63,2026-05-27T00:00:00.000+00:00,Cryo-EM structure of EV-D68 B3 VLP bound by neutralizing antibody 1E11
11LX,EMD-75829,3.88,2026-08-19T00:00:00.000+00:00,Bacteriophage Goslar Baseplate
11ME,EMD-75832,3.6,2026-09-23T00:00:00.000+00:00,Cryo-EM of T2SS OutG pilus
11MF,EMD-75833,3.6,2026-09-23T00:00:00.000+00:00,Cryo-EM of T2SS PulG pilus
11MG,EMD-75834,2.88,2026-06-17T00:00:00.000+00:00,"Cryo-EM Structure of Human C3 Pro-Convertase bound to the Compstatin Analog Cp60, TED Conformation 1"
11MH,EMD-75835,3.0,2026-06-17T00:00:00.000+00:00,"Cryo-EM Structure of Human C3 Pro-Convertase bound to the Compstatin Analog Cp60, TED Conformation 2"
11MN,EMD-75838,3.3,2026-06-10T00:00:00.000+00:00,N4 Periplasmic Tunnel Fragment
11MR,EMD-75840,2.6,2026-05-06T00:00:00.000+00:00,Cryo-EM structure of CRBN in complex with HBS1L and TNG-4857 (focused refinement)
11MS,EMD-75844,2.39,2026-04-08T00:00:00.000+00:00,Influenza A virus Hemagglutinin (A/Darwin/6/2021 H3N2) (C1 symmetry) determined using the SPT Labtech chameleon in the presence of 0.25x SurfACT
11MT,EMD-75845,2.16,2026-04-08T00:00:00.000+00:00,Influenza A virus Hemagglutinin (A/Darwin/6/2021 H3N2) (C3 symmetry) determined using the SPT Labtech chameleon in the presence of 0.25x SurfACT
11MU,EMD-75846,2.67,2026-04-08T00:00:00.000+00:00,Influenza A virus Hemagglutinin (A/Darwin/6/2021 H3N2) (C1 symmetry) determined using the SPT Labtech chameleon in the presence of 1x SurfACT
11MV,EMD-75847,2.47,2026-04-08T00:00:00.000+00:00,Influenza A virus Hemagglutinin (A/Darwin/6/2021 H3N2) (C3 symmetry) determined using the SPT Labtech chameleon in the presence of 1x SurfACT
11MX,EMD-75851,2.94,2026-04-08T00:00:00.000+00:00,"Influenza A virus Hemagglutinin (A/California/04/2009 H1N1), E47K HA2 stabilizing mutation (C1 symmetry) determined using the SPT Labtech chameleon in the presence of 0.25x SurfACT"
11MY,EMD-75852,3.0,2026-09-23T00:00:00.000+00:00,Cryo-EM structure of trimeric Nitrogenase MoFe protein from Methanosarcina acetivorans bound to the NifI inhibitor complex
11MZ,EMD-75853,2.64,2026-04-08T00:00:00.000+00:00,"Influenza A virus Hemagglutinin (A/California/04/2009 H1N1), E47K HA2 stabilizing mutation (C3 symmetry) determined using the SPT Labtech chameleon in the presence of 0.25x SurfACT"
11NA,EMD-75854,2.69,2026-04-08T00:00:00.000+00:00,Azotobacter vinelandii MoFeP (C1 symmetry) determined using the SPT Labtech chameleon in the presence of 0x SurfACT
11NB,EMD-75855,2.46,2026-04-08T00:00:00.000+00:00,Azotobacter vinelandii MoFeP (C2 symmetry) determined using the SPT Labtech chameleon in the presence of 0x SurfACT
11NC,EMD-75856,2.16,2026-04-08T00:00:00.000+00:00,Azotobacter vinelandii MoFeP (C1 symmetry) determined using the SPT Labtech chameleon in the presence of 0.25x SurfACT
11ND,EMD-75857,2.06,2026-04-08T00:00:00.000+00:00,Azotobacter vinelandii MoFeP (C2 symmetry) determined using the SPT Labtech chameleon in the presence of 0.25x SurfACT
11NE,EMD-75858,2.49,2026-04-08T00:00:00.000+00:00,Azotobacter vinelandii MoFeP (C1 symmetry) determined using the SPT Labtech chameleon in the presence of 1x SurfACT
11NF,EMD-75859,2.34,2026-04-08T00:00:00.000+00:00,Azotobacter vinelandii MoFeP (C2 symmetry) determined using the SPT Labtech chameleon in the presence of 1x SurfACT
11NH,EMD-75860,2.42,2026-04-08T00:00:00.000+00:00,Rabbit muscle Aldolase (C1 symmetry) determined using the SPT Labtech chameleon in the presence of 0x SurfACT
11NI,EMD-75861,2.27,2026-04-08T00:00:00.000+00:00,Rabbit muscle Aldolase (D2 symmetry) determined using the SPT Labtech chameleon in the presence of 0x SurfACT
11NJ,EMD-75862,2.4,2026-04-08T00:00:00.000+00:00,Rabbit muscle Aldolase (C1 symmetry) determined using the SPT Labtech chameleon in the presence of 0.25x SurfACT
11NK,EMD-75863,2.17,2026-04-08T00:00:00.000+00:00,Rabbit muscle Aldolase (D2 symmetry) determined using the SPT Labtech chameleon in the presence of 0.25x SurfACT
11NL,EMD-75864,2.41,2026-04-08T00:00:00.000+00:00,Rabbit muscle Aldolase (C1 symmetry) determined using the SPT Labtech chameleon in the presence of 0.5x SurfACT
11NM,EMD-75865,2.19,2026-04-08T00:00:00.000+00:00,Rabbit muscle Aldolase (D2 symmetry) determined using the SPT Labtech chameleon in the presence of 0.5x SurfACT
11NN,EMD-75866,2.34,2026-04-08T00:00:00.000+00:00,Rabbit muscle Aldolase (C1 symmetry) determined using the SPT Labtech chameleon in the presence of 1x SurfACT
11NO,EMD-75867,2.1,2026-04-08T00:00:00.000+00:00,Rabbit muscle Aldolase (D2 symmetry) determined using the SPT Labtech chameleon in the presence of 1x SurfACT
11NP,EMD-75868,2.43,2026-04-08T00:00:00.000+00:00,Rabbit muscle Aldolase (C1 symmetry) determined using the SPT Labtech chameleon (gold-coated grids) in the presence of 1x SurfACT
11NR,EMD-75869,2.17,2026-04-08T00:00:00.000+00:00,Rabbit muscle Aldolase (D2 symmetry) determined using the SPT Labtech chameleon (gold-coated grids) in the presence of 1x SurfACT
11NT,EMD-75870,2.25,2026-04-08T00:00:00.000+00:00,Rabbit muscle Aldolase (C1 symmetry) determined using the TFS Vitrobot Mark IV in the presence of 0x SurfACT
11NU,EMD-75871,1.97,2026-04-08T00:00:00.000+00:00,Rabbit muscle Aldolase (D2 symmetry) determined using the TFS Vitrobot Mark IV in the presence of 0x SurfACT
11NW,EMD-75873,2.16,2026-04-08T00:00:00.000+00:00,Rabbit muscle Aldolase (C1 symmetry) determined using the TFS Vitrobot Mark IV in the presence of 1x SurfACT
11NX,EMD-75874,1.98,2026-04-08T00:00:00.000+00:00,Rabbit muscle Aldolase (D2 symmetry) determined using the TFS Vitrobot Mark IV in the presence of 1x SurfACT
11OB,EMD-75878,2.38,2026-04-08T00:00:00.000+00:00,Rabbit muscle Aldolase (C1 symmetry) determined using a manually-operated plunging device in the presence of 0.25x SurfACT
11OC,EMD-75879,2.18,2026-04-08T00:00:00.000+00:00,Rabbit muscle Aldolase (D2 symmetry) determined using a manually-operated plunging device in the presence of 0.25x SurfACT
11OH,EMD-75885,3.58,2026-08-19T00:00:00.000+00:00,Cryo-EM structure of human DNMT3A homo-tetramer
11OI,EMD-75886,3.66,2026-08-19T00:00:00.000+00:00,Cryo-EM structure of human DNMT3A homo-hexamer
11OK,EMD-72138,3.5,2026-07-01T00:00:00.000+00:00,Phage Tail Tube Protein from ALys extract
11OL,EMD-75887,3.2,2026-04-08T00:00:00.000+00:00,SARS-CoV-2 Omicron BA.4 RBD in complex with Omi32 Fab and LC-Kappa VHH
11OO,EMD-75889,3.4,2026-04-08T00:00:00.000+00:00,SARS-CoV-2 Omicron BA.4 RBD in complex with Omi32 germline Fab and LC-Kappa VHH
11OQ,EMD-75891,3.2,2026-04-08T00:00:00.000+00:00,SARS-CoV-2 Omicron BA.1 RBD in complex with Omi32 germline Fab and LC-Kappa VHH
11OR,EMD-75892,3.2,2026-04-08T00:00:00.000+00:00,Omi32 Fab in complex with LC-Kappa VHH
11OU,EMD-75893,3.2,2026-04-08T00:00:00.000+00:00,Omi32 germline Fab in complex with LC-Kappa VHH
11OV,EMD-75894,2.83,2026-05-27T00:00:00.000+00:00,Cryo-EM structure of EV-D68 B3 VLP bound by neutralizing antibody 5H03
11QC,EMD-75944,2.4,2026-05-27T00:00:00.000+00:00,Human transferrin receptor ectodomain
11RM,EMD-75979,2.95,2026-07-29T00:00:00.000+00:00,Cryo-EM structure of human exportin-1 conjugated with FR-027*
11RN,EMD-75980,2.4,2026-05-27T00:00:00.000+00:00,Complex of B19V VP1u RBD and human transferrin receptor ectodomain
11SM,EMD-76007,3.4,2026-08-05T00:00:00.000+00:00,Core of EcMscM in NaCl in a closed conformation
11SQ,EMD-76016,3.2,2026-08-05T00:00:00.000+00:00,"EcMscM in KCl in an open conformation, composite structure"
11SX,EMD-76025,3.5,2026-09-23T00:00:00.000+00:00,Cryo-EM structure of trimeric Nitrogenase MoFe protein from Methanosarcina acetivorans
11SZ,EMD-76027,2.94,2026-04-15T00:00:00.000+00:00,Antibody (1B2) Bound Rifamycin Synthetase Module 2
11TA,EMD-76028,3.58,2026-04-22T00:00:00.000+00:00,Cryo-EM structure of substrate engaged p97-Ufd1-NPL4-Faf1 complex (motor focused)
11TD,EMD-76031,3.7,2026-04-01T00:00:00.000+00:00,Structure of human CCR4 in apo state
11TF,EMD-76032,3.4,2026-04-01T00:00:00.000+00:00,Structure of human CCR4 in complex with PRT193
11TH,EMD-76035,3.5,2026-04-01T00:00:00.000+00:00,Structure of human CCR4 in complex with FLX475
11TK,EMD-76037,3.54,2026-04-01T00:00:00.000+00:00,Structure of human CCR4 in complex with AZD2098
11TL,EMD-76038,3.9,2026-04-01T00:00:00.000+00:00,Structure of human CCR4 in complex with GSK2239633A
11UF,EMD-76055,3.39,2026-09-23T00:00:00.000+00:00,GluA2-y5-CNIH1 open state + RR2b + Glu (LBD-TMD)
11UG,EMD-76056,3.35,2026-09-23T00:00:00.000+00:00,GluA2-GSG1L apo state (LBD-TMD)
11UH,EMD-76057,3.49,2026-09-23T00:00:00.000+00:00,GluA2-GSG1L open state + RR2b + Glu (LBD-TMD)
11UI,EMD-76058,3.88,2026-09-23T00:00:00.000+00:00,GluA2 open state + RR2b + Glu (full-length composite map)
11VE,EMD-76074,3.85,2026-04-22T00:00:00.000+00:00,Cryo-EM structure of substrate engaged p97-Ufd1-NPL4-Faf1 complex (State1)
11VV,EMD-76084,2.93,2026-09-23T00:00:00.000+00:00,GluA2-STZ apo state (full-length composite)
11VW,EMD-76085,3.84,2026-09-23T00:00:00.000+00:00,GluA2-STZ desensitized state with partial agonist FW at 25 degrees C (full-length composite)
11VX,EMD-76086,3.37,2026-09-23T00:00:00.000+00:00,GluA2-STZ open state with partial agonist FW at 25 degrees C (full-length composite)
11VY,EMD-76087,3.47,2026-09-23T00:00:00.000+00:00,GluA2-STZ open state with partial agonist IW at 25 degrees C (full-length composite)
11VZ,EMD-76088,3.98,2026-09-23T00:00:00.000+00:00,GluA2-STZ pre-active state with partial agonist kainic acid (KA) at 25 degrees C (full-length composite)
11WB,EMD-76090,3.55,2026-09-23T00:00:00.000+00:00,GluA2-STZ open state with partial agonist NOW at 25 degrees C (full-length composite)
11WD,EMD-76092,3.69,2026-09-23T00:00:00.000+00:00,GluA2-STZ desensitized state with full agonist glutamate (Glu) at 25 degrees C (full-length composite)
11WE,EMD-76093,3.58,2026-09-23T00:00:00.000+00:00,GluA2-STZ open state with full agonist glutamate (Glu) at 25 degrees C (full-length composite)
11WN,EMD-76136,3.2,2026-07-22T00:00:00.000+00:00,SpACSA with AMP and acetyl-CoA
11WO,EMD-76137,3.3,2026-07-22T00:00:00.000+00:00,"SpACSA with AMPCPP, conformation 1"
11WP,EMD-76138,3.2,2026-07-22T00:00:00.000+00:00,"SpACSA with AMPCPP, conformation 2"
11WQ,EMD-76139,3.2,2026-07-22T00:00:00.000+00:00,Schizosaccharomyces pombe acetyl-CoA synthetase
11WR,EMD-76140,3.56,2026-08-19T00:00:00.000+00:00,Cryo-EM structure of Candida albicans fluoride channel FEX in complex with Fab fragment in LiCl
11WZ,EMD-76148,3.8,2026-09-02T00:00:00.000+00:00,MPXV polymerase-E5 primase core complex
11XB,EMD-76150,3.4,2026-09-23T00:00:00.000+00:00,Cryo-EM of Hxc endopilus
11XX,EMD-76175,3.6,2026-09-16T00:00:00.000+00:00,Staphylococcus aureus MurJ in the outward-facing conformation
11XY,EMD-76176,3.9,2026-09-16T00:00:00.000+00:00,Escherichia coli MurJ in the outward-facing conformation
11XZ,EMD-76177,3.5,2026-09-16T00:00:00.000+00:00,Staphylococcus aureus MurJ in the inward-facing conformation
11YA,EMD-76178,3.6,2026-09-16T00:00:00.000+00:00,Staphylococcus aureus MurJ R176A mutant
11YB,EMD-76179,3.4,2026-09-09T00:00:00.000+00:00,Structure of AlphaIIbBeta3-R21C11 Fab in the near-bent conformation
11YE,EMD-76184,3.7,2026-04-29T00:00:00.000+00:00,Curved structure of mPiezo1 in plasma membrane vesicles
11YZ,EMD-76206,2.77,2026-04-01T00:00:00.000+00:00,Cryo EM Structure of GTP cyclohydrolase 1 (FolE) from Mycobacterium tuberculosis
11ZJ,EMD-76216,3.29,2026-08-19T00:00:00.000+00:00,Structure of AGO2 RISC with an 18-nt target
11ZK,EMD-76217,3.02,2026-09-23T00:00:00.000+00:00,Cryo-EM structure of NifI free Nitrogenase MoFe protein from Methanosarcina acetivorans
11ZS,EMD-76231,3.28,2026-04-08T00:00:00.000+00:00,Cryo EM structure of glutamine synthetase from Brucella melitensis
11ZV,EMD-76232,2.84,2026-05-13T00:00:00.000+00:00,"Structure of the Porcine deltacoronavirus (PDCoV) receptor-binding domain bound to the RBD minibinder 11, the PD3 Fab, and the Kappa light chain nanobody (local refinement)"
11ZW,EMD-76233,2.8,2026-05-13T00:00:00.000+00:00,"Structure of the Porcine deltacoronavirus (PDCoV) receptor-binding domain bound to the RBD minibinder 11, the PD3 Fab, and the Kappa light chain nanobody"
12AD,EMD-76260,3.32,2026-07-29T00:00:00.000+00:00,"Structure of mammalian Type 2 Inositol 1,4,5-trisphosphate receptors (IP3R2) in the Apo-state"
12AG,EMD-76261,3.48,2026-06-10T00:00:00.000+00:00,Spermine-blocked open-state cryo-EM structure of human TRPV6 channel in cNW30 nanodiscs
12AH,EMD-76263,2.97,2026-09-23T00:00:00.000+00:00,Cryo-EM structure of Nitrogenase MoFe protein from Methanosarcina acetivorans bound to the NifI inhibitor complex in C3 symmetry
12AI,EMD-76264,3.64,2026-07-29T00:00:00.000+00:00,"Structure of mammalian Type 2 Inositol 1,4,5-trisphosphate receptor (IP3R2) in the presence of IP3/Ca2+/ATP"
12BI,EMD-76279,3.97,2026-07-29T00:00:00.000+00:00,Moorella thermoacetica LarC (conformation 1)
12BJ,EMD-76280,3.85,2026-07-29T00:00:00.000+00:00,Moorella thermoacetica LarC (conformation 2)
12BK,EMD-76281,3.87,2026-07-29T00:00:00.000+00:00,Moorella thermoacetica LarC (conformation 3)
12BL,EMD-76282,3.33,2026-07-29T00:00:00.000+00:00,Moorella thermoacetica LarC in complex with P2TAD
12BM,EMD-76283,3.89,2026-07-01T00:00:00.000+00:00,Human 19S proteasome bound to TXNL1 PITH domain state 2
12BN,EMD-76288,3.4,2026-09-09T00:00:00.000+00:00,Structural insights into the exosite-mediated activation of Factor IX by Factor XIa using cryoEM
12BP,EMD-76291,2.9,2026-08-26T00:00:00.000+00:00,Cryo-EM structure of human DDB1-CRBN-GSPT1 in complex with GT19630
12BW,EMD-76298,2.86,2026-07-08T00:00:00.000+00:00,Gelsolin domain G2 transitionally bound to F-actin
12BX,EMD-76299,3.03,2026-07-08T00:00:00.000+00:00,Gelsolin domain G2G3 transitionally bound to F-actin
12BY,EMD-76300,2.76,2026-07-08T00:00:00.000+00:00,Gelsolin domain G2G3 fully bound to F-actin
12BZ,EMD-76301,3.44,2026-07-08T00:00:00.000+00:00,Two gelsolin domains G2G3 bound to F-actin
12DK,EMD-76332,3.47,2026-05-06T00:00:00.000+00:00,structure of human KCNQ1-CaM-PIP2 intermediate state
12DL,EMD-76334,3.5,2026-04-08T00:00:00.000+00:00,Native structure of the cytoplasmic lattice (CPL) asymmetric unit from mouse MII eggs
12DR,EMD-76344,3.37,2026-08-26T00:00:00.000+00:00,In situ cryo-EM structure of the MS ring RBM3 of the flagellar motor in Borrelia burgdorferi
12DS,EMD-76345,3.25,2026-08-26T00:00:00.000+00:00,In situ cryo-EM structure of the MS RBM12 inner ring of the flagellar motor in Borrelia burgdorferi
12DU,EMD-76347,3.87,2026-08-26T00:00:00.000+00:00,In situ cryo-EM structure of the flagellar export gate in complex with the FliF RBM12 ring in Borrelia burgdorferi
12EB,EMD-76371,2.8,2026-07-01T00:00:00.000+00:00,"Half-translocated RNA polymerase elemental paused elongation complex, swiveled with ppGpp (ePEC swiveled + ppGpp)"
12EC,EMD-76372,2.6,2026-07-01T00:00:00.000+00:00,"Half-translocated RNA polymerase elemental paused elongation complex, swiveled (ePEC swiveled)"
12ED,EMD-76373,3.0,2026-07-01T00:00:00.000+00:00,"Pre-translocated RNA polymerase elemental paused elongation complex, TL open with ppGpp (ePEC open + ppGpp)"
12EE,EMD-76374,2.8,2026-07-01T00:00:00.000+00:00,"Pre-translocated RNA polymerase elemental paused elongation complex, TL open (ePEC open)"
12EF,EMD-76375,3.1,2026-07-01T00:00:00.000+00:00,"Pre-translocated RNA polymerase elemental paused elongation complex, TL semiclosed with ppGpp (ePEC semiclosed + ppGpp)"
12EG,EMD-76376,2.8,2026-07-01T00:00:00.000+00:00,"Pre-translocated RNA polymerase elemental paused elongation complex, TL semiclosed (ePEC semiclosed)"
12EH,EMD-76377,3.2,2026-07-01T00:00:00.000+00:00,"Pre-translocated RNA polymerase elemental paused elongation complex, TL closed with ppGpp (ePEC closed + ppGpp)"
12EI,EMD-76378,2.8,2026-07-01T00:00:00.000+00:00,"Pre-translocated RNA polymerase elemental paused elongation complex, TL closed (ePEC closed)"
12ER,EMD-76384,2.99,2026-08-12T00:00:00.000+00:00,Cryo-EM structure of BCMA in complex with the BCMA-targeted Fab arm of teclistamab and the Fab fragment of an anti-lambda light chain antibody REGN15499
12ES,EMD-76385,3.43,2026-08-12T00:00:00.000+00:00,Cryo-EM structure of BCMA in complex with the BCMA-targeted Fab arm of linvoseltamab and the Fab fragment of an anti-kappa light chain antibody REGN654
12ID,EMD-76453,2.4,2026-08-26T00:00:00.000+00:00,Cryo-EM structure of B/Lee/1940 hemagglutinin trimer in complex with three KL-BHA-3F4 Fab fragments
12IE,EMD-76454,2.61,2026-08-26T00:00:00.000+00:00,Cryo-EM structure of B/Lee/1940 hemagglutinin trimer in complex with three KL-BHA-4C2 Fab fragments
12IF,EMD-76455,3.98,2026-08-26T00:00:00.000+00:00,Cryo-EM structure of B/Phuket/3037/2013 hemagglutinin trimer in complex with two KL-BHA-3D7 Fab fragments
12IU,EMD-76461,3.06,2026-09-16T00:00:00.000+00:00,CryoEM structure of monoclonal Fab 047-09M 2F03 binding the lateral patch of influenza virus H1 HA (A/California/04/2009)
12IV,EMD-76462,3.76,2026-09-23T00:00:00.000+00:00,CryoEM structure of monoclonal Fab 047-09 1A02 binding the lateral patch of influenza virus H1 HA (A/California/04/2009 H1N1)
12IY,EMD-76463,2.94,2026-07-15T00:00:00.000+00:00,Locally refined cryo-EM structure of human cannabinoid receptor 2 with agonist '5249
12IZ,EMD-76464,2.72,2026-07-15T00:00:00.000+00:00,Cryo-EM structure of human cannabinoid receptor 2-Gi complex with agonist '5249
12JA,EMD-76465,2.9,2026-07-15T00:00:00.000+00:00,Cryo-EM structure of human cannabinoid receptor 2-Gi complex with agonist '1029
12JP,EMD-76487,3.46,2026-06-10T00:00:00.000+00:00,Structural determination of lipid-bound Factor VIII
12JT,EMD-76493,2.4,2026-06-17T00:00:00.000+00:00,SARS-CoV-2 BA.3.2.1 Spike with N529Q mutation
12JV,EMD-76497,3.56,2026-06-10T00:00:00.000+00:00,Structural determination of lipid-bound Factor VIII
12JZ,EMD-76501,2.35,2026-06-17T00:00:00.000+00:00,"Cryo-EM structure of SARS-CoV-2 BA.3.2.1 Spike with K852A mutation, closed conformation"
12OY,EMD-76655,3.6,2026-05-13T00:00:00.000+00:00,Single particle cryo-EM structure of human MTCH2
12OZ,EMD-76656,3.3,2026-05-13T00:00:00.000+00:00,Single particle cryo-EM structure of human MTCH2 (hyperactive mutant F285N F286N)
12PB,EMD-76659,3.1,2026-05-13T00:00:00.000+00:00,Single particle cryo-EM structure of human MTCH2 (hyperactive mutant K25E Y235A V238D)
12QJ,EMD-76684,3.35,2026-06-03T00:00:00.000+00:00,Pneumococcal choline binding CbpE surface protein bounds to 5992-2 Fab
12RI,EMD-76708,2.7,2026-09-09T00:00:00.000+00:00,Cryo-EM structure of a novel beta-galactosidase (HhGH116) from human gut
12RJ,EMD-76709,2.23,2026-09-09T00:00:00.000+00:00,Cryo-EM structure of a novel beta-galactosidase (EiGH116) from animal gut
12RP,EMD-76713,2.78,2026-06-17T00:00:00.000+00:00,"Local refinement of RBDA, RBDC, and NTDB of SARS-CoV-2 BA.3.2.1 spike with K852A mutation, closed conformation"
12RT,EMD-76716,3.96,2026-08-26T00:00:00.000+00:00,In situ cryo-EM structure of axonal microtubules from ghost neurons (compact lattice)
12RU,EMD-76717,3.66,2026-08-26T00:00:00.000+00:00,In situ cryo-EM structure of axonal microtubules from ghost neurons (expanded lattice)
12RV,EMD-76718,3.24,2026-08-26T00:00:00.000+00:00,In situ cryo-EM structure of axonal F-actin from ghost neurons
12SN,EMD-76733,3.38,2026-06-24T00:00:00.000+00:00,SARS-CoV-2 RNA-dependent RNA polymerase in complex with 4'-FlA nucleotide analogue
12ZE,EMD-76875,2.6,2026-05-06T00:00:00.000+00:00,CryoEM structure of Papaya Meleira Virus (PMeV) particles purified directly from Carica papaya latex
12ZN,EMD-76887,2.65,2026-09-09T00:00:00.000+00:00,Septin tetrameric complex from Caenorhabditis elegans by Cryo-EM
13AJ,EMD-76915,3.18,2026-09-02T00:00:00.000+00:00,Structure of the HPII Catalase from Escherichia coli
13BD,EMD-76936,2.65,2026-06-17T00:00:00.000+00:00,Local refinement of the RBD and NTD in the closed BA.3.2.1 spike with N529Q mutant
13BF,EMD-76938,3.0,2026-07-15T00:00:00.000+00:00,Cryo-EM structure of COL6A3-Fab complex
13BR,EMD-76947,3.1,2026-07-15T00:00:00.000+00:00,Cryo-EM structure of AZGP1-Fab complex
13BS,EMD-76948,3.1,2026-07-15T00:00:00.000+00:00,CryoEM structure of IL36RA-Fab complex
13BV,EMD-76934,3.77,2026-05-13T00:00:00.000+00:00,Cryo-EM structure of human PI3KC3-C1 complex
13CM,EMD-76963,3.2,2026-07-08T00:00:00.000+00:00,HAdV-C5 Hexon with coagulation factor II
13CO,EMD-76971,2.81,2026-09-16T00:00:00.000+00:00,Cryo-EM structure of an intact human acetylcholinesterase (T-form) tetramer in complex with ColQ
13CP,EMD-76975,2.94,2026-09-16T00:00:00.000+00:00,Cryo-EM structure of an intact human acetylcholinesterase (T-form) tetramer in complex with PRiMA
13DE,EMD-76990,2.9,2026-08-05T00:00:00.000+00:00,Cryo-EM structure of ATR-ATRIP-ETAA1 AAD (S95D/S111D)
13DJ,EMD-76991,3.17,2026-07-08T00:00:00.000+00:00,HAdV-C5 hexon trimer
13DM,EMD-76994,3.26,2026-07-08T00:00:00.000+00:00,HAdV-C6 Hexon trimer
13ER,EMD-77024,3.22,2026-07-08T00:00:00.000+00:00,Cryo-EM structure of HAdV-C6 hexon trimer in complex with prothrombin (FII)
13ES,EMD-77025,3.23,2026-07-08T00:00:00.000+00:00,Cryo-EM structure of HAdV-C5 hexon trimer in complex with human coagulation factor X (FX)
13EU,EMD-77027,3.26,2026-07-08T00:00:00.000+00:00,Cryo-EM structure of HAdV-C6 hexon trimer in complex with human coagulation factor X (FX)
13FM,EMD-77045,3.8,2026-09-23T00:00:00.000+00:00,"3,5-difluoro-L-phenylalanine bolaphile peptide"
13FN,EMD-77046,3.2,2026-06-17T00:00:00.000+00:00,Thermotoga maritima threonylcarbamoyl transfer complex (TsaB2D) in complex with Escherichia coli tRNA(THR)
13FO,EMD-77048,3.2,2026-06-17T00:00:00.000+00:00,Thermotoga maritima threonylcarbamoyl transfer complex (TsaB2D) in complex with Thermotoga maritima tRNA(LYS)
13GH,EMD-77057,2.56,2026-07-08T00:00:00.000+00:00,"IST1 bound to PI(3,5)P2 containing membrane"
13GJ,EMD-77058,2.0,2026-07-08T00:00:00.000+00:00,"IST1 bound to PI(4,5)P2 containing membrane"
13GM,EMD-77060,3.3,2026-07-08T00:00:00.000+00:00,"CHMP1A bound to PI(4,5)P2 containing membrane"
13HQ,EMD-77071,2.67,2026-05-20T00:00:00.000+00:00,Cryo-EM structure of Pseudomonas aeruginosa soluble lipoprotein PA3214
13HR,EMD-77072,2.7,2026-05-20T00:00:00.000+00:00,Cryo-EM structure of Pseudomonas aeruginosa outer-membrane lipoprotein PA3214 bound to MCE protein PA3213 C-terminal peptide
13HS,EMD-77073,3.7,2026-05-20T00:00:00.000+00:00,Cryo-EM structure of Pseudomonas aeruginosa outer-membrane lipoprotein PA3214 in the open conformation
13IB,EMD-77079,2.68,2026-09-02T00:00:00.000+00:00,Structure of GGCX-BGP-Anisindione complex
13IO,EMD-77084,2.98,2026-07-08T00:00:00.000+00:00,MCU-EMRE complex with spermine
13JV,EMD-77099,3.3,2026-07-15T00:00:00.000+00:00,"Cryo-EM structure of the mature SLEV, asymmetric unit"
13KK,EMD-77112,3.76,2026-07-15T00:00:00.000+00:00,Human Double-ring Hsp10
13KW,EMD-77126,4.0,2026-07-15T00:00:00.000+00:00,Human Single-ring Hsp10
13LJ,EMD-77134,2.86,2026-07-01T00:00:00.000+00:00,Structure of human TRPV3-G568C Olmsted syndrome mutant in the closed state
13LK,EMD-77135,3.18,2026-07-01T00:00:00.000+00:00,Structure of human TRPV3-G568C Olmsted syndrome mutant in the open state
13LL,EMD-77136,2.96,2026-07-08T00:00:00.000+00:00,Structure of human TRPV3-Q580P Olmsted syndrome mutant in the closed state
13LM,EMD-77137,3.29,2026-07-01T00:00:00.000+00:00,Structure of human TRPV3-Q580P Olmsted syndrome mutant in the open state
13LN,EMD-77138,3.02,2026-07-01T00:00:00.000+00:00,Structure of human TRPV3-Q580P Olmsted syndrome mutant in the inactivated state
13LO,EMD-77139,3.34,2026-07-01T00:00:00.000+00:00,Structure of human TRPV3-W692G Olmsted syndrome mutant in the open state
13LP,EMD-77140,3.02,2026-07-01T00:00:00.000+00:00,Structure of human TRPV3-W692G Olmsted syndrome mutant in the inactivated state
13LR,EMD-77142,3.33,2026-07-01T00:00:00.000+00:00,Structure of human TRPV3-G568D Olmsted syndrome mutant in the 4-fold symmetrical inactivated state
13LS,EMD-77143,3.02,2026-07-01T00:00:00.000+00:00,Structure of human TRPV3-G568D Olmsted syndrome mutant in the 2-fold symmetrical closed state
13LT,EMD-77144,3.25,2026-07-01T00:00:00.000+00:00,Structure of human TRPV3-G568D Olmsted syndrome mutant in the 2-fold symmetrical open state
13LU,EMD-77145,2.49,2026-07-01T00:00:00.000+00:00,Structure of human TRPV3-W521S Olmsted syndrome mutant in the closed state
13MF,EMD-77153,3.3,2026-09-23T00:00:00.000+00:00,4-fluoro-L-phenylalanine bolaphile peptide
20YC,EMD-67392,3.4,2026-04-15T00:00:00.000+00:00,Cryo-EM structure of GPR174-Gi complex
20YJ,EMD-67393,3.4,2026-07-22T00:00:00.000+00:00,Hemoglobin amyloid fibril - PM2
20YR,EMD-67417,3.0,2026-02-18T00:00:00.000+00:00,R583A mutant of glycogen phosphorylase from Segatella copri
20YS,EMD-67418,2.96,2026-02-18T00:00:00.000+00:00,R583A mutant of glycogen phosphorylase from Segatella copri in the presence of AMP
20YV,EMD-67420,3.28,2026-04-22T00:00:00.000+00:00,Cryo-EM structure of SspE from E.coli
20YW,EMD-67421,2.81,2026-04-22T00:00:00.000+00:00,Cryo-EM structure of SspE-R133A from E.coli
20YY,EMD-67423,2.57,2026-07-08T00:00:00.000+00:00,Cryo-EM structure of MexJK from Pseudomonas aeruginosa
20ZC,EMD-67426,2.6,2026-06-03T00:00:00.000+00:00,Cryo-EM structure of human Neurotensin Receptor 1 (hNTSR1)-Gi1 (delipidated) complex in nucleotide-free C state
20ZD,EMD-67427,2.8,2026-06-03T00:00:00.000+00:00,Cryo-EM structure of human Neurotensin Receptor 1 (hNTSR1)-Gi1 (delipidated) complex in nucleotide-free NC state
20ZG,EMD-67429,2.4,2026-06-03T00:00:00.000+00:00,"Cryo-EM structure of the human neurotensin receptor 1 (hNTSR1)-Gi1 complex in the GTP-bound, AHD-open C state 1, plunge-frozen 0-5 seconds after GTP addition"
20ZH,EMD-67430,2.4,2026-06-03T00:00:00.000+00:00,"Cryo-EM structure of the human neurotensin receptor 1 (hNTSR1)-Gi1 complex in the GTP-bound, AHD-open C state 2, plunge-frozen 0-5 seconds after GTP addition"
20ZI,EMD-67431,2.7,2026-06-03T00:00:00.000+00:00,"Cryo-EM structure of the human neurotensin receptor 1 (hNTSR1)-Gi1 complex in the GTP-bound, AHD-open NC state 1, plunge-frozen 0-5 seconds after GTP addition"
20ZJ,EMD-67432,2.9,2026-06-03T00:00:00.000+00:00,"Cryo-EM structure of the human neurotensin receptor 1 (hNTSR1)-Gi1 complex in the GTP-bound, AHD-open NC state 2, plunge-frozen 0-5 seconds after GTP addition"
20ZK,EMD-67433,2.7,2026-06-03T00:00:00.000+00:00,"Cryo-EM structure of the human neurotensin receptor 1 (hNTSR1)-Gi1 complex in the GTP-bound, AHD-open NC state 3, plunge-frozen 0-5 seconds after GTP addition"
20ZL,EMD-67434,3.1,2026-06-03T00:00:00.000+00:00,"Cryo-EM structure of the human neurotensin receptor 1 (hNTSR1)-Gi1 complex in the GTP-bound, AHD-open NC state 4, plunge-frozen 0-5 seconds after GTP addition"
20ZN,EMD-67436,2.76,2026-08-05T00:00:00.000+00:00,Human FATP2 K572A mutant in complex with oleic acids and ATP in pre-catalytic state
20ZX,EMD-67439,2.96,2026-06-17T00:00:00.000+00:00,Cryo-EM structure of Gq-coupled LPAR5 in complex with LPA
21AG,EMD-67446,3.13,2026-04-08T00:00:00.000+00:00,LY334370-bound serotonin 1F (5-HT1F) receptor-miniGoA protein complex
21AH,EMD-67447,3.18,2026-04-08T00:00:00.000+00:00,LY334370-bound serotonin 1F (5-HT1F) receptor
21AK,EMD-67448,3.23,2026-03-25T00:00:00.000+00:00,Cryo-EM structure of the E. coli ArnA hexamer
21AL,EMD-67470,3.57,2026-03-11T00:00:00.000+00:00,Tetrameric complex of the Borna disease virus 1 nucleoprotein (mutant Arg341Ala)
21AM,EMD-67514,3.59,2026-09-09T00:00:00.000+00:00,CryoEM structure of hGZMA-hGSDMBctd
21AO,EMD-67523,2.85,2026-05-06T00:00:00.000+00:00,Epitope and functional classification of human neutralizing antibodies against SFTSV Gn
21AQ,EMD-67524,2.97,2026-04-29T00:00:00.000+00:00,Epitope and functional classification of human neutralizing antibodies against SFTSV Gn
21AU,EMD-67539,2.69,2026-04-29T00:00:00.000+00:00,Epitope and functional classification of human neutralizing antibodies against SFTSV Gn
21AV,EMD-67541,2.69,2026-04-29T00:00:00.000+00:00,Epitope and functional classification of human neutralizing antibodies against SFTSV Gn
21BH,EMD-67552,3.1,2026-04-22T00:00:00.000+00:00,Cryo-EM structure of type VII CRISPR-Cas complex at the target engagement state
21BQ,EMD-67558,2.7,2026-07-22T00:00:00.000+00:00,"Cryo-EM structure of ex vivo Sup35 prion fibrils from yeast carrying ""strong"" [PSI+] variant"
21CB,EMD-67570,3.0,2026-03-11T00:00:00.000+00:00,Cryo-EM structure of DICER with pre-mir-517a-GU in pre-dicing state
21CN,EMD-67573,3.21,2026-03-11T00:00:00.000+00:00,Cryo-EM structure of DICER with pre-mir-517a-GU in dicing state
21CO,EMD-67574,2.99,2026-07-08T00:00:00.000+00:00,Mfa1 type V pilus from P.gingivalis
21CQ,EMD-67575,3.29,2026-03-11T00:00:00.000+00:00,Cryo-EM structure of DICER-D991G-H992G/26S-GU complex in dicing state
21DI,EMD-67586,3.5,2026-04-22T00:00:00.000+00:00,Cryo-EM reconstruction of the cyanophage Pam5 small terminase
21DU,EMD-67602,2.9,2026-02-11T00:00:00.000+00:00,Cryo-EM structure of the apomorphine bound ADGRG6-Gs complex
21DX,EMD-67603,2.95,2026-04-01T00:00:00.000+00:00,"Cryo-EM structure of the human P2X3 receptor in the ATP-bound, desensitized state"
21DZ,EMD-67605,2.41,2026-07-01T00:00:00.000+00:00,Cryo-EM structure of AtCas9-sgRNA-underwound DNA (CATA PAM) ternary complex
21EA,EMD-67606,2.65,2026-07-01T00:00:00.000+00:00,Cryo-EM structure of AtCas9-sgRNA-underwound DNA (TATA PAM) ternary complex
21EN,EMD-67612,2.95,2026-06-17T00:00:00.000+00:00,Cryo-EM structure of monomeric Cu/Zn-superoxide dismutase from dog (Canis familiaris) complexed with 19A9 triabody in the closed conformation
21EO,EMD-67613,3.91,2026-06-17T00:00:00.000+00:00,Cryo-EM structure of monomeric Cu/Zn-superoxide dismutase from dog (Canis familiaris) complexed with 19A9 triabody in the open conformation
21FB,EMD-67622,3.4,2026-02-04T00:00:00.000+00:00,Structure of minor species of Abeta fibrils from AppNL-FPsen1P117L mice
21FF,EMD-67623,2.8,2026-05-20T00:00:00.000+00:00,Cryo-EM structure of DddT in closed substrate-free conformation
21FG,EMD-67624,3.34,2026-04-01T00:00:00.000+00:00,Cryo-EM structure of the human P2X3 receptor in the ATP- and sivopixant-bound closed state
21FH,EMD-67625,2.66,2026-05-20T00:00:00.000+00:00,Cryo-EM structure of DddT G101D in substrate-free outward open conformation
21FI,EMD-67626,2.52,2026-05-20T00:00:00.000+00:00,Cryo-EM structure of DddT in closed DMSP-bound conformation
21FJ,EMD-67627,3.18,2026-05-20T00:00:00.000+00:00,Cryo-EM structure of DddT in closed substrate-free conformation in the presence of potassium ions and dimethylsulfoniopropionate
21FK,EMD-67628,3.29,2026-05-20T00:00:00.000+00:00,Cryo-EM structure of DddT G101D in substrate-free inward open conformation
21FY,EMD-67634,2.85,2026-04-15T00:00:00.000+00:00,The cryo-EM structure of IscS-PptA complex
21GF,EMD-67646,3.75,2026-08-05T00:00:00.000+00:00,Structure of the heptameric pore state of alpha-hemolysin in the presence of A549 cells at pH 5.5
21GL,EMD-67656,3.25,2026-08-12T00:00:00.000+00:00,The atomic coordinate of p24 complex at pH 6.8
21GM,EMD-67657,3.2,2026-08-12T00:00:00.000+00:00,The atomic coordinate of p24 complex at pH 7.5
21GQ,EMD-67658,2.68,2026-09-02T00:00:00.000+00:00,"DPR epimerase complex, DLM-bound state"
21GR,EMD-67659,2.73,2026-09-02T00:00:00.000+00:00,"DPR epimerase complex, PMD-bound state"
21GT,EMD-67660,2.82,2026-09-02T00:00:00.000+00:00,"DPR epimerase complex, substrate-bound state"
21JU,EMD-67739,1.93,2026-04-29T00:00:00.000+00:00,Alcohol Oxidase Mod1p from Ogataea methanolica
21JV,EMD-67740,2.65,2026-04-29T00:00:00.000+00:00,Alcohol Oxidase Mod2p from Ogataea methanolica
21KL,EMD-67763,3.19,2026-03-11T00:00:00.000+00:00,Cryo-EM structure of TasH-pre-tigRNA-dsDNA complex
21KR,EMD-67778,2.9,2026-06-03T00:00:00.000+00:00,A Wnt3a/Fzd8-CRD/LRP6-E3E4 complex with FKBP
21KS,EMD-67779,3.01,2026-06-03T00:00:00.000+00:00,A Wnt3a/Fzd8-CRD/LRP6-E3E4-LA complex with FKBP
21KT,EMD-67780,3.33,2026-06-03T00:00:00.000+00:00,Wnt3a signalosome extracellular complex
21LT,EMD-67804,3.11,2026-08-12T00:00:00.000+00:00,Cryo-EM structure of the setmelanotide-bound human melanocortin receptor 4 (MC4R)-Gq complex
21NP,EMD-67846,3.3,2026-05-27T00:00:00.000+00:00,Structure of human SLC37A4 bound to chlorogenic acid in a lipid nanodisc
21NQ,EMD-67847,2.8,2026-05-27T00:00:00.000+00:00,Structure of human SLC37A4-apo
21NR,EMD-67848,3.3,2026-06-24T00:00:00.000+00:00,Cryo-EM structure of TLP-IPT
21NS,EMD-67849,3.3,2026-06-24T00:00:00.000+00:00,Cryo-EM structure of TLP-4b
21NT,EMD-67850,3.5,2026-06-24T00:00:00.000+00:00,Cryo-EM structure of TLP-3
21NW,EMD-67854,2.9,2026-05-06T00:00:00.000+00:00,Cryo-EM structure of human Lipid Phosphate Phosphatase 2
21NX,EMD-67855,2.99,2026-08-26T00:00:00.000+00:00,Cryo-EM structure of mouse IgG2b-Fc in complex with FcgammaRIV
21NY,EMD-67856,3.39,2026-08-26T00:00:00.000+00:00,Cryo-EM structure of the rat IgE-Fc in complex with FcgammaRIIB
21NZ,EMD-67857,2.98,2026-08-26T00:00:00.000+00:00,Cryo-EM structure of the rat IgE-Fc in complex with FcgammaRIV
21OR,EMD-67869,3.2,2026-05-27T00:00:00.000+00:00,Structure of human SLC37A4 bound to G6P
21OU,EMD-67871,2.34,2026-05-27T00:00:00.000+00:00,DRT4 homohexamer
21RH,EMD-67942,2.6,2026-09-23T00:00:00.000+00:00,a bacterial caspase bound to ligand
21RJ,EMD-67943,2.58,2026-09-23T00:00:00.000+00:00,a bacterial caspase
21RK,EMD-67944,2.21,2026-09-23T00:00:00.000+00:00,A bacterial caspase in an inhibited state
21RN,EMD-67945,2.95,2026-09-16T00:00:00.000+00:00,Cryo-EM structure of mouse myeloperoxidase in complex with Fab fragments of antibodies mAb-A24 and mAb-A46
21RO,EMD-67946,2.68,2026-05-27T00:00:00.000+00:00,DRT4 homohexamer with dGTPaS
21RP,EMD-67947,2.84,2026-05-27T00:00:00.000+00:00,DRT4 homohexamer with dATP
21RS,EMD-67950,2.76,2026-05-27T00:00:00.000+00:00,"DRT4 homohexamer with dATP, dGTPaS, SSB, RNA"
21RT,EMD-67951,2.95,2026-09-16T00:00:00.000+00:00,Cryo-EM structure of mouse myeloperoxidase in complex with Fab fragments of antibodies mAb-A46 and mAb-B88
21TP,EMD-67990,3.0,2026-03-25T00:00:00.000+00:00,Open-state structure of veratridine-activated human Nav1.7
21TQ,EMD-67991,2.7,2026-03-11T00:00:00.000+00:00,The structure of Nav1.7 with veratridine standing near the IFM motif (site I)
21TW,EMD-67994,2.43,2026-04-29T00:00:00.000+00:00,"Cryo-EM structure of TNF-alpha in complex with two anti-TNF-alpha nanobodies, TNF30, derived from the TNF-alpha inhibitor Ozoralizumab (OZR)"
21TY,EMD-67995,2.93,2026-09-09T00:00:00.000+00:00,Cryo-EM structure of Free fatty acid receptor 2 (FFA2)-ARK1 with GLPG0974
21UY,EMD-68019,3.0,2026-07-22T00:00:00.000+00:00,Cryo-EM structure of bacteriophage phi92 mature head
21VL,EMD-68036,3.3,2026-07-22T00:00:00.000+00:00,Cryo-EM structure of portal-adaptor of bacteriophage phi92
21VM,EMD-68037,3.4,2026-07-22T00:00:00.000+00:00,Cryo-EM structure of bacteriophage phi92 neck-tail
21VQ,EMD-68038,3.2,2026-07-22T00:00:00.000+00:00,Cryo-EM structure of bacteriophage phi92 baseplate
21WA,EMD-68034,3.7,2026-05-13T00:00:00.000+00:00,Cryo-EM structure of the ATPase domain of SMARCA4 bound to a nucleosome
21WC,EMD-68033,3.9,2026-05-13T00:00:00.000+00:00,Cryo-EM structure of the ATPase domain of SMARCA4 and the finger helix of BCL7A bound to a nucleosome
21WE,EMD-68046,2.91,2026-01-14T00:00:00.000+00:00,BaCas12a3 binary complex
21WJ,EMD-68050,2.87,2026-01-14T00:00:00.000+00:00,BaCas12a3 ternary complex
21WL,EMD-68052,3.7,2026-07-22T00:00:00.000+00:00,Cryo-EM structure of the tail sheath from the contracted phi92 bacteriophage
21WO,EMD-68056,2.96,2026-05-27T00:00:00.000+00:00,"DRT4 homohexamer with dATP, SSB"
21WY,EMD-68061,3.0,2026-08-12T00:00:00.000+00:00,resting conformation of PSCC1
21XJ,EMD-68067,3.1,2026-02-18T00:00:00.000+00:00,"TLP-2a, a glycofibril obtained from a Karst cave from Guilin City, Guangxi Zhuang Autonomous Region, China"
21XK,EMD-68068,2.64,2026-02-18T00:00:00.000+00:00,"TLP-2f, a glycofibril obtained from a Karst cave from Guilin City, Guangxi Zhuang Autonomous Region, China"
21XL,EMD-68069,2.58,2026-02-18T00:00:00.000+00:00,"TLP-2g, a glycofibril obtained from a Karst cave from Guilin City, Guangxi Zhuang Autonomous Region, China"
21XM,EMD-68070,2.8,2026-02-18T00:00:00.000+00:00,"TLP-2h, a glycofibril obtained from a Karst cave from Guilin City, Guangxi Zhuang Autonomous Region, China"
21XO,EMD-68072,2.92,2026-04-29T00:00:00.000+00:00,Cryo-EM Structure of Nipah Virus Polymerase in complex with G671
21ZH,EMD-68111,3.9,2026-06-24T00:00:00.000+00:00,Cryo-EM structure of NSUN2-tRNAlys-SAM
21ZT,EMD-68122,3.5,2026-06-24T00:00:00.000+00:00,Cryo-EM structure of TLP-2
22AJ,EMD-68133,2.48,2026-04-01T00:00:00.000+00:00,GDP human alpha1A/beta3 S239C microtubule
22AK,EMD-68134,2.41,2026-04-01T00:00:00.000+00:00,GDP human alpha1A/beta3 microtubule
22AV,EMD-68138,3.34,2026-06-24T00:00:00.000+00:00,Cryo-EM structure of NSUN2-tRNATyr-SAM
22AX,EMD-68140,3.3,2026-06-24T00:00:00.000+00:00,Cryo-EM structure of NSUN2-pre-tRNALeu-SAM
22AY,EMD-68141,2.3,2026-06-03T00:00:00.000+00:00,KCNQ2 homotetramer in apo state
22AZ,EMD-68142,2.7,2026-06-03T00:00:00.000+00:00,"ICA-1103811 bound KCNQ2/3 heteromer with 3:1 stoichiometry, state 1"
22BA,EMD-68143,2.9,2026-06-03T00:00:00.000+00:00,"ICA-1103811 bound KCNQ2/3 heteromer with 3:1 stoichiometry, state 2"
22BC,EMD-68145,2.8,2026-06-03T00:00:00.000+00:00,"ICA-1103811 bound KCNQ2/3 heteromer with 3:1 stoichiometry, state 3"
22BD,EMD-68146,3.0,2026-06-03T00:00:00.000+00:00,ICA-1103811 bound KCNQ2/3 heteromer with 2:2 stoichiometry
22BE,EMD-68147,2.6,2026-06-03T00:00:00.000+00:00,"XEN1101 bound KCNQ2/3 heteromer with 3:1 stoichiometry, state 1"
22BF,EMD-68148,2.5,2026-06-03T00:00:00.000+00:00,"XEN1101 bound KCNQ2/3 heteromer with 3:1 stoichiometry, state 2"
22BG,EMD-68149,2.5,2026-06-03T00:00:00.000+00:00,"XEN1101 bound KCNQ2/3 heteromer with 3:1 stoichiometry, state 3"
22BH,EMD-68150,2.8,2026-06-03T00:00:00.000+00:00,"XEN1101 bound KCNQ2/3 heteromer with 3:1 stoichiometry, state 4"
22BI,EMD-68151,2.6,2026-06-03T00:00:00.000+00:00,XEN1101 bound KCNQ2/3 heteromer with 2:2 stoichiometry
22BJ,EMD-68152,2.4,2026-06-03T00:00:00.000+00:00,KCNQ2/3 heterotetramer with 3:1 stoichiometry
22BK,EMD-68153,2.7,2026-06-03T00:00:00.000+00:00,KCNQ2/3 heterotetramer with 2:2 stoichiometry
22BU,EMD-68158,2.6,2026-07-29T00:00:00.000+00:00,Cryo-EM structure of A-H(M) complex (one ADP)
22BV,EMD-68159,2.35,2026-07-29T00:00:00.000+00:00,Cryo-EM structure of A-H(M) complex (two ADP)
22CR,EMD-68177,2.9,2026-07-22T00:00:00.000+00:00,C5a-desArg bound C5aR2 in complex with beta-arrestin1
22DX,EMD-68188,3.29,2026-09-02T00:00:00.000+00:00,Cryo-EM structure of MERS-CoV S protein bound with receptor DPP4 in the conformation 1 (1 up RBD and 1 DPP4 bound).
22DY,EMD-68189,3.35,2026-09-02T00:00:00.000+00:00,Local structure of MERS-CoV S protein bound with receptor DPP4 in the conformation 2 (2 up RBD and 2 DPP4 bound)
22DZ,EMD-68190,3.01,2026-09-02T00:00:00.000+00:00,Local structure of MERS-CoV RBD protein bound with receptor DPP4 in the conformation 2 (2 up RBD and 2 DPP4 bound)
22EA,EMD-68191,3.44,2026-09-02T00:00:00.000+00:00,Cryo-EM structure of MERS-CoV S protein bound with receptor DPP4 in the conformation 3 (3 up RBD and 3 DPP4 bound).
22EB,EMD-68192,2.88,2026-09-02T00:00:00.000+00:00,MERS-CoV RBD in complex with receptor DPP4
22EC,EMD-68193,3.23,2026-09-02T00:00:00.000+00:00,Post-fusion structure of MERS-CoV spike glycoprotein
22EM,EMD-68208,2.86,2026-05-06T00:00:00.000+00:00,Gi bound kappa-opioid receptor in complex with beta01
22ES,EMD-68217,2.43,2026-05-06T00:00:00.000+00:00,Gi bound kappa-opioid receptor in complex with difelikefalin
22ET,EMD-68219,2.69,2026-07-29T00:00:00.000+00:00,Cryo-EM structure of Retron Ec78 complex (cis)
22EU,EMD-68220,2.67,2026-07-29T00:00:00.000+00:00,Cryo-EM structure of Retron Ec78 complex (trans)
22FN,EMD-68245,3.17,2026-04-29T00:00:00.000+00:00,Cryo-EM structure of AsCas12a in complex with crDNA and RNA target
22FY,EMD-68252,3.24,2026-09-02T00:00:00.000+00:00,Structure of MERS-CoV S protein with 3down-RBDs
22GK,EMD-68262,2.84,2026-07-22T00:00:00.000+00:00,C5a bound C5aR2 in complex with beta-arrestin1
22GL,EMD-68263,3.3,2026-07-22T00:00:00.000+00:00,C5a bound C5aR1 in complex with beta-arrestin1
22GM,EMD-68264,2.7,2026-07-22T00:00:00.000+00:00,C5a bound C5aR1 in complex with beta-arrestin1
22HG,EMD-68270,2.61,2026-08-12T00:00:00.000+00:00,SARS-CoV-2 BA.3.2.2(RE.2.2) RBD in complex with human ACE2 and monoclonal antibody S2H97
22HP,EMD-68274,3.19,2026-08-05T00:00:00.000+00:00,SARS-CoV-2 BA.3.2.2(RE.2.2) RBD in complex with monoclonal antibodies S2K146 and L4.65
22IB,EMD-68281,3.22,2026-04-22T00:00:00.000+00:00,CryoEM structure of Human LonP1-TFAM complex
22IX,EMD-68355,2.71,2026-01-28T00:00:00.000+00:00,cryo-ET subtomogram-averaged structure of mouse heavy-chain apoferritin resolved at 2.71 Angstroms
22JW,EMD-68387,2.84,2026-08-12T00:00:00.000+00:00,Perinereis linea erythrocruorin
22JX,EMD-68388,3.7,2026-09-09T00:00:00.000+00:00,Cryo-EM structure of the mGlu5-beta-arrestin 1 complex
22JY,EMD-68389,2.2,2026-02-04T00:00:00.000+00:00,P301L/S320F human tau filaments from mouse brain
22JZ,EMD-68390,3.4,2026-09-09T00:00:00.000+00:00,Cryo-EM structure of the mGlu7-beta-arrestin 1 complex
22KG,EMD-68393,3.52,2026-08-26T00:00:00.000+00:00,Cryo-EM Structure of a 24mer MucD cage
22KK,EMD-68398,3.1,2026-08-26T00:00:00.000+00:00,Cryo-EM structure of the BTNL3-BTNL8-TCR complex
22LL,EMD-68429,3.3,2026-09-02T00:00:00.000+00:00,Structure of neutralizing antibody G4 with MPXV M1R
22MM,EMD-68472,3.42,2026-04-01T00:00:00.000+00:00,Structure of human 26S proteasome complexed with midnolin(1-111+337-468)
22OF,EMD-68536,3.6,2026-07-01T00:00:00.000+00:00,Cryo-EM structure of CeTECR-CeHACD complex
22OV,EMD-68575,2.37,2026-08-05T00:00:00.000+00:00,SARS-CoV-2 BA.3.2.2(RE.2.2) spike protein
22PD,EMD-68583,2.95,2026-09-16T00:00:00.000+00:00,Cryo EM structure of SARS-COV-2 (BA.4) RBD in complex with THZ937 Fab (local refine)
22PL,EMD-68584,3.3,2026-08-26T00:00:00.000+00:00,Structure of the IL-31/IL-31RA/OSMRB complex
22PS,EMD-68593,2.96,2026-02-04T00:00:00.000+00:00,Structure of ozureprubart Fab in complex with human IgE-Fc
22QS,EMD-68607,2.57,2026-08-12T00:00:00.000+00:00,Cryo-EM structure of the Deg-3/Des-2 apo state
22QT,EMD-68608,2.66,2026-08-12T00:00:00.000+00:00,Cryo-EM structure of the Deg-3/Des-2 betaine-bound intermediate state
22QU,EMD-68609,2.5,2026-08-12T00:00:00.000+00:00,Cryo-EM structure of the Deg-3/Des-2 betaine-bound open state
22QV,EMD-68610,2.67,2026-08-12T00:00:00.000+00:00,Cryo-EM structure of the Deg-3/Des-2 choline-bound intermediate state
22QW,EMD-68611,2.77,2026-08-12T00:00:00.000+00:00,Cryo-EM structure of the Deg-3/Des-2 choline-bound open state
22RD,EMD-68616,3.38,2026-04-29T00:00:00.000+00:00,High-resolution cryo-EM structure of human Polo-like kinase 1 in complex with onvansertib
22RJ,EMD-68620,2.82,2026-06-03T00:00:00.000+00:00,Human KCNQ3-CaM in apo state
22RQ,EMD-68626,2.9,2026-06-03T00:00:00.000+00:00,Human KCNQ3-XEN1101 complex in the presence of PIP2
22SK,EMD-68645,3.0,2026-08-26T00:00:00.000+00:00,Client peptide-bound structure of a MucD trimer within a 24mer cage
22TE,EMD-68655,2.59,2026-08-19T00:00:00.000+00:00,Cryo-EM structure of Crimean-Congo hemorrhagic fever virus RNA polymerase in apo state
22TH,EMD-68657,2.5,2026-08-19T00:00:00.000+00:00,Cryo-EM structure of Crimean-Congo hemorrhagic fever virus RNA polymerase in complex with suramin
22TR,EMD-68663,2.75,2026-08-19T00:00:00.000+00:00,Cryo-EM structure of Crimean-Congo hemorrhagic fever virus RNA polymerase in complex with 5' vRNA promotor
22TU,EMD-68666,3.0,2026-04-01T00:00:00.000+00:00,Human 80S ribosome in complex with DHX29
22VL,EMD-68717,3.2,2026-06-17T00:00:00.000+00:00,Cryo-EM structure of Chlamydomonas reinhardtii chloroplast F1Fo-ATP synthase
22VT,EMD-68728,3.3,2026-05-20T00:00:00.000+00:00,"Structure of human MCM2-7 single hexamer with MCM3-WHD attached to MCM2-CTD, containing Meier-Gorlin Syndrome mutation (MCM3-Q761L)"
22WP,EMD-68735,3.33,2026-09-16T00:00:00.000+00:00,local reifnement of 5HT2AR-miniGq heterotrimer in complex with a psychedelic psilocin
22WR,EMD-68737,3.2,2026-09-16T00:00:00.000+00:00,local refinement of 5HT2AR-miniGq heterotrimer in complex with a selective agonist IHCH-2330
22WT,EMD-68739,3.21,2026-09-16T00:00:00.000+00:00,local refinement of 5HT2BR-fab heterotrimer in complex with a novel antagonist IHCH-2330
22XC,EMD-68747,3.28,2026-04-22T00:00:00.000+00:00,Structure of CXCR4 in complex with a de-novo designed mini-protein antagonist
22XK,EMD-67812,3.6,2026-03-11T00:00:00.000+00:00,MexBYB-Ka asymmetry
22XM,EMD-67813,3.55,2026-03-11T00:00:00.000+00:00,MexBYB-Ka symmetry-like
22XO,EMD-68756,2.72,2026-02-11T00:00:00.000+00:00,Cryo-EM structure of E.coli LrhA
22ZO,EMD-71647,2.2,2026-06-24T00:00:00.000+00:00,Single full-length subunit of the Vpb4Aa2 pore complex
23AY,EMD-68820,2.27,2026-09-09T00:00:00.000+00:00,CryoEM structure of EV-D68 US/MO/14-18947 mature virion
23BB,EMD-68823,3.6,2026-06-24T00:00:00.000+00:00,Caspase-4 p20/p10 and human GSDMD
23BD,EMD-68825,3.4,2026-06-24T00:00:00.000+00:00,Caspase-4 p22/p10 and human GSDMD complex
23BG,EMD-68830,2.47,2026-09-09T00:00:00.000+00:00,CryoEM structure of EV-D68 US/MO/14-18947 in complex with MFSD6-L3
23BT,EMD-68840,2.42,2026-07-08T00:00:00.000+00:00,Structure of mouse urate oxidase in complex with uric acid
23BX,EMD-68851,2.62,2026-09-09T00:00:00.000+00:00,CryoEM structure of EV-D68 US/KY/14-18953 mature virion
23CP,EMD-68865,3.12,2026-08-12T00:00:00.000+00:00,Cryo-EM structure of RSC complex from Chaetomium thermophilum
23DJ,EMD-68883,2.55,2026-09-09T00:00:00.000+00:00,anti-Crispr protein in apo form
23EW,EMD-68913,2.7,2026-08-26T00:00:00.000+00:00,Cryo-EM structure of human ATR-ATRIP complex with Berzosertib
23EX,EMD-68914,3.2,2026-08-26T00:00:00.000+00:00,Cryo-EM structure of human ATR-ATRIP complex with Ceralasertib
23EY,EMD-68915,3.2,2026-08-26T00:00:00.000+00:00,Cryo-EM structure of human ATR-ATRIP complex with Elimusertib
23FA,EMD-68917,3.1,2026-08-26T00:00:00.000+00:00,Cryo-EM structure of human ATR-ATRIP complex with Gartisertib
23FB,EMD-68918,3.0,2026-08-26T00:00:00.000+00:00,Cryo-EM structure of human ATR-ATRIP complex with ATPgammaS
23FC,EMD-68919,2.7,2026-05-13T00:00:00.000+00:00,Cryo-EM structure of human ATR-ATRIP complex with ATPgammaS and Chk1
23FD,EMD-68920,3.6,2026-08-26T00:00:00.000+00:00,"Cryo-EM structure of human ATR-ATRIP complex with ATPgammaS, Chk1 and TopBp1"
23FE,EMD-68921,2.9,2026-08-26T00:00:00.000+00:00,"Cryo-EM structure of human ATR-ATRIP complex with ATPgammaS, Chk1 and ETAA1"
23FJ,EMD-68925,2.96,2026-08-12T00:00:00.000+00:00,Cryo-EM structure of SWI/SNF complex from Chaetomium thermophilum
23GF,EMD-68941,3.3,2026-09-09T00:00:00.000+00:00,The atomic coordinate of GPI-MT-I complex with Gpi14 D38A mutation
23GX,EMD-68960,3.9,2026-09-09T00:00:00.000+00:00,The atomic coordinate of GPI-MT-I complex
23IC,EMD-68988,3.5,2026-08-12T00:00:00.000+00:00,Cryo-EM structure of Oryza sativa vacuolar phosphate efflux transporter 2 (OsVPE2)
23IF,EMD-68990,3.3,2026-08-12T00:00:00.000+00:00,Cryo-EM structure of Oryza sativa vacuolar phosphate efflux transporter 2 (OsVPE2) with phosphate
23IG,EMD-68992,3.7,2026-08-12T00:00:00.000+00:00,Cryo-EM structure of Oryza sativa vacuolar phosphate efflux transporter 2 (OsVPE2) at pH5.
23IL,EMD-68999,3.46,2026-08-12T00:00:00.000+00:00,Cryo-EM structure of Chaetomium thermophilum SWI/SNF bound to a nucleosome
23IT,EMD-69003,2.24,2026-09-09T00:00:00.000+00:00,Complex of FMDV O/HN/CHA/93 and porcine-derived neutralizing monoclonal antibody pO18-29
23IU,EMD-69004,2.34,2026-09-09T00:00:00.000+00:00,Complex of FMDV O/18074 and porcine-derived neutralizing monoclonal antibody pO18-29
23IV,EMD-69005,2.42,2026-05-20T00:00:00.000+00:00,Cannabinoid Receptor 1-Gi Complex
23IW,EMD-69006,2.42,2026-05-20T00:00:00.000+00:00,Cannabinoid Receptor 1-Gi Complex
23NX,EMD-69118,3.32,2026-08-19T00:00:00.000+00:00,Structure of mouse DNMT3A-TCL1A complex
23OI,EMD-69126,2.74,2026-07-01T00:00:00.000+00:00,Cryo-EM structure of the cebranopadol-NOP receptor-Gi complex
23OR,EMD-69132,3.11,2026-07-08T00:00:00.000+00:00,Cryo-EM structure of the Retron-Eco8-SSB complex
23PG,EMD-69143,2.87,2026-06-03T00:00:00.000+00:00,Cryo-EM structure of human ABCB7 in complex with CoPP:GSH/ADPVO4
23PH,EMD-69144,3.01,2026-06-03T00:00:00.000+00:00,Cryo-EM structures of the human ABCB7 in the apo state
23PI,EMD-69145,2.33,2026-06-03T00:00:00.000+00:00,Cryo-EM structure of the human ABCB7 in occluded state
23PS,EMD-69155,2.65,2026-09-09T00:00:00.000+00:00,CryoEM structure of EV-D68 US/KY/14-18953 in complex with MFSD6-L3
23PX,EMD-69160,3.01,2026-09-02T00:00:00.000+00:00,YghJ protein zymogen-like autoinhibited state
23PY,EMD-69161,3.0,2026-09-02T00:00:00.000+00:00,N-His tagged YghJ protein substrate-accessible state
23PZ,EMD-69162,3.36,2026-09-02T00:00:00.000+00:00,C-His tagged YghJ protein substrate-accessible state
23SF,EMD-69207,3.4,2026-05-27T00:00:00.000+00:00,Cryo-EM structure of icosahedrally averaged bacteriophage RAN69 capsid
23SG,EMD-69208,3.0,2026-05-27T00:00:00.000+00:00,The composite Cryo-EM structure of bacteriophage RAN69 pre-ejectosome-portal complex
23SH,EMD-69212,3.2,2026-05-27T00:00:00.000+00:00,The composite Cryo-EM structure of the tail region of bacteriophage RAN69
23SO,EMD-69218,2.95,2026-07-01T00:00:00.000+00:00,Cryo-EM structure of the cebranopadol-mu opioid receptor-Gi complex
23SP,EMD-69219,3.71,2026-06-03T00:00:00.000+00:00,TamA complex with TamB DUF490 in lipid nanodisc
23SQ,EMD-69220,3.51,2026-06-03T00:00:00.000+00:00,TamA complex with TamB DUF490 in detergent micelles.
23SR,EMD-69221,2.85,2026-07-01T00:00:00.000+00:00,Cryo-EM structure of CDK2 in complex with CRBN/DDB1 and B11
23VU,EMD-69297,2.69,2026-09-02T00:00:00.000+00:00,Cryo-EM structure of the UnCas12m4a-crRNA-tgDNA ternary complex in the TS-cleaving state
23VV,EMD-69298,2.84,2026-09-02T00:00:00.000+00:00,Cryo-EM structure of the UnCas12m4a-crRNA-tgDNA ternary complex in the NTS-cleaving state
23VW,EMD-69299,2.39,2026-09-02T00:00:00.000+00:00,Cryo-EM structure of the TfCas12m3-crRNA-tgDNA ternary complex
23WI,EMD-67081,2.6,2026-07-15T00:00:00.000+00:00,Subtomogram average of 70S ribosome (11x11) using CRYO ARM 300II
23WJ,EMD-67082,2.1,2026-04-22T00:00:00.000+00:00,Subtomogram average of Apoferrtin (11x11) using CRYO ARM 300II
23WM,EMD-69321,3.13,2026-08-05T00:00:00.000+00:00,Cryo-EM structure of the de novo designed metalloprotease PP507 E110Q mutant
23WN,EMD-69322,2.98,2026-08-05T00:00:00.000+00:00,Cryo-EM structure of the de novo designed metalloprotease DP622 E96Q mutant
23WO,EMD-69323,3.5,2026-08-05T00:00:00.000+00:00,Cryo-EM structure of the de novo designed metalloprotease DP221 E85Q mutant
23WQ,EMD-69324,3.27,2026-08-26T00:00:00.000+00:00,Cryo-EM structure of EcBPAN-guide RNA-target DNA complex
23XI,EMD-69357,2.93,2026-08-05T00:00:00.000+00:00,Cryo-EM structure of human sodium/proton antiporter NHE1 in complex with Zoniporide in an outward-open conformation
23XK,EMD-69358,3.1,2026-04-08T00:00:00.000+00:00,Cryo-EM structure of human sodium/proton antiporter NHE1 in complex with Cariporide in an outward-open conformation
23XM,EMD-69359,3.24,2026-04-08T00:00:00.000+00:00,Cryo-EM structure of human sodium/proton antiporter NHE1 in complex with Eniporide in an outward-open conformation
23XO,EMD-69360,3.16,2026-04-08T00:00:00.000+00:00,Cryo-EM structure of human sodium/proton antiporter NHE1 in complex with Rimeporide in an outward-open conformation
24EW,EMD-69467,2.39,2026-06-03T00:00:00.000+00:00,SARS-CoV-2 polymerase with incorporated and pre-incorporated AT-9052-Sp
24GL,EMD-69488,3.4,2026-09-16T00:00:00.000+00:00,BAM-SurA complex (P1_P2-visible 1)
24ID,EMD-69539,3.34,2026-07-29T00:00:00.000+00:00,Cryo-EM structure of the monomeric WDR11-FAM91A1-C17orf75 complex
24IP,EMD-69549,3.07,2026-07-29T00:00:00.000+00:00,Cryo-EM structure of the dimeric WDR11-FAM91A1-C17orf75 complex
24KR,EMD-69590,2.53,2026-06-10T00:00:00.000+00:00,Structural basis of influenza A virus neutralization by broadly active single-domain antibody G2.3 recognizing glycosylated epitope within hemagglutinin stem
24MC,EMD-69647,3.4,2026-05-06T00:00:00.000+00:00,Structure of oocyte cytoplasmic lattices
24NA,EMD-69681,2.8,2026-05-27T00:00:00.000+00:00,DRT4 homohexamer with dGTP
24NB,EMD-69682,2.54,2026-05-27T00:00:00.000+00:00,"DRT4 homohexamer with dGTP, GMP"
24NC,EMD-69683,2.22,2026-05-27T00:00:00.000+00:00,"DRT4 homohexamer with dGTP, RNA"
24ND,EMD-69684,2.68,2026-05-27T00:00:00.000+00:00,"DRT4 homohexamer with dGTP, ssRNA (local refinement)"
24QH,EMD-69759,2.74,2026-07-08T00:00:00.000+00:00,Cryo-EM Structure of the FFAR4-Gi complex with unknown density
24QP,EMD-69770,2.73,2026-06-24T00:00:00.000+00:00,Structure of yeast Pol II in complex with an oxaliplatin-ICL lesion at +7 position.
24QR,EMD-69771,2.67,2026-06-24T00:00:00.000+00:00,Structure of yeast Pol II in complex with an oxaliplatin-ICL lesion at +2 position.
24QS,EMD-69772,2.74,2026-06-24T00:00:00.000+00:00,Structure of yeast post-translocation state Pol II in complex with a cisplatin-ICL lesion at +2 position in the second ICL DNA sequence.
24QT,EMD-69773,2.96,2026-06-24T00:00:00.000+00:00,Structure of yeast pre-translocation state Pol II in complex with a cisplatin-ICL lesion at +2 position in the second ICL DNA sequence.
24RC,EMD-69776,2.61,2026-05-27T00:00:00.000+00:00,Cryo-EM structure of human sodium pump W931R mutant in K+-occluded E2-Pi state
24RT,EMD-69786,2.8,2026-06-10T00:00:00.000+00:00,Heimdallarchaeales alpha/beta tubulin microtubule with a single seam
24SV,EMD-69801,2.4,2026-06-24T00:00:00.000+00:00,Averaged protofilament of Heimdallarchaeales alpha/beta tubulin microtubule with a single seam
24SW,EMD-69802,3.9,2026-06-10T00:00:00.000+00:00,Heimdallarchaeales alpha/beta tubulin microtubule with three seams
24TB,EMD-69803,3.03,2026-07-08T00:00:00.000+00:00,Cryo-EM structure of the ligand-free (Apo) GHRHR-Gs complex
24TI,EMD-69804,2.88,2026-07-08T00:00:00.000+00:00,Cryo-EM structure of the PCO371-bound GHRHR-Gs complex
24UM,EMD-69827,2.7,2026-07-22T00:00:00.000+00:00,horse myoglobin amyloid fibril - PM3
24VC,EMD-69835,2.8,2026-07-01T00:00:00.000+00:00,Structure of lumen-open ABCD4-LMBD1 complex
24VD,EMD-69836,2.83,2026-07-01T00:00:00.000+00:00,Structure of substrate-bound ABCD4-LMBD1 complex
24VE,EMD-69837,2.98,2026-07-01T00:00:00.000+00:00,Structure of cytosol-open ABCD4-LMBD1
24VI,EMD-69840,2.98,2026-08-12T00:00:00.000+00:00,"Cryo-EM structure of the human KCNQ2/KCNQ3 heterotetramer (3:1 stoichiometry) in apo state (M2223 apo, without symmetry expansion)"
24VJ,EMD-69841,3.07,2026-08-12T00:00:00.000+00:00,"Cryo-EM structure of the human KCNQ2/KCNQ3 heterotetramer (3:1 stoichiometry) with CLM142 (M2223 CLM142, without symmetry expansion)"
24VK,EMD-69842,3.75,2026-08-12T00:00:00.000+00:00,"Cryo-EM structure of the human KCNQ2/KCNQ3 heterotetramer (3:1 stoichiometry) with CLM142 and PIP2 in open state (M2223 open, without symmetry expansion)"
24VM,EMD-69844,3.54,2026-08-12T00:00:00.000+00:00,"Cryo-EM structure of the human wild-type KCNQ2/KCNQ3 heterotetramer (2:2 stoichiometry) in apo state (M2233 WT, without symmetry expansion)"
24VN,EMD-69845,3.58,2026-08-12T00:00:00.000+00:00,"Cryo-EM structure of the human wild-type KCNQ2/KCNQ3 heterotetramer (2:2 stoichiometry) in apo state (M2323 WT, without symmetry expansion)"
24VO,EMD-69846,3.64,2026-08-12T00:00:00.000+00:00,"Cryo-EM structure of the human wild-type KCNQ2/KCNQ3 heterotetramer (1:3 stoichiometry) in apo state (M2333 WT, without symmetry expansion)"
24VP,EMD-69847,3.26,2026-08-12T00:00:00.000+00:00,"Cryo-EM structure of the human KCNQ2/KCNQ3 heterotetramer (3:1 stoichiometry) in apo state (M2223 apo, with symmetry expansion)"
24VQ,EMD-69848,3.48,2026-08-12T00:00:00.000+00:00,"Cryo-EM structure of the human KCNQ2/KCNQ3 heterotetramer (2:2 stoichiometry) in apo state (M2233 apo, with symmetry expansion)"
24VR,EMD-69849,3.3,2026-08-12T00:00:00.000+00:00,"Cryo-EM structure of the human KCNQ2/KCNQ3 heterotetramer (2:2 stoichiometry) in apo state (M2323 apo, with symmetry expansion)"
24VS,EMD-69850,3.51,2026-08-12T00:00:00.000+00:00,"Cryo-EM structure of the human KCNQ2/KCNQ3 heterotetramer (1:3 stoichiometry) in apo state (M2333 apo, with symmetry expansion)"
24VT,EMD-69851,3.56,2026-08-12T00:00:00.000+00:00,"Cryo-EM structure of the human KCNQ2/KCNQ3 heterotetramer (3:1 stoichiometry) with CLM142 (M2223 CLM142, with symmetry expansion)"
24VU,EMD-69852,3.68,2026-08-12T00:00:00.000+00:00,"Cryo-EM structure of the human KCNQ2/KCNQ3 heterotetramer (2:2 stoichiometry) with CLM142 (M2233 CLM142, with symmetry expansion)"
24VV,EMD-69853,3.6,2026-08-12T00:00:00.000+00:00,"Cryo-EM structure of the human KCNQ2/KCNQ3 heterotetramer (2:2 stoichiometry) with CLM142 (M2323 CLM142, with symmetry expansion)"
24VW,EMD-69854,3.93,2026-08-12T00:00:00.000+00:00,"Cryo-EM structure of the human KCNQ2/KCNQ3 heterotetramer (1:3 stoichiometry) with CLM142 (M2333 CLM142, with symmetry expansion)"
24VY,EMD-69856,3.9,2026-08-12T00:00:00.000+00:00,"Cryo-EM structure of the human KCNQ2/KCNQ3 heterotetramer (2:2 stoichiometry) with CLM142 and PIP2 in open state (M2233 open, with symmetry expansion)"
24VZ,EMD-69857,3.82,2026-08-12T00:00:00.000+00:00,"Cryo-EM structure of the human KCNQ2/KCNQ3 heterotetramer (2:2 stoichiometry) with CLM142 and PIP2 in open state (M2323 open, with symmetry expansion)"
24WA,EMD-69858,3.83,2026-08-12T00:00:00.000+00:00,"Cryo-EM structure of the human KCNQ2/KCNQ3 heterotetramer (1:3 stoichiometry) with CLM142 and PIP2 in open state (M2333 open, with symmetry expansion)"
24XB,EMD-69886,2.65,2026-07-08T00:00:00.000+00:00,Cryo-EM Structure of the Apo FFAR4-Gq Complex
24XY,EMD-69904,3.0,2026-06-10T00:00:00.000+00:00,P2Y13R-Gq complex bound to ADP
24XZ,EMD-69905,2.93,2026-06-10T00:00:00.000+00:00,P2Y14R-Gi complex bound to UDP
24YE,EMD-69907,2.9,2026-08-26T00:00:00.000+00:00,Client peptide-bound structure of a MucD trimer within a 12mer cage
24YW,EMD-69918,3.0,2026-08-26T00:00:00.000+00:00,Xanthomonas citri pv. glycines 50S subunit
25EX,EMD-80068,2.66,2026-09-02T00:00:00.000+00:00,Cryo-EM structure of the Arabidopsis thaliana potassium transporter 5 in apo state
25FQ,EMD-80076,3.6,2026-09-16T00:00:00.000+00:00,BAM-SurA complex (Core only)
25GE,EMD-80081,3.37,2026-08-26T00:00:00.000+00:00,Cryo-EM structure of the human KPTN-ITFG2-SZT2(2189-3432) complex
25GF,EMD-80082,3.81,2026-08-26T00:00:00.000+00:00,Cryo-EM structure of the human KPTN-ITFG2-C12orf66-SZT2(2189-3432) complex
25GN,EMD-80088,3.2,2026-08-26T00:00:00.000+00:00,receptor-arrestin
25HN,EMD-80105,2.26,2026-05-27T00:00:00.000+00:00,Cryo-EM structure of native Rubisco from Nitrosospira multiformis
25HO,EMD-80106,2.2,2026-07-08T00:00:00.000+00:00,Cryo-EM structure of the Helicobacter pylori ferritin-I69C
25HR,EMD-80113,3.6,2026-08-12T00:00:00.000+00:00,Cryo-EM structure of Pseudomonas aeruginosa FtsQBLWI in complex with imipenem
25HS,EMD-80118,3.12,2026-08-12T00:00:00.000+00:00,Cryo-EM structure of Pseudomonas aeruginosa FtsQBLWI in complex with aztreonam
25HW,EMD-80125,3.28,2026-08-12T00:00:00.000+00:00,Cryo-EM structure of Pseudomonas aeruginosa FtsQBLWI
25IF,EMD-80132,3.42,2026-07-01T00:00:00.000+00:00,Structure of mC5aR2 in complex with mC5a-desArg (Monomer)
25IH,EMD-80133,2.8,2026-05-20T00:00:00.000+00:00,Cryo-EM structure of human Nav1.6 in complex with Cn2
25II,EMD-80134,2.5,2026-05-20T00:00:00.000+00:00,Cryo-EM structure of human Nav1.6 in complex with Iota-Conotoxin RXIA
25IJ,EMD-80135,3.1,2026-05-20T00:00:00.000+00:00,Cryo-EM structure of human Nav1.6 in complex with delta-paraponeritoxin-Pc1a
25IK,EMD-80137,3.0,2026-05-20T00:00:00.000+00:00,Cryo-EM structure of MasR(FL)-Gq
25IL,EMD-80138,3.2,2026-05-20T00:00:00.000+00:00,Cryo-EM structure of MasR(del2-25)-Gq
25JN,EMD-80158,2.92,2026-09-02T00:00:00.000+00:00,Cryo-EM structure of the Arabidopsis thaliana potassium transporter 5 subjected to ATP dialysis
25JP,EMD-80160,3.36,2026-09-02T00:00:00.000+00:00,Cryo-EM structure of the Arabidopsis thaliana potassium transporter 5 purified in the presence of NaCl and ATP
25JX,EMD-80170,2.82,2026-09-02T00:00:00.000+00:00,Cryo-EM structure of the Arabidopsis thaliana potassium transporter 5 incubated with AMPPNP
25LE,EMD-80182,3.22,2026-09-02T00:00:00.000+00:00,Cryo-EM structure of the Arabidopsis thaliana potassium transporter 5 mutant - H527A
25LV,EMD-80193,3.26,2026-09-02T00:00:00.000+00:00,Cryo-EM structure of the Arabidopsis thaliana potassium transporter mutant - K759A
25MI,EMD-80202,3.28,2026-09-02T00:00:00.000+00:00,"Cryo-EM structure of the Arabidopsis thaliana potassium transporter mutant - H527R, K759H"
25MJ,EMD-80203,3.08,2026-09-02T00:00:00.000+00:00,"Cryo-EM structure of the Arabidopsis thaliana potassium transporter mutant - H527R, E565N, K759H"
25MK,EMD-80204,3.04,2026-09-02T00:00:00.000+00:00,"Cryo-EM structure of the Arabidopsis thaliana potassium transporter mutant - H527R, E565N, K759H, K778E, E734K"
25NV,EMD-80237,3.21,2026-06-03T00:00:00.000+00:00,A complex of PTH1R/Gs bound to a PTHrP analogue with five beta-amino acids
25NX,EMD-80238,2.86,2026-06-03T00:00:00.000+00:00,A complex of PTH1R/Gs bound to a PTHrP analogue with three beta-amino acids
25PV,EMD-80292,3.03,2026-05-27T00:00:00.000+00:00,Structure of the anthrax protective antigen in complex with a potent neutralizing antibody
25QK,EMD-80301,3.04,2026-08-26T00:00:00.000+00:00,Cryo-EM structure of TasH-tigRNA-MM1 dsDNA complex
25QL,EMD-80302,3.02,2026-08-26T00:00:00.000+00:00,Cryo-EM structure of TasH-tigRNA-MM5 dsDNA complex
25QP,EMD-80306,2.9,2026-07-29T00:00:00.000+00:00,Cryo-EM Structure of PLPP3
25RG,EMD-80320,2.5,2026-09-02T00:00:00.000+00:00,CyroEM structure of the complex between Shiga toxin Stx1a B subunit and neutralising Fab fragment of RDS045
25SB,EMD-80337,2.0,2026-08-26T00:00:00.000+00:00,CyroEM structure of the complex between Shiga toxin Stx1a B subunit and neutralising Fab fragment of RDS059
25ST,EMD-63712,3.0,2026-06-24T00:00:00.000+00:00,cryo-EM structure of human TAS2R4 with amino acids
25SU,EMD-63713,3.3,2026-07-15T00:00:00.000+00:00,cryo-EM structure of human TAS2R4
25TV,EMD-80373,3.8,2026-09-09T00:00:00.000+00:00,Cryo-EM structure of the 2:1 mGlu7-ELFN1 complex
25TW,EMD-80374,3.5,2026-09-09T00:00:00.000+00:00,Cryo-EM structure of the 2:2 mGlu7-ELFN1 complex in conformation D
25TX,EMD-80375,4.0,2026-09-09T00:00:00.000+00:00,Cryo-EM structure of the 2:2 mGlu7-ELFN1 complex in conformation C
25TY,EMD-80376,3.6,2026-09-09T00:00:00.000+00:00,Cryo-EM structure of the 2:2 mGlu7-ELFN1 complex in conformation B
25UJ,EMD-80380,3.1,2026-09-09T00:00:00.000+00:00,Cryo-EM structure of the 2:2 mGlu7-ELFN1 complex in conformation A
25VD,EMD-80401,2.55,2026-08-12T00:00:00.000+00:00,Cap of F2-pyocin
25VE,EMD-80402,2.78,2026-08-12T00:00:00.000+00:00,side fiber of F2-pyocin
25VF,EMD-80403,2.29,2026-08-12T00:00:00.000+00:00,F2-pyocin tail Tip
25VJ,EMD-80404,3.26,2026-08-12T00:00:00.000+00:00,tail fiber of F2-pyocin
25VK,EMD-80405,2.91,2026-09-09T00:00:00.000+00:00,Bacteroides thetaiotaomicron CcsBA mutant W703C
25XL,EMD-80447,2.88,2026-08-05T00:00:00.000+00:00,Cryo-EM structure of the Crimean-Congo hemorrhagic fever virus L protein (apo form)
25XM,EMD-80448,2.67,2026-08-05T00:00:00.000+00:00,Cryo-EM structure of the Crimean-Congo hemorrhagic fever virus L protein (5'-cRNA-bound form)
25XN,EMD-80449,3.01,2026-08-05T00:00:00.000+00:00,Cryo-EM structure of the Crimean-Congo hemorrhagic fever virus full-length L protein RdRP elongation complex (EC14 form)
25XO,EMD-80450,3.18,2026-08-05T00:00:00.000+00:00,Cryo-EM structure of the Crimean-Congo hemorrhagic fever virus full-length L protein RdRP elongation complex (EC14b form)
26CI,EMD-80538,2.63,2026-08-12T00:00:00.000+00:00,F2-pyocin FNIII and AHS
26CZ,EMD-80550,3.1,2026-07-22T00:00:00.000+00:00,Cryo-EM structure of the hexameric DRT3b complex
26DE,EMD-80553,2.73,2026-08-26T00:00:00.000+00:00,Cryo-EM structure of bacteriophage A1002 mature head
26DK,EMD-80558,3.5,2026-08-26T00:00:00.000+00:00,Cryo-EM structure of bacteriophage A1002 mature collar
26FB,EMD-80605,3.05,2026-08-26T00:00:00.000+00:00,Cryo-EM structure of the portal-nozzle of bacteriophage A1002
26FE,EMD-80609,3.04,2026-08-05T00:00:00.000+00:00,Cryo-EM structure of the A17(1-16) peptide-bound N-terminal 17 residue truncated D13 trimer from vaccinia virus
26FV,EMD-80619,3.34,2026-09-09T00:00:00.000+00:00,Tetrameric cystathionine beta-synthase of Mycobacterium tuberculosis bound to AOAA
26GA,EMD-80629,3.43,2026-09-09T00:00:00.000+00:00,Tetrameric cystathionine beta-synthase of Mycobacterium tuberculosis bound to O-Benzylhydroxylamine
26GP,EMD-80643,3.8,2026-08-26T00:00:00.000+00:00,Cryo-EM structure of the local tail of bacteriophage A1002
26GS,EMD-80645,3.0,2026-06-24T00:00:00.000+00:00,Colanic acid polysaccharide related protein structures
26JZ,EMD-80706,2.65,2026-08-19T00:00:00.000+00:00,Cryo-EM structure of Crimean-Congo hemorrhagic fever virus RNA polymerase in complex with 5'/3' vRNA dual-promotor
26KA,EMD-80707,3.03,2026-08-19T00:00:00.000+00:00,Cryo-EM structure of Crimean-Congo hemorrhagic fever virus RNA polymerase in complex with the 5' vRNA promotor from the 5'/3' vRNA dual-promoter dataset
26KB,EMD-80708,2.76,2026-08-19T00:00:00.000+00:00,Cryo-EM structure of Crimean-Congo hemorrhagic fever virus RNA polymerase in the apo3 state from the 5'/3' vRNA dual-promoter dataset
26KD,EMD-80710,2.64,2026-08-19T00:00:00.000+00:00,Cryo-EM structure of Crimean-Congo hemorrhagic fever virus RNA polymerase in the apo2 state from the 5'/3' vRNA dual-promoter dataset
26LA,EMD-80738,3.33,2026-08-26T00:00:00.000+00:00,Cryo-EM structure of the overall tail of bacteriophage A1002
26LK,EMD-80744,3.4,2026-06-03T00:00:00.000+00:00,Cryo-EM structure of human LAS1L-NOL9 complex
26NL,EMD-80777,2.8,2026-07-22T00:00:00.000+00:00,Cryo-EM Structure of the HIV Capsid in Complex with VHL-3
26PC,EMD-80803,2.95,2026-09-16T00:00:00.000+00:00,Oat protein amyloid fibrils
26PF,EMD-80806,3.1,2026-08-12T00:00:00.000+00:00,Structure of a human monoclonal neutralizing antibody S54 targeting Epstein-Barr virus major glycoprotein gp350
26QF,EMD-80823,3.22,2026-09-02T00:00:00.000+00:00,Cryo-EM structure of human Ceramide glucosyltransferase UGCG
26QG,EMD-80824,3.2,2026-09-02T00:00:00.000+00:00,Cryo-EM structure of human UGCG bound to UDP and C6-ceramide
26QH,EMD-80825,3.23,2026-09-02T00:00:00.000+00:00,Cryo-EM structure of human UGCG bound to Eliglustat
26QI,EMD-80826,3.43,2026-09-02T00:00:00.000+00:00,Cryo-EM structure of human UGCG bound to Ibiglustat
26QJ,EMD-80827,3.34,2026-09-02T00:00:00.000+00:00,Cryo-EM structure of human UGCG bound to Miglustat
26QM,EMD-80829,3.07,2026-09-02T00:00:00.000+00:00,Cryo-EM structure of human UGCG bound to UDP-glucose and a phospholipid
26QS,EMD-80832,2.88,2026-09-02T00:00:00.000+00:00,Cryo-EM structure of human UGCG bound to UDP-Glucose
26QT,EMD-80833,3.06,2026-09-02T00:00:00.000+00:00,Cryo-EM structure of human UGCG bound to UDP
26VA,EMD-80903,3.4,2026-07-08T00:00:00.000+00:00,Biotin-bound SMVT in the occluded state
26VB,EMD-80904,3.7,2026-07-08T00:00:00.000+00:00,D-pantothenic acid-bound SMVT in the occluded state
26VE,EMD-80907,3.7,2026-07-08T00:00:00.000+00:00,SMVT in the inward-open state
26WC,EMD-80928,3.63,2026-07-22T00:00:00.000+00:00,Local refinement of the mpox virus A35R protein in complexed with 17H1 Fab
26XH,EMD-80947,2.82,2026-06-17T00:00:00.000+00:00,Cryo-EM structure of Maleic Acid bound OXGR1-Gq complex
26ZN,EMD-80998,3.5,2026-08-26T00:00:00.000+00:00,Cryo-EM structure of human phosphorylate ATR-ATRIP complex with ATPgammaS
27EM,EMD-81097,3.0,2026-09-16T00:00:00.000+00:00,Cryo_EM structure of PACAP27_PAC1R_Beta_arrestin 1 complex
27KE,EMD-81217,3.3,2026-06-17T00:00:00.000+00:00,Cryo-EM structure of Black swan ACE2 complexed with SARS-CoV-2 RBD
27KF,EMD-81218,3.4,2026-06-17T00:00:00.000+00:00,Cryo-EM structure of Tundra swan ACE2 complexed with SARS-CoV-2 RBD
27OA,EMD-81298,3.55,2026-08-12T00:00:00.000+00:00,E.amu APN in complex with RU15-1 RBD (focused reconstruction)
27PT,EMD-81330,2.2,2026-08-26T00:00:00.000+00:00,Dictyostelium discoideum cytoplasmic dynein motor domain in complex with ADP.Vi (Phi-particle)
27PY,EMD-81335,2.61,2026-08-26T00:00:00.000+00:00,Dictyostelium discoideum cytoplasmic dynein motor domain in the presence of ADP (ADP state 1)
27PZ,EMD-81336,3.2,2026-08-26T00:00:00.000+00:00,Dictyostelium discoideum cytoplasmic dynein motor domain in the presence of ADP (ADP state 2)
27QA,EMD-81337,2.76,2026-08-26T00:00:00.000+00:00,Dictyostelium discoideum cytoplasmic dynein motor domain in the presence of ADP (Apo state 1)
27QB,EMD-81338,2.66,2026-08-26T00:00:00.000+00:00,Dictyostelium discoideum cytoplasmic dynein motor domain in the absence of nucleotide (Apo state 2)
27TM,EMD-81411,3.2,2026-06-24T00:00:00.000+00:00,GRM1-Acc State Conformation 2
27WM,EMD-81514,2.7,2026-07-22T00:00:00.000+00:00,horse myoglobin amyloid fibril - PM2
27WR,EMD-81518,2.7,2026-07-22T00:00:00.000+00:00,horse myoglobin amyloid fibril - PM1
27XK,EMD-81535,2.64,2026-07-01T00:00:00.000+00:00,A cryo-EM structure of GLP1-Y11-GLP1R-Gs complex
27ZD,EMD-81556,3.1,2026-08-26T00:00:00.000+00:00,Human norovirus GII.3 TCH04-577 VP1
27ZV,EMD-81572,3.0,2026-07-08T00:00:00.000+00:00,Structure of mouse urate oxidase in the apo state
28EP,EMD-81689,3.18,2026-09-02T00:00:00.000+00:00,Proteinase K filament
28IK,EMD-56536,3.7,2026-04-29T00:00:00.000+00:00,Leishmania mexicana secreted acid phosphatase at pH 5.6
28IZ,EMD-56538,2.83,2026-08-19T00:00:00.000+00:00,Structure of the human two pore domain potassium ion channel TASK-3 L122V mutant (K2P9.1)
28JC,EMD-56542,2.94,2026-08-19T00:00:00.000+00:00,RNA polymerase II bound to RPAP2 and Gdown1
28JL,EMD-56543,3.6,2026-07-22T00:00:00.000+00:00,Lid-engaged Complex: BAM bound BepA with lid engaged in membrane
28JM,EMD-56544,3.29,2026-05-06T00:00:00.000+00:00,Cryo-EM structure of the human holo-TFIIH and XPC initial encounter complex
28JQ,EMD-56549,3.9,2026-07-22T00:00:00.000+00:00,Poised Complex: BAM bound BepA
28JS,EMD-56551,3.32,2026-05-06T00:00:00.000+00:00,Cryo-EM structure of the human holo-TFIIH-XPC complex bound to bulky lesion-mimic DNA (composite map)
28JV,EMD-56566,3.91,2026-05-06T00:00:00.000+00:00,Cryo-EM structure of the human holo-TFIIH-XPC complex bound to bulky lesion-mimic DNA (consensus map)
28JW,EMD-56567,2.84,2026-04-01T00:00:00.000+00:00,Structure of the Chlamydomonas reinhardtii chlororibosome with P-site tRNA
28KE,EMD-56573,3.6,2026-05-06T00:00:00.000+00:00,Cryo-EM structure of the human holo-TFIIH-XPC-XPA complex bound to bulky lesion-mimic DNA
28LJ,EMD-56597,2.8,2026-07-29T00:00:00.000+00:00,Tau filament with D252V mutation
28LN,EMD-56598,2.7,2026-06-10T00:00:00.000+00:00,XBP1u-stalled RPL4 RNC in complex with NAC
28LO,EMD-56599,2.1,2026-07-29T00:00:00.000+00:00,Tau filament with G272V mutation
28LP,EMD-56600,2.3,2026-07-29T00:00:00.000+00:00,Tau filament with delG389_I392 mutation
28LQ,EMD-56601,2.8,2026-07-29T00:00:00.000+00:00,Tau filament with S320F mutation
28LU,EMD-56602,2.6,2026-04-01T00:00:00.000+00:00,Structure of the Chlamydomonas reinhardtii chlororibosome with factor pY
28LW,EMD-56604,2.55,2026-09-23T00:00:00.000+00:00,CryoEM structure of carbon monoxide dehydrogenase from Ruminococcus flavefaciens
28MJ,EMD-56614,2.77,2026-09-23T00:00:00.000+00:00,Cryo-EM structure of UBA6 in complex with FAT10 in the pre-adenylation state.
28MK,EMD-56615,3.53,2026-09-23T00:00:00.000+00:00,Cryo-EM structure of UBA6 in complex with FAT10 in the post-thiolation state.
28MO,EMD-56644,3.01,2026-09-23T00:00:00.000+00:00,Cryo-EM structure of UBA6-UbDha-UBE2Z trapped ternary complex (singly loaded)
28MP,EMD-56645,3.12,2026-09-23T00:00:00.000+00:00,Cryo-EM structure of UBA6-UbDha-UBE2Z trapped ternary complex (doubly loaded)
28MQ,EMD-56646,3.04,2026-09-23T00:00:00.000+00:00,Cryo-EM structure of UBA6-FAT10Dha-UBE2Z trapped ternary complex
28NT,EMD-56659,2.95,2026-05-06T00:00:00.000+00:00,Cryo-EM structure of the 70S ribosome from Francisella tularensis
28OE,EMD-56669,2.74,2026-09-16T00:00:00.000+00:00,Human PRC1.4 in complex with native UBCH5C bound to a H3Kc27me3 mononucleosome
28OP,EMD-56683,2.7,2026-05-20T00:00:00.000+00:00,Structure of the human inner kinetochore CCAN and CENP-C bound to DNA
28PN,EMD-56718,2.7,2026-05-06T00:00:00.000+00:00,CryoEM structure of native quinol dependent Nitric Oxide Reductase at pH 8.0 on gold grid.
28PP,EMD-56720,2.9,2026-05-06T00:00:00.000+00:00,CryoEM structure of native quinol dependent Nitric Oxide Reductase Arg720Ala variant at pH 6.5 on gold grid.
28PQ,EMD-56721,2.4,2026-05-06T00:00:00.000+00:00,CryoEM structure of native quinol dependent Nitric Oxide Reductase Trp718Ala variant at pH 6.5 on gold grid.
28PR,EMD-56722,2.4,2026-05-06T00:00:00.000+00:00,CryoEM structure of native quinol dependent Nitric Oxide Reductase Trp718Ala variant with quino at pH 6.5 on gold grid.
28QL,EMD-56749,2.72,2026-03-04T00:00:00.000+00:00,GFP bound to distal DARPin (AHIR dodecamer scaffold system)
28QM,EMD-56750,3.4,2026-02-25T00:00:00.000+00:00,MBP bound to distal DARPin (AHIR dodecamer scaffold system)
28QN,EMD-56751,3.3,2026-02-25T00:00:00.000+00:00,MBP-maltose bound to distal DARPin (AHIR dodecamer scaffold system)
28RO,EMD-56772,3.1,2026-04-29T00:00:00.000+00:00,split variant of Aquifex aeolicus lumazine synthase-derived nucleocapsid variant NC-4
28SD,EMD-56773,3.83,2026-07-15T00:00:00.000+00:00,portal - core interface of bacteriophage LUZ19 computed in C4 symmetry
28TO,EMD-56813,3.07,2026-07-08T00:00:00.000+00:00,15-subunit assembly of cyanide dihydratase from Stutzerimonas stutzeri (Pseudomonas stutzeri AK1)
28UH,EMD-56827,2.06,2026-05-20T00:00:00.000+00:00,"E. coli 70S ribosome, trapped conformational ground state of SSU-h44 apical loop, with A/P- and P/E-site tRNA"
28UI,EMD-56828,2.1,2026-05-20T00:00:00.000+00:00,"E. coli 70S ribosome, trapped conformational excited state of SSU-h44 apical loop, with A- and P-site tRNA"
28UJ,EMD-56829,2.16,2026-05-20T00:00:00.000+00:00,"E. coli 70S ribosome, trapped conformational excited state of SSU-h44 apical loop, with A/P- and P/E-site tRNA"
28UK,EMD-56830,2.24,2026-05-20T00:00:00.000+00:00,"E. coli 70S ribosome, conformational ground state mutation in SSU-h41, with A- and P-site tRNA"
28UL,EMD-56831,2.5,2026-05-20T00:00:00.000+00:00,"E. coli 70S ribosome, conformational ground state mutation in SSU-h41, with A/P- and P/E-site tRNA"
28UM,EMD-56832,2.15,2026-05-20T00:00:00.000+00:00,"E. coli 70S ribosome, conformational excited state mutation in SSU-h41, with A- and P-site tRNA"
28UN,EMD-56833,2.48,2026-05-20T00:00:00.000+00:00,"E. coli 70S ribosome, conformational excited state mutation in SSU-h41, with A/P- and P/E-site tRNA"
28VJ,EMD-56885,2.79,2026-04-08T00:00:00.000+00:00,NorA bound to miniprotein I-23
28VY,EMD-56898,2.7,2026-05-13T00:00:00.000+00:00,sCMGE assembled on ARS1 DNA with Sld2 and RPA
28WY,EMD-56930,3.6,2026-06-24T00:00:00.000+00:00,Cryo-EM structure of the human SAC3D1-PCID2-SEM1 complex
28WZ,EMD-56931,3.5,2026-06-24T00:00:00.000+00:00,Cryo-EM structure of the human LENG8-PCID2-SEM1 complex
28YC,EMD-56958,3.12,2026-08-26T00:00:00.000+00:00,pentameric MscL from Escherichia coli in nanodiscs
28YE,EMD-56961,2.98,2026-06-03T00:00:00.000+00:00,50S ribosomal subunit with E-tRNA and RsfS from the alphaproteobacteria Asaia platycodi
28YM,EMD-56973,1.71,2026-06-10T00:00:00.000+00:00,Tobacco Mosaic Virus (TMV)
28YN,EMD-56974,2.63,2026-06-10T00:00:00.000+00:00,VgrG1 from Pseudomonas aeruginosa (PA0091)
28YO,EMD-56975,2.48,2026-06-10T00:00:00.000+00:00,Beta-galactosidase from E.Coli
28YP,EMD-56976,1.9,2026-06-10T00:00:00.000+00:00,SpyTag-FtnA from E.Coli
28YQ,EMD-56977,1.98,2026-06-10T00:00:00.000+00:00,ALFA-tag-FtnA from E.Coli
28YR,EMD-56978,2.04,2026-06-10T00:00:00.000+00:00,ALFA-tag-FtnA from E.Coli isolated from in vitro translation reaction
28ZU,EMD-57004,3.2,2026-06-10T00:00:00.000+00:00,human 48S PIC with Kozak mRNA and eIF1A W70A mutant
28ZV,EMD-57005,2.9,2026-06-10T00:00:00.000+00:00,human 48S PIC with mRNA (non-Kozak)
28ZX,EMD-57009,2.8,2026-06-10T00:00:00.000+00:00,human 48S PIC with mRNA (Kozak_1)
28ZY,EMD-57010,3.0,2026-06-10T00:00:00.000+00:00,human 48S PIC with mRNA (Kozak_2)
29CP,EMD-57080,3.7,2026-09-02T00:00:00.000+00:00,Structural basis of autoantibody binding in IgLON5 disease
29EX,EMD-57132,2.9,2026-09-23T00:00:00.000+00:00,Cryo-EM structure of 3-methylcrotonyl- CoA carboxylase (MCC) complex (BC-engage BCCP state) from Mycobacterium smegmatis
29GV,EMD-57153,2.6,2026-09-23T00:00:00.000+00:00,Cryo-EM structure of 3-methylcrotonyl-CoA carboxylase (MCC) complex (CT-engaged BCCP state) from Mycobacterium smegmatis
29HB,EMD-57170,2.8,2026-04-22T00:00:00.000+00:00,Cryo-EM structure of the ClpE/ClpP degradation complex from E.faecalis
29HG,EMD-57178,4.0,2026-05-06T00:00:00.000+00:00,Cryo-EM structure of the CUL1-RBX1-SKP1-FBXO22 SCF ubiquition ligase in complex with NSD2 via UNC10088
29HP,EMD-57188,3.6,2026-08-26T00:00:00.000+00:00,IAPP S20G growth-phase fibril polymorph 3PF-LU
29HQ,EMD-57189,3.5,2026-08-26T00:00:00.000+00:00,IAPP S20G growth-phase fibril polymorph 3PF-LJ
29IN,EMD-57198,3.5,2026-09-02T00:00:00.000+00:00,Structural basis of autoantibody binding in IgLON5 disease
29JF,EMD-57206,2.7,2026-07-08T00:00:00.000+00:00,E. coli beta-galactosidase with galacto-cyclophellitol
29JR,EMD-57214,3.47,2026-09-23T00:00:00.000+00:00,Cryo-EM structure of human CCDC103/DNAAF19 in complex with RUVBL1/2
29KM,EMD-57240,3.1,2026-07-15T00:00:00.000+00:00,Cryo-EM structure of Bacillus subtilis DnaB
29OS,EMD-57273,3.6,2026-05-27T00:00:00.000+00:00,AD fold in mouse injected with seeds of AD
29OU,EMD-57275,3.4,2026-05-27T00:00:00.000+00:00,CBD fold in mouse injected with seeds of CBD
29RF,EMD-57322,3.02,2026-07-01T00:00:00.000+00:00,Structure of Yeast RNA polymerase II elongation complex with NTP-state-III
29TC,EMD-57359,2.54,2026-09-09T00:00:00.000+00:00,Cryo-EM structure of homo-hexameric hLRRC8A double mutation I2C/L402W
29TE,EMD-57361,3.46,2026-06-24T00:00:00.000+00:00,The complex of A1AT-NHK with the ERAD misfolded glycoprotein checkpoint complex from Chaetomium thermophilum (EDEM:PDI heterodimer).
29TI,EMD-57363,3.26,2026-07-15T00:00:00.000+00:00,HRV K4058A mutant
29TK,EMD-57364,3.9,2026-07-22T00:00:00.000+00:00,RNA polymerase II elongation complex with the +1 nucleosome
29TX,EMD-57371,3.25,2026-07-15T00:00:00.000+00:00,HRV K2052A mutant
29UB,EMD-57375,2.73,2026-07-15T00:00:00.000+00:00,HRV B14 virion
29XZ,EMD-57440,2.16,2026-09-09T00:00:00.000+00:00,Cryo-EM structure of Rhodobacter capsulatus cytochrome bc1 dimer at 2.16 A resolution with water molecules and quinone in the quinone reduction site
29YA,EMD-57441,2.69,2026-09-09T00:00:00.000+00:00,Cryo-EM structure of Rhodobacter capsulatus cytochrome bc1 dimer with one Rieske protein in the c position and one in the b position and quinone in the quinone oxidation site
29YB,EMD-57442,2.74,2026-09-09T00:00:00.000+00:00,Cryo-EM structure of Rhodobacter capsulatus cytochrome bc1 dimer with both Rieske proteins in the b position
29YC,EMD-57443,2.43,2026-09-09T00:00:00.000+00:00,Cryo-EM structure of Rhodobacter capsulatus cytochrome bc1 dimer with both Rieske proteins in the c position
29YD,EMD-57444,2.73,2026-09-09T00:00:00.000+00:00,Cryo-EM structure of Rhodobacter capsulatus cytochrome bc1 dimer with one Rieske protein in the c position and one in an intermediate position
29YE,EMD-57445,2.41,2026-09-09T00:00:00.000+00:00,Cryo-EM structure of +2Ala insertion mutant of Rhodobacter capsulatus cytochrome bc1 dimer at 2.41 A with quinone in quinone oxidation and reduction sites
30EP,EMD-57673,2.55,2026-07-01T00:00:00.000+00:00,"Cryo-EM structure of the yeast RNA polymerase II elongation complex with 19-mer RNA in State III (TL-open), in the presence of substrate ATP"
30ES,EMD-57676,2.54,2026-07-01T00:00:00.000+00:00,"Cryo-EM structure of the yeast RNA polymerase II elongation complex with 19-mer RNA in State V (TL-closed), in the presence of substrate ATP"
30FM,EMD-57539,3.6,2026-09-23T00:00:00.000+00:00,Structure of histone H1 in an import-chaperone complex with importin beta and importin 7 (full-length model)
30GA,EMD-57736,3.2,2026-06-17T00:00:00.000+00:00,Cryo-EM structure of the PseCascade-TniQ-TnsC-TnsAB holocomplex
30GB,EMD-57739,2.9,2026-06-17T00:00:00.000+00:00,Cryo-EM structure of the PseCascade-TniQ-TnsC complex bound to PseTnsB-hook motifs
30GD,EMD-57742,2.9,2026-05-13T00:00:00.000+00:00,CryoEM structure of human MATa2 in complex with MAT2B isoform v1 at 2.6 A resolution
30GH,EMD-57756,3.1,2026-05-13T00:00:00.000+00:00,CryoEM structure of human MATa2 in complex with MAT2B isoform v1 at 2.6 A resolution
30GT,EMD-57765,3.3,2026-06-17T00:00:00.000+00:00,Cryo-EM structure of the PseCascade-TniQ-TnsC complex
30HD,EMD-57539,3.6,2026-09-23T00:00:00.000+00:00,Structure of histone H1 in an import-chaperone complex with importin beta and importin 7 (ordered regions)
30HU,EMD-57775,3.5,2026-06-10T00:00:00.000+00:00,cryo-EM structure of AccA3-AccE5 complex in the presence of Arachidyl-CoA
30IE,EMD-57794,2.4,2026-08-19T00:00:00.000+00:00,PLD-fold vaccinia virus endonuclease K4
30JE,EMD-57830,3.5,2026-05-06T00:00:00.000+00:00,Herpes simplex virus 2 delta28-73 glycoprotein C ectodomain in complex with C3b
30JV,EMD-57833,2.86,2026-06-03T00:00:00.000+00:00,Cryo-EM structure of the PseTnsAB paired-end complex (right end) in the presence of Mn
30JW,EMD-57834,2.51,2026-06-03T00:00:00.000+00:00,Cryo-EM structure of the PseTnsAB paired-end complex (left end) in the presence of Mg
30JZ,EMD-57835,3.6,2026-09-23T00:00:00.000+00:00,Structure of Importin 7 in complex with RanGTP
30KH,EMD-57856,3.7,2026-06-24T00:00:00.000+00:00,Structure of human Trpm4 in native lipid vesicles at 8 degrees celsius
30KW,EMD-57864,3.1,2026-06-03T00:00:00.000+00:00,Human Trpm4 at 8 degrees Celsius
30KZ,EMD-57865,3.4,2026-06-03T00:00:00.000+00:00,Human Trpm4 at 8 degrees Celsius
30LA,EMD-57866,3.0,2026-06-03T00:00:00.000+00:00,Human Trpm4 with calcium at 37 degrees celsius
30LD,EMD-57879,3.0,2026-06-03T00:00:00.000+00:00,Human Trpm4 with calcium and PBA at 37 degrees celsius
30OD,EMD-57888,3.75,2026-06-24T00:00:00.000+00:00,HIV-1 CA hexamer (MX2 bound)
30OE,EMD-57889,3.47,2026-06-24T00:00:00.000+00:00,Unbound HIV-1 CA hexamer
30QN,EMD-57960,3.2,2026-08-26T00:00:00.000+00:00,Cryo-EM Structure of Native Monomeric Quinol-Dependent Nitric Oxide Reductase from Achromobacter xylosoxidans.
30QZ,EMD-57973,2.23,2026-05-27T00:00:00.000+00:00,E. coli 50S ribosome with peptidyl-tRNA and Hsp15
30RA,EMD-57974,2.78,2026-05-27T00:00:00.000+00:00,"E. coli 70S ribosome with peptidyl-tRNA, mRNA and Hsp15"
30RB,EMD-57975,2.92,2026-05-27T00:00:00.000+00:00,E. coli 70S ribosome with peptidyl-tRNA and Hsp15
30SJ,EMD-57999,3.2,2026-06-03T00:00:00.000+00:00,Cryo-EM Structure of the N600A Quinol-Dependent Nitric Oxide Reductase
30UC,EMD-58048,2.8,2026-07-22T00:00:00.000+00:00,Complex of transglutaminase 2 and the 45 kDa domain of fibronectin
30US,EMD-58070,3.0,2026-07-01T00:00:00.000+00:00,Structure of E. coli WbaP in complex with a megabody
30UT,EMD-58071,2.53,2026-07-29T00:00:00.000+00:00,Structure of the NaCT-Na-PF2 complex
30UU,EMD-58072,2.51,2026-07-29T00:00:00.000+00:00,Structure of NaCT in NaCl
30UV,EMD-58073,2.49,2026-07-29T00:00:00.000+00:00,Structure of NaCT in Choline Chloride
30WC,EMD-58108,3.0,2026-07-01T00:00:00.000+00:00,Structure of E. coli WbaP in complex with a megabody in the presence of UDP-Gal processed in C2 symmetry
30XT,EMD-58134,2.55,2026-09-16T00:00:00.000+00:00,Structre of ANDV spike in complex with EC1 domain of human PCDH1
30YS,EMD-58149,2.8,2026-06-17T00:00:00.000+00:00,Capsid of the Oenococcus oeni phage OE33PA
30YT,EMD-58150,3.6,2026-06-17T00:00:00.000+00:00,Capsid-connector assembly of the phage OE33PA
30YU,EMD-58151,3.0,2026-06-17T00:00:00.000+00:00,Connector and Major Tail Protein of the phage OE33PA
30YV,EMD-58152,2.6,2026-06-17T00:00:00.000+00:00,Portal-adaptor asssembly of the phage OE33PA
30YW,EMD-58153,2.8,2026-06-17T00:00:00.000+00:00,Stopper and tail terminator assembly of the phage OE33PA
30YX,EMD-58157,2.7,2026-06-17T00:00:00.000+00:00,adhesion device (C3 symmetrized reconstruction) of the phage OE33PA
30YY,EMD-58158,2.7,2026-06-17T00:00:00.000+00:00,C6 symmetrized reconstruction of the adhesion device of the phage OE33PA
30YZ,EMD-58159,3.5,2026-06-17T00:00:00.000+00:00,RBP trimer bound to a monomer of the distal tail protein of the phage OE33PA
30ZA,EMD-58160,2.9,2026-06-17T00:00:00.000+00:00,Part of the tail tube of the phage OE33PA
31BG,EMD-58252,3.47,2026-08-19T00:00:00.000+00:00,Cryo-EM structure of Dopamine 3 receptor:Go complex bound to bitopic AB13-46A
31CJ,EMD-58290,3.3,2026-06-24T00:00:00.000+00:00,Reduced E.coli aerotaxis receptor
31CK,EMD-58291,3.5,2026-06-24T00:00:00.000+00:00,Oxidized E.coli aerotaxis receptor in MH-cap free state
31EP,EMD-58342,2.54,2026-06-17T00:00:00.000+00:00,"P1a-state of wild type human mitochondrial LONP1 protease with bound substrate protein, ADP and aluminum fluoride"
31ES,EMD-58347,2.4,2026-07-08T00:00:00.000+00:00,C. difficile phage phiCD508 tail tube in spontaneously contracted state
31EV,EMD-58350,2.7,2026-07-08T00:00:00.000+00:00,Extended tail of C. difficile phage phiCD508 subjected to 3D variability analysis
31EW,EMD-58351,2.06,2026-07-01T00:00:00.000+00:00,"UapA (WT) in DDM, Apo state"
31EY,EMD-58353,2.59,2026-07-01T00:00:00.000+00:00,"UapA (Q408E) in DDM, Apo state"
31EZ,EMD-58354,3.48,2026-07-01T00:00:00.000+00:00,"UapA (Q408E) in MSP1E3D1 nanodiscs, Xanthine-bound state"
31FX,EMD-58361,2.54,2026-09-23T00:00:00.000+00:00,"Mouse 80S ribosome, sgRNA control"
31FY,EMD-58362,2.57,2026-09-23T00:00:00.000+00:00,"Mouse 80S ribosome, Gm10076 KO"
31FZ,EMD-58363,2.89,2026-09-23T00:00:00.000+00:00,"Mouse 80S ribosome, eL41 KO"
31IB,EMD-58426,2.83,2026-07-01T00:00:00.000+00:00,"P2a-state of wild type human mitochondrial LONP1 protease with bound substrate protein, ADP and aluminum fluoride"
31IC,EMD-58427,3.5,2026-07-01T00:00:00.000+00:00,Structure of human excitatory amino acid transporter 3 (EAAT3) in complex with B11 nanobody
31LE,EMD-58501,2.64,2026-09-09T00:00:00.000+00:00,HRV E1007A mutant
31LF,EMD-58502,2.71,2026-09-09T00:00:00.000+00:00,HRV virion E2250A mutant
31MR,EMD-58555,3.07,2026-07-01T00:00:00.000+00:00,CryoEM structure of a catalytically inactive CXC Chemokine-degrading protease SpyCEP from Streptococcus pyogenes complexed with an anti-PA-domain monoclonal antibody
31OX,EMD-58601,3.55,2026-07-29T00:00:00.000+00:00,Cryo-EM structure of the CO dehydrogenase (CODH) subcomplex from Methanosarcina acetivorans
31VX,EMD-58684,3.15,2026-09-23T00:00:00.000+00:00,Cryo-EM structure of 3-methylcrotonyl-CoA carboxylase (MCC) complex (BC-engaged BCCP state)from Mycobacterium smegmatis
31ZN,EMD-58734,2.9,2026-08-19T00:00:00.000+00:00,Structure of CDK11-cyclin L-SAP30BP in complex with IACS-054647
32FE,EMD-58849,3.81,2026-07-15T00:00:00.000+00:00,R0-state of wild type human mitochondrial LONP1 protease bound to endogenous ADP
32FI,EMD-58853,2.5,2026-07-29T00:00:00.000+00:00,CryoEM structure of the E494A Quinol-Dependent Nitric Oxide Reductase
32GD,EMD-58869,2.95,2026-09-16T00:00:00.000+00:00,Bacterial antiviral defense protein PD-T7-3 obtained from a sample containing single-stranded DNA and tRNA
32GE,EMD-58870,3.1,2026-09-16T00:00:00.000+00:00,Bacterial antiviral defense protein PD-T7-3 (82-84 residues deleted) obtained from a sample containing single-stranded DNA and tRNA
32NJ,EMD-59026,3.0,2026-08-05T00:00:00.000+00:00,Cryo-EM structure of SKM-M.smegmatis 70S ribosomal complex
32PZ,EMD-59064,2.83,2026-08-19T00:00:00.000+00:00,Cryo-EM structure of Saccharomyces cerevisiae Erv14-Qdr2 complex in detergent
32QA,EMD-59065,2.76,2026-08-19T00:00:00.000+00:00,Cryo-EM structure of Saccharomyces cerevisiae Erv14-Qdr2 complex in lipid nanodiscs (double Erv14 assembly)
32QB,EMD-59066,2.85,2026-08-19T00:00:00.000+00:00,Cryo-EM structure of Saccharomyces cerevisiae Erv14-Qdr2 complex in lipid nanodiscs (single Erv14 assembly)
32TO,EMD-59152,2.77,2026-09-16T00:00:00.000+00:00,T. cruzi topoisomerase II alpha bound to dsDNA and the covalent inhibitor IID432
32YY,EMD-59279,3.86,2026-08-19T00:00:00.000+00:00,"Cryo-EM structure of native, mature HERV-K pentameric capsomer"
32ZB,EMD-59280,3.24,2026-08-19T00:00:00.000+00:00,"Cryo-EM structure of native, mature HERV-K hexameric capsomer"
33BF,EMD-59321,2.79,2026-09-02T00:00:00.000+00:00,Single particle reconstruction of Rhodospirillum rubrum encapsulated ferritin in encapsulin nano compartment
33CG,EMD-59342,2.2,2026-08-26T00:00:00.000+00:00,Cryo-EM structure of MAGE-A4 (230-239)-bound HLA-A*02:01 in complex with Fab VR-6
33CH,EMD-59343,2.4,2026-08-26T00:00:00.000+00:00,Cryo-EM structure of MAGE-A4 (230-239)-bound HLA-A*02:01 in complex with Fab VR-4
33CI,EMD-59344,2.2,2026-08-26T00:00:00.000+00:00,Cryo-EM structure of MAGE-A4 (230-239)-bound HLA-A*02:01 in complex with Fab VR-58
33HM,EMD-59444,3.1,2026-09-23T00:00:00.000+00:00,Murine RNF213 (Y434A)
34AD,EMD-59706,2.6,2026-09-16T00:00:00.000+00:00,ATTRV20I amyloid filament from hereditary amyloidosis
35SE,EMD-77155,2.68,2026-09-16T00:00:00.000+00:00,VIPR Binary Complex - Consensus Conformation
35SF,EMD-77156,2.85,2026-09-16T00:00:00.000+00:00,VIPR Binary Complex with one filament
35SG,EMD-77157,2.7,2026-09-16T00:00:00.000+00:00,VIPR Binary Complex with two filaments
35SY,EMD-77176,3.17,2026-09-16T00:00:00.000+00:00,"VIPR Ternary Complex with a pre-unwound dsDNA substrate, 11 subunits"
35TL,EMD-77181,3.93,2026-07-22T00:00:00.000+00:00,PD-L1 complexed with Germinal-designed anti-PD-L1 scFv H5
35TR,EMD-77183,3.13,2026-09-16T00:00:00.000+00:00,"VIPR Ternary Complex with a pre-unwound dsDNA substrate, 12 subunits"
35TW,EMD-77184,2.94,2026-09-16T00:00:00.000+00:00,"VIPR Ternary Complex with an ssRNA substrate, Closed Conformation"
35TX,EMD-77185,2.76,2026-09-16T00:00:00.000+00:00,"VIPR Ternary Complex with an ssRNA substrate, Closed Conformation, 11 subunits"
35ZR,EMD-77302,2.99,2026-08-19T00:00:00.000+00:00,"yeast 26S proteasome base assembly intermediate, Hsm3-Rpt1-Rpt2 (base-Hsm3-Nas6 with Rpt4-EQ)"
35ZV,EMD-77307,3.11,2026-08-19T00:00:00.000+00:00,"yeast 26S proteasome base assembly intermediate, Rpn14-Rpt6 (base-Rpn14-Hsm3-Nas6(2) with Rpt4-EQ)"
35ZW,EMD-77308,3.31,2026-08-19T00:00:00.000+00:00,"yeast 26S proteasome base assembly intermediate, Hsm3-Rpt1-Rpt2-Rpt3-Rpt4-Rpt5 (base-Hsm3-Nas6 with Rpt4-EQ)"
36AZ,EMD-77344,3.9,2026-07-15T00:00:00.000+00:00,Structure of BA.1-S-RBD/2130WT/2196-S93Y
36BB,EMD-77348,3.6,2026-07-15T00:00:00.000+00:00,Structure of BA.4-S-RBD/Ab#10-M30W-S94M
36BD,EMD-77350,3.93,2026-08-19T00:00:00.000+00:00,"yeast 26S proteasome base assembly intermediate, base-Rpn14-Hsm3-Nas6 with Rpt4-EQ"
36BL,EMD-77358,3.91,2026-08-19T00:00:00.000+00:00,"yeast 26S proteasome base assembly intermediate, base-Rpn14-Hsm3-Nas6(2) with Rpt4-EQ"
36BM,EMD-77359,3.82,2026-08-19T00:00:00.000+00:00,"yeast 26S proteasome base assembly intermediate, base-Hsm3-Nas6 with Rpt4-EQ"
36BT,EMD-77368,1.85,2026-09-02T00:00:00.000+00:00,HIV-1 reverse transcriptase in complex with DNAddG Aptamer and unincorporated ISL-triphosphate
36CG,EMD-31583,3.5,2026-07-08T00:00:00.000+00:00,Apo form of human bile salts export pump ABCB11
36CP,EMD-77389,1.9,2026-09-02T00:00:00.000+00:00,HIV-1 reverse transcriptase in complex with DNA Aptamer and Incorporated dATP
36CQ,EMD-77390,2.76,2026-06-17T00:00:00.000+00:00,Structure of the PhiX174 bacteriophage
36CR,EMD-77391,2.9,2026-07-08T00:00:00.000+00:00,Structure of the Evo-Phi36 bacteriophage
36CW,EMD-77393,1.9,2026-09-02T00:00:00.000+00:00,HIV-1 reverse transcriptase (F227C) in complex with DNAddG Aptamer and unincorporated ISL-triphosphate
36DK,EMD-77401,2.1,2026-09-02T00:00:00.000+00:00,HIV-1 reverse transcriptase (F227C) in complex with DNA Aptamer and Incorporated dATP
36DN,EMD-77403,2.2,2026-09-02T00:00:00.000+00:00,HIV-1 reverse transcriptase (F227C) in complex with DNAddG Aptamer
36HT,EMD-77585,3.7,2026-08-12T00:00:00.000+00:00,Retron-Kva2 Complex Composite
36HU,EMD-77586,2.5,2026-07-15T00:00:00.000+00:00,Salmonella Flagellar Export Gate with FlhB in the context of the intact basal body
36HW,EMD-77588,3.55,2026-07-15T00:00:00.000+00:00,Salmonella Flagellar Export Apparatus FlhA transmembrane domain nonamer in the context of the intact basal body
36IU,EMD-77605,3.69,2026-08-12T00:00:00.000+00:00,Cryo-EM structure of BRD4 BD1 with basic patch 1 bound to acetylated nucleosomes
36IV,EMD-77606,2.89,2026-08-12T00:00:00.000+00:00,Cryo-EM structure of BRD4 BD1 bound to acetylated nucleosomes
36JA,EMD-77608,3.4,2026-09-16T00:00:00.000+00:00,"Coagulation factor V DTQQ (B-domain region 811-1491 truncated, R709Q, R1545Q) in solution-phase"
36JB,EMD-77609,2.9,2026-09-16T00:00:00.000+00:00,"Coagulation factor V DTQQ, membrane-bound, on Ptd-choline : Ptd-serine 75:25 vesicles"
36JK,EMD-77610,3.26,2026-09-16T00:00:00.000+00:00,"Coagulation factor VIII, full-length, in solution-phase"
36JL,EMD-77611,3.15,2026-09-16T00:00:00.000+00:00,"Coagulation factor VIII, full-length, membrane-bound, on Ptd-choline : Ptd-serine 75:25 vesicles"
36PB,EMD-77731,3.1,2026-09-16T00:00:00.000+00:00,"VIPR Ternary Complex with an ssDNA substrate, 10 subunits"
36PC,EMD-77732,3.0,2026-09-16T00:00:00.000+00:00,"VIPR Ternary Complex with an ssDNA substrate, 11 subunits"
36PD,EMD-77733,2.8,2026-09-16T00:00:00.000+00:00,P. fulva VIPR Ternary Complex with four subunits
36PE,EMD-77734,3.0,2026-09-16T00:00:00.000+00:00,"VIPR Ternary Complex with an ssDNA substrate, 12 subunits"
36PF,EMD-77735,3.4,2026-09-16T00:00:00.000+00:00,"VIPR Ternary Complex with a duplex dsDNA substrate, 5 subunits"
36PG,EMD-77736,3.5,2026-09-16T00:00:00.000+00:00,"VIPR Ternary Complex with a duplex dsDNA substrate, 11 subunits"
36PJ,EMD-77738,3.2,2026-09-16T00:00:00.000+00:00,"VIPR Ternary Complex with a duplex dsDNA substrate, 7 subunits"
36PK,EMD-77739,3.3,2026-09-16T00:00:00.000+00:00,"VIPR Ternary Complex with a duplex dsDNA substrate, 10 subunits"
36PM,EMD-77740,3.2,2026-09-16T00:00:00.000+00:00,"VIPR Ternary Complex with a duplex dsDNA substrate, 9 subunits"
36PO,EMD-77742,3.2,2026-09-16T00:00:00.000+00:00,"VIPR Ternary Complex with a duplex dsDNA substrate, 8 subunits"
36PP,EMD-77743,3.3,2026-08-05T00:00:00.000+00:00,"VIPR Ternary Complex with a duplex dsDNA substrate, 6 subunits"
36PR,EMD-77745,2.5,2026-09-16T00:00:00.000+00:00,P. fulva VIPR Ternary Complex Consensus Conformation
36PY,EMD-77749,3.7,2026-09-09T00:00:00.000+00:00,Cryo-EM of filamentous alkaline phosphatase
36QD,EMD-77765,3.05,2026-07-22T00:00:00.000+00:00,Cryo-EM of rPFFs (recombinant preformed fibrils)
36QU,EMD-77786,3.0,2026-09-09T00:00:00.000+00:00,"Arabidopsis thaliana V-type ATPase, State 1"
36QV,EMD-77787,3.0,2026-09-09T00:00:00.000+00:00,"Arabidopsis thaliana V-type ATPase, State 2, Backbone model"
36QW,EMD-77788,3.0,2026-09-09T00:00:00.000+00:00,"Arabidopsis thaliana V-type ATPase, State 3, Backbone model"
36UK,EMD-77868,2.8,2026-08-19T00:00:00.000+00:00,Geobacillus stearothermophilus RNase P holoenzyme in complex with precursor tRNA at 2 mM MgCl2
37CY,EMD-78079,3.8,2026-09-23T00:00:00.000+00:00,Cryo-EM structure of Nitrogenase MoFe protein from Methanosarcina acetivorans bound to the NifI inhibitor complex in strictly anaerobic condition
37HT,EMD-78192,3.13,2026-08-12T00:00:00.000+00:00,"Human sterile alpha motif domain-containing protein 9 (SAMD9), loss-of-function mutant R1562E/I1567R/E1568I"
37IB,EMD-78199,3.2,2026-08-12T00:00:00.000+00:00,"Sterile alpha motif domain-containing protein 9, residues 623-1589"
37ID,EMD-78201,3.6,2026-08-12T00:00:00.000+00:00,"Human sterile alpha motif domain-containing protein 9 (SAMD9), loss-of-function mutant Q514S/R515S/R522S/R553S/Q565S/R593S"
37IX,EMD-78219,2.4,2026-09-09T00:00:00.000+00:00,Gammacoronavirus IBV apo-nsp15
37KX,EMD-78244,3.0,2026-09-09T00:00:00.000+00:00,Gammacoronavirus IBV dsRNA-bound nsp15
37UN,EMD-78493,3.2,2026-09-09T00:00:00.000+00:00,Gammacoronavirus dual dsRNA-bound IBV nsp15 (opposite trimers)
37UO,EMD-78494,3.2,2026-09-09T00:00:00.000+00:00,Gammacoronavirus dual dsRNA-bound IBV nsp15 (same trimer)
37XD,EMD-78594,2.62,2026-08-19T00:00:00.000+00:00,Cryo-EM Structure of GTP Cyclohydrolase I from Candida albicans at 2.6 A
37YA,EMD-78634,1.74,2026-08-26T00:00:00.000+00:00,Cryo-EM Structure of GTP Cyclohydrolase I from Candida albicans bound to 8-oxo GTP at 1.74 A
38HM,EMD-78820,1.95,2026-09-09T00:00:00.000+00:00,Cryo-EM Structure of GTP Cyclohydrolase I from Candida albicans bound to 7-Deaza GTP and BH2 at 1.96 A
38JL,EMD-78858,2.29,2026-09-09T00:00:00.000+00:00,Cofilactin filament with one AIP1 bound to middle of the filament
38KL,EMD-78879,2.69,2026-09-09T00:00:00.000+00:00,Two AIP1 bound to the Barbed End of cofilin actin
38KM,EMD-78880,2.3,2026-09-09T00:00:00.000+00:00,Cofilactin filament with two AIP1 bound to middle of the filament
38KN,EMD-78881,1.99,2026-09-09T00:00:00.000+00:00,Cofilactin filament
38KO,EMD-78882,3.97,2026-09-09T00:00:00.000+00:00,One AIP1 bound to the Barbed End of cofilin actin
38KP,EMD-78883,2.83,2026-09-09T00:00:00.000+00:00,Pointed end of cofilin bound F-actin
38KQ,EMD-78884,2.86,2026-09-09T00:00:00.000+00:00,Two AIP1 bound to same side of cofilin filament (stacked AIP1)
38KY,EMD-78897,3.18,2026-09-09T00:00:00.000+00:00,Cryo EM structure of a peroxidoxin from Trypanosoma brucei (reduced form)
38KZ,EMD-78898,3.03,2026-09-09T00:00:00.000+00:00,Cryo EM structure of GTP cyclohydrolase 1 (FolE) from Mycobacterium tuberculosis in complex with 8-oxo GTP
38LA,EMD-78899,2.74,2026-09-09T00:00:00.000+00:00,Cryo EM structure of a formate acetyltransferase (PFL) from Amygdalobacter nucleatus
38LB,EMD-78900,3.18,2026-09-09T00:00:00.000+00:00,Cryo EM structure of a formate acetyltransferase (PFL) from Fannyhessea vaginae
38OK,EMD-79003,2.93,2026-09-23T00:00:00.000+00:00,AAV2 Rep68(delta1-209)/capsid/DNA complex
38PA,EMD-79027,2.7,2026-09-23T00:00:00.000+00:00,Cryo EM structure of a formate acetyltransferase (PFL) from Amygdalobacter nucleatus in complex with CoA
43DY,EMD-81807,3.72,2026-07-15T00:00:00.000+00:00,In situ structure of mouse urate oxidase assembly with helical symmetry applied
43FX,EMD-81853,2.69,2026-09-02T00:00:00.000+00:00,"DPR epimerase complex, quabodepistat-bound state"
43IB,EMD-81900,2.84,2026-09-16T00:00:00.000+00:00,Cryo-EM structure of canonical human nucleosome.
43IE,EMD-81902,3.41,2026-09-16T00:00:00.000+00:00,Cryo-EM structure of canonical human nucleosome in the presence of 1 mM magnesium chloride
43IF,EMD-81903,2.87,2026-09-16T00:00:00.000+00:00,Cryo-EM structure of H3.3-containing human nucleosome.
43IG,EMD-81904,3.14,2026-09-16T00:00:00.000+00:00,Cryo-EM structure of H3.X-containing human nucleosome.
43JF,EMD-67166,3.62,2026-09-23T00:00:00.000+00:00,Cryo-EM structure of bacteriophage Avs-1 TMP protein
43JG,EMD-67166,3.62,2026-09-23T00:00:00.000+00:00,Cryo-EM structure of bacteriophage Avs-1 distal tail protein
43JH,EMD-67166,3.62,2026-09-23T00:00:00.000+00:00,Cryo-EM structure of bacteriophage Avs-1 insert protein
43MI,EMD-81988,2.87,2026-09-16T00:00:00.000+00:00,Yeast-expressed polio type 3 stabilized virus-like particles
43MU,EMD-81997,2.76,2026-09-16T00:00:00.000+00:00,Yeast-expressed polio type 3 expanded virus-like particles
43SN,EMD-82114,2.71,2026-08-26T00:00:00.000+00:00,Alpha-7 nicotinic acetylcholine receptor bound to inhibitory bicyclic peptide KP1877 in a resting state
43YY,EMD-82402,2.3,2026-08-05T00:00:00.000+00:00,Cryo-EM structure of N19 Fab : D0D-S1A
44AB,EMD-82430,3.4,2026-09-02T00:00:00.000+00:00,PC-Int1 + 13H11-Fab + 2C12-Fab + 7I13-Fab
44BB,EMD-65330,2.5,2026-09-23T00:00:00.000+00:00,cryoEM structure of tobacco mosaic virus tRNA-like structure complexed with tobacco 60S and cycloheximide (CHX)
44BV,EMD-82471,2.56,2026-08-12T00:00:00.000+00:00,Iota toxin Ib D452A pore
44BW,EMD-82472,2.85,2026-09-23T00:00:00.000+00:00,Iota toxin Ib D452A prepore
44FH,EMD-82558,2.86,2026-09-16T00:00:00.000+00:00,Hexadecameric complex of serine proteinase(SDH)
44FI,EMD-82559,3.51,2026-09-16T00:00:00.000+00:00,Undecameric complex of serine proteinase (SDH) with hypothetical protein (HP)
44NX,EMD-82741,3.33,2026-08-26T00:00:00.000+00:00,Cryo-EM structure of the tail of bacteriophage A1002
44NY,EMD-82742,3.2,2026-08-26T00:00:00.000+00:00,Cryo-EM structure of bacteriophage A1002 mature capsid
45IL,EMD-83301,3.2,2026-09-09T00:00:00.000+00:00,Cryo-EM structure of the outwardly rectifying potassium channel TOK1 from Saccharomyces cerevisiae in a GDN micelle
45IM,EMD-83302,2.6,2026-09-16T00:00:00.000+00:00,Cryo-EM structure of the outwardly rectifying potassium channel TOK1 from Saccharomyces cerevisiae in a lipid nanodisc
45IO,EMD-83304,2.28,2026-09-09T00:00:00.000+00:00,Cryo-EM structure of the T641E mutant of the outwardly rectifying potassium channel TOK1 from Saccharomyces cerevisiae
45IP,EMD-83305,2.22,2026-09-16T00:00:00.000+00:00,Cryo-EM structure of the R323A mutant (ICD-ordered class) of the outwardly rectifying potassium channel TOK1 from Saccharomyces cerevisiae
45IQ,EMD-83306,2.21,2026-09-16T00:00:00.000+00:00,Cryo-EM structure of the R323A mutant (ICD-disordered class) of the outwardly rectifying potassium channel TOK1 from Saccharomyces cerevisiae
45IR,EMD-83307,2.91,2026-09-16T00:00:00.000+00:00,Cryo-EM structure of the T322I mutant of the outwardly rectifying potassium channel TOK1 from Saccharomyces cerevisiae
8SUP,EMD-40774,3.1,2026-03-18T00:00:00.000+00:00,Structure of the 48S translation initiation complex assembled on the encephalomyocarditis virus IRES
8U9S,EMD-42040,2.6,2026-01-21T00:00:00.000+00:00,Cryo-EM structure of NRCAM nucleosome aided by scFv
8UBI,EMD-42089,2.8,2026-01-21T00:00:00.000+00:00,Cryo-EM structure of NRCAM nucleosome aided by scFv (Class_A)
8UBJ,EMD-42090,2.8,2026-01-21T00:00:00.000+00:00,Cryo-EM structure of NRCAM nucleosome aided by scFv (3D Flex map)
8UBK,EMD-42091,2.6,2026-01-21T00:00:00.000+00:00,Cryo-EM structure of Ascl1/E12a in complex with NRCAM nucleosome
8UBL,EMD-42094,2.8,2026-01-21T00:00:00.000+00:00,Cryo-EM structure of Ascl1/E12a in complex with NRCAM nucleosome (3D Flex map)
8UX4,EMD-42687,3.3,2026-01-21T00:00:00.000+00:00,Mitochondrial ribosome of saccharomyces cerevisiae class II from YEP with Dextrose culture
8V9T,EMD-43082,2.84,2026-03-04T00:00:00.000+00:00,Ecoli DnaB helicase and Phage Lambda loader P with ADP-Mg in a 6:5 stoichiometry ratio
8Y71,EMD-39009,2.97,2026-01-07T00:00:00.000+00:00,positive allosteric modulator(BMS986187)-bound delta-opioid receptor-Gi complex
8YRQ,EMD-39549,2.8,2026-06-10T00:00:00.000+00:00,Cryo-EM Structure of Human Protease-Activated Receptor 4 in complex with Gq heterotrimers and ScFv16 bound to Tethered Ligand
9BID,EMD-44588,3.99,2026-03-18T00:00:00.000+00:00,human ZYG11B and EloginB/C complex
9BIE,EMD-44589,3.4,2026-03-18T00:00:00.000+00:00,human ZYG11B ElonginB/C complex binding to SARS-CoV2 Orf10 protein
9BJ8,EMD-44630,3.78,2026-03-18T00:00:00.000+00:00,human CRL2-ZYG11B complex
9BJI,EMD-44633,2.83,2026-01-21T00:00:00.000+00:00,Cryo-EM structure of apo NVL
9BJJ,EMD-44634,3.06,2026-01-21T00:00:00.000+00:00,Cryo-EM structure of NVL bound the the MM017 inhibitor
9CDQ,EMD-45484,3.76,2026-03-11T00:00:00.000+00:00,Transferrin Binding Protein A in complex with transferrin (iron bound in N lobe only)
9CIN,EMD-45622,3.03,2026-01-28T00:00:00.000+00:00,Fab fragment of Antibody with NiV glycoprotein F
9CK4,EMD-45640,3.1,2026-01-21T00:00:00.000+00:00,L9 epitope scaffold complexed with L9 Fabs
9CK6,EMD-45642,3.0,2026-01-14T00:00:00.000+00:00,Cryo-EM structure of sarkosyl insoluble amyloid-beta 42 filaments extracted from human brain tissue
9CKI,EMD-45647,3.1,2026-01-14T00:00:00.000+00:00,Cryo-EM structure of the poly(4-styrenesulfonic acid-co-maleic acid) [PSCMA]-extractable amyloid-beta 42 oligomer from human brain tissue (Conformation 2)
9CLA,EMD-45668,2.97,2026-01-28T00:00:00.000+00:00,Human Kv1.3 mutant-H451V
9CLT,EMD-45730,3.6,2026-03-11T00:00:00.000+00:00,Transferrin Binding Protein A in complex with transferrin binding protein B and transferrin (iron bound to N lobe only)
9CLV,EMD-45731,3.18,2026-01-28T00:00:00.000+00:00,Human Kv1.3 mutant-P424G
9CMG,EMD-45747,3.71,2026-03-04T00:00:00.000+00:00,Transferrin Binding Protein A in complex with transferrin binding protein B and transferrin (iron bound in both lobes of Tf)
9CMM,EMD-45750,3.1,2026-03-18T00:00:00.000+00:00,Two protofilament structure of alpha1B and betaI/IVb microtubule bound to GMPCPP
9CO4,EMD-45770,2.8,2026-01-21T00:00:00.000+00:00,Cryo-EM structure of the receptor-bound amyloid-beta 42 oligomer from human brain tissue (Conformation 1)
9COC,EMD-45775,2.9,2026-03-18T00:00:00.000+00:00,Two protofilament structure of alpha1B and betaI/IVb microtubule bound to GDP
9COE,EMD-45777,2.45,2026-01-21T00:00:00.000+00:00,Structure of the full-length Measles virus Fusion protein E170G E455G in the pre-fusion conformation in nanodisc
9COF,EMD-45778,2.72,2026-01-21T00:00:00.000+00:00,Structure of the full-length Measles virus Fusion protein E170G E455G in the pre-fusion conformation bound by [FIP-HRC]2-PEG11 in nanodisc
9COG,EMD-45779,2.65,2026-01-21T00:00:00.000+00:00,Structure of the full-length Measles virus Fusion protein E170G E455G in the pre-fusion conformation bound by [FIP-HRC]2-PEG11 in amphipol
9COH,EMD-45780,3.1,2026-01-21T00:00:00.000+00:00,Structure of the full-length Measles virus Fusion protein E170G E455G with mutated furin cleavage site in the pre-fusion conformation in amphipol
9CON,EMD-45786,3.06,2026-01-28T00:00:00.000+00:00,Human Kv1.3-H451V with A0194009G09 nanobodies conformation 1
9CTY,EMD-45922,3.03,2026-01-28T00:00:00.000+00:00,Human Kv1.3-H451V with A0194009G09 nanobodies conformation 2
9CWP,EMD-45969,3.2,2026-01-21T00:00:00.000+00:00,Local refinement of the SARS-CoV-2 BA.2.86 RBD in complex with TRI2-2 minibinder
9CWQ,EMD-45971,2.8,2026-01-21T00:00:00.000+00:00,Local refinement of the SARS-CoV-2 BA.2.86 NTD
9CWR,EMD-45972,2.4,2026-01-21T00:00:00.000+00:00,SARS-CoV-2 BA.2.86 Spike trimer in complex with TRI2-2 minibinder
9CZB,EMD-46409,3.7,2026-07-22T00:00:00.000+00:00,"CryoEM structure of BoNT/E at pH5, class 1"
9CZC,EMD-46410,3.7,2026-07-22T00:00:00.000+00:00,CryoEM structure of BoNT/E-LCHn domain at pH5
9D72,EMD-46600,2.67,2026-02-04T00:00:00.000+00:00,CryoEM structure of anti-MHC-I Fab M1/42 complex with H2-Dd
9D73,EMD-46601,3.02,2026-02-04T00:00:00.000+00:00,CryoEM structure of anti-MHC-I mAb B1.23.2 complex with HLA-B44:05
9D74,EMD-46602,3.31,2026-02-11T00:00:00.000+00:00,CryoEM structure of anti-MHC-I Fab B1.23.2 complex with HLA-B44:05
9DC4,EMD-46743,3.1,2026-03-04T00:00:00.000+00:00,"Transferrin Binding Protein A in complex with transferrin binding protein B, transferrin and globular domain of TonB"
9DEI,EMD-46791,2.99,2026-01-21T00:00:00.000+00:00,"Trypanosoma brucei mitochondrial RNA-editing catalytic complex 1, U-deletion (RECC1)"
9DHX,EMD-46888,3.1,2026-03-04T00:00:00.000+00:00,human Argonaute2 R315V/H316A - guide RNA in complex with a fully complementary target
9DOV,EMD-47093,2.49,2026-05-20T00:00:00.000+00:00,Hypopseudouridylated yeast 80S bound with Taura syndrome virus (TSV) internal ribosome entry site (IRES) and hygromycin B
9DP7,EMD-47098,2.38,2026-05-20T00:00:00.000+00:00,"Hypopseudouridylated yeast 80S bound with Taura syndrome virus (TSV) internal ribosome entry site (IRES) and hygromycin B, Class II"
9DPD,EMD-47103,3.87,2026-03-18T00:00:00.000+00:00,Cryo-EM structure of SerRS dimer in complex with one SIRT2
9DPI,EMD-47105,3.9,2026-03-18T00:00:00.000+00:00,Cryo-EM structure of SerRS dimer in complex with two SIRT2
9DSL,EMD-47146,3.6,2026-04-08T00:00:00.000+00:00,Structure of the SARS-CoV-2 S 6P trimer in complex with the cow antibody 99 Fab
9DWT,EMD-47264,3.01,2026-01-21T00:00:00.000+00:00,"PKD2 ion channel, F634A mutant"
9DX0,EMD-47276,3.47,2026-05-20T00:00:00.000+00:00,Human GATOR2 complex - apo state
9DX1,EMD-47277,3.36,2026-05-20T00:00:00.000+00:00,Human GATOR2 complex - Sestrin2 bound state
9DX2,EMD-47278,3.4,2026-05-20T00:00:00.000+00:00,Human GATOR2 complex - CASTOR1 bound state
9DX3,EMD-47279,2.94,2026-01-21T00:00:00.000+00:00,EcRuvB 9-mer pre-assembly complex
9DX4,EMD-47280,3.31,2026-01-21T00:00:00.000+00:00,EcRuvB T102R mutant
9DX5,EMD-47281,3.74,2026-01-21T00:00:00.000+00:00,EcRuvB T102R hexamer assembly
9DZ4,EMD-47324,2.99,2026-02-25T00:00:00.000+00:00,Cryo-EM Structure of Receptor Tyrosine Kinase ROS1 in Complex with Fab-CT4
9DZF,EMD-47328,2.7,2026-01-21T00:00:00.000+00:00,Human GC-A bound to ANP and XX16
9DZG,EMD-47329,3.3,2026-01-21T00:00:00.000+00:00,Human GC-A bound to XX16
9DZH,EMD-47330,3.0,2026-01-21T00:00:00.000+00:00,Human GC-A bound to ANP and REGN5308
9DZJ,EMD-47331,2.7,2026-01-21T00:00:00.000+00:00,Human GC-A bound to ANP and 2xREGN5308
9DZK,EMD-47332,2.9,2026-01-21T00:00:00.000+00:00,Human GC-A bound to REGN5308
9E00,EMD-47344,3.75,2026-02-25T00:00:00.000+00:00,Cryo-EM structure of human DNMT3A2-DNMT3B3 complex bound to di-nucleosome
9E09,EMD-47353,3.72,2026-02-18T00:00:00.000+00:00,Cryo-EM structure a single nucleosome (2) focus of human DNMT3A2-DNMT3B3 complex bound to di-nucleosome
9E0F,EMD-47354,3.46,2026-02-18T00:00:00.000+00:00,A focus of DNMT tetramer (1) of the cryo-EM structure of human DNMT3A2-DNMT3B3 complex bound to di-nucleosome
9E0G,EMD-47355,3.72,2026-02-18T00:00:00.000+00:00,A focus of tetramer (2) of the cryo-EM structure of human DNMT3A2-DNMT3B3 complex bound to di-nucleosome
9E0L,EMD-47361,2.19,2026-03-18T00:00:00.000+00:00,The prefusion conformation of herpes simplex virus type 1 (HSV-1) glycoprotein B (gB)
9E0R,EMD-47367,3.2,2026-02-18T00:00:00.000+00:00,Cryo-EM structure of a single nucleosome (1) focus of human DNMT3A2-DNMT3B3 complex bound to di-nucleosome
9E16,EMD-47384,2.7,2026-09-02T00:00:00.000+00:00,Cryo-EM structure of the ribosome-tunnel occluding hibernation factor bound to the Mycobacterium tuberculosis C- 70S ribosome carrying an E-tRNA
9E1S,EMD-47419,2.39,2026-09-02T00:00:00.000+00:00,Cryo-EM structure of the ribosome-tunnel occluding hibernation factor bound to the Mycobacterium tuberculosis C- 50S ribosomal subunit
9E2Q,EMD-47461,3.14,2026-02-18T00:00:00.000+00:00,Cryo-EM structure of DNMT 3A2/3B3 tetramer in complex with a di-nucleosome with a six base pair linker
9E3D,EMD-47479,3.8,2026-02-18T00:00:00.000+00:00,Cryo-EM structure of DNMT 3A2/3B3 tetramer in complex with a di-nucleosome with K120R mutant H2B
9E3I,EMD-47484,2.9,2026-03-18T00:00:00.000+00:00,The primed conformation of herpes simplex virus type 1 (HSV-1) glycoprotein B (gB)
9E4A,EMD-47503,2.74,2026-01-21T00:00:00.000+00:00,Human ASIC1a at pH 8.5 with domain-swapped transmembrane domain
9E4B,EMD-47504,3.09,2026-01-21T00:00:00.000+00:00,Human ASIC1a at pH 7.5 with domain-swapped transmembrane domain
9E4C,EMD-47505,3.41,2026-01-21T00:00:00.000+00:00,Human ASIC1a at pH 7.5 with partial transmembrane domain
9E4D,EMD-47506,3.19,2026-01-21T00:00:00.000+00:00,Human ASIC1a at pH 7.5 with linear transmembrane domain
9E4E,EMD-47507,3.16,2026-01-21T00:00:00.000+00:00,Human ASIC1a at pH 6.5 with linear transmembrane domain
9E4F,EMD-47508,2.69,2026-01-21T00:00:00.000+00:00,Human ASIC1a at pH 5.7 with domain-swapped transmembrane domain
9E4G,EMD-47509,2.8,2026-01-21T00:00:00.000+00:00,Human ASIC1a at pH 5.7 with linear transmembrane domain
9E4H,EMD-47510,2.61,2026-01-21T00:00:00.000+00:00,"Human ASIC1a at pH 5.7 with rotated, domain-swapped transmembrane domain"
9E4I,EMD-47511,2.33,2026-01-21T00:00:00.000+00:00,Human ASIC1a at pH 7.5 in complex with MitTx
9E4J,EMD-47512,2.87,2026-01-21T00:00:00.000+00:00,Human ASIC1a at pH 6.5 in complex with MitTx
9E4K,EMD-47513,2.77,2026-01-21T00:00:00.000+00:00,"Human ASIC1a at pH 8.5, T26V mutation"
9E5N,EMD-47527,2.2,2026-03-18T00:00:00.000+00:00,The primed conformation of herpes simplex virus type 1 (HSV-1) glycoprotein B (gB) mutant H534F
9E5U,EMD-47528,2.46,2026-03-18T00:00:00.000+00:00,The primed conformation of herpes simplex virus type 1 (HSV-1) glycoprotein B (gB) mutant N511P
9E5V,EMD-47529,2.45,2026-03-18T00:00:00.000+00:00,The postfusion conformation of herpes simplex virus type 1 (HSV-1) glycoprotein B (gB)
9E5X,EMD-47530,2.55,2026-03-18T00:00:00.000+00:00,The prefusion conformation of herpes simplex virus type 1 (HSV-1) glycoprotein B (gB) mutant S392C and A527C
9E6J,EMD-47570,2.98,2026-01-21T00:00:00.000+00:00,DH726-1 Fab bound to hemagglutinin from influenza A/Solomon Islands/3/2006
9E7I,EMD-47676,2.5,2026-03-18T00:00:00.000+00:00,The deep-primed conformation of herpes simplex virus type 1 (HSV-1) glycoprotein B (gB) mutant R131F L97E and L101E
9E93,EMD-47752,3.58,2026-03-11T00:00:00.000+00:00,Structural Insights into HIV-1 Vif-Mediated Ubiquitination and Degradation of APOBEC3H
9E94,EMD-47768,3.67,2026-02-11T00:00:00.000+00:00,Cryo-EM structure of human TWIK-2 at pH 7.5
9E9D,EMD-47792,3.24,2026-02-11T00:00:00.000+00:00,Structure of full length AMPA receptor GluA2 and auxiliary subunit TARP gamma-2 in complex with anti-miR 17 oligonucleotide RGLS4326
9E9E,EMD-47793,3.24,2026-02-11T00:00:00.000+00:00,Structure of AMPA receptor GluA2 and auxiliary subunit TARP gamma-2 (LBD-TMD) in complex with anti-miR 17 oligonucleotide RGLS4326
9E9V,EMD-47805,4.0,2026-03-11T00:00:00.000+00:00,Structural Insights into HIV-1 Vif-Mediated Ubiquitination and Degradation of APOBEC3H
9EB9,EMD-47874,3.0,2026-01-21T00:00:00.000+00:00,Human TRPML1 bound to Sybody94
9EBA,EMD-47875,3.1,2026-01-21T00:00:00.000+00:00,Human TRPML1 bound to Sybody57
9EBB,EMD-47876,2.7,2026-09-02T00:00:00.000+00:00,Cryo-EM structure of the MPY and ribosome-tunnel occluding hibernation factors bound to the Mycobacterium tuberculosis C- 70S ribosome
9EBC,EMD-47877,2.87,2026-05-13T00:00:00.000+00:00,H5N1 HA in complex with HC-5 Fab
9EBT,EMD-47890,2.36,2026-01-07T00:00:00.000+00:00,"CRISPR-associated deaminase Cad1 in cA4 bound form, symmetry expanded dimer, refined against a composite map"
9EC0,EMD-47898,3.4,2026-01-21T00:00:00.000+00:00,Structure of the CARMIL dimer bound to Capping Protein
9EC3,EMD-47899,3.29,2026-09-02T00:00:00.000+00:00,Cryo-EM structure of the ribosome-tunnel occluding hibernation factor bound to the Mycobacterium tuberculosis C- 70S ribosome carrying fMet-tRNA(fMet) and deacylated tRNA at ribosome P and E sites.
9EC7,EMD-47901,3.76,2026-03-18T00:00:00.000+00:00,Cryo-EM structure of avian tetrameric IgA-Fc/J chain
9EDR,EMD-47947,3.8,2026-02-04T00:00:00.000+00:00,"Tubulin Cofactors D,E,G,C and Tubulin complex -- TBCC N Terminus Bound to Tubulin"
9EDS,EMD-47948,3.8,2026-02-04T00:00:00.000+00:00,"Tubulin cofactors D,E,G,C bound to tubulin dimer -- TBCC N terminus unbound"
9EDT,EMD-47949,3.7,2026-02-04T00:00:00.000+00:00,"Tubulin cofactors D,E,G bound to tubulin dimer"
9EEB,EMD-47954,3.7,2026-02-04T00:00:00.000+00:00,"Tubulin cofactors D,E,G bound to tubulin dimer"
9EEK,EMD-47956,2.62,2026-04-15T00:00:00.000+00:00,Cryo-EM model of E. coli aspartate transcarbamoylase in the ligand-free T-state
9EEL,EMD-47957,3.45,2026-04-15T00:00:00.000+00:00,"Cryo-EM model of E. coli aspartate transcarbamoylase in the T-state complexed with CP, CTP, UTP, and Mg2+"
9EEM,EMD-47958,3.05,2026-04-15T00:00:00.000+00:00,"Cryo-EM model of E. coli aspartate transcarbamoylase in the R-state complexed with CP, succinate, CTP, UTP, and Mg2+"
9EEN,EMD-47959,3.85,2026-04-01T00:00:00.000+00:00,"Cryo-EM model of E. coli aspartate transcarbamoylase in the T-state complexed with CP, CTP, and Mg2+"
9EEO,EMD-47960,3.53,2026-04-15T00:00:00.000+00:00,"Cryo-EM model of E. coli aspartate transcarbamoylase in the R-state complexed with CP, succinate, CTP, and Mg2+"
9EEP,EMD-47961,3.08,2026-04-15T00:00:00.000+00:00,Cryo-EM model of E. coli aspartate transcarbamoylase in the R-state complexed with CP and succinate
9EEQ,EMD-47963,3.08,2026-04-15T00:00:00.000+00:00,"Cryo-EM model of E. coli aspartate transcarbamoylase in the R-state complexed with CP, succinate, ATP, and Mg2+"
9EER,EMD-47964,3.26,2026-04-15T00:00:00.000+00:00,"Cryo-EM model of E. coli aspartate transcarbamoylase in the R-state complexed with CP, succinate, ATP, GTP, and Mg2+"
9EES,EMD-47965,3.27,2026-04-15T00:00:00.000+00:00,"Cryo-EM model of E. coli aspartate transcarbamoylase in an expanded state complexed with CP, ATP, GTP, and Mg2+"
9EEU,EMD-47966,3.27,2026-04-15T00:00:00.000+00:00,"Cryo-EM model of E. coli aspartate transcarbamoylase in the T-state complexed with CP, ATP, and Mg2+"
9EFH,EMD-47973,2.5,2026-04-08T00:00:00.000+00:00,The prefusion conformation of herpes simplex virus type 1 (HSV-1) glycoprotein B (gB) mutant R131F
9EFS,EMD-47978,2.6,2026-04-08T00:00:00.000+00:00,The primed conformation of herpes simplex virus type 1 (HSV-1) glycoprotein B (gB) mutant R131F
9EFT,EMD-47979,2.4,2026-03-18T00:00:00.000+00:00,The primed conformation of herpes simplex virus type 1 (HSV-1) glycoprotein B (gB) mutant H516P
9EGG,EMD-47988,2.65,2026-04-08T00:00:00.000+00:00,The deep-primed conformation of herpes simplex virus type 1 (HSV-1) glycoprotein B (gB) mutant R131F
9EHO,EMD-48061,3.1,2026-07-22T00:00:00.000+00:00,"Octopus ribosome, hybrid 80S"
9EJ9,EMD-48096,2.8,2026-07-29T00:00:00.000+00:00,Human FANCJ helicase bound to a parallel G4 DNA
9EJA,EMD-48098,3.3,2026-08-05T00:00:00.000+00:00,Human FANCJ helicase bound to a fork DNA in the closed state
9EJB,EMD-48099,3.6,2026-08-05T00:00:00.000+00:00,Human FANCJ helicase bound to a fork DNA in the open state
9EKA,EMD-48116,3.1,2026-01-07T00:00:00.000+00:00,CRISPR-associated deaminase Cad1 in Apo form
9ELS,EMD-48160,3.02,2026-06-10T00:00:00.000+00:00,Light chain amyloidosis amyloid fibril - IGLV6-57
9EVT,EMD-50014,2.27,2026-03-18T00:00:00.000+00:00,Structure of the small subunit of the flowering plant mitoribosome with the maturation factor RsgA
9FQZ,EMD-50673,2.85,2026-01-14T00:00:00.000+00:00,"CRYO-EM STRUCTURE OF HCT15 POLYSOMES BOUND TO EEF2, EBP1, AND SERBP1"
9FTE,EMD-50743,3.82,2026-01-14T00:00:00.000+00:00,Cryo-EM structure of the adhesion GPCR ADGRV1 in complex with a nanobody
9FY1,EMD-50855,2.3,2026-01-14T00:00:00.000+00:00,Structure of CliM-stalled Bacillus subtilis 70S ribosome with release factor bound in the A-site
9FY2,EMD-50856,2.3,2026-01-14T00:00:00.000+00:00,Structure of CliM-stalled Bacillus subtilis 70S ribosome with empty A-site
9FY3,EMD-50858,2.8,2026-01-14T00:00:00.000+00:00,Structure of CliM-stalled Bacillus subtilis 70S ribosome with tRNA-Tyr in the A-site
9G2F,EMD-50975,2.8,2026-01-21T00:00:00.000+00:00,Mouse Teneurin2 dimer variant A1B1
9G2H,EMD-50976,2.55,2026-01-21T00:00:00.000+00:00,Mouse Teneurin2 dimer variant A1B0
9G41,EMD-51021,3.48,2026-01-21T00:00:00.000+00:00,Mouse Teneurin2 dimer variant A0B1
9G42,EMD-51022,2.82,2026-01-21T00:00:00.000+00:00,Mouse Teneurin2 dimer variant A0B0
9G44,EMD-51023,3.2,2026-01-21T00:00:00.000+00:00,Structure of the minimal type I-F2 CRISPR-Cas DNA-interference complex.
9GAE,EMD-51181,3.0,2026-02-04T00:00:00.000+00:00,Respiratory supercomplex CI1-CIII2-CIV2 from alphaproteobacterium
9GJ6,EMD-51383,3.91,2026-02-18T00:00:00.000+00:00,Human 80S ribosome in complex with NatA in proximal and distal position
9GJA,EMD-51385,3.7,2026-02-11T00:00:00.000+00:00,"Entamoeba histolytica Gal/GalNAc lectin, mode 1"
9GJB,EMD-51386,3.5,2026-02-11T00:00:00.000+00:00,"Entamoeba histolytica Gal/GalNAc lectin, mode 2"
9GJC,EMD-51387,3.9,2026-02-11T00:00:00.000+00:00,"Entamoeba histolytica Gal/GalNAc lectin, mode 3"
9GJD,EMD-51388,3.2,2026-02-11T00:00:00.000+00:00,"Entamoeba histolytica Gal/GalNAc lectin in presence of monoclonal antibody CP33-H/L-LA22, mode I"
9GJE,EMD-51389,3.2,2026-02-11T00:00:00.000+00:00,"Entamoeba histolytica Gal/GalNAc lectin in presence of monoclonal antibody CP33-H/L-LA22, mode 2"
9GJF,EMD-51390,3.1,2026-02-11T00:00:00.000+00:00,"Entamoeba histolytica Gal/GalNAc lectin in presence of monoclonal antibody CP33-H/L-LA22, mode 3"
9GJG,EMD-51391,3.0,2026-02-11T00:00:00.000+00:00,Entamoeba histolytica Gal/GalNAc lectin bound to monoclonal antibody CP33-H/L-LA22
9GJH,EMD-51392,3.0,2026-02-11T00:00:00.000+00:00,"Entamoeba histolytica Gal/GalNAc lectin bound to galactose, mode 1"
9GJI,EMD-51393,3.4,2026-02-11T00:00:00.000+00:00,"Entamoeba histolytica Gal/GalNAc lectin bound to galactose, mode 2"
9GJJ,EMD-51394,3.9,2026-02-11T00:00:00.000+00:00,"Entamoeba histolytica Gal/GalNAc lectin bound to galactose, mode 3"
9GJK,EMD-51395,3.3,2026-02-11T00:00:00.000+00:00,"Entamoeba histolytica Gal/GalNAc lectin bound to LacNAc, mode 1"
9GJL,EMD-51396,3.4,2026-02-11T00:00:00.000+00:00,"Entamoeba histolytica Gal/GalNAc lectin bound to LacNAc, mode 2"
9GJM,EMD-51397,3.9,2026-02-11T00:00:00.000+00:00,"Entamoeba histolytica Gal/GalNAc lectin bound to LacNAc, mode 3"
9H1H,EMD-51766,3.06,2026-02-18T00:00:00.000+00:00,"Cas1-Cas2 CRISPR integrase bound to prespacer DNA, Streptococcus thermophilus DGCC 7710 CRISPR3 system"
9H1V,EMD-51773,2.89,2026-02-18T00:00:00.000+00:00,"Cas1-Cas2 CRISPR integrase bound to prespacer and target DNA, Streptococcus thermophilus DGCC 7710 CRISPR3 system"
9H21,EMD-51787,3.33,2026-02-18T00:00:00.000+00:00,"Cas9 in complex with tracrRNA and crRNA, Streptococcus thermophilus DGCC 7710 CRISPR3 system"
9H2G,EMD-51801,3.28,2026-02-18T00:00:00.000+00:00,"Cas9:crRNA:tracrRNA in complex with PAM-containing non-cognate DNA, PAM-bound conformation, Streptococcus thermophilus DGCC 7710 CRISPR3 system"
9H2M,EMD-51812,3.06,2026-02-18T00:00:00.000+00:00,"Cas9:crRNA:tracrRNA in complex with PAM-containing non-cognate DNA, PAM-unbound conformation, Streptococcus thermophilus DGCC 7710 CRISPR3 system"
9H2Q,EMD-51814,3.8,2026-04-29T00:00:00.000+00:00,Stabilized complex of Chlamydia trachomatic efector CT622 in complex with human WD40 domain of ATG16L1
9H3G,EMD-51820,1.82,2026-02-04T00:00:00.000+00:00,Structure of the Arabidopsis thaliana 80S ribosome in complex with P- and E-site tRNAs and mRNA
9H4J,EMD-51861,3.1,2026-04-01T00:00:00.000+00:00,dCas9 bound to on-target EMX1-1 (-)SC DNA minicircle
9H4K,EMD-51862,2.6,2026-04-01T00:00:00.000+00:00,dCas9 bound to off-target 1 EMX1-1 (-)SC DNA minicircle
9H4L,EMD-51863,3.9,2026-04-01T00:00:00.000+00:00,dCas9 bound to off-target 2 EMX1-1 (-)SC DNA minicircle
9H4M,EMD-51864,3.8,2026-04-01T00:00:00.000+00:00,wtCas9 bound to off-target 1 EMX1-1 (-)SC DNA minicircle
9H50,EMD-51872,2.72,2026-05-06T00:00:00.000+00:00,Haemophilus influenzae serotype b capsule polymerase bcs3
9H51,EMD-51873,3.1,2026-05-27T00:00:00.000+00:00,"Assembly intermediate of human mitochondrial ribosome small subunit in complex with PUS1, METTL15 and RBFA(IN conformation) (state M1)"
9H52,EMD-51874,3.9,2026-07-08T00:00:00.000+00:00,"Assembly intermediate of human mitochondrial ribosome small subunit in complex with NOA1, ERAL1, METTL17, MCAT and TFB1M (state N1)"
9H54,EMD-51876,3.0,2026-05-06T00:00:00.000+00:00,Assembly intermediate of human mitochondrial ribosome small subunit in complex with NOA1 and partial RBFA (state N2)
9H55,EMD-51877,3.4,2026-05-13T00:00:00.000+00:00,Assembly intermediate of human mitochondrial ribosome small subunit in complex with NOA1 and TFB1M (state N3)
9H5I,EMD-51885,2.65,2026-05-06T00:00:00.000+00:00,Haemophilus influenzae serotype b capsule polymerase bcs3 in complex with acceptor polymer
9H6I,EMD-51899,2.2,2026-02-04T00:00:00.000+00:00,"Structure of the Arabidopsis thaliana 80S ribosome in complex with P- and E-site tRNAs, mRNA, and thermospermine"
9H6T,EMD-51900,2.93,2026-02-18T00:00:00.000+00:00,"Partial Cas1-Cas2 CRISPR integrase complex bound to a half-integration product, Streptococcus thermophilus DGCC 7710 CRISPR3 system"
9H72,EMD-51909,3.38,2026-02-18T00:00:00.000+00:00,"Csn2 (point mutations Y212R, I213R and M215R) in complex with Cas1-Cas2 integrase and dsDNA, Streptococcus thermophilus DGCC 7710 CRISPR3 system"
9H7U,EMD-51914,2.96,2026-05-06T00:00:00.000+00:00,Hexagonally Ordered Nanofibrils Easily Yield by dual Amphiphilic Self-Assembling Peptide
9H8N,EMD-51937,3.21,2026-05-13T00:00:00.000+00:00,Structure of BmrA T123C-S428C reduced form (apo state)
9HES,EMD-52095,2.25,2026-02-04T00:00:00.000+00:00,"Structure of the Arabidopsis thaliana 80S ribosome OVAC mutant in complex with P- and E-site tRNAs, mRNA, and thermospermine"
9HFK,EMD-52114,2.84,2026-03-18T00:00:00.000+00:00,"Cryo-EM structure of the freshwater actinorhodopsin, Rhodoluna lacicola (RlActR)"
9HIG,EMD-52192,2.36,2026-07-15T00:00:00.000+00:00,Cryo-EM composite structure of 70S ribosome of marine cold bacterium Pseudoalteromonas translucida (P. haloplanktis)TAC125.
9HJQ,EMD-52224,3.8,2026-06-17T00:00:00.000+00:00,ROCK2 bound with TDI01
9HJX,EMD-52228,3.39,2026-06-17T00:00:00.000+00:00,Structure of the Thermus termophillus transhydrogenase
9HKT,EMD-52236,3.7,2026-05-06T00:00:00.000+00:00,Drosophila melanogaster insulin receptor ectodomain in complex with one DILP2 molecule
9HMW,EMD-52299,2.25,2026-02-04T00:00:00.000+00:00,Structure of the Arabidopsis thaliana 80S ribosome OVAC mutant in complex with P- and E-site tRNAs and mRNA
9HN1,EMD-52304,3.4,2026-06-24T00:00:00.000+00:00,OmpK35 in complex with bacteriocin KlebG
9HN2,EMD-52305,3.5,2026-06-24T00:00:00.000+00:00,OmpK35 in complex with bacteriocin KlebG
9HP8,EMD-52320,3.7,2026-02-18T00:00:00.000+00:00,"PAM-bound Cas9-Cas1-Cas2-Csn2 supercomplex in the docked conformation, Streptococcus thermophilus DGCC 7710 CRISPR3 system"
9HP9,EMD-52324,3.39,2026-02-18T00:00:00.000+00:00,"Cas9-Cas1-Cas2-Csn2 supercomplex with dsDNA in PAM-unbound conformation, Streptococcus thermophilus DGCC 7710 CRISPR3 system"
9HU4,EMD-52399,3.5,2026-01-14T00:00:00.000+00:00,Asymmetric unit from transcribing double-layered particle of bacteriophage phi6
9HU5,EMD-52400,3.7,2026-01-14T00:00:00.000+00:00,Asymmetric unit from transcribing single-layered particle of bacteriophage phi6
9HU6,EMD-52401,3.5,2026-01-14T00:00:00.000+00:00,Asymmetric unit from transcribing single-layered particle of bacteriophage phi6 in an over-expanded state
9HUE,EMD-52409,2.49,2026-02-25T00:00:00.000+00:00,Outward-open structure of human glycine transporter 2 bound to allosteric inhibitor ORG25543
9HUF,EMD-52410,2.79,2026-02-25T00:00:00.000+00:00,Outward-open structure of human glycine transporter 2 bound to allosteric inhibitor RPI-GLYT2-82
9HUG,EMD-52411,2.97,2026-02-25T00:00:00.000+00:00,Inward-open structure of human glycine transporter 2 in substrate-free state
9HUM,EMD-52416,3.35,2026-01-14T00:00:00.000+00:00,a5b3 GABAAR bound to GABA and Mb25 in a desensitized state in saposin nanodiscs after short GABA treatment
9HUQ,EMD-52417,2.49,2026-01-14T00:00:00.000+00:00,"Structure of WT E.coli ribosome with complexed filament nascent chain at length 47, with P-site tRNA"
9HUS,EMD-52418,2.4,2026-01-14T00:00:00.000+00:00,"Structure of WT E.coli ribosome with complexed filament nascent chain at length 31, with P-site tRNAs"
9HUX,EMD-52419,3.88,2026-01-14T00:00:00.000+00:00,CryoEM map of the large glutamate dehydrogenase composed of 180 kDa subunits from Mycobacterium smegmatis obtained in the presence of NAD+ and L-glutamate. Open Tetramer.
9HUY,EMD-52420,3.54,2026-01-14T00:00:00.000+00:00,CryoEM map of the large glutamate dehydrogenase composed of 180 kDa subunits from Mycobacterium smegmatis obtained in the presence of NAD+ and L-glutamate. Closed1 tetramer.
9HUZ,EMD-52421,3.57,2026-01-14T00:00:00.000+00:00,CryoEM map of the large glutamate dehydrogenase composed of 180 kDa subunits from Mycobacterium smegmatis obtained in the presence of NAD+ and L-glutamate. Closed2 tetramer
9HV0,EMD-52422,3.07,2026-01-14T00:00:00.000+00:00,CryoEM map of the large glutamate dehydrogenase composed of 180 kDa subunits from Mycobacterium smegmatis obtained in the presence of NAD+ and L-glutamate. Empty monomer.
9HV4,EMD-52423,2.95,2026-01-14T00:00:00.000+00:00,CryoEM map of the large glutamate dehydrogenase composed of 180 kDa subunits from Mycobacterium smegmatis obtained in the presence of NAD+ and L-glutamate. cofactor-monomer.
9HV5,EMD-52424,3.12,2026-01-14T00:00:00.000+00:00,CryoEM map of the large glutamate dehydrogenase composed of 180 kDa subunits from Mycobacterium smegmatis obtained in the presence of NAD+ and L-glutamate. Cofactor/ligand-monomer
9HV6,EMD-52428,2.63,2026-01-14T00:00:00.000+00:00,CryoEM map of the large glutamate dehydrogenase composed of 180 kDa subunits from Mycobacterium smegmatis obtained in the presence of NAD+ and L-glutamate. Total-monomer
9HVY,EMD-52445,3.5,2026-01-14T00:00:00.000+00:00,Cryo-EM structure of human separase-SCC1 (1-631) fusion protein
9HWJ,EMD-52450,3.27,2026-01-14T00:00:00.000+00:00,Structure of Undecaprenyl-phosphate 4-deoxy-4-formamido-L-arabinose transferase embedded in nanodisc
9HWK,EMD-52451,2.72,2026-01-14T00:00:00.000+00:00,Structure of the Cytochrome o ubiquinol oxidase embedded in the nanodisc
9HWL,EMD-52452,3.27,2026-01-14T00:00:00.000+00:00,Structure of the co-purified multidrug transporter subunit ACRB in nandisc
9HXB,EMD-52462,2.53,2026-07-22T00:00:00.000+00:00,Bacterial antiviral defense protein Ec2ApeA from Escherichia coli strain 2-156-04_S4_C1 (dinucleotide-binding pocket mutant Q494Y)
9HXD,EMD-52464,3.55,2026-07-22T00:00:00.000+00:00,Bacterial antiviral defense protein Ec2ApeA from Escherichia coli strain 2-156-04_S4_C1 (oligomerization mutant R551E)
9HXE,EMD-52468,3.2,2026-07-22T00:00:00.000+00:00,Bacterial antiviral defense protein Ec2ApeA from Escherichia coli strain 2-156-04_S4_C1 saturated with pdApdG dinucleotide (HEPN active site mutant R502A)
9HXF,EMD-52474,3.12,2026-07-22T00:00:00.000+00:00,Bacterial antiviral defense protein Ec2ApeA from Escherichia coli strain 2-156-04_S4_C1 saturated with pdGpdG dinucleotide (HEPN active site mutant R502A)
9HXG,EMD-52475,2.43,2026-07-22T00:00:00.000+00:00,Bacterial antiviral defense protein Ec2ApeA from Escherichia coli strain 2-156-04_S4_C1 saturated with pdCpdG dinucleotide (HEPN active site mutant R502A)
9HXH,EMD-52477,2.53,2026-07-22T00:00:00.000+00:00,Bacterial antiviral defense protein Ec2ApeA from Escherichia coli strain 2-156-04_S4_C1 co-purified with pdCpdG dinucleotide (HEPN active site mutant R502A)
9HXI,EMD-52478,3.06,2026-07-22T00:00:00.000+00:00,Bacterial antiviral defense protein Ec2ApeA from Escherichia coli strain 2-156-04_S4_C1 saturated with pdCpdG dinucleotide
9HXJ,EMD-52479,3.0,2026-07-22T00:00:00.000+00:00,Bacterial antiviral defense protein Ec3ApeA from Escherichia coli strain KK-NP016
9HXL,EMD-52481,3.1,2026-07-22T00:00:00.000+00:00,Putative bacterial antiviral defense protein Thr1ApeA from Thermoactinospora rubra strain YIM 77501
9HXM,EMD-52482,2.65,2026-07-22T00:00:00.000+00:00,Putative bacterial antiviral defense protein Ec4ApeA from Escherichia coli strain 10434wH10
9HXN,EMD-52483,3.23,2026-07-22T00:00:00.000+00:00,Bacterial antiviral defense protein Ec1ApeA from Escherichia coli strain NCTC8008
9HY6,EMD-52500,2.6,2026-01-28T00:00:00.000+00:00,"Structure of E.coli ribosome with nascent chain at linker length of 31 amino acids, with mRNA, P-site and A-site tRNAs"
9HYF,EMD-52502,3.0,2026-05-27T00:00:00.000+00:00,Cryo-EM structure of the C. elegans UBR4/KCMF1 complex (composite map)
9HYI,EMD-52509,2.3,2026-01-21T00:00:00.000+00:00,DP81-bound serotonin 5-HT1A receptor - Gi Protein Complex
9HYM,EMD-52512,2.2,2026-01-21T00:00:00.000+00:00,"Structure of WT E.coli ribosome with complexed filament nascent chain at length 34, with mRNA, P-site and A-site tRNAs, and mRNA"
9HYU,EMD-52518,1.84,2026-01-28T00:00:00.000+00:00,Cryo-EM structure of the Chromera velia PSI supercomplex at 1.84 Angstrom resolution
9HYW,EMD-52519,2.8,2026-01-21T00:00:00.000+00:00,Cryo-EM structure of ATTRv-F64S amyloid fibril from patient skin tissue.
9HZG,EMD-52524,3.33,2026-05-20T00:00:00.000+00:00,Ku70/80 bound to WRN-exo
9I06,EMD-52552,3.2,2026-01-21T00:00:00.000+00:00,Photosynthetic A8B8 glyceraldehyde-3-phosphate dehydrogenase (minor conformer) from Spinacia oleracea.
9I07,EMD-52553,3.1,2026-01-21T00:00:00.000+00:00,Photosynthetic A8B8 glycerldeyde-3-phosphate dehydrogenase hexadecamer (major conformer) from Spinacia oleracea.
9I14,EMD-52565,3.34,2026-01-28T00:00:00.000+00:00,CRYO-EM STRUCTURE OF HCT15 POLYSOMES IN HYBRID-PRE STATE
9I1Z,EMD-52577,3.45,2026-07-29T00:00:00.000+00:00,Membrane Protein Transporter
9I28,EMD-52579,2.93,2026-02-04T00:00:00.000+00:00,Form II Rubisco inside EPYC1-formed liquid-liquid phase separated condensates with bound Magnesium and CABP
9I2D,EMD-52581,2.19,2026-02-04T00:00:00.000+00:00,NMT1-NAC bound human RNC with 10 amino acid ARF1-linker
9I2E,EMD-52582,2.95,2026-02-04T00:00:00.000+00:00,NMT1-NAC bound human ribosome (combined translational states)
9I2F,EMD-52583,2.8,2026-02-04T00:00:00.000+00:00,Cryo-EM structure of retron Eco2 (Ec67)
9I2G,EMD-52584,3.0,2026-02-04T00:00:00.000+00:00,Cryo-EM structure of retron Eco2 (Ec67) in presence of Mg ions
9I3L,EMD-52597,3.1,2026-02-04T00:00:00.000+00:00,"Structure of E.coli ribosome with filamin mutant Y719E nascent chain at linker length of 47 amino acids, with tRNA"
9I3P,EMD-52603,3.3,2026-04-29T00:00:00.000+00:00,CryoEM structure of the Themis:Grb2 complex with bound ProMacrobody 256
9I3R,EMD-52611,3.46,2026-01-28T00:00:00.000+00:00,Human TRPM4 ion channel in MAASTY copolymer lipid nanodisc in a calcium-bound state
9I3T,EMD-52615,3.7,2026-06-24T00:00:00.000+00:00,Dark-state structure of human medium-wave-sensitive cone opsin (OPN1MW)
9I3V,EMD-52617,3.51,2026-02-04T00:00:00.000+00:00,Cryo-EM structure of the human LRP2 ectodomain
9I4T,EMD-52620,2.44,2026-03-25T00:00:00.000+00:00,Photosystem II from Arabidopsis thaliana
9I5N,EMD-52634,3.4,2026-02-25T00:00:00.000+00:00,Single particle cryo electron microscopy of a Fab fragment bound to recombinant human CD40 ligand
9I5Z,EMD-52643,3.09,2026-02-18T00:00:00.000+00:00,Upregulated state of BetP in potassium
9I60,EMD-52644,3.31,2026-02-18T00:00:00.000+00:00,Transient activated state of BetP
9I61,EMD-52645,3.25,2026-02-18T00:00:00.000+00:00,Transient activated state of BetP in complex with betaine
9I66,EMD-52651,3.57,2026-02-18T00:00:00.000+00:00,Downregulated state of the betaine transporter BetP
9I6D,EMD-52653,3.34,2026-02-18T00:00:00.000+00:00,Glutamate transporter homologue GltPh mutant P206R in Complex with L-Aspartate and Sodium Ions in Salipro
9I7M,EMD-52657,3.12,2026-02-18T00:00:00.000+00:00,"EAAT1 thermostabilized mutant in Complex with L-Asp, Metal Ions, and the allosteric inhibitor UCPH101 in Salipro"
9I7V,EMD-52663,3.84,2026-02-18T00:00:00.000+00:00,"EAAT1 thermostabilized mutant in Complex with Rubidium, and the allosteric inhibitor UCPH101 in DDS/CHS"
9I7X,EMD-52665,3.27,2026-08-19T00:00:00.000+00:00,Cryo-EM structure of human IL-36gamma in complex with the IL-36R and IL-1RAcP ectodomains
9I82,EMD-52705,2.8,2026-08-19T00:00:00.000+00:00,Cryo-EM structure of PSII intermediate Psb27-PSII
9I83,EMD-52706,2.9,2026-08-19T00:00:00.000+00:00,Cryo-EM structure of PSII intermediate Psb32-PSII
9I88,EMD-52711,2.98,2026-04-15T00:00:00.000+00:00,Structure of the wild-type Staphylococcus aureus 70S ribosome complexed with clincelin
9I89,EMD-52712,3.01,2026-04-15T00:00:00.000+00:00,Structure of the A2058-dimethylated Staphylococcus aureus 70S ribosome complexed with clincelin
9I8C,EMD-52713,2.7,2026-02-18T00:00:00.000+00:00,GBSV1 portal protein without the N-terminal tail
9I8U,EMD-52738,3.33,2026-02-18T00:00:00.000+00:00,Upregulated state of BetP with Potassium in Amphipol A8-35
9I9Y,EMD-52772,2.22,2026-08-19T00:00:00.000+00:00,Visualization of the full-length Tse5-CT toxic fragment inside T6SS-dependent Tse5 effector
9IAN,EMD-52782,2.16,2026-03-04T00:00:00.000+00:00,Nitrogenase maturase NifEN in complex with the cofactor chaperone NifX
9IAO,EMD-52783,2.14,2026-03-04T00:00:00.000+00:00,Nitrogenase maturase NifEN
9IAR,EMD-52784,3.2,2026-03-04T00:00:00.000+00:00,Sulfate transporter SLC26A11 in nanodiscs with nanobody Nb11
9IAS,EMD-52785,2.8,2026-03-04T00:00:00.000+00:00,Sulfate transporter SLC26A11 in nanodiscs with nanobody Nb4
9IAX,EMD-52786,3.97,2026-03-04T00:00:00.000+00:00,"DNA-PK, LX4, XLF - Catalytic domain of L4"
9IAZ,EMD-52787,3.2,2026-04-29T00:00:00.000+00:00,"CryoEM structure of the Themis:Grb2 complex with bound ProMacrobody 256, local refinement"
9IB0,EMD-52788,2.9,2026-03-04T00:00:00.000+00:00,Cryo-EM consensus map of prefusion SARS-CoV-2 spike (RBDs: 1 up & 2 down) bound to RBD-targeting MO176-117 antibody
9IB1,EMD-52789,3.2,2026-03-04T00:00:00.000+00:00,Cryo-EM focus map of prefusion SARS-CoV-2 spike (RBDs: 1 up & 2 down) bound to RBD-targeting MO176-117 antibody
9IB2,EMD-52790,2.9,2026-03-04T00:00:00.000+00:00,Cryo-EM consensus map of prefusion SARS-CoV-2 spike (RBDs: 2 up & 1 down) bound to RBD-targeting MO176-117 antibody
9IB3,EMD-52791,3.3,2026-03-04T00:00:00.000+00:00,Cryo-EM focus map of prefusion SARS-CoV-2 spike (RBDs: 2 up & 1 down) bound to RBD-targeting MO176-117 antibody
9IBC,EMD-52808,3.51,2026-08-26T00:00:00.000+00:00,Kinetoplastid ATP-dependent RNA helicase PRP22/DHX8 in closed conformation bound to pre-mRNA
9IBD,EMD-52809,3.69,2026-08-26T00:00:00.000+00:00,Kinetoplastid ATP-dependent RNA helicase PRP22/DHX8 in open conformation
9IBS,EMD-52812,2.1,2026-03-04T00:00:00.000+00:00,Cryo-EM Structure of Self-assembled Zymomonas mobilis Levansucrase Nanotube
9IBW,EMD-52814,3.22,2026-06-24T00:00:00.000+00:00,Dark-state structure of human short-wave-sensitive opsin (OPN1SW)
9IF5,EMD-52841,3.2,2026-03-04T00:00:00.000+00:00,PhiC31 S12A dimer on attB sites
9IF7,EMD-52843,2.7,2026-09-02T00:00:00.000+00:00,Cryo-EM structure of the kinetoplastid trans-spliceosome activated for catalytic step II (C* complex)
9IF8,EMD-52844,2.8,2026-09-02T00:00:00.000+00:00,Cryo-EM structure of the kinetoplastid post-catalytic trans-spliceosome (P complex)
9IFC,EMD-52845,3.79,2026-02-11T00:00:00.000+00:00,PhiC31 integrative synapse: CC dimer subregion
9IFM,EMD-52846,2.2,2026-01-28T00:00:00.000+00:00,STRUCTURE OF UNSTACKED C2S2-TYPE PSII-LHCII SUPERCOMPLEX FROM PISUM SATIVUM
9IFO,EMD-52847,2.1,2026-03-11T00:00:00.000+00:00,Structure of Teneurin-Like Protein (TLP)
9IGJ,EMD-52852,3.4,2026-03-04T00:00:00.000+00:00,structure of two human ELF2 transcription factors in complex with a nucleosome
9IGS,EMD-52854,3.0,2026-09-02T00:00:00.000+00:00,Mouse teneurin-3 A1B1 isoform; microphthalmia-associated R2579W mutant; compact dimer conformation
9IGW,EMD-52860,3.32,2026-01-14T00:00:00.000+00:00,Ku70/80 bound to 147 bp nucleosome
9IGX,EMD-52861,3.56,2026-01-14T00:00:00.000+00:00,Ku70/80 bound to 153 bp nucleosome
9IHH,EMD-52871,2.1,2026-03-04T00:00:00.000+00:00,Ex vivo spore-silk A-ENA fibers
9IHN,EMD-52874,3.06,2026-09-02T00:00:00.000+00:00,Cryo-EM structure of NLRP3 bound to the inhibitor BAL-1516 at 3.06 Ang resolution
9INZ,EMD-60713,3.34,2026-01-21T00:00:00.000+00:00,"Hemichannel sub-structure of Cx43/GJA1 gap junction intercellular channel, treated with a 5-molar excess of carbenoxolone"
9IP5,EMD-60759,3.52,2026-01-21T00:00:00.000+00:00,"Hemichannel sub-structure of Cx36/GJD2 gap junction intercellular channel (FN conformation) in brain polar lipid nanodiscs, treated with a 14-fold molar excess of carbenoxolone"
9IPM,EMD-60777,3.56,2026-01-21T00:00:00.000+00:00,"Hemichannel sub-structure of Cx36/GJD2 gap junction intercellular channel (FN conformation) in soybean polar lipid nanodiscs, treated with a 20-fold molar excess of carbenoxolone"
9IPN,EMD-60778,2.46,2026-01-21T00:00:00.000+00:00,"Hemichannel sub-structure of Cx36/GJD2 gap junction intercellular channel (FN conformation) in soybean polar lipid nanodiscs, treated with a 10-fold molar excess of carbenoxolone and incubated shortly"
9IPO,EMD-60779,2.41,2026-01-21T00:00:00.000+00:00,"Hemichannel sub-structure of Cx36/GJD2 gap junction intercellular channel (FN conformation) in soybean polar lipid nanodiscs, treated with a 10-fold molar excess of carbenoxolone"
9IRD,EMD-60811,3.2,2026-02-18T00:00:00.000+00:00,"Cryo-EM structure of BTN2A1-BTN3A1-BTN3A2 mutant (BTN3A1 H381R, BTN2A1 R477A/T510A) in complex with Vgamma9-Vdelta2 TCR (G115 genotype)"
9IRF,EMD-60812,2.8,2026-01-14T00:00:00.000+00:00,Cryo-EM Structure of csy1-4 with crRNA
9IRI,EMD-60815,2.8,2026-01-14T00:00:00.000+00:00,Cryo-EM Structure of D-RNA
9IRS,EMD-60818,3.18,2026-01-21T00:00:00.000+00:00,Cryo-EM structure of the TCR-OKT3 complex
9IRU,EMD-60821,3.14,2026-01-21T00:00:00.000+00:00,Cryo-em structure of TCR-4B1 complex
9IU2,EMD-60887,3.22,2026-03-04T00:00:00.000+00:00,Cryo-EM structure of the large serine recombinase Bxb1 in complex with attP and attB (GT/TT CDN) in the pre-strand exchange state
9IU3,EMD-60888,3.97,2026-03-04T00:00:00.000+00:00,Cryo-EM structure of the large serine recombinase Bxb1 in complex with attP and attB (GT/TT CDN) in the post-strand exchange state
9IU4,EMD-60889,3.58,2026-03-04T00:00:00.000+00:00,Cryo-EM structure of the large serine recombinase Bxb1 in complex with attP and attB (CA/CA CDN) in the pre-strand exchange state
9IU5,EMD-60890,3.63,2026-03-04T00:00:00.000+00:00,Cryo-EM structure of the large serine recombinase Bxb1 in complex with attP and attB (CA/CA CDN) in the post-strand exchange state
9IU6,EMD-60891,3.97,2026-03-04T00:00:00.000+00:00,Cryo-EM structure of the large serine recombinase Bxb1 in complex with attP and attB (CA/CA CDN) in the intermediate-strand exchange state 1
9IU8,EMD-60893,3.21,2026-03-04T00:00:00.000+00:00,Cryo-EM structure of the large serine recombinase Bxb1 in complex with attP and attB (GT/TT CDN) in the pre-strand exchange state (attP-L)
9IU9,EMD-60894,3.21,2026-03-04T00:00:00.000+00:00,Cryo-EM structure of the large serine recombinase Bxb1 in complex with attP and attB (GT/TT CDN) in the pre-strand exchange state (attP-R)
9IUA,EMD-60895,3.78,2026-03-04T00:00:00.000+00:00,Cryo-EM structure of the large serine recombinase Bxb1 in complex with attP and attB (GT/TT CDN) in the pre-strand exchange state (attB-L)
9IUB,EMD-60896,3.08,2026-03-04T00:00:00.000+00:00,Cryo-EM structure of the large serine recombinase Bxb1 in complex with attP and attB (GT/TT CDN) in the pre-strand exchange state (attB-R)
9IVJ,EMD-60928,3.15,2026-01-28T00:00:00.000+00:00,Cryo-EM structure of EBV gH/gL/gp42 in complex with fab 4G12
9IX6,EMD-60965,3.2,2026-02-04T00:00:00.000+00:00,Cryo-EM structure of Cas12X2 with crRNA
9IYC,EMD-60995,2.33,2026-03-04T00:00:00.000+00:00,P ring on polyrod-P ring complex from Salmonella TH26292 strain
9J4C,EMD-61131,3.33,2026-01-21T00:00:00.000+00:00,Cryo-EM structure of aPlexinA1-19-43 Fab in complex with PlexinA1 dimer
9J5I,EMD-61142,3.38,2026-03-04T00:00:00.000+00:00,Pathogen effector forms a phosphatase holoenzyme complex with host core enzyme to promote disease
9J5K,EMD-61144,3.39,2026-03-04T00:00:00.000+00:00,Pathogen effector forms a phosphatase holoenzyme complex with host core enzyme to promote disease
9J5L,EMD-61145,2.97,2026-02-18T00:00:00.000+00:00,Complex structure of influenza hemagglutinin HA stem with CR9114 Fab and FISW84 Fab
9J5O,EMD-61148,3.04,2026-01-21T00:00:00.000+00:00,Cryo-EM structure of TrhO from B. subtilis complexed with tRNA Ala
9J6R,EMD-61180,3.2,2026-03-04T00:00:00.000+00:00,Cryo-EM structure of human dopamine transporter in complex with dasotraline
9J6S,EMD-61181,2.8,2026-03-04T00:00:00.000+00:00,Cryo-EM structure of human dopamine transporter in complex with tesofensine
9J6T,EMD-61182,3.4,2026-03-04T00:00:00.000+00:00,Cryo-EM structure of human dopamine transporter in complex with centanafadine
9J6U,EMD-61184,2.9,2026-03-04T00:00:00.000+00:00,Cryo-EM structure of human dopamine transporter in complex with ansofasine
9J6V,EMD-61185,3.5,2026-03-04T00:00:00.000+00:00,Cryo-EM structure of human dopamine transporter in complex with nefazodone
9J87,EMD-61218,2.84,2026-02-25T00:00:00.000+00:00,Structure of Receptor
9J93,EMD-61251,3.54,2026-03-04T00:00:00.000+00:00,Native GluA1/GluA4 ATD dimer binding with 1D8 and 11B8
9J94,EMD-61252,3.65,2026-03-04T00:00:00.000+00:00,Native GluA1/GluA4-CNIH3 complex in active state
9J9E,EMD-61266,2.97,2026-03-04T00:00:00.000+00:00,Cryo-EM structure of the type VII CRISPR-Cas14 effector complex
9JB7,EMD-61306,3.55,2026-04-08T00:00:00.000+00:00,Multidrug resistance-associated protein 2 in complex with SN-38G
9JBS,EMD-61324,2.88,2026-03-11T00:00:00.000+00:00,Structure of LAT4 in the apo state
9JBT,EMD-61325,3.2,2026-03-11T00:00:00.000+00:00,Structure of LAT4 in complex with Phe
9JBU,EMD-61326,3.8,2026-03-11T00:00:00.000+00:00,Structure of LAT4 in complex with digitonin
9JC0,EMD-61338,3.52,2026-04-01T00:00:00.000+00:00,Multidrug resistance-associated protein 2 in complex with MK-571 and ATP
9JCS,EMD-61373,3.47,2026-04-01T00:00:00.000+00:00,Multidrug resistance-associated protein 2 in complex with MK-571
9JHB,EMD-61477,3.39,2026-03-18T00:00:00.000+00:00,Cryo-EM structure of RacrIC1-Cascade IC1-complex II
9JHC,EMD-61478,3.09,2026-03-18T00:00:00.000+00:00,Cryo-EM structure of RacrIC1-Cascade IC1-complex I
9JHD,EMD-61479,2.98,2026-03-18T00:00:00.000+00:00,Cryo-EM structure of RacrIC1-Cascade IC1-complex III
9JKH,EMD-61561,3.2,2026-04-08T00:00:00.000+00:00,SLC6A3 apo
9JKI,EMD-61562,2.69,2026-04-08T00:00:00.000+00:00,membrane protein SLC6A3 with Bpp
9JKJ,EMD-61563,2.69,2026-04-08T00:00:00.000+00:00,membrane transporter SLC6A3 dopamine
9JKK,EMD-61564,3.0,2026-04-08T00:00:00.000+00:00,membrane transporter SLC6A3 KCl
9JKM,EMD-61565,3.44,2026-04-08T00:00:00.000+00:00,membrane transporter SLC6A3 VXN
9JKR,EMD-61569,3.7,2026-03-25T00:00:00.000+00:00,"human GM-CSF with Fabs from autoantibodies, F1 and C."
9JL3,EMD-61577,3.49,2026-04-22T00:00:00.000+00:00,Cryo-EM structure of DRT2-RT-ncRNA binary complex
9JLP,EMD-61592,3.9,2026-04-01T00:00:00.000+00:00,Cryo-EM structure of Full particle of prokaryotic dsRNA virus phiYY
9JN1,EMD-61618,3.56,2026-04-01T00:00:00.000+00:00,apo Multidrug resistance-associated protein 2 in complex with AMP-PNP in rest state
9JN2,EMD-61619,3.44,2026-04-01T00:00:00.000+00:00,Multidrug resistance-associated protein 2 in complex with AMP-PNP in active state
9JPF,EMD-61698,2.9,2026-04-01T00:00:00.000+00:00,crRNA-guided surveillance (Csy) complex
9JPG,EMD-61699,3.32,2026-04-01T00:00:00.000+00:00,crRNA-guided surveillance (Csy) complex
9JPH,EMD-61700,3.11,2026-04-01T00:00:00.000+00:00,crRNA-guided surveillance (Csy) complex
9JPM,EMD-61706,2.43,2026-03-11T00:00:00.000+00:00,Structure of the Bacterial Ribosome with human tRNA Lys(mcm5s2U34) and mRNA(AAA)
9JPO,EMD-61708,3.18,2026-03-11T00:00:00.000+00:00,Structure of the Bacterial Ribosome with human tRNA Lys(mcm5h2U34) and mRNA(AAA)
9JPP,EMD-61709,2.26,2026-03-11T00:00:00.000+00:00,Structure of the Bacterial Ribosome with human tRNA Lys(mcm5s2U34) and mRNA(AAG)
9JQ2,EMD-61720,2.61,2026-03-11T00:00:00.000+00:00,Structure of the Bacterial Ribosome with human tRNA Lys(mcm5h2U34) and mRNA(AAG)
9JQO,EMD-61731,3.37,2026-02-04T00:00:00.000+00:00,Polyrod formed by FlgG (G65V) from the Salmonella TH26292 strain
9JRD,EMD-61751,3.9,2026-04-08T00:00:00.000+00:00,Structure of glutamate receptor mGluD1
9JRG,EMD-61754,3.63,2026-04-08T00:00:00.000+00:00,Structure of ATD truncated glutamate receptor mGluD1
9JRH,EMD-61755,4.0,2026-04-08T00:00:00.000+00:00,Structure of ATD truncated glutamate receptor mGluD1 complexed with D-serine
9JY3,EMD-61886,3.35,2026-04-15T00:00:00.000+00:00,delta epsilon/gamma epsilon Fab-TCR tetramer
9JY4,EMD-61887,3.29,2026-04-15T00:00:00.000+00:00,gamma epsilon/gamma epsilon Fab-TCR tetramer
9JZI,EMD-61914,3.09,2026-03-11T00:00:00.000+00:00,Tetrameric complex (3D class 1) of the Borna disease virus 1 nucleoprotein
9JZJ,EMD-61915,2.78,2026-03-11T00:00:00.000+00:00,Tetrameric complex (3D class 2) of the Borna disease virus 1 nucleoprotein
9JZK,EMD-61916,3.84,2026-03-11T00:00:00.000+00:00,Pentameric complex of the Borna disease virus 1 nucleoprotein
9JZL,EMD-61917,3.21,2026-03-11T00:00:00.000+00:00,Hexameric ring-like complex of the Borna disease virus 1 nucleoprotein bound to RNA
9JZN,EMD-61929,3.15,2026-03-11T00:00:00.000+00:00,Tetrameric complex of the Borna disease virus 1 nucleoprotein (mutant Lys164Ala)
9JZR,EMD-61940,2.73,2026-02-25T00:00:00.000+00:00,Structure of PSI-LHCI-LHCII supercomplex from Bryopsis corticulans
9K11,EMD-61961,2.96,2026-04-15T00:00:00.000+00:00,A cryo-EM structure of B. oleracea RNA polymerase V in complex with 0U scaffold at 2.96 Angstrom
9K12,EMD-61962,3.46,2026-04-15T00:00:00.000+00:00,A cryo-EM structure of B. oleracea RNA polymerase V in complex with 1U sacffold at 3.5 Angstrom
9K13,EMD-61963,3.04,2026-04-15T00:00:00.000+00:00,A cryo-EM structure of B. oleracea RNA polymerase V in complex with 2U sacffold at 3.04 Angstrom
9K14,EMD-61964,3.8,2026-04-15T00:00:00.000+00:00,A cryo-EM structure of B. oleracea RNA polymerase V in complex with 3U sacffold at 3.8 Angstrom
9K15,EMD-61965,3.32,2026-04-15T00:00:00.000+00:00,A cryo-EM structure of B. oleracea RNA polymerase V in complex with 4U sacffold at 3.32 Angstrom
9K16,EMD-61966,3.19,2026-04-15T00:00:00.000+00:00,A cryo-EM structure of B. oleracea RNA polymerase V in complex with 5U sacffold at 3.19 Angstrom
9K17,EMD-61967,3.04,2026-04-15T00:00:00.000+00:00,A cryo-EM structure of B. oleracea RNA polymerase V in complex with 6U sacffold at 3.04 Angstrom
9K18,EMD-61968,3.42,2026-04-15T00:00:00.000+00:00,A cryo-EM structure of B. oleracea RNA polymerase V in complex with 7U sacffold at 3.42 Angstrom
9K1E,EMD-61973,2.68,2026-03-04T00:00:00.000+00:00,Structural insights into photosystem I complex of Bryopsis corticulans
9K2Z,EMD-62001,2.78,2026-02-04T00:00:00.000+00:00,Cryo-EM structure of the HfmIscB-omega RNA-target DNA complex
9K30,EMD-62002,3.17,2026-02-04T00:00:00.000+00:00,Cryo-EM structure of the TbaIscB-omega RNA-target DNA complex
9K31,EMD-62003,2.38,2026-02-04T00:00:00.000+00:00,Cryo-EM structure of the YnpsCas9-guide RNA-target DNA complex
9K32,EMD-62004,2.85,2026-02-04T00:00:00.000+00:00,Cryo-EM structure of the NbaCas9-guide RNA-target DNA complex
9K3S,EMD-62027,2.7,2026-02-18T00:00:00.000+00:00,Cryo-EM structure of E coli pstSCAB in the catalytic intermediate state
9K3X,EMD-62031,2.9,2026-02-18T00:00:00.000+00:00,Cryo-EM structure of E coli pstSCAB in the pretranslocation state
9K3Y,EMD-62032,3.0,2026-02-18T00:00:00.000+00:00,Cryo-EM structure of E coli pstSCAB in the resting state
9K4A,EMD-62051,2.24,2026-03-25T00:00:00.000+00:00,Cryo-EM structure of depolymerase S2-4 from Klebsiella phage K64-1
9K4B,EMD-62052,2.18,2026-03-25T00:00:00.000+00:00,Cryo-EM structure of depolymerase S2-4 from Klebsiella phage K64-1
9K4J,EMD-62061,2.9,2026-04-29T00:00:00.000+00:00,Structure of substrate-engaged human 26S proteasome RP-CP subcomplex in state EA1.0
9K4K,EMD-62062,4.0,2026-04-29T00:00:00.000+00:00,Structure of substrate-engaged human 26S proteasome RP-CP subcomplex in state EA1.1
9K4M,EMD-62064,3.2,2026-04-29T00:00:00.000+00:00,Structure of substrate-engaged human 26S proteasome RP-CP subcomplex in state EA2.1
9K4R,EMD-62067,3.1,2026-04-29T00:00:00.000+00:00,Structure of substrate-engaged human 26S proteasome RP-CP subcomplex in state EB.1
9K4U,EMD-62070,3.4,2026-04-29T00:00:00.000+00:00,Structure of substrate-engaged human 26S proteasome RP-CP subcomplex in state EC1
9K4V,EMD-62071,3.3,2026-04-29T00:00:00.000+00:00,Structure of substrate-engaged human 26S proteasome RP-CP subcomplex in state EC2
9K4W,EMD-62072,3.9,2026-04-29T00:00:00.000+00:00,Structure of substrate-engaged human 26S proteasome RP-CP subcomplex in state ED0.1
9K4X,EMD-62073,3.3,2026-04-29T00:00:00.000+00:00,Structure of substrate-engaged human 26S proteasome RP-CP subcomplex in state ED0.2
9K4Y,EMD-62074,3.2,2026-04-29T00:00:00.000+00:00,Structure of substrate-engaged human 26S proteasome RP-CP subcomplex in state ED0.3
9K4Z,EMD-62075,3.3,2026-04-29T00:00:00.000+00:00,Structure of substrate-engaged human 26S proteasome RP-CP subcomplex in state ED1.1
9K50,EMD-62076,3.2,2026-04-29T00:00:00.000+00:00,Structure of substrate-engaged human 26S proteasome RP-CP subcomplex in state ED1.2
9K51,EMD-62077,3.2,2026-04-29T00:00:00.000+00:00,Structure of substrate-engaged human 26S proteasome RP-CP subcomplex in state ED1.3
9K53,EMD-62079,2.5,2026-04-29T00:00:00.000+00:00,Structure of substrate-engaged human 26S proteasome RP-CP subcomplex in state ED2.1
9K54,EMD-62080,3.7,2026-04-29T00:00:00.000+00:00,Structure of substrate-engaged human 26S proteasome RP-CP subcomplex in state ED2.2
9K56,EMD-62082,3.8,2026-04-29T00:00:00.000+00:00,Structure of substrate-engaged single-cap human proteasome in state EA1
9K5B,EMD-62087,3.8,2026-04-29T00:00:00.000+00:00,Structure of substrate-engaged single-cap human proteasome in state ED0
9K5C,EMD-62088,3.8,2026-04-29T00:00:00.000+00:00,Structure of substrate-engaged single-cap human proteasome in state ED1
9K5D,EMD-62089,3.7,2026-04-29T00:00:00.000+00:00,Structure of substrate-engaged single-cap human proteasome in state ED2
9K5E,EMD-62090,3.8,2026-04-29T00:00:00.000+00:00,Structure of substrate-engaged double-cap human proteasome in state EA1-EA1
9K6X,EMD-62139,2.77,2026-05-06T00:00:00.000+00:00,Structural and functional basis of antinociceptive action of conotoxin AoIA at the noradrenaline transporter
9K7G,EMD-62149,3.57,2026-04-29T00:00:00.000+00:00,Structure of PfENT1 in complex with GSK3
9K7S,EMD-62152,3.69,2026-04-29T00:00:00.000+00:00,"Structure of PfENT1(S143C,S382C) with inosine"
9K7V,EMD-62153,3.07,2026-02-25T00:00:00.000+00:00,Structural insights into photosystem II supercomplex of a a siphonous green algae Bryopsis corticulans from intertidal zone
9K88,EMD-62164,3.93,2026-04-29T00:00:00.000+00:00,"Structure of PfENT1(T144C,K375C) with inosine"
9K8Y,EMD-62182,3.76,2026-04-29T00:00:00.000+00:00,"Structure of PfENT1(T144C,K375C,N60R,Q266R) with inosine- outward-facing state"
9K90,EMD-62183,3.82,2026-04-29T00:00:00.000+00:00,"Structure of PfENT1(S143C,S382C)-occluded state"
9K91,EMD-62184,3.86,2026-07-15T00:00:00.000+00:00,Cryo-EM structure of human histone deacetylase 6 tandem catalytic domain (HDAC6 CD1-2)
9KAF,EMD-62207,3.9,2026-05-06T00:00:00.000+00:00,Cryo-EM structure of the SPS3-FBN5 complex in a 2:1 state
9KAG,EMD-62208,3.6,2026-05-06T00:00:00.000+00:00,Cryo-EM structure of the SPS3-FBN5 complex in a 2:2 state (class 4)
9KBY,EMD-62234,3.15,2026-02-18T00:00:00.000+00:00,Cryo-EM structure of DCL4-Hairpin RNA complex
9KBZ,EMD-62235,3.18,2026-02-18T00:00:00.000+00:00,Cryo-EM structure of DCL4-DRB4CTD-dsRNA complex
9KC4,EMD-62241,2.65,2026-05-06T00:00:00.000+00:00,The Cryo-EM structure of human succinate dehydrogenase in complex with Benzovindiflupyr
9KCF,EMD-62249,3.4,2026-04-29T00:00:00.000+00:00,Bovine Flagellar TRiC
9KDT,EMD-62285,2.63,2026-05-13T00:00:00.000+00:00,Cryo-EM structure of 80S ribosome
9KDU,EMD-62286,2.96,2026-05-13T00:00:00.000+00:00,Cryo-EM structure of 80S ribosome
9KDV,EMD-62287,3.33,2026-05-13T00:00:00.000+00:00,Cryo-EM structure of 80S ribosome
9KDW,EMD-62288,2.67,2026-05-13T00:00:00.000+00:00,Cryo-EM structure of 80S ribosome
9KH6,EMD-62333,2.8,2026-03-04T00:00:00.000+00:00,cryo-EM structure of lipase/ligand/substrate complex
9KKN,EMD-62393,2.72,2026-05-27T00:00:00.000+00:00,Cryo-EM structure of human VAChT in complex with ACh
9KKO,EMD-62394,3.25,2026-05-27T00:00:00.000+00:00,Cryo-EM structure of human VAChT in apo state
9KOF,EMD-62474,3.07,2026-06-17T00:00:00.000+00:00,Structure of human PRC2 with SAH and H3K27me3 peptide
9KOG,EMD-62475,3.59,2026-06-17T00:00:00.000+00:00,Structure of human PRC2 with C36 compound
9KOH,EMD-62476,3.1,2026-06-17T00:00:00.000+00:00,Structure of human PRC2-SAH-H3K27me3-C36
9KPZ,EMD-62492,3.18,2026-03-04T00:00:00.000+00:00,Structure of TolQRA complex at pH 5.4 from E.coli
9KQ0,EMD-62493,3.6,2026-03-04T00:00:00.000+00:00,Structure of TolQRA complex at pH 8.0 from E.coli
9KQ5,EMD-62496,3.21,2026-06-03T00:00:00.000+00:00,Cryo-EM structure of human VAChT at protonated state
9KQM,EMD-62507,3.5,2026-06-03T00:00:00.000+00:00,Cryo-EM structure of human VAChT in complex with VSM
9KSL,EMD-62552,1.81,2026-06-03T00:00:00.000+00:00,Cryo-EM structure of the family 2A encapsulin from Mycolicibacterium smegmatis
9KU1,EMD-62572,1.9,2026-06-10T00:00:00.000+00:00,Cryo-electron microscopy structure of nanofibers formed by reverse azobenzene peptides.
9KVS,EMD-62600,2.81,2026-06-10T00:00:00.000+00:00,Structure of SB290157 bound to human C3aR in complex with Go (Receptor Ligand Focused map)
9KWY,EMD-62620,2.82,2026-03-18T00:00:00.000+00:00,Cryo-EM structure of SARS-CoV-2 RBD in complex with ACE2 and mAb 1C4
9KZG,EMD-62662,2.28,2026-02-18T00:00:00.000+00:00,Cryo-EM structure of the LH1 complex from Roseiflexus castenholzii
9KZH,EMD-62663,2.74,2026-02-18T00:00:00.000+00:00,Cryo-EM structure of the RC complex from Rhodospirillum rubrum
9L06,EMD-62690,3.4,2026-06-17T00:00:00.000+00:00,The cryo-EM structure of ATRX in complex with the nucleosome in the ADP.BeFx-bound state (composite)
9L0A,EMD-62693,2.17,2026-07-15T00:00:00.000+00:00,PSI trimer of Arthrospira platensis NIES-39
9L19,EMD-62738,3.33,2026-04-15T00:00:00.000+00:00,Structure of human apo Taurine Transporter in the inward-open conformation
9L1A,EMD-62739,2.75,2026-04-15T00:00:00.000+00:00,Structure of human apo Taurine Transporter in the inward-occluded conformation
9L1B,EMD-62740,2.9,2026-04-15T00:00:00.000+00:00,Structure of taurine-bound human Taurine Transporter in the inward-occluded conformation
9L1C,EMD-62741,2.69,2026-04-15T00:00:00.000+00:00,Structure of beta-alanine-bound human Taurine Transporter in the inward-occluded conformation
9L1D,EMD-62742,3.24,2026-04-15T00:00:00.000+00:00,Structure of piperidine-4-sulfonic acid-bound human Taurine Transporter in the inward-open conformation
9L1E,EMD-62743,2.82,2026-04-15T00:00:00.000+00:00,Structure of piperidine-4-sulfonic acid-bound human Taurine Transporter in the inward-occluded conformation
9L1L,EMD-62748,3.09,2026-02-18T00:00:00.000+00:00,Structure of anti-HEL AiTab
9L2O,EMD-62778,2.86,2026-05-06T00:00:00.000+00:00,Cryo-EM structure and rational engineering of a novel efficient ochratoxin A-detoxifying amidohydrolase
9L2T,EMD-62780,2.69,2026-05-06T00:00:00.000+00:00,Cryo-electron microscopic structure of a novel amidohydrolase with three mutations
9L36,EMD-62782,2.71,2026-05-13T00:00:00.000+00:00,Cryo-electron microscopic structure of a novel amidohydrolase ADH3 triple mutation
9L38,EMD-62783,3.2,2026-06-24T00:00:00.000+00:00,Structure of ENBT1 in the apo state
9L3I,EMD-62786,3.1,2026-03-11T00:00:00.000+00:00,Cryo-EM structure of SARS-CoV-2 BA.2.75 Spike Protein complex with a potent broad-spectrum macrocyclic peptide inhibitor 6L3-3P11K
9L3Q,EMD-62788,2.7,2026-03-11T00:00:00.000+00:00,Cryo-EM structure of SARS-CoV-2 PT Spike Protein complex with a potent broad-spectrum macrocyclic peptide inhibitor 6L3-3P11K
9L58,EMD-62824,1.76,2026-05-20T00:00:00.000+00:00,CryoEM structure of Arabidopsis thaliana Col-0 Rubisco with D4 symmetry
9L5D,EMD-62829,1.75,2026-05-20T00:00:00.000+00:00,CryoEM structure of Arabidopsis thaliana M309I Rubisco with D4 symmetry
9L5I,EMD-62834,1.74,2026-05-20T00:00:00.000+00:00,CryoEM structure of Arabidopsis thaliana D397N Rubisco with D4 symmetry
9L6I,EMD-62853,2.98,2026-02-18T00:00:00.000+00:00,Glycogen phosphorylase from Segatella copri
9L6O,EMD-62860,3.8,2026-07-01T00:00:00.000+00:00,"CryoEM structure of class Ib Ribonucleotide reductase from Mycobacterium thermoresistibile, conformer D"
9L6P,EMD-62861,2.9,2026-05-06T00:00:00.000+00:00,Cryo-electron microscopic structure of a highly efficient ochratoxin detoxification enzyme LlADH
9L76,EMD-62870,2.88,2026-01-07T00:00:00.000+00:00,Structures and mechanism of the nicotinamide nucleotide transhydrogenase from E. coli
9L8M,EMD-62886,2.98,2026-01-21T00:00:00.000+00:00,Structure of SID-1 in complex with dsRNA
9L8N,EMD-62887,3.48,2026-01-21T00:00:00.000+00:00,Structure of SID-1
9L8O,EMD-62888,3.99,2026-01-28T00:00:00.000+00:00,Structure of SID-1 in complex with dsRNA (dodecameric form)
9L8W,EMD-62892,2.9,2026-01-21T00:00:00.000+00:00,Human KCNQ2-CaM in complex with QO-58
9L94,EMD-62893,2.07,2026-07-08T00:00:00.000+00:00,State G of archaeal pre-50S ribosome
9L95,EMD-62894,2.43,2026-07-08T00:00:00.000+00:00,State F of archaeal pre-50S ribosome
9L96,EMD-62895,2.97,2026-07-08T00:00:00.000+00:00,State D of archaeal pre-50S ribosome
9L98,EMD-62897,2.76,2026-07-08T00:00:00.000+00:00,State C of archaeal pre-50S ribosome
9L9C,EMD-62900,3.0,2026-07-15T00:00:00.000+00:00,StateB of archaeal pre-50S ribosome
9L9H,EMD-62906,2.87,2026-01-14T00:00:00.000+00:00,Hexamer Msp1 from S.cerevisiae (with a catalytic dead mutation) in complex with an unknown peptide substrate
9L9J,EMD-62907,3.26,2026-07-08T00:00:00.000+00:00,State H of archaeal pre-50S ribosome
9L9K,EMD-62908,2.36,2026-07-08T00:00:00.000+00:00,State E of archaeal pre-50S ribosome
9L9O,EMD-62911,2.98,2026-02-18T00:00:00.000+00:00,"Cryo-EM structure of apo GPR50 with BRIL fusion, anti-BRIL Fab, and anti-Fab Nb complex"
9L9V,EMD-62914,2.77,2026-07-08T00:00:00.000+00:00,State A of archaeal pre-50S ribosome
9LAA,EMD-62923,3.43,2026-01-07T00:00:00.000+00:00,Cryo-EM structure of Shewanella oneidensis MR-1 PilA pili.
9LAB,EMD-62924,3.6,2026-01-07T00:00:00.000+00:00,Cryo-EM structure of Shewanella oneidensis MR-1 MshA pili.
9LAH,EMD-62928,3.16,2026-01-07T00:00:00.000+00:00,Cryo-EM structure of Shewanella oneidensis MR-1 flagella.
9LBQ,EMD-62954,2.94,2026-07-01T00:00:00.000+00:00,Cryo-EM structure of the Retron-Eco8 complex
9LBW,EMD-62957,3.44,2026-01-07T00:00:00.000+00:00,HBcAg in complex with Fab mAb40
9LCK,EMD-66772,2.98,2026-01-21T00:00:00.000+00:00,Cryo-EM structure of influenza polymerase bound to cRNA promoter
9LCO,EMD-62988,3.72,2026-01-07T00:00:00.000+00:00,PvdL-PCP2-E2-C3-A3 in complex with MLP (NRPS cross-module)
9LCP,EMD-62989,3.76,2026-01-07T00:00:00.000+00:00,PvdL-E2-C3-A3 in complex with MLP (NRPS cross-module)
9LCQ,EMD-62990,3.58,2026-01-07T00:00:00.000+00:00,PvdL-E2-C3-A3(R3393A) in complex with MLP (NRPS cross-module)
9LD2,EMD-63000,3.73,2026-04-22T00:00:00.000+00:00,Cryo-EM structure of SARS-CoV-2 wide-type S trimer in the early fusion intermediate conformation (E-FIC) complexed with ACE2 and 76E1-Fab (focused refinement of the S2-76E1)
9LDV,EMD-63007,2.78,2026-01-28T00:00:00.000+00:00,Consensus olfactory receptor consOR6 in complex with mini-Golf trimeric protein
9LDW,EMD-63008,2.62,2026-01-28T00:00:00.000+00:00,Consensus olfactory receptor consOR6 bound to alpha-hexyl cinnamaldehyde and in complex with mini-Golf trimeric protein
9LDX,EMD-63009,2.83,2026-01-28T00:00:00.000+00:00,Consensus olfactory receptor consOR6 in complex with mini-Golf trimeric protein
9LDZ,EMD-63010,3.17,2026-01-28T00:00:00.000+00:00,Consensus olfactory receptor consOR6 in complex with Gs trimeric protein
9LE0,EMD-63011,2.54,2026-01-28T00:00:00.000+00:00,Consensus olfactory receptor bmOR6A2 in complex with mini-Golf trimeric protein
9LE1,EMD-63012,3.3,2026-01-28T00:00:00.000+00:00,Consensus olfactory receptor bmOR6A2 in complex with mini-Golf trimeric protein
9LE2,EMD-63013,3.33,2026-01-28T00:00:00.000+00:00,Consensus olfactory receptor bmOR6A2 in complex with mini-Golf trimeric protein
9LEB,EMD-63021,2.73,2026-01-21T00:00:00.000+00:00,DNA polymerase holoenzyme
9LEG,EMD-63025,2.36,2026-02-04T00:00:00.000+00:00,AMO complex
9LET,EMD-63033,2.62,2026-04-22T00:00:00.000+00:00,Cryo-EM structure of human ZAC in zinc Binding State
9LEU,EMD-63034,2.63,2026-04-22T00:00:00.000+00:00,Cryo-EM structure of human ZAC with A152 mutant in zinc binding state
9LEV,EMD-63035,3.35,2026-04-22T00:00:00.000+00:00,Cryo-EM structure of human ZAC in nanodisc in apo state
9LEX,EMD-63036,2.85,2026-04-22T00:00:00.000+00:00,Cryo-EM structure of human ZAC in zinc partially binding state in nanodisc
9LEY,EMD-63037,2.97,2026-04-22T00:00:00.000+00:00,Cryo-EM structure of human ZAC in complex with d-tubocurarine
9LEZ,EMD-63038,2.54,2026-04-22T00:00:00.000+00:00,Cryo-EM structure of human ZAC in complex with N-(4-(tert-butyl)thiazol-2-yl)-3-fluorobenzamide (TTFB)
9LFA,EMD-63043,3.5,2026-05-27T00:00:00.000+00:00,Cryo-EM structure of human bradykinin receptor B1R bound to antagonist ELN441958
9LFC,EMD-63044,3.6,2026-05-27T00:00:00.000+00:00,Cryo-EM structure of human bradykinin receptor B1R bound to antagonist R715
9LFD,EMD-63045,3.6,2026-05-27T00:00:00.000+00:00,Cryo-EM structure of human bradykinin receptor B2R bound to antagonist Win64338
9LGT,EMD-63072,3.68,2026-01-14T00:00:00.000+00:00,Cryo-EM structure of the glucose-specific PTS transporter IIC from V. cholerae in the inward-facing conformation
9LHZ,EMD-63108,2.79,2026-02-04T00:00:00.000+00:00,Complex of voltage-gated sodium channel NavPaS from American cockroach Periplaneta americana and sea anemone toxin Av3
9LIH,EMD-63116,3.07,2026-01-21T00:00:00.000+00:00,Cryo-EM structure of Saccharomyces cerevisiae Mitochondrial Respiratory Complex II in cyclobutrifluram-bound state
9LIQ,EMD-63120,3.04,2026-01-21T00:00:00.000+00:00,CryoEM Structures Uncover the Unexpected Hinges of IscB for Enhanced Gene Editing
9LIR,EMD-63121,3.1,2026-01-21T00:00:00.000+00:00,CryoEM Structures Uncover the Unexpected Hinges of IscB for Enhanced Gene Editing
9LIS,EMD-63122,3.39,2026-01-21T00:00:00.000+00:00,CryoEM Structures Uncover the Unexpected Hinges of IscB for Enhanced Gene Editing
9LIV,EMD-63124,3.1,2026-01-21T00:00:00.000+00:00,The cryo-EM structure of amyloid fibrils from abdominal fat of an AL amyloidosis patient (case 1) - polymorph 1.
9LIW,EMD-63125,3.2,2026-01-21T00:00:00.000+00:00,The cryo-EM structure of amyloid fibrils from heart of an AL amyloidosis patient (case 1) - polymorph 1.
9LIX,EMD-63126,3.0,2026-01-21T00:00:00.000+00:00,The cryo-EM structure of amyloid fibrils from abdominal fat of an AL amyloidosis patient (case 2) - polymorph 1.
9LIY,EMD-63127,3.2,2026-01-21T00:00:00.000+00:00,The cryo-EM structure of amyloid fibrils from abdominal fat of an AL amyloidosis patient (case 2) - polymorph 2.
9LJ0,EMD-63129,3.3,2026-01-21T00:00:00.000+00:00,The cryo-EM structure of amyloid fibrils from abdominal fat of an AL amyloidosis patient (case 3).
9LJ4,EMD-63132,3.09,2026-01-21T00:00:00.000+00:00,CryoEM Structures Uncover the Unexpected Hinges of IscB for Enhanced Gene Editing
9LJA,EMD-63140,3.1,2026-01-07T00:00:00.000+00:00,The cryo-EM structure of amyloid fibrils from abdominal fat of a multiple myeloma patient (case 1)- polymorph 1.
9LJB,EMD-63141,3.2,2026-01-07T00:00:00.000+00:00,The cryo-EM structure of amyloid fibrils from abdominal fat of a multiple myeloma patient (case 1)- polymorph 2.
9LJC,EMD-63142,2.7,2026-01-07T00:00:00.000+00:00,The cryo-EM structure of amyloid fibrils from abdominal fat of a multiple myeloma patient (case 2).
9LJE,EMD-63146,2.75,2026-07-15T00:00:00.000+00:00,Cryo-EM structure of the DRT2-ncRNA complex
9LJF,EMD-63147,3.52,2026-07-15T00:00:00.000+00:00,Cryo-EM structure of the dGTP bound DRT2-ncRNA complex
9LJI,EMD-63154,3.0,2026-01-21T00:00:00.000+00:00,Human IFI16 PYD filament structure
9LK2,EMD-63161,3.37,2026-03-18T00:00:00.000+00:00,monomeric ZYG11B-EloB-EloC + substrate peptide GYIND
9LK6,EMD-63169,3.27,2026-03-18T00:00:00.000+00:00,dimeric ZYG11B-EloB-EloC + substrate peptide GYIND
9LKB,EMD-63174,3.7,2026-01-21T00:00:00.000+00:00,Cryo-EM structure of the receptor of PL45-Olfr110-Gs complex
9LKD,EMD-63175,3.6,2026-01-21T00:00:00.000+00:00,Cryo-EM structure of the receptor of PL45-Olfr110-Gs complex
9LKJ,EMD-63180,2.68,2026-01-21T00:00:00.000+00:00,Structure of Cas9-sgRNA-A27
9LKZ,EMD-63189,2.87,2026-02-04T00:00:00.000+00:00,Complex of voltage-gated sodium channel NavPaS from American cockroach Periplaneta americana and scorpion alpha toxin LqhaIT
9LL7,EMD-63192,2.84,2026-01-14T00:00:00.000+00:00,DOI-bound Serotonin 2A (5-HT2A) receptor-Gi complex
9LL8,EMD-63193,2.62,2026-01-14T00:00:00.000+00:00,Psilocin-bound Serotonin 2A (5-HT2A) receptor-Gi complex
9LL9,EMD-63194,2.76,2026-01-14T00:00:00.000+00:00,DOI-bound Serotonin 2A (5-HT2A) receptor-Gq complex
9LLA,EMD-63195,3.27,2026-01-14T00:00:00.000+00:00,Ariadne-bound Serotonin 2A (5-HT2A) receptor-Gq complex
9LLB,EMD-63196,2.98,2026-01-14T00:00:00.000+00:00,DOI-NBOMe-bound Serotonin 2A (5-HT2A) receptor-Gq complex
9LLC,EMD-63197,3.25,2026-01-21T00:00:00.000+00:00,Hexamer Msp1 from S.cerevisiae(with a catalytic dead mutation) in complex with an unknown peptide substrate
9LLE,EMD-63199,2.9,2026-03-04T00:00:00.000+00:00,Cryo-EM structure of D1R-Gs in complex with de novo designed GEM targeting TM1/2/4
9LLF,EMD-63200,2.64,2026-03-04T00:00:00.000+00:00,Cryo-EM structure of D1R-Gs in complex with de novo designed GEM targeting TM3/4/5
9LLG,EMD-63201,2.77,2026-03-04T00:00:00.000+00:00,Cryo-EM structure of D1R in complex with de novo designed negative allosteric GEM targeting TM5/6/7
9LLH,EMD-63202,2.73,2026-03-04T00:00:00.000+00:00,Cryo-EM structure of D1R-Gs in complex with de novo designed agonist-positive allosteric GEM targeting TM5/6/7
9LLI,EMD-63203,3.0,2026-03-04T00:00:00.000+00:00,"Cryo-EM structure of D1R in complex with de novo designed GEM targeting TM1/2/4 and GEM targeting TM3/4/5, and negative allosteric GEM targeting TM5/6/7"
9LLJ,EMD-63204,2.61,2026-03-04T00:00:00.000+00:00,"Cryo-EM structure of D1R-Gs in complex with de novo designed GEM targetingTM1/2/4 and GEM targeting TM3/4/5, and agonist-positive allosteric GEM targeting TM5/6/7"
9LLY,EMD-63208,3.18,2026-01-21T00:00:00.000+00:00,"Cryo-EM structure of RSV pre-F (sc9-10 DS-Cav1, strain A2) in complex with Fabs 1A2 and 1B6"
9LLZ,EMD-63210,3.2,2026-03-18T00:00:00.000+00:00,"Cryo-EM structure of a class C GPCR (Global, without symmetry)"
9LM0,EMD-63211,3.82,2026-03-18T00:00:00.000+00:00,"Cryo-EM structure of a class C GPCR (Domain, without symmetry)"
9LM5,EMD-63216,2.77,2026-01-21T00:00:00.000+00:00,Cryo-EM structure of prefusion-stabilized RSV F (DS-Cav1 strain: A2) in complex with nanobody 1G9
9LM6,EMD-63217,3.26,2026-01-21T00:00:00.000+00:00,Cryo-EM structure of prefusion-stabilized RSV F (DS-Cav1 strain: A2) in complex with nanobody 1D8
9LN4,EMD-63226,3.09,2026-01-28T00:00:00.000+00:00,Pentamer Msp1 from S.cerevisiae (with a catalytic dead mutation) in complex with an unknown peptide substrate state2
9LN6,EMD-63227,3.49,2026-03-18T00:00:00.000+00:00,Structure of human NLRP14-UHRF1 complex
9LN7,EMD-63228,2.94,2026-01-21T00:00:00.000+00:00,Alpha-7 nicotinic acetylcholine receptor bound to inhibitory bicyclic peptide KP2007 in a resting state.
9LN9,EMD-63229,2.97,2026-01-28T00:00:00.000+00:00,Sixteen polymer Msp1 from S.cerevisiae (with a catalytic dead mutation) in complex with an unknown peptide substrate
9LNA,EMD-63230,3.6,2026-01-28T00:00:00.000+00:00,SFP21A phage tail fiber (Gp09)
9LNM,EMD-63236,2.67,2026-01-28T00:00:00.000+00:00,human Betaine/GABA transporter 1 in complex with GABA
9LNN,EMD-63237,2.6,2026-01-28T00:00:00.000+00:00,human Betaine/GABA transporter 1 in complex with Betaine
9LNO,EMD-63238,3.15,2026-01-28T00:00:00.000+00:00,human Betaine/GABA transporter 1 in inward facing conformation
9LO8,EMD-63242,2.83,2026-01-28T00:00:00.000+00:00,Twenty-two polymer Msp1 from S.cerevisiae(with a catalytic dead mutation) in complex with an unknown peptide substrate
9LOE,EMD-63246,2.99,2026-01-28T00:00:00.000+00:00,Cryo-EM structure of SFTSV Gn in complex with ZS004-1C5
9LOF,EMD-63247,3.03,2026-01-28T00:00:00.000+00:00,Cryo-EM structure of SFTSV Gn in complex with ZS01S-336
9LOG,EMD-63248,3.5,2026-01-28T00:00:00.000+00:00,Cryo-EM structure of SFTSV Gn in complex with ZS01S-65
9LOU,EMD-63260,3.36,2026-01-28T00:00:00.000+00:00,LGP2:dsRNA complex
9LOV,EMD-63261,3.07,2026-01-28T00:00:00.000+00:00,LGP2:MDA5:dsRNA filament
9LOX,EMD-63262,3.5,2026-07-29T00:00:00.000+00:00,Cryo-EM structure of the chromatin remodeler Rad26 bound to the nucleosome at SHL6
9LOY,EMD-63263,2.66,2026-01-28T00:00:00.000+00:00,Cryo-EM structure of SARS-CoV-2 JN.1 spike glycoprotein in complex with F61R2-780 Fab
9LOZ,EMD-63264,3.55,2026-01-28T00:00:00.000+00:00,Cryo-EM structure of SARS-CoV-2 JN.1 RBD in complex with F61R2-780 Fab
9LP0,EMD-63265,2.61,2026-01-28T00:00:00.000+00:00,Cryo-EM structure of SARS-CoV-2 KP.3.1.1 spike glycoprotein in complex with F61R2-780 Fab
9LP1,EMD-63266,3.47,2026-01-28T00:00:00.000+00:00,Cryo-EM structure of SARS-CoV-2 KP.3.1.1 RBD in complex with F61R2-780 Fab
9LPK,EMD-63270,3.03,2026-01-28T00:00:00.000+00:00,Structure of human PADI6-UHRF1-UBE2D3 complex
9LPW,EMD-63277,2.78,2026-04-22T00:00:00.000+00:00,Cryo-EM structure of rice PHS1-DPE1 complex
9LPZ,EMD-63281,2.4,2026-04-22T00:00:00.000+00:00,Cryo-EM structure of rice PHS1-DPE1 complex
9LQJ,EMD-63297,2.68,2026-04-15T00:00:00.000+00:00,Cryo-EM structure of collagenase H (E416Q mutant) from Hathewaya histolytica bound to C-terminal region of collagen model peptide (Pro-Hyp-Gly)10
9LQO,EMD-63299,3.0,2026-08-05T00:00:00.000+00:00,Structure of RAG transposon end complex (TEC)
9LQP,EMD-63300,3.4,2026-08-05T00:00:00.000+00:00,Structure of transposase-activated RAG (RAG1 E962N) target capture complex with disordered U-shaped target DNA (TCC-UD)
9LQQ,EMD-63301,3.6,2026-08-05T00:00:00.000+00:00,Structure of transposase-activated RAG target capture complex with X-form U-shaped target DNA (TCC-UDX)
9LQT,EMD-63304,2.6,2026-02-04T00:00:00.000+00:00,Cryo-EM structure of the Apo-state APLNR homodimer
9LQU,EMD-63305,2.7,2026-02-04T00:00:00.000+00:00,Cryo-EM structure of the JN241-9-bound state 1a of APLNR homodimer
9LQV,EMD-63306,3.1,2026-08-05T00:00:00.000+00:00,Structure of transposase-activated RAG strand transfer complex in state 1 (STC-1)
9LQW,EMD-63307,2.7,2026-02-04T00:00:00.000+00:00,Cryo-EM structure of the JN241-9-bound state 1b of APLNR homodimer
9LQX,EMD-63308,2.7,2026-02-04T00:00:00.000+00:00,Cryo-EM structure of the JN241-9-bound state 1c of APLNR homodimer
9LQY,EMD-63309,2.4,2026-02-04T00:00:00.000+00:00,Cryo-EM structure of the AMG986-bound state 2a of APLNR homodimer
9LQZ,EMD-63310,2.6,2026-02-04T00:00:00.000+00:00,Cryo-EM structure of the AMG986-bound state 2b of APLNR homodimer
9LR0,EMD-63311,3.2,2026-08-05T00:00:00.000+00:00,Structure of transposase-activated RAG strand transfer complex in state 2 (STC-2)
9LR1,EMD-63312,2.5,2026-02-04T00:00:00.000+00:00,Cryo-EM structure of the JN241-9-bound APLNR monomer-Gi complex
9LR2,EMD-63313,3.1,2026-02-04T00:00:00.000+00:00,Cryo-EM structure of the JN241-9-bound APLNR dimer-Gi complex
9LR3,EMD-63314,2.8,2026-02-04T00:00:00.000+00:00,Cryo-EM structure of the AMG986-bound APLNR monomer-Gi complex
9LRK,EMD-63337,2.2,2026-04-15T00:00:00.000+00:00,Cryo-EM structure of apo collagenase H from Hathewaya histolytica
9LRM,EMD-63339,3.4,2026-04-15T00:00:00.000+00:00,Cryo-EM structure of collagenase H (E416Q mutant) from Hathewaya histolytica in complex with collagen model peptide (Pro-Hyp-Gly)10
9LRS,EMD-63341,2.83,2026-02-04T00:00:00.000+00:00,The structure of MRGPRX4 with PSB-18061
9LRV,EMD-63344,2.99,2026-02-04T00:00:00.000+00:00,Cryo-EM structure of Fission yeast centromeric nucleosome Class 1
9LRW,EMD-63345,3.04,2026-02-04T00:00:00.000+00:00,Cryo-EM structure of Fission yeast centromeric nucleosome Class 2
9LS3,EMD-63352,3.4,2026-01-07T00:00:00.000+00:00,S-ECD of SARS-CoV-2 Delta variant in complex with Fab854
9LSY,EMD-63359,3.23,2026-02-18T00:00:00.000+00:00,Structure of the gdTCR-Fab complex
9LSZ,EMD-63360,3.11,2026-02-18T00:00:00.000+00:00,Inward-open Structure of human B0AT1
9LT3,EMD-63364,2.79,2026-02-18T00:00:00.000+00:00,Integrin alpha-v beta-3 in complex with Trimucrin
9LTJ,EMD-63371,2.65,2026-01-28T00:00:00.000+00:00,Cryo-EM structure of DDB1-DDA1-DET1 complex
9LTL,EMD-63372,2.93,2026-01-28T00:00:00.000+00:00,Cryo-EM structure of DDB1-DDA1-DET1 complex
9LTM,EMD-63373,2.3,2026-08-12T00:00:00.000+00:00,Cryo-EM structure of E.coli DRT4
9LTO,EMD-63374,2.92,2026-01-28T00:00:00.000+00:00,Cryo-EM structure of DDB1-DDA1-DET1-Ube2e2 complex
9LTR,EMD-63375,3.03,2026-01-28T00:00:00.000+00:00,Cryo-EM structure of dimeric DDB1-DDA1-DET1-Ube2e2-COP1 complex
9LTT,EMD-63380,3.84,2026-08-12T00:00:00.000+00:00,Cryo-EM structure of Rhizobium etli MprF complexed with Lys-N-tRNA(Lys)
9LTW,EMD-63383,3.25,2026-01-28T00:00:00.000+00:00,protein structure of DDB1-DDA1-DET1
9LTZ,EMD-63385,3.26,2026-01-28T00:00:00.000+00:00,protein structure of DDB1-DDA1-DET1-Ube2e2 complex
9LU1,EMD-63386,3.62,2026-01-28T00:00:00.000+00:00,protein structure of DDB1-DDA1-DET1-Ube2e2 bound to COP1 dimer
9LU4,EMD-63387,3.37,2026-02-18T00:00:00.000+00:00,Structure of bacteriophage T4 neck protein gp13 and gp14 assembled in vitro in C6 symmetry
9LU5,EMD-63388,2.79,2026-02-18T00:00:00.000+00:00,Structure of bacteriophage T4 neck protein gp13 and gp14 and Hfq assembled in vitro in C6 symmetry
9LU6,EMD-63389,2.91,2026-02-18T00:00:00.000+00:00,Structure of bacteriophage T4 protal-neck protein gp20-gp13-gp14-Hfq assembled in vitro in C6 symmetry
9LU7,EMD-63390,3.45,2026-02-18T00:00:00.000+00:00,Structure of bacteriophage T4 protal-neck mismatch complex gp20-gp14-gp13 assembled in vitro in C6 symmetry
9LU8,EMD-63391,2.99,2026-04-22T00:00:00.000+00:00,"Structure of yeast 1,3-beta-glucan synthase FKS2"
9LUJ,EMD-63396,3.1,2026-08-12T00:00:00.000+00:00,cryo-EM structure of E.coli DRT4 mutant with D240A and D241A.
9LUT,EMD-63404,1.94,2026-02-18T00:00:00.000+00:00,PSI-LHCI supercomplex binding with 4 Lhcas from M. polymorpha
9LUU,EMD-63405,2.52,2026-02-18T00:00:00.000+00:00,PSI-4 LHCI dimer supercomplex from M. polymorpha
9LV4,EMD-63412,2.67,2026-02-18T00:00:00.000+00:00,Cryo-EM Structure of Human Tie2/minibinder tw1102_4 helices Complex
9LV5,EMD-63413,3.42,2026-08-19T00:00:00.000+00:00,The Cryo-EM Structure of DRT2
9LV6,EMD-63414,3.55,2026-08-19T00:00:00.000+00:00,The Cryo-EM Structure of DRT2
9LV7,EMD-63415,3.72,2026-08-19T00:00:00.000+00:00,The Cryo-EM Structure of DRT2
9LV9,EMD-63416,3.17,2026-03-04T00:00:00.000+00:00,Octamer Msp1 from S.cerevisiae (with a catalytic dead mutation) in complex with an unknown peptide substrate
9LVI,EMD-63420,2.86,2026-05-27T00:00:00.000+00:00,Cryo-EM structure of SARS-CoV-2 spike protein
9LVS,EMD-63424,2.95,2026-03-04T00:00:00.000+00:00,Cryo-EM structure of the SARS-CoV-2 spike protein in complex with S416
9LW1,EMD-63426,2.5,2026-01-07T00:00:00.000+00:00,TMEM164-substrate
9LW3,EMD-63427,3.0,2026-05-27T00:00:00.000+00:00,TMEM164-substrate
9LW5,EMD-63431,2.87,2026-02-18T00:00:00.000+00:00,Cryo-EM structure of dopamine bound mut-beta2-Adrenergic Receptor beta2R-M16-miniGs-Gbeta1gamma2-Nb35-scFv16 complex
9LWC,EMD-63440,2.9,2026-02-18T00:00:00.000+00:00,Cryo-EM structure of epinephrine bound dopamine receptor 1 D1R-M74-miniGs-Gbeta1gamma2-Nb35 complex
9LWI,EMD-63446,3.12,2026-04-29T00:00:00.000+00:00,The head region of HBx-Smc5/6 ubiquitination complex
9LWN,EMD-63451,3.26,2026-03-04T00:00:00.000+00:00,Nonamer Msp1 from S.cerevisiae (with a catalytic dead mutation) in complex with an unknown peptide substrate
9LXD,EMD-63474,3.27,2026-02-18T00:00:00.000+00:00,Structure of DNA-free MCM SH at 3.2 Angstroms resolution
9LXE,EMD-63475,3.96,2026-02-18T00:00:00.000+00:00,Structure of compacted DNA-free MCM DH at 3.9 Angstroms resolution
9LXF,EMD-63476,3.86,2026-02-18T00:00:00.000+00:00,Structure of extended DNA-free MCM DH at 3.8 Angstroms resolution
9LXP,EMD-63488,3.2,2026-03-04T00:00:00.000+00:00,A Cryo-EM structure of LA-PTH-PTH1R-Beta-arrestin1 complex (state 2 conformation)
9LY2,EMD-63500,3.1,2026-03-04T00:00:00.000+00:00,A Cryo-EM structure of LA-PTH-PTH1R-V2RT-Beta-arrestin1 complex (state 1 conformation)
9LY3,EMD-63502,3.4,2026-03-04T00:00:00.000+00:00,A Cryo-EM structure of LA-PTH-PTH1R-V2RT-Beta-arrestin1 complex (state 2 conformation)
9LY5,EMD-63503,2.98,2026-03-04T00:00:00.000+00:00,antibody 20G5 Fab in complex with human B7-H3 (IgC)
9LY6,EMD-63505,3.67,2026-03-04T00:00:00.000+00:00,antibody 20G5 (Fab')2 in complex with human B7-H3
9LYI,EMD-63511,2.8,2026-04-15T00:00:00.000+00:00,Cryo-EM structure of collagenase H (E416Q mutant) from Hathewaya histolytica in complex with collagen model peptide (Pro-Hyp-Gly)12
9LZ0,EMD-63517,3.8,2026-03-18T00:00:00.000+00:00,Cryo-EM structure of PTH1R-beta-arrestin1 complex in state 1
9LZ1,EMD-63518,3.2,2026-03-11T00:00:00.000+00:00,Cryo-EM structure of PTH1R-beta-arrestin1 complex in state 2
9LZ2,EMD-63521,3.0,2026-03-11T00:00:00.000+00:00,Cryo-EM structure of PTH1R(V2RC)-beta-arrestin1 complex
9LZH,EMD-63524,3.16,2026-05-27T00:00:00.000+00:00,Prefusion structure of HKU4 spike glycoprotein
9LZY,EMD-63533,2.43,2026-01-21T00:00:00.000+00:00,"Cryo-EM structure of homomeric TRPC channel with agonists, class 1"
9LZZ,EMD-63534,3.03,2026-01-21T00:00:00.000+00:00,"Cryo-EM structure of homomeric TRPC channel with agonists, class 2"
9M0J,EMD-63545,2.9,2026-03-04T00:00:00.000+00:00,Cryo-EM structure of Bombesin receptor type-3 bound to oridonin
9M0N,EMD-63559,2.74,2026-09-09T00:00:00.000+00:00,Cryo-EM structrue of kpNLRL filament
9M0P,EMD-63560,2.78,2026-01-14T00:00:00.000+00:00,Cryo-EM structure of human 80S ribosome in complex with montanine
9M0X,EMD-63564,2.71,2026-03-04T00:00:00.000+00:00,Cryo-EM structure of the agmatine-bound zTAAR13d-Gs complex
9M0Z,EMD-63566,2.74,2026-03-04T00:00:00.000+00:00,Cryo-EM structure of the cadaverine-bound zTAAR13d-Gs complex
9M1P,EMD-63579,2.8,2026-03-04T00:00:00.000+00:00,Cryo-EM structure of the histamine-bound zTAAR13d-Gs complex
9M1R,EMD-63580,2.66,2026-06-17T00:00:00.000+00:00,Cryo-EM structure of AKG bound OXGR1-Gq complex
9M1S,EMD-63581,2.65,2026-06-17T00:00:00.000+00:00,Cryo-EM structure of Itaconic acid bound OXGR1-Gq complex
9M1U,EMD-63583,2.64,2026-06-17T00:00:00.000+00:00,Cryo-EM structure of Succinic Acid bound OXGR1-Gq complex
9M2O,EMD-63587,2.59,2026-03-04T00:00:00.000+00:00,Cryo-EM structure of the putrescine-bound zTAAR13d-Gs complex
9M2S,EMD-63591,2.78,2026-03-04T00:00:00.000+00:00,Cryo-EM structure of the cadaverine-bound zTAAR13c-Gs complex
9M2X,EMD-63593,3.27,2026-03-04T00:00:00.000+00:00,Decamer Msp1 from S.cerevisiae(with a catalytic dead mutation) in complex with an unknown peptide substrate
9M3Q,EMD-63606,2.74,2026-03-11T00:00:00.000+00:00,Cryo-EM structure of the spermidine-bound zTAAR13c-Gs complex
9M3S,EMD-63607,2.83,2026-03-11T00:00:00.000+00:00,Cryo-EM structure of the histamine-bound zTAAR13a-Gs complex
9M40,EMD-63613,2.72,2026-03-11T00:00:00.000+00:00,Cryo-EM structure of the agmatine-bound zTAAR13e-Gs complex
9M42,EMD-63614,3.2,2026-01-21T00:00:00.000+00:00,Structure-based discovery of potent agonists of the orphan receptor GPR139
9M48,EMD-63618,2.6,2026-02-11T00:00:00.000+00:00,Cryo-EM structure of 6:1 nsp15/dsRNA complex
9M49,EMD-63619,2.78,2026-02-11T00:00:00.000+00:00,Cryo-EM structure of 6:2 nsp15/dsRNA complex
9M4C,EMD-63622,2.58,2026-09-09T00:00:00.000+00:00,"KN1dep depolymerase with C1 symmetry against KN1 serotype Klebsiella pneumoniae,(KN1dep-C1)"
9M4D,EMD-63623,3.15,2026-09-09T00:00:00.000+00:00,"Cryo-EM structure of Dp42 depolymerase with C1 symmetry against KN1 serotype Klebsiella pneumoniae,(Dp42-C1)"
9M4E,EMD-63624,2.56,2026-09-09T00:00:00.000+00:00,"Cryo-EM structure of Dp42 depolymerase with C3 symmetry against KN1 serotype Klebsiella pneumoniae,(Dp42-C3)"
9M5A,EMD-63639,1.88,2026-07-01T00:00:00.000+00:00,cryo-EM structure of PSII D1-V185T from Thermosynechococcus vestitus BP-1
9M5C,EMD-63641,3.11,2026-03-11T00:00:00.000+00:00,Hexamer Msp1 from S.cerevisiae (with a catalytic dead mutation) in complex with an unknown peptide substrate
9M5K,EMD-63644,3.1,2026-03-11T00:00:00.000+00:00,The cryo-EM structure of in situ amplified (ISA) alpha-synuclein fibrils from PD homogenate
9M5L,EMD-63645,3.27,2026-03-11T00:00:00.000+00:00,The cryo-EM structure of in situ amplified (ISA) alpha-synuclein fibrils from DLB homogenate
9M5T,EMD-63649,3.02,2026-03-11T00:00:00.000+00:00,Structure of the flagellar filament in short-length at 3.02 angstroms resolution
9M5Z,EMD-63655,3.11,2026-03-11T00:00:00.000+00:00,Hexamer Msp1 from S.cerevisiae (with a catalytic dead mutation) in complex with an unknown peptide substrate
9M6W,EMD-63665,3.6,2026-03-11T00:00:00.000+00:00,Hexamer Msp1 from S.cerevisiae (with a catalytic dead mutation) in complex with an unknown peptide substrate
9M72,EMD-63667,3.75,2026-03-18T00:00:00.000+00:00,ASFV p15 in complex with Fab 4E2
9M77,EMD-63677,3.7,2026-03-11T00:00:00.000+00:00,"The activated state of human UHRF1 bound to a mononucleosome, with the finger loop ordered and linker 4 disordered."
9M7B,EMD-63680,3.14,2026-03-18T00:00:00.000+00:00,"Structure of flagellar hook at 3.14 angstroms resolution,conformation 2."
9M7G,EMD-63682,3.38,2026-09-16T00:00:00.000+00:00,Cryo-EM structure of the human glucagon receptor (GCGR) in ligand free state resolved via the fusion/crosslinking strategy
9M7H,EMD-63683,3.17,2026-09-16T00:00:00.000+00:00,Cryo-EM structure of the orphan receptor GPRC5D in ligand free state resolved via the fusion/crosslinking strategy
9M7K,EMD-63685,3.44,2026-03-18T00:00:00.000+00:00,Heptamer Msp1 from S.cerevisiae (with a catalytic dead mutation) in complex with an unknown peptide substrate
9M7Q,EMD-63690,3.18,2026-03-18T00:00:00.000+00:00,"Structure of flagellar hook at 3.18 angstroms resolution,conformation 1."
9M7R,EMD-63691,2.63,2026-04-01T00:00:00.000+00:00,At S3 trimer
9M7S,EMD-63692,3.18,2026-04-01T00:00:00.000+00:00,At S1+2S3 trimer
9M7U,EMD-63693,3.18,2026-03-18T00:00:00.000+00:00,At S1+tRNA trimer
9M7W,EMD-63695,3.03,2026-04-01T00:00:00.000+00:00,At 2S1+S3-tRNA trimer
9M80,EMD-63699,3.07,2026-04-22T00:00:00.000+00:00,cryo-EM structure of maltose and glucose bound rice PHS1(R709A)-DPE1(D391A) complex
9M8D,EMD-63707,3.09,2026-09-16T00:00:00.000+00:00,Cryo-EM structure of the dihydrolipoamide dehydrogenase complexed with the lipoyllysine and binding domain of the dihydrolipoyl transacetylase from Mycobacterium smegmatis pyruvate dehydrogenase complex
9M8E,EMD-63708,2.53,2026-09-16T00:00:00.000+00:00,Cryo-EM structure of the dihydrolipoamide dehydrogenase complexed with the binding domain of the dihydrolipoyl transacetylase from Mycobacterium tuberculosis pyruvate dehydrogenase complex
9M8F,EMD-63709,3.48,2026-09-16T00:00:00.000+00:00,Cryo-EM structure of pyruvate dehydrogenase from Mycobacterium tuberculosis
9M8U,EMD-63722,3.79,2026-03-18T00:00:00.000+00:00,Cryo-EM structure of human SIDT1
9M98,EMD-63729,3.47,2026-01-14T00:00:00.000+00:00,Structural Basis of Pausing During Transcription Initiation in Mycobacterium tuberculosis
9M9D,EMD-63730,3.29,2026-01-14T00:00:00.000+00:00,Structural Basis of Pausing During Transcription Initiation in Mycobacterium tuberculosis
9M9E,EMD-63731,3.31,2026-01-14T00:00:00.000+00:00,Structural Basis of Pausing During Transcription Initiation in Mycobacterium tuberculosis
9M9F,EMD-63732,3.5,2026-03-18T00:00:00.000+00:00,"Structure of flagellar hook at 3.50 angstroms resolution,conformation 3."
9M9M,EMD-63734,2.52,2026-03-18T00:00:00.000+00:00,Structure of human THIK1-apo
9M9P,EMD-63736,2.93,2026-02-18T00:00:00.000+00:00,Glycogen phosphorylase dimer from E. coli
9M9Q,EMD-63737,2.92,2026-03-18T00:00:00.000+00:00,The structure of THIK1 complexed with halothane
9M9W,EMD-63742,2.87,2026-03-18T00:00:00.000+00:00,The structure of THIK1-R92S
9M9X,EMD-63743,2.76,2026-03-18T00:00:00.000+00:00,The structure of THIK1 complexed with AA
9MA0,EMD-63745,3.33,2026-03-18T00:00:00.000+00:00,Cryo-EM structure of EBV gp350 D123 in complex with neutralizing antibody 4A11
9MA5,EMD-63747,3.18,2026-03-18T00:00:00.000+00:00,Cryo-EM structure of heteromeric Kir4.1/5.1 potassium channel in complex with spermine
9MA7,EMD-63748,3.14,2026-03-18T00:00:00.000+00:00,Cryo-EM structure of EBV gp350 D123 in complex with neutralizing antibody 1A12 and 1H5 and non-neutralizing antibody 2E9
9MA8,EMD-63749,3.85,2026-02-18T00:00:00.000+00:00,Glycogen phosphorylase from Segatella copri bound to glycogen-chain A and E
9MAE,EMD-63750,3.13,2026-03-18T00:00:00.000+00:00,Cryo-EM structure of heteromeric Kir4.1/5.1 potassium channel in apo state
9MAG,EMD-63753,3.37,2026-03-18T00:00:00.000+00:00,Cryo-EM structure of heteromeric Kir4.1/5.1 potassium channel in complex with VU0134992 in straight form
9MAI,EMD-63754,3.35,2026-03-18T00:00:00.000+00:00,Cryo-EM structure of heteromeric Kir4.1/5.1 potassium channel in complex with VU0134992 in curled form
9MAK,EMD-63755,3.37,2026-06-24T00:00:00.000+00:00,Cryo-EM structure of heteromeric Kir4.1/5.1 potassium channel in complex with Ehop-016
9MAN,EMD-63756,3.78,2026-03-18T00:00:00.000+00:00,Structure of Norrin in complex with human Tspan12 large extracellular loop (Tspan12 LEL)
9MAO,EMD-63757,3.09,2026-08-12T00:00:00.000+00:00,SARS-CoV-2 spike-Crp5
9MAV,EMD-63759,3.85,2026-04-01T00:00:00.000+00:00,Cryo-EM structure of Dengue virus serotype2 US/BID-V594/2006 strain bound with J9 fab.
9MB2,EMD-63765,2.39,2026-09-09T00:00:00.000+00:00,The mouse nucleosome structure containing H3mm15
9MB5,EMD-63766,3.31,2026-03-18T00:00:00.000+00:00,Structure of HN HA at pH 7.0 (conformation1).
9MB6,EMD-63767,3.01,2026-03-18T00:00:00.000+00:00,Cryo-EM structure of wild-type SaCas9-guide RNA-mismatched target DNA complex
9MB7,EMD-63768,2.88,2026-03-18T00:00:00.000+00:00,Cryo-EM structure of eSaCas9-NNG-guide RNA-mismatched target DNA complex
9MB8,EMD-63769,3.67,2026-03-04T00:00:00.000+00:00,the complex of D14 and RGSV P3
9MBO,EMD-63775,2.83,2026-03-25T00:00:00.000+00:00,Focused refinement of RPN1 and the C-terminal helix of midnolin in the substrate-engaged human 26S proteasome
9MBP,EMD-63776,2.75,2026-03-25T00:00:00.000+00:00,Substrate-engaged human 26S proteasome bound to midnolin with RPT1 at top of spiral staircase
9MBQ,EMD-63777,3.08,2026-03-25T00:00:00.000+00:00,Substrate-engaged human 26S proteasome bound to midnolin with RPT5 at top of spiral staircase
9MBZ,EMD-63783,3.3,2026-06-10T00:00:00.000+00:00,Cryo-EM structure of human FcRL4 bound to IgA-Fc/J
9MC2,EMD-63785,3.55,2026-02-04T00:00:00.000+00:00,Cryo-EM structure of dopaminated Tau fibril
9MC4,EMD-63788,3.32,2026-03-25T00:00:00.000+00:00,Cryo-EM structure of Human UBA1-UBE2O-Ub -Transthiolation state 4
9MC5,EMD-63789,3.29,2026-03-25T00:00:00.000+00:00,Cryo-EM structure of Human UBA1-UBE2O-Ub -Transthiolation state 3
9MC6,EMD-63790,3.32,2026-03-25T00:00:00.000+00:00,Cryo-EM structure of Human UBA1-UBE2O-Ub -Transthiolation state 2
9MC7,EMD-63791,3.34,2026-03-25T00:00:00.000+00:00,Cryo-EM structure of Human UBA1-UBE2O-Ub -Recruitment state 4
9MC9,EMD-63793,3.37,2026-03-25T00:00:00.000+00:00,Cryo-EM structure of Human UBA1-UBE2O-Ub -Transthiolation state 1
9MCB,EMD-63798,3.42,2026-03-25T00:00:00.000+00:00,Cryo-EM structure of Human UBA1-UBE2O-Ub -Recruitment state 1
9MCG,EMD-63802,3.31,2026-09-23T00:00:00.000+00:00,"Structure of the intial complex in filament assembly at 3.31 angstroms resolution, conformation 1."
9MCR,EMD-63803,2.41,2026-03-11T00:00:00.000+00:00,Plant chloroplast dicarboxylate transporter AtDiT1
9MCS,EMD-63804,2.51,2026-03-11T00:00:00.000+00:00,Plant chloroplast dicarboxylate transporter AtDiT1 bound with OAA
9MCT,EMD-63805,2.94,2026-03-11T00:00:00.000+00:00,Plant chloroplast dicarboxylate transporter AtDiT1 bound with 2-OG
9MCU,EMD-63806,2.69,2026-03-11T00:00:00.000+00:00,Plant chloroplast dicarboxylate transporter AtDiT2.1
9MCV,EMD-63807,2.72,2026-03-11T00:00:00.000+00:00,Plant chloroplast dicarboxylate transporter AtDiT2.1 bound with malate
9MI8,EMD-48285,3.6,2026-03-04T00:00:00.000+00:00,Human PARP1 N-terminal domains bound to nicked DNA
9MIX,EMD-48304,2.85,2026-08-05T00:00:00.000+00:00,Cryo-EM structure of human NBCn2
9MJO,EMD-48318,2.45,2026-08-05T00:00:00.000+00:00,Cryo-EM structure of human NBCn2 bound to Carbonate
9MK6,EMD-48320,3.24,2026-08-05T00:00:00.000+00:00,Cryo-EM structure of human NBCn2 bound to Compound 38J
9MKF,EMD-48325,2.83,2026-04-15T00:00:00.000+00:00,Rat TRPV2 bound to AV2-1 agonist
9MKG,EMD-48326,3.45,2026-06-24T00:00:00.000+00:00,Cryo-EM structure of human CD33 bound to 15G15.3 Fab
9MKT,EMD-48337,3.26,2026-02-11T00:00:00.000+00:00,FnoCas12a bridge helix variant state 1
9MKU,EMD-48338,4.0,2026-02-11T00:00:00.000+00:00,FnoCas12a bridge helix variant state 2
9MKV,EMD-48339,3.68,2026-02-11T00:00:00.000+00:00,FnoCas12a bridge helix variant state 3
9MKW,EMD-48340,3.63,2026-02-11T00:00:00.000+00:00,FnoCas12a bridge helix variant state 4a
9MKX,EMD-48341,3.21,2026-02-11T00:00:00.000+00:00,FnoCas12a bridge helix variant state 4b
9MLC,EMD-48353,2.4,2026-01-21T00:00:00.000+00:00,Pol II-DSIF-SPT6-PAF1c-TFIIS-IWS1-ELOF1-LEDGF-nucleosome activated elongation complex Composite map T
9MM5,EMD-48385,3.26,2026-01-28T00:00:00.000+00:00,CGRP Receptor in complex with dC2_049
9MMY,EMD-48407,2.7,2026-01-21T00:00:00.000+00:00,E. coli GroEL bound with ATP and PBZ1587 inhibitor
9MMZ,EMD-48408,3.2,2026-01-21T00:00:00.000+00:00,E. coli SR1 single-ring GroEL oligomer
9MN0,EMD-48409,3.0,2026-01-21T00:00:00.000+00:00,E. coli SR1 single-ring GroEL templated into pseudo-double-ring complex with PBZ1587 inhibitor
9MN1,EMD-48410,2.4,2026-01-21T00:00:00.000+00:00,E. coli SR1 single-ring GroEL oligomer
9MN3,EMD-48411,2.9,2026-01-21T00:00:00.000+00:00,E. coli GroES-GroEL-GroES football complex
9MNB,EMD-48419,3.0,2026-04-22T00:00:00.000+00:00,Beta1-tryptase monomer bound to inhibitory Fabs E82.AS and E104.v2
9MNC,EMD-48420,2.33,2026-06-24T00:00:00.000+00:00,Human 80S ribosome bound to small molecule SW393071
9MNM,EMD-48430,3.5,2026-01-14T00:00:00.000+00:00,SPA of purified HIV-1 CA protein in vitro assembled with IP6 (mature morphology). 500 uM LEN was added post assembly.
9MOF,EMD-48458,3.8,2026-01-28T00:00:00.000+00:00,Structure of the bacteriophage T4 portal-neck-tail connector complex
9MOG,EMD-48459,3.6,2026-01-28T00:00:00.000+00:00,Structure of the distal part of the bacteriophage T4 tail
9MOH,EMD-48460,3.4,2026-01-28T00:00:00.000+00:00,Structure of the middle part of the bacteriophage T4 tail
9MOY,EMD-48491,3.6,2026-04-08T00:00:00.000+00:00,Reconstituted yeast V-ATPase bound to Rtc5p
9MPZ,EMD-48508,2.14,2026-01-21T00:00:00.000+00:00,Complex of FMDV Asia1/JS/05 and porcine-derived neutralizing monoclonal antibody PAS12
9MQ0,EMD-48509,2.17,2026-01-21T00:00:00.000+00:00,Complex of FMDV Asia1/JS/05 and porcine-derived neutralizing monoclonal antibody PAS5
9MQM,EMD-48534,3.07,2026-04-08T00:00:00.000+00:00,Cryo-EM of MgtA in the E2-P state with bound Mg2+ at 3.1 angstrom resolution
9MT7,EMD-48602,3.23,2026-01-21T00:00:00.000+00:00,Cryo-EM Structure of the Magnesium Transporter MgtA in the E2 Conformation Bound to Mg2+
9MU7,EMD-48622,3.44,2026-01-07T00:00:00.000+00:00,Structure of a native Drosophila melanogaster Pol II Elongation Complex with a well-defined Rpb4/Rpb7 stalk
9MUH,EMD-48632,3.1,2026-01-28T00:00:00.000+00:00,Mus musculus TASK-1 (KCNK3) in MSP1E3D1 lipid nanodisc at pH 6.0 and 100 mM KCl
9MUN,EMD-48638,3.26,2026-02-25T00:00:00.000+00:00,Structure of Human SLC33A1 in complex with oxidized glutathione
9MUR,EMD-48648,2.48,2026-01-21T00:00:00.000+00:00,Cryo-EM structure of Rubisco from Arabidopsis thaliana with the 2B small subunit isoform
9MVC,EMD-48664,3.59,2026-07-22T00:00:00.000+00:00,DENV3 mature structure at 4 degree Celsius
9MVE,EMD-48666,3.4,2026-07-22T00:00:00.000+00:00,Dengue virus serotype-3 (DENV3) complex with DC-SIGN CRD at 4C
9MVF,EMD-48667,3.73,2026-07-22T00:00:00.000+00:00,Dengue virus serotype-4 (DENV4) complex with DCSIGN CRD at 4C
9MVS,EMD-48668,3.43,2026-02-25T00:00:00.000+00:00,Activated Leptotrichia buccalis (Lbu) CRISPR-Cas13a bound to AI-designed anti-CRISPR AIcrVIA1
9MX4,EMD-48709,2.56,2026-09-09T00:00:00.000+00:00,Apo EcHerA Hexamer Assembly
9MX6,EMD-48711,2.84,2026-09-09T00:00:00.000+00:00,Apo EcHerA Pentamer Assembly
9MX7,EMD-48712,3.15,2026-09-09T00:00:00.000+00:00,Apo EcHerA Tetramer Assembly
9MXU,EMD-48723,2.5,2026-04-22T00:00:00.000+00:00,cryo-EM structure of GLP-1R-Gs complex with glucagon
9MYS,EMD-48749,3.93,2026-09-09T00:00:00.000+00:00,The cryo-EM structure of the mutant MHKKKQ DNMT1-umNCP complex
9MZE,EMD-48754,2.2,2026-04-22T00:00:00.000+00:00,Cryo-EM structure of GLP-1R-Gs complex with oxyntomodulin
9MZF,EMD-48755,2.5,2026-04-22T00:00:00.000+00:00,Cryo-EM structure of GLP-1R-Gs complex with peptide 15
9MZG,EMD-48756,3.0,2026-04-22T00:00:00.000+00:00,Cryo-EM structure of GCGR-Gs complex with glucagon
9MZI,EMD-48757,3.83,2026-02-04T00:00:00.000+00:00,CryoEM structure of GluK2 bound to glutamate in the deep desensitized state 3
9MZJ,EMD-48758,3.74,2026-02-04T00:00:00.000+00:00,CryoEM structure of GluK2 bound to glutamate in the deep desensitized state 2
9MZK,EMD-48759,3.81,2026-02-04T00:00:00.000+00:00,CryoEM structure of GluK2 bound to glutamate in the deep desensitized state 1
9MZM,EMD-48761,3.86,2026-02-04T00:00:00.000+00:00,"CryoEM structure of GluK2 bound to glutamate in the shallow desensitized state, consensus map"
9MZN,EMD-48762,3.4,2026-04-08T00:00:00.000+00:00,cryoEM structure of GluK2 ATD in the shallow desensitized state
9MZO,EMD-48763,3.86,2026-04-08T00:00:00.000+00:00,cryoEM structure of GluK2 LBD-TMD bound to glutamate in the shallow desensitized state
9MZP,EMD-48764,3.8,2026-02-04T00:00:00.000+00:00,"CryoEM structure of GluK2 bound to glutamate in the shallow desensitized state, composite map"
9MZR,EMD-48766,3.93,2026-04-08T00:00:00.000+00:00,cryoEM structure of GluK2 LBD-TMD bound to BPAM344 and glutamate in the non-active state
9MZS,EMD-48767,3.9,2026-04-08T00:00:00.000+00:00,"cryoEM structure of GluK2 bound to BPAM344 and glutamate in the non-active state, composite map"
9N00,EMD-48771,2.72,2026-08-26T00:00:00.000+00:00,Cryo-EM Structure of Apo SeAvs7
9N01,EMD-48772,3.67,2026-08-26T00:00:00.000+00:00,Cryo-EM structure of SeAvs7 MCP EFTu1 monomeric complex
9N04,EMD-48774,2.3,2026-04-22T00:00:00.000+00:00,Cryo-EM structure of GCGR-Gs complex with peptide 15
9N05,EMD-48775,2.2,2026-04-22T00:00:00.000+00:00,Cryo-EM structure of GLP-1R-Gs complex with SRB103Q
9N09,EMD-48779,2.57,2026-01-28T00:00:00.000+00:00,Human M4 muscarinic acetylcholine receptor Gi1 complex (mini-Gsi chimera) bound to the bitopic agonist C110
9N0E,EMD-48782,2.3,2026-04-22T00:00:00.000+00:00,Cryo-EM structure of GCGR-Gs complex with oxyntomodulin
9N0L,EMD-48786,3.63,2026-05-20T00:00:00.000+00:00,S.mutans Phosphodiesterase GdpP in the Presence of HEME-Cyanide
9N1P,EMD-48820,2.9,2026-04-22T00:00:00.000+00:00,cryo-EM structure of GLP-1R-Gs complex with SRB103H
9N1Q,EMD-48821,3.0,2026-04-22T00:00:00.000+00:00,cryo-EM structure of GCGR-Gs complex with SRB103H
9N29,EMD-48827,2.6,2026-07-15T00:00:00.000+00:00,hM4Di(GRANPA) in complex with mGsI and diphenhydramine
9N2I,EMD-48838,3.0,2026-04-22T00:00:00.000+00:00,cryo-EM structure of GCGR-Gs complex with SRB103Q
9N37,EMD-48847,2.2,2026-02-04T00:00:00.000+00:00,Cryo-EM structure of Rubisco from Arabidopsis thaliana with the 1A small subunit isoform
9N38,EMD-48848,3.9,2026-02-04T00:00:00.000+00:00,Cryo EM structure of LukAB (LukGH) toxin from Staphylococcus aureus in complex with neutralizing Fab STAU-15
9N3B,EMD-48850,3.8,2026-07-08T00:00:00.000+00:00,CryoEM structure of WNV (Kunjin strain) with the Fab of WNV-86 antibody
9N3V,EMD-48855,2.65,2026-02-18T00:00:00.000+00:00,Cryo-EM structure of the magnesium transporter MgtA in E1-like and E2-P conformations at 2.59 angstroms
9N3Y,EMD-48860,3.0,2026-08-05T00:00:00.000+00:00,Type IV-A1 CRISPR effector complex bound to dsDNA and CasDinG - loaded state
9N3Z,EMD-48863,3.04,2026-08-05T00:00:00.000+00:00,Type IV-A1 CRISPR effector complex bound to dsDNA and CasDinG - locked state
9N5J,EMD-48923,2.59,2026-02-18T00:00:00.000+00:00,Cryo-EM structure of the magnesium transporter MgtA in the E2 conformation with bound beryllium fluoride (BeF3-) and Mg2+ at 2.65 A resolution.
9N5N,EMD-48929,2.35,2026-07-29T00:00:00.000+00:00,Structure of VcINDY-alpha ketoglutarate complex in Ci-Ci conformation
9N6D,EMD-49057,3.03,2026-01-14T00:00:00.000+00:00,Dimeric structure of GM4951
9N7F,EMD-49094,2.93,2026-02-18T00:00:00.000+00:00,HsSTING with cGAMP/C53/DCA
9N7Q,EMD-49097,3.18,2026-02-18T00:00:00.000+00:00,H1 hemagglutinin (A/Michigan/45/2015) in complex with anchor-targeting Fab ST15
9N7S,EMD-49098,2.97,2026-02-18T00:00:00.000+00:00,H1 hemagglutinin (A/California/04/2009) with E47K mutation in HA2 in complex with central stem-targeting Fab ST10
9N7T,EMD-49099,3.01,2026-02-18T00:00:00.000+00:00,H5 hemagglutinin (A/Jiangsu/NJ210/2023) in complex with central stem-targeting Fab ST14
9N7V,EMD-49100,3.15,2026-02-18T00:00:00.000+00:00,H1 hemagglutinin (A/Michigan/45/2015) in complex with anchor-targeting Fab ST4
9N84,EMD-49111,3.2,2026-09-16T00:00:00.000+00:00,Yeast TIM23 complex inhibited by stendomycin
9N8F,EMD-49127,3.13,2026-02-18T00:00:00.000+00:00,Cryo-EM structure of SUDV glycoprotein with modified HR1c (L579P) and HR2 stalk bound to CA45 Fab
9N8J,EMD-49130,3.22,2026-02-04T00:00:00.000+00:00,Stabilized tandem antigen chimera of Pfs230 and Pfs48/45 bound by potent mAbs
9N8Y,EMD-49153,2.76,2026-09-09T00:00:00.000+00:00,Cryo EM Structure of Full Length mGluR8 Bound to Agonist L-AP4 and PAM VU6005649
9N8Z,EMD-49154,2.97,2026-09-09T00:00:00.000+00:00,"Cryo EM Structure of Full Length mGluR8 Bound to Agonist L-AP4 and PAM VU6005649, class 2"
9N96,EMD-49161,3.18,2026-01-21T00:00:00.000+00:00,CRYO-EM STRUCTURE OF human U7 SM RING IN COMPLEX WITH SYMPLEKIN N-TERMINAL DOMAIN
9N9E,EMD-49166,2.6,2026-02-04T00:00:00.000+00:00,Cryo-EM structure of the SAH domain of Caenorhabditis elegans ICP-1 bound to the paclitaxel-stabilized microtubule
9N9F,EMD-49167,2.91,2026-02-04T00:00:00.000+00:00,Cryo-EM structure of the SAH domain of human INCENP bound to the paclitaxel-stabilized microtubule
9N9G,EMD-49168,3.0,2026-02-04T00:00:00.000+00:00,Cryo-EM structure of the human Hec1-Nuf2 dimer bound to the paclitaxel-stabilized microtubule
9N9H,EMD-49169,3.31,2026-02-04T00:00:00.000+00:00,Cryo-EM structure of the Xenopus laevis mitotic centromere-associated kinesin (MCAK) bound to the paclitaxel-stabilized microtubule
9N9I,EMD-49170,3.3,2026-02-04T00:00:00.000+00:00,Cryo-EM structure of the Xenopus laevis mitotic centromere-associated kinesin (MCAK) bound to the paclitaxel-stabilized microtubule
9N9W,EMD-49179,3.31,2026-02-25T00:00:00.000+00:00,Cryo-EM structure of AMPPNP bound human phosphoribosylformylglycinamidine synthase
9NAH,EMD-49194,3.64,2026-08-26T00:00:00.000+00:00,Monomeric AVAST5 binds a SIR2 domain
9NAL,EMD-49198,3.22,2026-02-25T00:00:00.000+00:00,Cryo-EM structure of ternary complex of human phosphoribosylglycinamidine synthase with the intermediate (iminophosphate) and ADP bound at the synthase site.
9NAU,EMD-49203,2.77,2026-02-18T00:00:00.000+00:00,CryoEM structure of capsid from human astrovirus 1 in complex with human neonatal Fc receptor
9NAV,EMD-49204,3.81,2026-02-18T00:00:00.000+00:00,CryoEM structure of human astrovirus 1 spike in complex with human neonatal Fc receptor
9NB1,EMD-49206,3.85,2026-01-21T00:00:00.000+00:00,CRYO-EM STRUCTURE OF human U7 SNRNP WITH MUTANT LSM11 that disrupts contacts with CPSF73
9NB3,EMD-49207,3.19,2026-02-25T00:00:00.000+00:00,Cryo-EM structure of quaternary complex of human phosphoribosylglycinamidine synthase with thioester intermediate bound (at glutaminase site) and AMPPNP and FGAR (at synthase site).
9NBT,EMD-49236,2.91,2026-01-21T00:00:00.000+00:00,AMC008 v4.2 SOSIP Env trimer in complex with VRC01 and 35O22 Fabs
9NBY,EMD-49238,3.16,2026-01-21T00:00:00.000+00:00,"AMC008 v4.2 SOSIP Env trimer in complex with PGT121, VRC01 and 3BC315 Fabs"
9NC0,EMD-49239,3.88,2026-01-21T00:00:00.000+00:00,AMC008 v4.2 SOSIP Env trimer in complex with b12 Fab
9NC3,EMD-49240,3.74,2026-01-21T00:00:00.000+00:00,AMC008 v4.2 SOSIP Env trimer in complex with b12 and 3BC315 Fabs
9NC6,EMD-49241,3.52,2026-01-21T00:00:00.000+00:00,AMC008 v4.2 SOSIP Env trimer in complex with two 3BC315 Fabs
9NC8,EMD-49242,3.55,2026-01-21T00:00:00.000+00:00,AMC008 v4.2 SOSIP Env trimer in complex with one 3BC315 Fab
9NC9,EMD-49243,3.79,2026-02-18T00:00:00.000+00:00,Helical assembly of AVAST5 filament
9NCJ,EMD-49258,3.93,2026-02-18T00:00:00.000+00:00,"Coiled-coil bundlemer nanotube, R3K (15 proto-filaments)"
9NCK,EMD-49259,3.58,2026-02-18T00:00:00.000+00:00,Nanotube of computationally designed peptide assembly R3K (16 protofilament)
9NCN,EMD-49260,2.86,2026-02-18T00:00:00.000+00:00,IN-ML-15 bound to IRzip
9NCO,EMD-49261,3.4,2026-02-18T00:00:00.000+00:00,IN-ML-15 bound to IGF1Rzip
9NEF,EMD-49307,3.4,2026-03-11T00:00:00.000+00:00,Cryo-EM of NBD-L4pY filament at 5mM concentration
9NEJ,EMD-49313,3.1,2026-03-04T00:00:00.000+00:00,AZD-3 bound EFPA transporter of Mycobacterium tuberculosis
9NEN,EMD-49328,3.5,2026-02-04T00:00:00.000+00:00,Cryo-EM structure of human Ro60
9NEP,EMD-49329,2.7,2026-02-04T00:00:00.000+00:00,Cryo-EM structure of Ro60/minimal misfolded pre-5S rRNA complex
9NEQ,EMD-49330,3.5,2026-03-11T00:00:00.000+00:00,Cryo-EM of NBD-L4pY nanofibers at 1.25mM concentration
9NET,EMD-49335,3.5,2026-03-11T00:00:00.000+00:00,Cryo-EM of NBD-L4pY filament at 0.4 mM concentration
9NEY,EMD-49339,3.06,2026-07-01T00:00:00.000+00:00,The structure of BoNT/A in complex with a neutralizing antibody 2G11
9NF7,EMD-49347,2.44,2026-03-11T00:00:00.000+00:00,cryo-EM structure of Serendipita indica sulfate transporter SiSulT in sulphate bound state
9NF8,EMD-49355,3.1,2026-02-04T00:00:00.000+00:00,"Cryo-EM structure of Ro60/La/truncated misfolded human pre-5S rRNA complex with Fab, composite map"
9NFA,EMD-49360,2.7,2026-02-04T00:00:00.000+00:00,"Cryo-EM structure of Ro60/La/minimal misfolded pre-5S rRNA complex with Fab, composite map"
9NFN,EMD-49371,3.66,2026-02-25T00:00:00.000+00:00,Nanotube of Y5 - (5 protomer)
9NFT,EMD-49372,3.0,2026-08-26T00:00:00.000+00:00,PRO-37587 bound to SARS-CoV-2 Spike protein
9NFV,EMD-49374,3.8,2026-08-12T00:00:00.000+00:00,Human SRCAP-CFDP1-nucleosome complex in the poised state of the H2A.Z histone exchange reaction (composite structure)
9NFW,EMD-49375,3.8,2026-08-12T00:00:00.000+00:00,Human SRCAP-CFDP1-nucleosome complex in the activated state of the H2A.Z histone exchange reaction (composite structure)
9NFX,EMD-49376,3.3,2026-08-12T00:00:00.000+00:00,Human SRCAP-CFDP1-hexasome complex in the evicted state of the H2A.Z histone exchange reaction (composite structure)
9NFY,EMD-49377,3.4,2026-08-12T00:00:00.000+00:00,Human SRCAP-CFDP1-prenucleosome complex in the pre-inserted state of the H2A.Z histone exchange reaction (composite structure)
9NFZ,EMD-49378,3.8,2026-08-12T00:00:00.000+00:00,Human SRCAP-nucleosome complex in the fully inserted state of the H2A.Z histone exchange reaction (composite structure)
9NG0,EMD-49379,3.9,2026-08-12T00:00:00.000+00:00,Human SRCAP-nucleosome complex in the pre-dissociation state of the H2A.Z histone exchange reaction (composite structure)
9NGK,EMD-49387,3.7,2026-02-25T00:00:00.000+00:00,Nanotube of Y5 - (4 protofilament)
9NGO,EMD-49389,3.01,2026-01-21T00:00:00.000+00:00,CRYO-EM STRUCTURE OF HUMAN U7 SNRNP WITH METHYLATED noncleavable H2A* SUBSTRATE PRE-MRNA (FOCUS MAP)
9NGZ,EMD-49397,2.96,2026-03-11T00:00:00.000+00:00,Cryo-EM structure of Serendipita indica sulfate transporter SiSulT in Apo state
9NH5,EMD-49402,2.82,2026-01-21T00:00:00.000+00:00,CRYO-EM STRUCTURE OF HUMAN U7 SNRNP WITH METHYLATED noncleavable H2A* SUBSTRATE PRE-MRNA (core region)
9NH6,EMD-49403,2.82,2026-01-21T00:00:00.000+00:00,CRYO-EM STRUCTURE OF HUMAN U7 SNRNP WITH METHYLATED noncleavable H2A* SUBSTRATE PRE-MRNA (COMPOSITE MAP)
9NHZ,EMD-49450,2.73,2026-04-01T00:00:00.000+00:00,Cryo-EM structure of an MgtA tetramer in E2-P and E1-like states
9NI3,EMD-49451,2.82,2026-05-27T00:00:00.000+00:00,Cryo-EM structure of the PI3K alpha/KRas complex on POPC/POPS/PIP2 nanodiscs
9NI4,EMD-49452,2.61,2026-05-13T00:00:00.000+00:00,Cryo-EM structure of the PI3K alpha/KRas/HER3 phosphopeptide complex dimer on POPC/POPS/PIP2 nanodiscs
9NI5,EMD-49453,2.89,2026-05-13T00:00:00.000+00:00,Cryo-EM structure of the PI3K alpha/KRas/HER3 phosphopeptide complex on POPC/POPS/PIP2 nanodiscs
9NI6,EMD-49454,3.01,2026-05-13T00:00:00.000+00:00,Cryo-EM structure of the Class 1 PI3K alpha/KRas complex on POPC/POPS nanodiscs
9NI7,EMD-49455,3.05,2026-05-20T00:00:00.000+00:00,Cryo-EM structure of the Class 3 PI3K alpha/KRas complex on POPC/POPS nanodiscs
9NI8,EMD-49456,3.23,2026-05-27T00:00:00.000+00:00,Cryo-EM structure of the Class 2 PI3K alpha/KRas complex on POPC/POPS nanodiscs
9NJ2,EMD-49462,2.4,2026-03-11T00:00:00.000+00:00,N1 neuraminidase of influenza A/Vietnam/1203/2004 H5N1 in complex with four FNI9 Fab molecules
9NJ3,EMD-49463,2.48,2026-03-11T00:00:00.000+00:00,Computationally optimized broadly reactive influenza B hemagglutinin BC2 bound by antibodies #46 and #3978
9NJ6,EMD-49475,2.36,2026-03-11T00:00:00.000+00:00,Computationally optimized broadly reactive influenza B hemagglutinin BC2 bound by antibody #3978
9NJ9,EMD-49476,2.6,2026-03-11T00:00:00.000+00:00,Computationally optimized broadly reactive influenza B hemagglutinin BC2 bound by antibodies #46 and #3978
9NJA,EMD-49477,2.5,2026-03-11T00:00:00.000+00:00,Computationally optimized broadly reactive influenza B hemagglutinin BC2 bound by antibody #46
9NJS,EMD-49489,3.1,2026-09-09T00:00:00.000+00:00,human polycystin-2 with clinical variant D511V
9NMS,EMD-49554,3.5,2026-01-28T00:00:00.000+00:00,R162Q mutant of inwardly rectifying potassium channel Kir7.1
9NMT,EMD-49555,3.9,2026-01-28T00:00:00.000+00:00,ML418 bound inwardly rectifying potassium channel Kir7.1 R162Q mutant
9NN1,EMD-49559,3.7,2026-03-04T00:00:00.000+00:00,Yeast V1-ATPase bound to Rtc5p
9NNC,EMD-49571,2.4,2026-03-11T00:00:00.000+00:00,Cryo-EM structure of Serendipita indica sulfate transporter SiSulT in oxlate bound state
9NNL,EMD-49577,2.42,2026-02-25T00:00:00.000+00:00,Bordetella filamentous hemagglutinin (FhaB) C-terminal domain bound to microtubules
9NNN,EMD-49578,3.6,2026-02-11T00:00:00.000+00:00,Cryo-EM structure of amyloid fibril extracted from the heart of a variant ATTR D38A amyloidosis patient
9NNZ,EMD-49589,3.94,2026-02-18T00:00:00.000+00:00,Structure of rod opsin in complex with a megabody
9NO8,EMD-49595,3.83,2026-03-25T00:00:00.000+00:00,CryoEM structure of computationally designed bundlemer peptide nanotube (14 protofilament)
9NO9,EMD-49596,3.61,2026-03-25T00:00:00.000+00:00,CryoEM structure of computationally designed bundlemer peptide nanotube (15 protofilament)
9NOC,EMD-49597,3.17,2026-04-01T00:00:00.000+00:00,CCT G beta 5 S123L complex state 3
9NON,EMD-49601,2.4,2026-02-11T00:00:00.000+00:00,Cryo-EM structure of amyloid fibril isolated from the kidney of a variant Alect2-I40V amyloidosis patient
9NOO,EMD-49602,3.1,2026-04-01T00:00:00.000+00:00,CCT G beta 5 S123L complex state 2
9NOP,EMD-49603,3.1,2026-04-01T00:00:00.000+00:00,CCT G beta 5 S123L complex state 1
9NOQ,EMD-49604,2.9,2026-04-01T00:00:00.000+00:00,CCT G beta 5 R269E complex state 5
9NOZ,EMD-49622,3.48,2026-02-18T00:00:00.000+00:00,Structure of photoactivated rhodopsin in complex with a megabody
9NP0,EMD-49625,3.32,2026-04-01T00:00:00.000+00:00,Structure of human annexin A1 in complex with 2C1 Fab
9NPM,EMD-49628,3.59,2026-08-19T00:00:00.000+00:00,Composite map of three pairs of dimeric VRC36 Fabs bound to HIV-1 BG505.T332N DS-SOSIP.664 Env trimer
9NPW,EMD-49634,3.0,2026-04-01T00:00:00.000+00:00,CCT G beta 5 R269E complex state 2
9NQ1,EMD-49639,3.0,2026-04-01T00:00:00.000+00:00,CCT G beta 5 R269E complex state 1
9NQ6,EMD-49642,3.1,2026-04-01T00:00:00.000+00:00,CCT G beta 5 G257E complex state 4
9NQL,EMD-49668,2.16,2026-08-26T00:00:00.000+00:00,Cryo electron microscopic analysis of the adduct of syringolin analog with the Mtb 20S proteasome
9NR1,EMD-49709,3.2,2026-04-01T00:00:00.000+00:00,CCT G beta 5 G257E complex state 1
9NR4,EMD-49710,3.2,2026-04-01T00:00:00.000+00:00,CCT G beta 5 G257E complex state 3
9NRD,EMD-49729,3.2,2026-04-01T00:00:00.000+00:00,CCT G beta 5 G257E complex state 2
9NRE,EMD-49730,3.1,2026-04-01T00:00:00.000+00:00,CCT G beta 5 G257E complex state 5
9NRF,EMD-49731,3.1,2026-04-01T00:00:00.000+00:00,CCT G beta 5 G257E complex state 6
9NRG,EMD-49732,3.0,2026-04-01T00:00:00.000+00:00,CCT G beta 5 R269E complex state 3
9NRH,EMD-49733,2.9,2026-04-01T00:00:00.000+00:00,CCT G beta 5 R269E complex state 4
9NU4,EMD-49796,3.6,2026-02-11T00:00:00.000+00:00,Structure of MurJ in complex with single gene lysis protein from phage M
9NU5,EMD-49797,3.7,2026-02-11T00:00:00.000+00:00,Structure of MurJ in complex with single gene lysis protein from phage PP7
9NU8,EMD-49798,3.6,2026-02-11T00:00:00.000+00:00,Structure of MurJ in complex with single gene lysis protein from phage Changjiang3
9NUF,EMD-49803,2.96,2026-03-25T00:00:00.000+00:00,Cryo-EM structure of the Nipah Virus nucleocapsid complex
9NUH,EMD-49806,2.92,2026-03-25T00:00:00.000+00:00,SsoPfMCM:DNA class 1a from merged particles
9NUI,EMD-49807,3.24,2026-03-25T00:00:00.000+00:00,SsoPfMCM:DNA class 1b from merged particles
9NUJ,EMD-49808,3.44,2026-03-25T00:00:00.000+00:00,SsoPfMCM:DNA class 1c from merged particles
9NUK,EMD-49809,2.7,2026-03-25T00:00:00.000+00:00,SsoPfMCM:DNA class 2a from merged particles
9NUL,EMD-49810,2.5,2026-03-25T00:00:00.000+00:00,SsoPfMCM:DNA class 2b from merged particles
9NUM,EMD-49811,3.67,2026-03-25T00:00:00.000+00:00,SsoPfMCM:DNA class 3 from merged particles
9NUN,EMD-49812,3.36,2026-03-25T00:00:00.000+00:00,SsoPfMCM:DNA class 1a from DNA 1
9NUO,EMD-49813,3.58,2026-03-25T00:00:00.000+00:00,SsoPfMCM:DNA class 1b from DNA 1
9NUP,EMD-49814,3.9,2026-03-25T00:00:00.000+00:00,SsoPfMCM:DNA class 1c from DNA 1
9NUQ,EMD-49815,3.13,2026-03-25T00:00:00.000+00:00,SsoPfMCM:DNA class 2a from DNA 1
9NUR,EMD-49816,2.99,2026-03-25T00:00:00.000+00:00,SsoPfMCM:DNA class 2b from DNA 1
9NUT,EMD-49818,2.93,2026-04-01T00:00:00.000+00:00,SsoPfMCM:DNA class 1a from DNA 2
9NUU,EMD-49819,3.38,2026-04-01T00:00:00.000+00:00,SsoPfMCM:DNA class 1b from DNA 2
9NUV,EMD-49820,3.51,2026-04-01T00:00:00.000+00:00,SsoPfMCM:DNA class 1c from DNA 2
9NUW,EMD-49821,2.65,2026-04-01T00:00:00.000+00:00,SsoPfMCM:DNA class 2a from DNA 2
9NUX,EMD-49822,2.45,2026-04-01T00:00:00.000+00:00,SsoPfMCM:DNA class 2b from DNA 2
9NUY,EMD-49823,3.52,2026-04-01T00:00:00.000+00:00,SsoPfMCM:DNA class 3 from DNA 2
9NVG,EMD-49835,3.0,2026-02-25T00:00:00.000+00:00,Structure of SARS-CoV-2 BA.1 spike RBD bound to COV2-3835 Fab
9NVN,EMD-49844,2.89,2026-02-11T00:00:00.000+00:00,Structure of Nanchung-Inactive-Calmodulin in apo state
9NVO,EMD-49845,2.49,2026-02-11T00:00:00.000+00:00,Structure of Nanchung-Inactive-Calmodulin in complex with Nicotinamide
9NVP,EMD-49846,2.85,2026-02-11T00:00:00.000+00:00,"Structure of Nanchung-Inactive-Calmodulin in complex with Nicotinamide, EDTA"
9NVQ,EMD-49847,3.01,2026-02-11T00:00:00.000+00:00,Structure of Nanchung-Inactive-Calmodulin in complex with Afidopyropen and calcium
9NVR,EMD-49848,3.13,2026-02-11T00:00:00.000+00:00,"Structure of Nanchung-Inactive-Calmodulin in complex with Afidopyropen, EDTA"
9NVS,EMD-49849,3.28,2026-02-11T00:00:00.000+00:00,Structure of a pentameric Nanchung in complex with Afidopyropen
9NVV,EMD-49865,2.9,2026-04-01T00:00:00.000+00:00,Cryo-EM structure of V2 apex germline-targeting HIV Env trimer Q23-APEX-GT2
9NVW,EMD-49866,3.3,2026-04-01T00:00:00.000+00:00,Cryo-EM structure of rhesus antibody CH35-Apex1.08 in complex with HIV Env trimer Q23-APEX-GT2
9NVX,EMD-49867,3.0,2026-04-01T00:00:00.000+00:00,Cryo-EM structure of rhesus antibody CI91-Apex1.01 in complex with HIV Env trimer Q23-APEX-GT2
9NVY,EMD-49868,3.8,2026-04-01T00:00:00.000+00:00,Cryo-EM structure of rhesus antibody CH70-Apex2.01 in complex with HIV Env trimer Q23-APEX-GT2
9NVZ,EMD-49869,3.0,2026-04-01T00:00:00.000+00:00,Cryo-EM structure of rhesus antibody CH70-Apex1.01 in complex with HIV Env trimer Q23-APEX-GT2
9NW0,EMD-49870,2.9,2026-04-01T00:00:00.000+00:00,Cryo-EM structure of rhesus antibody CH42-Apex1.01 in complex with HIV Env trimer Q23-APEX-GT2
9NW1,EMD-49871,3.1,2026-04-01T00:00:00.000+00:00,Cryo-EM structure of rhesus antibody CH42-Apex2.01 in complex with HIV Env trimer Q23-APEX-GT2
9NWR,EMD-49891,2.8,2026-04-15T00:00:00.000+00:00,Cryo-EM of Class-2 of YM1P nanotube
9NWS,EMD-49892,2.7,2026-02-04T00:00:00.000+00:00,Cryo-EM structure of DDB1dB:CRBN:mezigdomide:SALL4(392-449)
9NWT,EMD-49893,2.7,2026-02-04T00:00:00.000+00:00,Cryo-EM structure of DDB1dB:CRBN:mezigdomide:SALL4(392-449;G416A)
9NWV,EMD-49895,2.7,2026-04-15T00:00:00.000+00:00,Cryo-EM of Class-3 of YM1P nanotube
9NX0,EMD-49897,3.06,2026-02-04T00:00:00.000+00:00,Alpha7-nicotinic acetylcholine receptor bound to conotoxin ImI
9NX1,EMD-49898,3.1,2026-02-04T00:00:00.000+00:00,Alpha7-nicotinic acetylcholine receptor bound to conotoxin ImII
9NX2,EMD-49899,2.96,2026-02-04T00:00:00.000+00:00,Muscle-type nicotinic acetylcholine receptor bound to conotoxin ImII
9NXZ,EMD-49913,2.8,2026-04-15T00:00:00.000+00:00,Cryo-EM of Class-1 of YM1P nanotube
9NY0,EMD-49914,2.5,2026-04-15T00:00:00.000+00:00,Cryo-EM of Class-4 of YM1P nanotube
9NYP,EMD-49941,2.86,2026-04-29T00:00:00.000+00:00,Cryo-EM structure of NVL bound the the MM927 inhibitor
9NYR,EMD-49942,3.9,2026-02-04T00:00:00.000+00:00,Cryo-EM structure of CDK2/CyclinE1 in complex with CRBN/DDB1 and Cpd 24
9NYX,EMD-49945,3.1,2026-02-04T00:00:00.000+00:00,Structure of Native Bovine Rhodopsin in Complex with Mb7 in the Dark State
9NZ0,EMD-48715,3.31,2026-06-17T00:00:00.000+00:00,Cryo-EM structure of vaccine elicited antibody 22F5 bound to the post-fusion conformation of the LayV-F glycoprotein
9NZO,EMD-49954,3.2,2026-04-08T00:00:00.000+00:00,Structure of Al3Cas12f State I
9NZP,EMD-49955,3.07,2026-04-08T00:00:00.000+00:00,Cryo-EM structure of RhCas12f-gRNA-DNA ternary complex
9NZQ,EMD-49956,3.67,2026-04-08T00:00:00.000+00:00,Cryo-EM structure of OsCas12f-gRNA-DNA ternary complex. State II
9NZR,EMD-49957,3.26,2026-04-08T00:00:00.000+00:00,Structure of Al3Cas12f State II
9NZS,EMD-49958,3.68,2026-04-08T00:00:00.000+00:00,Cryo-EM structure of OsCas12f-gRNA-DNA ternary complex. State III
9NZT,EMD-49959,3.27,2026-04-08T00:00:00.000+00:00,Cryo-EM structure of OsCas12f-gRNA-DNA ternary complex State I
9NZU,EMD-49960,1.9,2026-04-29T00:00:00.000+00:00,Atomic resolution cryoEM structure of HPV16 bound to heparin
9O04,EMD-49966,3.2,2026-01-21T00:00:00.000+00:00,CryoEM structure of the FBXO42-CCDC6-PP2Ac degradasome
9O0G,EMD-49972,2.5,2026-02-25T00:00:00.000+00:00,CryoEM structure of M. mazei topoisomerase VI(A-E342Q)-minicircle DNA complex in cleavage state
9O0L,EMD-49992,3.5,2026-01-21T00:00:00.000+00:00,CryoEM structure of the CCDC6-PP2Ac multimer
9O1I,EMD-70008,2.49,2026-04-15T00:00:00.000+00:00,TMEM16F in liposomes in the absence of Ca2+ (contracted state)
9O1L,EMD-70011,2.91,2026-05-06T00:00:00.000+00:00,TMEM16F in liposomes in the absence of Ca2+ (expanded state)
9O1M,EMD-70012,2.92,2026-05-06T00:00:00.000+00:00,TMEM16F in liposomes in the presence of Ca2+ (closed state)
9O1N,EMD-70013,3.56,2026-05-06T00:00:00.000+00:00,TMEM16F in liposomes in the presence of Ca2+ (active state)
9O1O,EMD-70014,2.97,2026-05-06T00:00:00.000+00:00,TMEM16F R478E/E604R mutant in liposomes in the presence of Ca2+
9O1P,EMD-70015,3.48,2026-05-06T00:00:00.000+00:00,TMEM16F D409G mutant in liposomes in the presence of Ca2+ (closed state)
9O2X,EMD-70050,2.29,2026-03-18T00:00:00.000+00:00,"Structure of WT E.coli ribosome 70S subunit with complexed with mRNA, P-site fMet-NH-tRNAfMet and A-site (S)-betahydroxyBocK charged NH-tRNAPyl"
9O2Y,EMD-70051,2.14,2026-03-18T00:00:00.000+00:00,"Structure of WT E.coli ribosome 70S subunit with complexed with mRNA, P-site fMet-NH-tRNAfMet and A-site (R) beta-2-hydroxy-BocLysine acid charged NH-tRNAPyl"
9O36,EMD-70071,2.3,2026-04-01T00:00:00.000+00:00,CryoEM structure of mu-opioid receptor - Gi protein complex bound to fluornitrazene (FNZ)
9O3G,EMD-70079,3.46,2026-05-20T00:00:00.000+00:00,S.mutans Phosphodiesterase GdpP in Apo State
9O3V,EMD-70083,2.2,2026-03-04T00:00:00.000+00:00,Human 80S ribosome stalled on MYC nascent chain
9O3W,EMD-70084,1.9,2026-03-04T00:00:00.000+00:00,Human 80S ribosome bound to IDB-001 stalled on MYC nascent chain
9O3Y,EMD-70086,2.2,2026-03-04T00:00:00.000+00:00,Human 80S ribosome bound to IDB-002 stalled on FPAK-containing nascent chain
9O3Z,EMD-70087,3.42,2026-05-06T00:00:00.000+00:00,Phosphonull (T209A) of stress-activating residues
9O49,EMD-70090,2.87,2026-04-08T00:00:00.000+00:00,Cryo-EM structure of Rubisco with hetero small subunit 1A3B form I
9O4C,EMD-70094,2.97,2026-04-08T00:00:00.000+00:00,Cryo-EM structure of Rubisco with hetero small subunit 1A3B form II
9O4E,EMD-70096,2.33,2026-05-06T00:00:00.000+00:00,EcAvs2 bound to phage PhiV-1 terminase
9O4G,EMD-70100,3.42,2026-03-04T00:00:00.000+00:00,Cryo-EM structure of the CHSY3-CHPF1 chondroitin synthase heterodimer
9O4R,EMD-70112,3.76,2026-05-06T00:00:00.000+00:00,Phosphonull (S56A) of stress-activating residues
9O59,EMD-70128,3.3,2026-05-06T00:00:00.000+00:00,ZnO Nucleated Z4-C3i Trimer Within the Octahedral Z4-Cage Nanoparticle
9O5A,EMD-70135,3.2,2026-02-18T00:00:00.000+00:00,The KICSTOR-GATOR1 complex
9O5D,EMD-70140,3.34,2026-01-21T00:00:00.000+00:00,The KICSTOR-GATOR1-SAMTOR complex
9O5Q,EMD-70146,3.83,2026-05-06T00:00:00.000+00:00,Octahedral Z4-Cage Nanoparticle
9O65,EMD-70159,3.0,2026-01-21T00:00:00.000+00:00,Cryo-EM structure of SHOC2-KRAS-PP1CA (SKP) complex
9O6A,EMD-70168,2.22,2026-04-22T00:00:00.000+00:00,CryoEM structure of EcKatG S-Trp105 at 2.22 Angstrom resolution revealing an asymmetric sulfur center in O=S-Trp
9O6G,EMD-70173,3.37,2026-04-22T00:00:00.000+00:00,"Wildtype rabbit TRPV5 in nanodics in the presence of Menthol and PI(4,5)P2"
9O6V,EMD-70182,2.72,2026-04-22T00:00:00.000+00:00,Recombinant AD PHF complexed with SW-MK-NBD (PHF2)
9O6W,EMD-70183,2.67,2026-04-22T00:00:00.000+00:00,Recombinant AD PHF complexed with SW-MK-NBD (Non Symmetric Binding Site)
9O6X,EMD-70184,2.58,2026-04-22T00:00:00.000+00:00,Recombinant AD THF incubated with SW-MK-NBD (Non-Symmetric Binding)
9O6Y,EMD-70185,2.72,2026-04-22T00:00:00.000+00:00,Recombinant AD PHF complexed with SW-MK-NBD
9O6Z,EMD-70187,2.31,2026-04-22T00:00:00.000+00:00,Recombinant AD THF with SW-MK-NBD complexed in AD-related Binding Site
9O76,EMD-70188,2.58,2026-04-22T00:00:00.000+00:00,Recombinant AD THF complexed with SW-MK-NBD (Secondary Binding Site)
9O79,EMD-70191,2.55,2026-04-22T00:00:00.000+00:00,Recombinant AD PHF incubated with DMSO (Kinked Backbone E342)
9O7B,EMD-70193,2.31,2026-04-22T00:00:00.000+00:00,Recombinant AD THF incubated with DMSO (Kinked Backbone E342)
9O7C,EMD-70194,2.31,2026-04-22T00:00:00.000+00:00,Recombinant AD THF incubated with DMSO (Flat Backbone E342)
9O7D,EMD-70195,3.6,2026-05-13T00:00:00.000+00:00,CHIP E3 ligase dimer in Asymmetric state bound to 1 Fab H1
9O7E,EMD-70196,3.9,2026-05-13T00:00:00.000+00:00,CHIP E3 ligase dimer in intermediate state bound to 2 Fab H1
9O7F,EMD-70197,3.7,2026-05-13T00:00:00.000+00:00,CHIP E3 ligase dimer in Symmetric state bound to 2 Fab H1
9O7G,EMD-70198,3.1,2026-05-13T00:00:00.000+00:00,CHIP E3 ligase U-box-Fab H1 epitope focused refinement
9O7I,EMD-70200,3.4,2026-05-13T00:00:00.000+00:00,CHIP E3 ligase CC domain dimer-Fab 2D2 epitope focused refinement
9O7M,EMD-70204,3.9,2026-07-08T00:00:00.000+00:00,Cryo-EM Structure of YfdQ Reveals a Widespread Novel Family of Bacteriophage-Associated Proteins with Shell-Like Assemblies
9O7O,EMD-70206,2.7,2026-02-25T00:00:00.000+00:00,CryoEM structure of M. mazei topoisomerase VI(A-E342Q)-minicircle DNA complex in asymmetric state
9O7T,EMD-70208,3.26,2026-06-10T00:00:00.000+00:00,"S. aureus YhaM D193A, 4 N-terminal domains, 2 RNA substrates"
9O8D,EMD-70223,3.41,2026-02-25T00:00:00.000+00:00,Cryo-EM structure of primidone-bound rabbit TRPM3 having 2 resting and 2 activated subunits (ortho position) at 18 degrees Celsius
9O8E,EMD-70224,3.1,2026-03-18T00:00:00.000+00:00,amyloid fibril of recombinant full-length 2N4R tau complexed with unfractionated mouse liver RNA and seeded by Alzheimer's disease tau fibrils
9O8H,EMD-70227,3.3,2026-03-18T00:00:00.000+00:00,amyloid fibril of recombinant full-length 2N4R tau complexed with mouse liver 18S ribosomal RNA
9O8M,EMD-70231,3.79,2026-02-04T00:00:00.000+00:00,Ab1983 in complex with HIV-1 Env variant WIN332
9O8P,EMD-70232,3.6,2026-02-25T00:00:00.000+00:00,CryoEM structure of M. mazei topoisomerase VI-minicircle DNA complex
9O8Q,EMD-70233,2.62,2026-02-04T00:00:00.000+00:00,Cryo-EM structure of NI06063_d30_103 Fab in complex with influenza virus hemagglutinin from A/Hong Kong/485197/2014 (H3N2)
9O8R,EMD-70234,2.96,2026-02-04T00:00:00.000+00:00,Cryo-EM structure of NI06063_d30_103 Fab in complex with influenza virus hemagglutinin from A/Michigan/45/2015 (H1N1)
9O8S,EMD-70235,2.65,2026-02-04T00:00:00.000+00:00,Cryo-EM structure of NI04359_d30_240 Fab in complex with influenza virus hemagglutinin from A/Hong Kong/485197/2014 (H3N2)
9O8T,EMD-70236,3.12,2026-02-04T00:00:00.000+00:00,Cryo-EM structure of NI04359_d30_240 Fab in complex with influenza virus hemagglutinin from A/Michigan/45/2015 (H1N1)
9O8Z,EMD-70239,4.0,2026-02-25T00:00:00.000+00:00,CryoEM structure of M. mazei topoisomerase VI-minicircle DNA complex in partially unfolded transducer state
9O95,EMD-70242,3.2,2026-01-07T00:00:00.000+00:00,Cryo-EM structure of CLC-ec1 at pH 7.5
9O96,EMD-70243,3.2,2026-01-07T00:00:00.000+00:00,Cryo-EM structure of CLC-ec1 at pH 4.0
9O97,EMD-70244,3.1,2026-01-07T00:00:00.000+00:00,Cryo-EM structure of CLC-ec1 at pH 3.0
9O98,EMD-70245,3.3,2026-01-07T00:00:00.000+00:00,Cryo-EM structure of CLC-ec1 K131A at pH 7.5
9O9J,EMD-70252,2.3,2026-05-20T00:00:00.000+00:00,Cryo-EM structure of alpha-synuclein filaments from Parkinson's disease with G51D mutaion in SNCA
9O9K,EMD-70253,2.9,2026-05-20T00:00:00.000+00:00,Cryo-EM structure of alpha-synuclein filaments from Parkinson's disease with H50Q variant in SNCA
9O9L,EMD-70254,3.43,2026-05-20T00:00:00.000+00:00,S. mutans Phosphodiesterase GdpP with 5' pApA
9O9M,EMD-70259,3.8,2026-02-25T00:00:00.000+00:00,CryoEM structure of M. mazei topoisomerase VI-minicircle DNA complex in asymmetric state
9OA3,EMD-70273,3.02,2026-05-20T00:00:00.000+00:00,N. brasiliensis GlfT2 in a styrene maleic acid liponanoparticle
9OA9,EMD-70276,3.44,2026-02-04T00:00:00.000+00:00,CryoEM structure of anti-MHC-I mAb B1.23.2 Fc domains
9OAA,EMD-70277,3.67,2026-01-21T00:00:00.000+00:00,The structure of TdfH from Neisseria gonorrhoeae
9OAB,EMD-70278,2.6,2026-01-28T00:00:00.000+00:00,C3 reconstruction of the thermophilic bacteriophage P74-26 Neck
9OAC,EMD-70279,2.6,2026-01-28T00:00:00.000+00:00,C5 reconstruction of the thermophilic bacteriophage P74-26 Portal Vertex
9OAD,EMD-70280,3.56,2026-01-28T00:00:00.000+00:00,C1 reconstruction of the thermophilic bacteriophage P74-26 Portal and Portal Vertex
9OAE,EMD-70281,3.4,2026-01-28T00:00:00.000+00:00,Composite reconstruction of the thermophilic bacteriophage P74-26 Neck and Portal Vertex
9OAJ,EMD-70287,2.91,2026-01-21T00:00:00.000+00:00,AMC008 v4.2 SOSIP Env trimer in complex with CD4 D1D2
9OB1,EMD-70289,3.2,2026-03-04T00:00:00.000+00:00,"S.c INO80 in complex with Yeast 0/80 nucleosome, Apo State"
9OBK,EMD-70294,3.01,2026-05-06T00:00:00.000+00:00,A-beta42-Met-R-SO amyloidal fibril
9OBS,EMD-70297,3.18,2026-05-06T00:00:00.000+00:00,glutamate/glycine-bound GluN1a/2B NMDAR
9OBT,EMD-70298,3.01,2026-05-06T00:00:00.000+00:00,TMD of glutamate/glycine-bound GluN1a/2B NMDAR
9OBU,EMD-70299,3.16,2026-05-06T00:00:00.000+00:00,glycine/glutamate and Mg2+-bound GluN1a/2B NMDAR
9OBV,EMD-70300,3.21,2026-05-06T00:00:00.000+00:00,Mg2+-bound GluN1a/2B NMDAR (upper)
9OBW,EMD-70301,3.15,2026-05-06T00:00:00.000+00:00,Mg2+ bound GluN1a/2B NMDAR (lower)
9OBX,EMD-70302,2.59,2026-05-06T00:00:00.000+00:00,glutamate/glycine and Ca2+-bound GluN1a/2B NMDAR
9OBY,EMD-70303,3.6,2026-05-06T00:00:00.000+00:00,Ca2+-bound GluN1a/2B NMDAR (S1)
9OBZ,EMD-70304,2.81,2026-05-06T00:00:00.000+00:00,Ca2+-bound GluN1a/2B NMDAR (S2)
9OC0,EMD-70305,2.97,2026-05-06T00:00:00.000+00:00,Ca2+-bound GluN1a/2B NMDAR (S3)
9OC1,EMD-70306,2.76,2026-05-06T00:00:00.000+00:00,Ca2+-bound GluN1a/2B NMDAR (S4)
9OC2,EMD-70307,2.69,2026-05-06T00:00:00.000+00:00,Ca2+-bound GluN1a/2B NMDAR (S5)
9ODE,EMD-70356,2.5,2026-03-04T00:00:00.000+00:00,"Structure of the MOR/Gi/Lofentanil Complex, Nucleotide Free"
9ODF,EMD-70357,2.4,2026-03-04T00:00:00.000+00:00,"Structure of the MOR/Gi/Lofentanil Complex, GTP-bound G-Primed"
9ODH,EMD-70359,3.8,2026-03-04T00:00:00.000+00:00,"Structure of the MOR/Gi/Lofentanil Complex, GTP-bound G-ACT-2, G Protein Local"
9ODI,EMD-70360,3.7,2026-03-04T00:00:00.000+00:00,"Structure of the MOR/Gi/Lofentanil Complex, GTP-bound G-ACT-2', G Protein Local"
9ODJ,EMD-70364,3.0,2026-01-07T00:00:00.000+00:00,"Structure of the MOR/Gi/Mitragynine Pseudoindoxil Complex, GTP-bound G-Primed, AHD 3DVA Sorted"
9ODK,EMD-70365,3.9,2026-01-07T00:00:00.000+00:00,"Structure of the MOR/Gi/Mitragynine Pseudoindoxil Complex, GTP-bound G-ACT-2"
9ODL,EMD-70366,3.6,2026-01-07T00:00:00.000+00:00,"Structure of the MOR/Gi/Mitragynine Pseudoindoxil Complex, GTP-bound G-ACT-3"
9ODM,EMD-70369,2.8,2026-03-04T00:00:00.000+00:00,"Structure of the MOR/Gi/DAMGO Complex, Nucleotide Free, Baseline"
9ODN,EMD-70370,2.4,2026-03-04T00:00:00.000+00:00,"Structure of the MOR/Gi/DAMGO Complex, GTP-Bound, G-Primed"
9ODO,EMD-70371,3.8,2026-03-04T00:00:00.000+00:00,"Structure of the MOR/Gi/DAMGO Complex, GTP-Bound, G-ACT-2"
9ODT,EMD-70376,2.04,2026-02-25T00:00:00.000+00:00,The structure of a Bacterial Cyanide Dihydratase from Bacillus safensis PER-URP-08
9ODU,EMD-70377,3.9,2026-04-29T00:00:00.000+00:00,"Yeast V-ATPase bound to Rtc5p, rotary state 2"
9ODY,EMD-70380,3.29,2026-06-03T00:00:00.000+00:00,Zebrafish Abcb4 in IF-narrow conformation (IF-Narrow)
9ODZ,EMD-70381,3.59,2026-06-03T00:00:00.000+00:00,Zebrafish Abcb4 in IF-Wide conformation (IF-Wide)
9OE0,EMD-70382,3.39,2026-06-03T00:00:00.000+00:00,Zebrafish Abcb4 in IF-Medium conformation (IF-Medium)
9OE1,EMD-70383,3.02,2026-06-03T00:00:00.000+00:00,Zebrafish Abcb4 in IF-narrow conformation in the presence of Tariquidar (TQR-IF-Narrow)
9OE2,EMD-70384,3.18,2026-06-03T00:00:00.000+00:00,Zebrafish Abcb4 in IF-medium conformation in the presence of Tariquidar (TQR-IF-Medium)
9OE3,EMD-70385,3.54,2026-06-03T00:00:00.000+00:00,Zebrafish Abcb4 in IF-Wide conformation in the presence of Tariquidar (TQR-IF-Wide)
9OE4,EMD-70386,3.0,2026-06-03T00:00:00.000+00:00,Zebrafish Abcb4 in IF-Narrow conformation in the presence of Elacridar (ELA-IF-Narrow)
9OE5,EMD-70387,3.16,2026-06-03T00:00:00.000+00:00,Zebrafish Abcb4 in IF-Medium conformation in the presence of Elacridar (ELA-IF-Medium)
9OE6,EMD-70388,3.31,2026-06-03T00:00:00.000+00:00,Zebrafish Abcb4 in IF-Wide conformation in the presence of Elacridar (ELA-IF-Wide)
9OE7,EMD-70389,3.95,2026-06-03T00:00:00.000+00:00,Zebrafish Abcb4 in IF-narrow conformation in the presence of Vincristine (VCR-IF-Narrow)
9OE8,EMD-70390,3.7,2026-06-03T00:00:00.000+00:00,Zebrafish Abcb4 in IF-medium conformation in the presence of Vincristine (VCR-IF-Medium)
9OED,EMD-70395,3.94,2026-02-11T00:00:00.000+00:00,Ab1999 in complex with HIV-1 Env RC1
9OEF,EMD-70397,2.69,2026-07-08T00:00:00.000+00:00,Structure of the human astrovirus VA1 capsid spike bound to antibody 7C8
9OEG,EMD-70398,3.05,2026-07-08T00:00:00.000+00:00,Structure of the human astrovirus VA1 capsid spike bound to antibody 2A2
9OEH,EMD-70399,3.67,2026-08-26T00:00:00.000+00:00,GluN1/GluN3A in complex with CGP and DCKA
9OEK,EMD-70400,3.24,2026-09-02T00:00:00.000+00:00,amyloid fibril of recombinant transforming growth factor beta induced protein FAS1-4 domain with V624M mutation
9OEM,EMD-70402,3.01,2026-08-26T00:00:00.000+00:00,"GluN1/GluN3A_ELSL in complex with CGP/Gly/GNE/UCM, in pre-open conformation (class 1)"
9OEN,EMD-70403,2.81,2026-08-26T00:00:00.000+00:00,"GluN1/GluN3A_ELSL in complex with CGP/Gly/GNE/UCM, LBD-focused, in active conformation (class 2)"
9OFA,EMD-70421,2.04,2026-02-25T00:00:00.000+00:00,The structure of a Fungal Cyanide Hydratase from Gloeocercospora sorghi
9OFI,EMD-70433,3.41,2026-08-26T00:00:00.000+00:00,"GluN1/GluN3A in complex with CGP and DCKA, LBD-focused, in antagonist-bound conformation"
9OFN,EMD-70438,3.6,2026-07-08T00:00:00.000+00:00,Enterobacter FliC filament
9OFW,EMD-70445,2.7,2026-05-13T00:00:00.000+00:00,328-363 tau mutant S341L_S352I
9OGH,EMD-70468,2.7,2026-03-18T00:00:00.000+00:00,Human P2X2 apo structure in lipid nanodiscs
9OGY,EMD-70479,3.28,2026-01-14T00:00:00.000+00:00,Megrivirus E 3' internal ribosome entry site (IRES) RNA core region bound to rabbit ribosome
9OH4,EMD-70483,3.48,2026-05-13T00:00:00.000+00:00,Cryo-EM structure of cGAS tetramer in complex with BuDNA (bubble DNA)
9OHC,EMD-70486,3.28,2026-03-11T00:00:00.000+00:00,CryoEM structure of Toxin B (TcdB) from clostridioides difficile complexed with taurochenodeoxycholic acid (TCDCA)
9OHD,EMD-70487,2.87,2026-03-11T00:00:00.000+00:00,CryoEM structure of Toxin B (TcdB) from clostridioides difficile complexed with methyl cholate
9OHE,EMD-70488,3.59,2026-03-11T00:00:00.000+00:00,CryoEM structure of apo Toxin B (TcdB) from Clostridioides difficile in the closed CROP state
9OHF,EMD-70489,3.19,2026-03-11T00:00:00.000+00:00,CryoEM structure of apo Toxin B (TcdB) from Clostridioides difficile in the open CROP state
9OHK,EMD-70496,3.2,2026-03-18T00:00:00.000+00:00,Human P2X2 receptor channel in lipid nanodiscs with 0.5mM Suramin
9OHM,EMD-70500,2.72,2026-05-27T00:00:00.000+00:00,Cryo-EM structure of bovine phosphodiesterase 6 bound to CB-5083
9OHN,EMD-70501,2.46,2026-05-27T00:00:00.000+00:00,Cryo-EM structure of human p97/VCP bound to inhibitor GND-135
9OI2,EMD-70502,2.8,2026-02-04T00:00:00.000+00:00,Structure of human Fab 245 in complex with influenza H1N1 A/Solomon Island/3/2006 hemagglutinin
9OI3,EMD-70503,2.71,2026-02-04T00:00:00.000+00:00,Structure of human Fab 604 in complex with influenza H1N1 A/Solomon Island/3/2006 hemagglutinin
9OI9,EMD-70514,2.6,2026-05-27T00:00:00.000+00:00,Structure of ADan amyloid filaments extracted from human brain of Familial Danish Dementia patient
9OID,EMD-70521,3.0,2026-05-27T00:00:00.000+00:00,Structure of ADan amyloid filaments from synthesized ADan peptide
9OIF,EMD-70522,3.1,2026-05-27T00:00:00.000+00:00,Structure of Type I ABri amyloid filaments extracted from human brain of Familial British Dementia patient
9OIG,EMD-70523,3.0,2026-05-27T00:00:00.000+00:00,Structure of Type II ABri amyloid filaments extracted from human brain of Familial British Dementia patient
9OII,EMD-70524,3.2,2026-05-27T00:00:00.000+00:00,Structure of Type III ABri amyloid filaments extracted from human brain of Familial British Dementia patient
9OIP,EMD-70525,2.6,2026-05-27T00:00:00.000+00:00,Structure of ABri amyloid filaments from synthesized ABri peptide
9OIR,EMD-70527,3.0,2026-03-18T00:00:00.000+00:00,Human P2X2 receptor channel in detergent with residual ATP
9OJ2,EMD-70529,3.75,2026-09-23T00:00:00.000+00:00,"sx20S complex (NSF-alphaSNAP-syntaxin-1a), non-hydrolyzing, class 1"
9OJK,EMD-70543,2.6,2026-03-18T00:00:00.000+00:00,The open state structure of human P2X2 receptor channel in lipid nanodiscs with free ATP and sodium
9OJM,EMD-70544,2.5,2026-03-18T00:00:00.000+00:00,Human mitochondrial 28S PIC with tRNA and mtIF2
9OK7,EMD-70555,3.79,2026-08-12T00:00:00.000+00:00,cryo-EM structure of human innate immune receptor conformation 1
9OK8,EMD-70556,3.69,2026-08-12T00:00:00.000+00:00,cryo-EM structure of a human innate immune receptor conformation 2
9OKD,EMD-70560,2.83,2026-06-17T00:00:00.000+00:00,Structure of the monomeric Bombyx mori CCAN bound to linear DNA
9OKE,EMD-70561,3.24,2026-07-08T00:00:00.000+00:00,Structure of the Bombyx mori bmCENP-HIKM-LN-T-OP complex without the CS module
9OKK,EMD-70567,3.23,2026-07-08T00:00:00.000+00:00,Bombyx mori bmCENP-LN-HIKM sub-complex structure
9OKL,EMD-70568,3.0,2026-06-17T00:00:00.000+00:00,Structure of the Bombyx mori apo-bmCCAN
9OKO,EMD-70570,2.5,2026-05-27T00:00:00.000+00:00,CryoEM structure of the E. coli zinc ABC transporter ZnuB-ZnuC in complex with AMP-PNP
9OKP,EMD-70571,2.9,2026-05-27T00:00:00.000+00:00,CryoEM structure of the E. coli zinc ABC transporter ZnuB-ZnuC E146Q in complex with ATP
9OKQ,EMD-70572,2.9,2026-05-27T00:00:00.000+00:00,CryoEM structure of the E. coli zinc ABC transporter ZnuB-ZnuC
9OL4,EMD-70589,3.37,2026-01-28T00:00:00.000+00:00,Cryo-EM Structure of Ryanodine Receptor 1: Drug Bound Open Conformation
9OLF,EMD-70592,2.46,2026-02-18T00:00:00.000+00:00,Membrane-associated human mitoribosome in complex with TACO1
9OLK,EMD-70595,2.8,2026-03-25T00:00:00.000+00:00,Structure of wild-type human TRPC3
9OLL,EMD-70596,3.1,2026-03-25T00:00:00.000+00:00,Structure of human TRPC3 T573A mutant
9OLM,EMD-70597,2.5,2026-03-25T00:00:00.000+00:00,Structure of human TRPC3 cerebellar splice variant (isoform c)
9OLX,EMD-70601,3.3,2026-03-25T00:00:00.000+00:00,Structure of a constitutively open human TRPC3 mutant in the inhibited state
9OM0,EMD-70602,2.58,2026-03-18T00:00:00.000+00:00,The pre-desensitized state structure of human P2X2 receptor channel in lipid nanodiscs with free ATP and sodium
9OM2,EMD-70604,3.31,2026-08-12T00:00:00.000+00:00,Full-length LRRK2 autoinhibited
9OM5,EMD-70607,3.4,2026-05-27T00:00:00.000+00:00,Composite map of six VRC35 Fabs and three MEDI8852 Fabs bound to influenza H3N2 Victoria 2011 hemagglutinin
9OM7,EMD-70609,3.3,2026-04-01T00:00:00.000+00:00,"BtCap14 SAVED domain + 2',3'-cGAMP"
9OME,EMD-70611,3.6,2026-03-18T00:00:00.000+00:00,CryoEM structure of FPM13
9OMR,EMD-70617,2.68,2026-03-18T00:00:00.000+00:00,The desensitized state structure of human P2X2 receptor channel in lipid nanodiscs with free ATP and sodium
9OMY,EMD-70624,3.25,2026-04-01T00:00:00.000+00:00,Cryo-EM structure of an octameric RAD51-XRCC3-RAD51C (RAD51-X3C) complex
9OMZ,EMD-70625,3.51,2026-04-01T00:00:00.000+00:00,Cryo-EM structure of a pentameric RAD51-XRCC3-RAD51C-RAD51D-XRCC2 (51-X3CDX2) complex.
9ON2,EMD-70627,3.16,2026-04-01T00:00:00.000+00:00,Cryo-EM structure of a tetrameric XRCC3-RAD51C-RAD51D-XRCC2 complex
9ON3,EMD-70628,3.4,2026-05-27T00:00:00.000+00:00,Cryo-EM structure of the salivary protein complex Saglin-SGS4 from Anopheles gambiae
9ON5,EMD-70629,2.6,2026-03-18T00:00:00.000+00:00,The pre-open state 1 structure of human P2X2 receptor channel in lipid nanodiscs with free ATP and sodium
9ON6,EMD-70629,2.6,2026-03-18T00:00:00.000+00:00,The pre-open state 2 structure of human P2X2 receptor channel in lipid nanodiscs with free ATP and sodium
9ONC,EMD-70636,3.64,2026-05-20T00:00:00.000+00:00,A-beta42-Met-R-SO amyloidal fibril - class3
9ONJ,EMD-70642,3.72,2026-02-18T00:00:00.000+00:00,L-cluster free apo-NifEN expressed in E. coli
9ONK,EMD-70643,3.62,2026-02-18T00:00:00.000+00:00,L-cluster inward bound holo-NifEN expressed in E. coli
9OOX,EMD-70676,3.3,2026-02-04T00:00:00.000+00:00,Cryo-EM Structure of the Escherichia phage HK446 Rip1 in complex with the Enterobacteria phage T6 small terminase
9OPJ,EMD-70719,3.2,2026-07-29T00:00:00.000+00:00,cryoEM structure of IRAK4:KT-474:CRBN-DDB1 ternary complex
9OPQ,EMD-70721,3.3,2026-05-13T00:00:00.000+00:00,TMPRSS2 (S441A) bound to the HCoV-NL63 S2'region genetically fused to the HCoV-HKU1 RBD
9OPR,EMD-70722,3.2,2026-05-13T00:00:00.000+00:00,TMPRSS2 S441A in complex with the H1H7 Fab and anti-kappa light chain nanobody
9OPU,EMD-70724,3.3,2026-03-25T00:00:00.000+00:00,Structure of a constitutively open human TRPC3 mutant
9OQ7,EMD-70742,2.96,2026-05-27T00:00:00.000+00:00,Chlamydia muridarum Major Outer Membrane Protein
9OQD,EMD-70746,3.36,2026-05-27T00:00:00.000+00:00,Chlamydia muridarum major outer membrane protein bound to Mus musculus MAB-18B Fab
9ORP,EMD-70780,2.95,2026-06-03T00:00:00.000+00:00,"CryoEM structure of the soluble-WRAPed membranous portion of MspA (Mycobacterium smegmatis porin), dimerized along the native interface."
9OS2,EMD-70791,2.5,2026-01-28T00:00:00.000+00:00,Cryo-EM structure of the DDB1/CRBN-MRT-5702-G3BP2 ternary complex
9OS7,EMD-70794,3.66,2026-02-25T00:00:00.000+00:00,Mycoplasma penetrans Methionyl tRNA Synthetase is an Asymmetric Dimer fused to N-terminal Ancillary Domains
9OSB,EMD-70800,3.5,2026-03-11T00:00:00.000+00:00,D3 prohead 1
9OSF,EMD-70805,3.83,2026-05-06T00:00:00.000+00:00,The intact LBD state of GluK2/K5 with 5-iodowillardiine and kynurenic acid sodium salt
9OSG,EMD-70806,3.83,2026-05-13T00:00:00.000+00:00,The partially ruptured LBD state of GluK2/K5 with 5-iodowillardiine and kynurenic acid sodium salt
9OSI,EMD-70807,3.95,2026-05-06T00:00:00.000+00:00,The intact LBD state of GluK2/K5 with alpha-amino-3-hydroxy-5-methyl-4-isoxazolepropionic acid (AMPA)
9OSS,EMD-70809,2.76,2026-06-17T00:00:00.000+00:00,Structure of human Fab HB31 in complex with influenza H1N1 A/Solomon Island/3/2006 hemagglutinin
9OST,EMD-70810,2.64,2026-06-17T00:00:00.000+00:00,Structure of human Fab HB34 in complex with influenza H1N1 A/Solomon Island/3/2006 hemagglutinin
9OSU,EMD-70811,2.67,2026-06-17T00:00:00.000+00:00,Structure of human Fab HB315 in complex with influenza H1N1 A/Solomon Island/3/2006 hemagglutinin
9OTA,EMD-70828,3.2,2026-05-27T00:00:00.000+00:00,Structure of hTWIK-2 (K2P6.1) ion channel in lipid nanodisc
9OTH,EMD-70832,3.5,2026-03-11T00:00:00.000+00:00,D3 prohead 1
9OTK,EMD-70837,3.7,2026-05-27T00:00:00.000+00:00,Structure of hTWIK-2 (K2P6.1) ion channel in DDM detergent
9OUM,EMD-70872,2.9,2026-02-18T00:00:00.000+00:00,"Native GABA-A receptor from rat cerebella, beta2-alpha1-beta1-alpha6-gamma2 subtype, in complex with GABA and PZ-II-029"
9OUN,EMD-70873,2.74,2026-02-18T00:00:00.000+00:00,"Native GABA-A receptor from rat cerebella, beta2-alpha1-beta2-alpha1-gamma2 subtype, in complex with GABA and PZ-II-029"
9OUO,EMD-70874,2.92,2026-02-18T00:00:00.000+00:00,"Native GABA-A receptor from rat cerebella, beta1-alpha1-beta1-alpha1-gamma2 subtype, in complex with GABA and PZ-II-029"
9OUP,EMD-70875,2.82,2026-02-18T00:00:00.000+00:00,"Native GABA-A receptor from rat cerebella, beta2-alpha1-beta1-alpha6-gamma2 subtype, in complex with GABA"
9OUQ,EMD-70876,2.89,2026-02-18T00:00:00.000+00:00,"Native GABA-A receptor from rat cerebella, beta1-alpha1-beta2-alpha1-gamma2 subtype, in complex with GABA"
9OUR,EMD-70877,2.84,2026-02-18T00:00:00.000+00:00,"Native GABA-A receptor from rat cerebella, beta2-alpha1-beta2-alpha1-gamma2 subtype, in complex with GABA"
9OUS,EMD-70878,3.7,2026-03-11T00:00:00.000+00:00,D3 Virion icos
9OUZ,EMD-70884,3.5,2026-03-11T00:00:00.000+00:00,Icosahedral D3 expanded capsid
9OV0,EMD-70885,3.9,2026-05-27T00:00:00.000+00:00,Structure of hTWIK2RM (K2P6.1RM) ion channel with lipid plug in DDM detergent
9OV1,EMD-70886,2.36,2026-06-10T00:00:00.000+00:00,"S. aureus YhaM D193A hexamer, D3 refinement"
9OV4,EMD-70889,2.93,2026-02-18T00:00:00.000+00:00,"Native GABA-A receptor from rat cerebella, beta1-alpha1-beta2-alpha1-gamma2 subtype, in complex with GABA and PZ-II-029"
9OV5,EMD-70890,3.34,2026-06-24T00:00:00.000+00:00,"C1 symmetry cryoEM structure of the soluble-WRAPed membranous portion of MspA (Mycobacterium smegmatis porin), dimerized along the native interface."
9OV9,EMD-70894,3.9,2026-05-27T00:00:00.000+00:00,Structure of hTWIK2RM (K2P6.1RM) ion channel without lipid plug in DDM detergent
9OVD,EMD-70898,3.9,2026-05-27T00:00:00.000+00:00,Structure of hTWIK2RM-R257A (K2P6.1RM-R257A) ion channel with lipid plug in DDM detergent
9OVK,EMD-70900,1.7,2026-05-27T00:00:00.000+00:00,Cryo-EM structure of HCoV-OC43-Lab Spike glycoprotein in complex with 9O-acetyl GD3 sialoglycan (D1 domain local refine)
9OVL,EMD-70901,1.68,2026-05-27T00:00:00.000+00:00,Cryo-EM structure of HCoV-OC43-Lab Spike glycoprotein in complex with 9O-acetyl GD3 sialoglycan
9OVM,EMD-70902,2.05,2026-05-27T00:00:00.000+00:00,Cryo-EM structure of HCoV-OC43-C2 Spike glycoprotein (local refined D1 domain)
9OVN,EMD-70903,1.93,2026-05-27T00:00:00.000+00:00,Cryo-EM structure of HCoV-OC43-C2 Spike glycoprotein
9OVO,EMD-70904,1.98,2026-05-27T00:00:00.000+00:00,Cryo-EM structure of HCoV-OC43-C2 Spike glycoprotein in complex with 9O-acetyl GD3 sialoglycan (Local refined D1 domain)
9OVP,EMD-70905,1.89,2026-06-10T00:00:00.000+00:00,Cryo-EM structure of HCoV-OC43-C2 Spike glycoprotein in complex with 9O-acetyl GD3 sialoglycan
9OVT,EMD-70912,3.43,2026-04-08T00:00:00.000+00:00,"Heteromeric GluA1/A2 in the inactive state, composite map of LBD-TMD"
9OVU,EMD-70919,3.2,2026-04-08T00:00:00.000+00:00,"Composite map of GluA1/A2 in the activated state, in complex with positive allosteric modulator (R,R)-2b and agonist glutamate (ATD-LBD-TMD)"
9OVV,EMD-70920,3.76,2026-04-08T00:00:00.000+00:00,"Heteromeric GluA1/A2-CNIH1 in the activated state, composite map of LBD-TMD"
9OVY,EMD-70926,3.1,2026-06-10T00:00:00.000+00:00,Cryo-EM structure of human PRMT5:MEP50 in complex with SAH and compounds 16-19F and HJL-1
9OW3,EMD-70927,2.01,2026-07-08T00:00:00.000+00:00,Hedgehog coronavirus ErinCoV-12-19 spike receptor binding domain in complex with hedgehog APN (locally refined)
9OW4,EMD-70928,2.03,2026-07-08T00:00:00.000+00:00,Hedgehog coronavirus ErinCoV-12-19 spike receptor binding domain in complex with hedgehog APN
9OW5,EMD-70929,1.99,2026-07-08T00:00:00.000+00:00,Hedgehog coronavirus ErinCoV-Ger12 spike receptor binding domain in complex with hedgehog APN (locally refined)
9OW6,EMD-70930,2.02,2026-07-08T00:00:00.000+00:00,Hedgehog coronavirus ErinCoV-Ger12 spike receptor binding domain in complex with hedgehog APN
9OWS,EMD-70942,2.87,2026-06-10T00:00:00.000+00:00,Structure of Geobacillus stearothermophilus RNase P holoenzyme in 5 mM Mg2+
9OWT,EMD-70943,2.82,2026-06-10T00:00:00.000+00:00,Structure of Geobacillus stearothermophilus RNase P holoenzyme in complex with precursor tRNA in 5 mM Ca2+
9OWU,EMD-70944,2.93,2026-06-10T00:00:00.000+00:00,Structure of Geobacillus stearothermophilus RNase P holoenzyme in complex with precursor tRNA in 1 mM Ca2+
9OWV,EMD-70945,3.02,2026-06-10T00:00:00.000+00:00,Structure of Geobacillus stearothermophilus RNase P holoenzyme in complex with mature tRNA in 5 mM Ca2+
9OWW,EMD-70946,2.83,2026-06-10T00:00:00.000+00:00,Structure of Geobacillus stearothermophilus RNase P holoenzyme in complex with the precursor tRNA with non-complementary 5' leader
9OWX,EMD-70947,2.7,2026-06-10T00:00:00.000+00:00,Structure of Geobacillus stearothermophilus RNase P holoenzyme in complex with the precursor tRNA with loop-back 5' leader (sub-conformation 1 of tRNA anticodon arm tilted)
9OWY,EMD-70948,2.69,2026-06-10T00:00:00.000+00:00,Structure of Geobacillus stearothermophilus RNase P holoenzyme in complex with the precursor tRNA with loop-back 5' leader (sub-conformation 2 of tRNA anticodon arm tilted)
9OX7,EMD-70956,2.69,2026-03-18T00:00:00.000+00:00,In situ microtubule structure in the axon of a human neuron
9OXA,EMD-70964,2.9,2026-04-22T00:00:00.000+00:00,CryoEM structure of Gi-coupled TAS2R43 with aristolochic acid I
9OXB,EMD-70965,3.0,2026-04-22T00:00:00.000+00:00,CryoEM structure of Ggust-coupled TAS2R43 with aristolochic acid I
9OXH,EMD-70981,3.15,2026-08-12T00:00:00.000+00:00,Full length LRRK2 bound to G10 DARPin
9OXI,EMD-70982,3.72,2026-08-12T00:00:00.000+00:00,Full-length LRRK2 autonhibited (flexible)
9OXL,EMD-70988,2.62,2026-04-22T00:00:00.000+00:00,"SthK closed state at low temperature, cAMP-bound in the presence of DOPE"
9OXM,EMD-70989,2.79,2026-04-22T00:00:00.000+00:00,"SthK intermediate state at low temperature, cAMP-bound in the presence of DOPE"
9OY8,EMD-71002,2.7,2026-04-15T00:00:00.000+00:00,Flavobacterium johnsoniae 30S ribosomal subunit.
9OYA,EMD-71012,3.44,2026-08-12T00:00:00.000+00:00,Full LRRK2 (R1441C mutant) after symmetry expansion
9OYB,EMD-71013,3.14,2026-04-29T00:00:00.000+00:00,Structure of the E. coli clamp loader DnaX-complex loading beta-clamp onto 1-nt gapped DNA in state 1 conformer 1 with flexibly bound DNA at the shoulder
9OYC,EMD-71014,2.71,2026-04-29T00:00:00.000+00:00,Structure of the E. coli clamp loader DnaX-complex loading beta-clamp onto 1-nt gapped DNA in state 1 conformer 2 with flexibly bound DNA at the shoulder
9OYD,EMD-71015,2.73,2026-04-29T00:00:00.000+00:00,Structure of the E. coli clamp loader DnaX-complex loading beta-clamp onto 1-nt gapped DNA in state 1 conformer 3 with disordered DNA at the shoulder
9OYE,EMD-71016,2.72,2026-04-29T00:00:00.000+00:00,Structure of the E. coli clamp loader DnaX-complex loading beta-clamp onto 1-nt gapped DNA in state 2 conformer 1 with sharply bent DNA
9OYF,EMD-71017,3.12,2026-04-29T00:00:00.000+00:00,Structure of the E. coli clamp loader DnaX-complex loading beta-clamp onto 1-nt gapped DNA in state 2 conformer 2 with less bent DNA
9OYG,EMD-71018,2.95,2026-04-29T00:00:00.000+00:00,Structure of the E. coli clamp loader DnaX-complex alone
9OYH,EMD-71021,2.54,2026-04-29T00:00:00.000+00:00,Structure of the E. coli clamp loader DnaX-complex loading beta-clamp onto 10-nt gapped DNA in state 1 the DNA recognition state
9OYI,EMD-71022,2.54,2026-04-29T00:00:00.000+00:00,Structure of the E. coli clamp loader DnaX-complex loading beta-clamp onto 10-nt gapped DNA in state 2 conformer 1 with fully open clamp and unsettled DNA
9OYJ,EMD-71023,2.53,2026-04-29T00:00:00.000+00:00,Structure of the E. coli clamp loader DnaX-complex loading beta-clamp onto 10-nt gapped DNA in state 2 conformer 2 with fully open clamp and settled DNA
9OYK,EMD-71024,2.6,2026-04-29T00:00:00.000+00:00,Structure of the E. coli clamp loader DnaX-complex loading beta-clamp onto 10-nt gapped DNA in state 2 conformer 3 with partially closed clamp
9OYL,EMD-71025,2.88,2026-04-29T00:00:00.000+00:00,Structure of the E. coli clamp loader DnaX-complex loading beta-clamp onto 10-nt gapped DNA in state 2 conformer 4 with fully closed clamp
9OYM,EMD-71026,2.6,2026-04-29T00:00:00.000+00:00,Structure of the E. coli clamp loader DnaX-complex loading beta-clamp onto 10-nt gapped DNA in state 2 conformer 5 with fully closed clamp
9OYN,EMD-71027,2.7,2026-04-29T00:00:00.000+00:00,Structure of the E. coli clamp loader DnaX-complex loading beta-clamp onto 10-nt gapped DNA in state 2 conformer 6 with fully closed clamp
9OYV,EMD-71035,2.7,2026-04-15T00:00:00.000+00:00,"Flavobacterium johnsoniae 30S ribosomal subunit, ZAM64 mutant."
9OYZ,EMD-71042,2.9,2026-02-25T00:00:00.000+00:00,"Cryo-EM structure of chicken ROS1 in apo-state. Cryo-EM refinement is focused on the ""head"" region of chicken ROS1."
9OZ1,EMD-71047,3.6,2026-02-25T00:00:00.000+00:00,"Cryo-EM structure of chicken ROS1 in apo-state. Cryo-EM refinement is focused on the ""leg"" region of chicken ROS1."
9OZ6,EMD-71049,2.7,2026-02-25T00:00:00.000+00:00,Cryo-EM structure of 1:1 chicken ROS1 and chicken NEL complex.
9OZ9,EMD-71052,2.6,2026-04-15T00:00:00.000+00:00,Flavobacterium johnsoniae 70S initiation complex with Shine-Dalgarno-less mRNA.
9OZC,EMD-71057,4.0,2026-02-25T00:00:00.000+00:00,"Cryo-EM structure of 1:2:1 ROS1/NEL/NICOL holo-complex, conformation 1."
9OZI,EMD-71059,3.4,2026-02-25T00:00:00.000+00:00,Cryo-EM structure of chicken ROS1 in apo-state. This is the complete map and model.
9OZN,EMD-71060,2.7,2026-04-15T00:00:00.000+00:00,Flavobacterium johnsoniae 70S initiation complex with rpsU mRNA containing Shine-Dalgarno sequence. State 1.
9OZZ,EMD-71061,2.5,2026-04-15T00:00:00.000+00:00,Flavobacterium johnsoniae 70S initiation complex with rpsU mRNA containing Shine-Dalgarno sequence. State 2.
9P0E,EMD-71069,2.8,2026-04-15T00:00:00.000+00:00,Flavobacterium johnsoniae ZAM64 mutant 70S initiation complex with rpsU mRNA containing Shine-Dalgarno sequence.
9P0J,EMD-71076,3.2,2026-09-23T00:00:00.000+00:00,Human liver phosphofructokinase-1 bound to XJ-4-85
9P0K,EMD-71079,3.5,2026-04-29T00:00:00.000+00:00,Composite map of CXCL9-CXCR3-Gi-scFv16
9P0L,EMD-71080,3.1,2026-04-29T00:00:00.000+00:00,Composite map of CXCL10-CXCR3-Gi-scFv16
9P0M,EMD-71081,2.95,2026-04-29T00:00:00.000+00:00,Composite map of CXCL11-CXCR3-Gi-scFv16
9P0N,EMD-71088,2.99,2026-01-28T00:00:00.000+00:00,MscS in Glyco-DIBMA Native Nanodiscs (C7 symmetry)
9P0O,EMD-71089,3.34,2026-06-10T00:00:00.000+00:00,MscS in Glyco-DIBMA Native Nanodiscs (C1 symmetry)
9P1V,EMD-71135,3.27,2026-06-17T00:00:00.000+00:00,Structure of MAb PhtD3 in complex with PhtD
9P1X,EMD-71144,3.16,2026-07-01T00:00:00.000+00:00,Cryo-EM structure of Nitrogenase MoFe protein from Methanosarcina acetivorans bound to the NifI inhibitor complex
9P24,EMD-71158,3.48,2026-04-08T00:00:00.000+00:00,Structure of human cardiac sodium channel Nav1.5 in intermediate open state
9P35,EMD-49464,2.06,2026-06-17T00:00:00.000+00:00,Artemia ferritin in cell-free lysate with reverse His purification
9P3N,EMD-71245,3.5,2026-01-07T00:00:00.000+00:00,The open state of zebrafish TRPM5 with 1mM EDTA and 0.5mM CBTA
9P3O,EMD-71246,2.92,2026-01-07T00:00:00.000+00:00,Zebrafish TRPM5 with 5mM calcium and 0.5mM CBTA
9P3P,EMD-71250,3.0,2026-01-07T00:00:00.000+00:00,Zebrafish TRPM5 with 5mM EGTA and 0.5mM CBTA
9P3Q,EMD-71251,3.5,2026-01-07T00:00:00.000+00:00,Zebrafish TRPM5 D797A mutant with 5mM calcium
9P3R,EMD-71252,3.5,2026-01-07T00:00:00.000+00:00,Zebrafish TRPM5 D797A mutant with 5mM calcium and 0.5mM CBTA
9P3S,EMD-71253,3.27,2026-01-07T00:00:00.000+00:00,Zebrafish TRPM5 D797N mutant with 5mM calcium and 0.5mM CBTA
9P3T,EMD-71254,3.0,2026-01-07T00:00:00.000+00:00,Zebrafish TRPM5 with 5mM calcium and 0.5mM TPPO
9P3U,EMD-71255,2.75,2026-01-07T00:00:00.000+00:00,Zebrafish TRPM5 E337A mutant with 5mM calcium and 0.5mM CBTA
9P3V,EMD-71256,2.75,2026-01-07T00:00:00.000+00:00,Zebrafish TRPM5 Q771A mutant with 5mM calcium and 0.5mM CBTA
9P3W,EMD-71257,2.85,2026-01-07T00:00:00.000+00:00,Zebrafish TRPM5 Q771A mutant with 5mM calcium
9P4F,EMD-71265,3.01,2026-07-22T00:00:00.000+00:00,Cryo-EM structure of Nectin-2 complex with Fab F1
9P4L,EMD-71273,2.22,2026-04-15T00:00:00.000+00:00,Cryo-EM structure of AAV.CAP-B10
9P4M,EMD-71274,3.05,2026-04-15T00:00:00.000+00:00,Cryo-EM structure of AAV9-B10
9P4N,EMD-71275,2.18,2026-04-15T00:00:00.000+00:00,Cryo-EM structure of AAV9-X1.1 complexed to AAVR-PKD2
9P4O,EMD-71276,2.05,2026-04-15T00:00:00.000+00:00,Cryo-EM structure of PHP.eB.24
9P4P,EMD-71277,3.09,2026-04-15T00:00:00.000+00:00,Cryo-EM structure of AAV9-X1
9P4Q,EMD-71278,2.2,2026-04-15T00:00:00.000+00:00,Cryo-EM structure of AAV.CAP-B10 complexed to AAVR-PKD2
9P4R,EMD-71279,2.51,2026-04-15T00:00:00.000+00:00,Cryo-EM structure of AAV9-X1.1
9P53,EMD-71299,2.77,2026-02-25T00:00:00.000+00:00,ClpP1P2 complex from M. tuberculosis bound to Calprotamide A
9P54,EMD-71300,2.8,2026-02-25T00:00:00.000+00:00,Apo form of ClpP1P2 complex from M. tuberculosis
9P6E,EMD-71307,2.7,2026-04-29T00:00:00.000+00:00,N49P7-FR Fab in complex with BG505 MD39 SOSIP and RM20A3 Fab
9P6G,EMD-71308,2.7,2026-04-29T00:00:00.000+00:00,eN49P7-FRv1-23 Fab in complex with BG505 MD39 SOSIP and RM20A3 Fab
9P6S,EMD-71324,2.61,2026-03-25T00:00:00.000+00:00,Cryo-EM structure of human integrin alpha5beta1 in complex with fibronectin (FN 7-10)
9P6U,EMD-71326,3.9,2026-07-01T00:00:00.000+00:00,"Cryo-EM structure of chimeric immunoglobulin M comprising bony fish and human sequences, hFcm-tFcm-chi3"
9P6V,EMD-71327,3.92,2026-07-01T00:00:00.000+00:00,"Cryo-EM structure of chimeric immunoglobulin M comprising bony fish and human sequences, hFcm-tFcm-chi4"
9P6X,EMD-71328,2.92,2026-01-21T00:00:00.000+00:00,Structure of EBOV glycoprotein in complex with Nanosota-EB1 and EB2
9P7S,EMD-71352,3.5,2026-03-25T00:00:00.000+00:00,"Avian TRPM8 (Parus major) closed, ligand-free structure resolved in cell vesicles using cryo-EM"
9P7Z,EMD-71358,2.1,2026-03-25T00:00:00.000+00:00,"NTSR1-Gi-NTS(8-13) Complex in the Canonical, AHD Open State (C-Open-Apo)"
9P80,EMD-71359,2.3,2026-03-25T00:00:00.000+00:00,"NTSR1-Gi-NTS(8-13) Complex in the Non-Canonical, AHD Open State (NC-Open-Apo)"
9P81,EMD-71361,2.6,2026-03-25T00:00:00.000+00:00,"NTSR1-Gi-NTS(8-13), GTP-bound Complex in the Canonical, AHD Open State (C-Open-GTP)"
9P82,EMD-71362,2.4,2026-03-25T00:00:00.000+00:00,"NTSR1-Gi-NTS(8-13) GTP-Bound Complex in the Canonical, AHD Closed State (C-Closed-GTP)"
9P83,EMD-71363,3.2,2026-03-25T00:00:00.000+00:00,"NTSR1-Gi-NTS(8-13) GTP-Bound Complex in the Non-Canonical, AHD Open State (NC-Open-GTP)"
9P84,EMD-71364,2.7,2026-03-25T00:00:00.000+00:00,"NTSR1-Gi-NTS(8-13) GTP-Bound Complex in the Non-Canonical, AHD Closed State (NC-Closed-GTP)"
9P85,EMD-71365,3.0,2026-03-25T00:00:00.000+00:00,"NTSR1-Gi-NTS(8-13) GTP-Bound Complex in the Canonical, AHD Closed State, 3DVA Sorted (C-Closed*-GTP)"
9P86,EMD-71366,2.9,2026-03-25T00:00:00.000+00:00,"NTSR1-G11-NTS(8-13) Complex in the Canonical, AHD Open State (C-Open-Apo)"
9P87,EMD-71367,2.8,2026-03-25T00:00:00.000+00:00,"NTSR1-G11-NTS(8-13) Complex in the Canonical, AHD Partially Closed State (C-P-Closed-Apo)"
9P88,EMD-71368,2.9,2026-03-25T00:00:00.000+00:00,"NTSR1-G11-NTS(8-13) Complex in the Non-Canonical, AHD Open State (NC-Open-Apo)"
9P89,EMD-71369,3.9,2026-03-25T00:00:00.000+00:00,"NTSR1-G11-NTS(8-13) GTP-Bound Complex in the Canonical, AHD Closed State 3DVA Separated 1 (C-Closed-GTP)"
9P8A,EMD-71370,3.7,2026-03-25T00:00:00.000+00:00,"NTSR1-G11-NTS(8-13) GTP-Bound Complex in the Canonical, AHD Closed State 3DVA Separated 2 (C-Closed*-GTP)"
9P8Y,EMD-71391,3.0,2026-03-25T00:00:00.000+00:00,"Human TRPM8 closed, ligand-free structure resolved in GDN using cryo-EM"
9P90,EMD-71394,3.5,2026-04-08T00:00:00.000+00:00,"Avian TRPM8 (Parus major) desensitized, fully-swapped, ligand-free structure resolved in cell vesicles using cryo-EM"
9P91,EMD-71395,3.0,2026-03-25T00:00:00.000+00:00,"Avian TRPM8 (Parus major) semi-swapped, ligand-free structure resolved in cell vesicles using cryo-EM"
9P9A,EMD-71404,3.5,2026-06-24T00:00:00.000+00:00,DnaB complex binding with ssDNA and dTDP-AlFx
9P9B,EMD-71405,3.31,2026-01-28T00:00:00.000+00:00,Activated GluA4 homotetrameric AMPAR.
9P9D,EMD-71407,3.82,2026-01-28T00:00:00.000+00:00,Active substate 2 of the GluA4 homotetramer.
9P9E,EMD-71408,3.82,2026-01-28T00:00:00.000+00:00,Active substate 3 of the GluA4 homotetramer.
9P9F,EMD-71409,3.89,2026-01-28T00:00:00.000+00:00,Active substate 4 of the GluA4 homotetramer.
9P9L,EMD-71417,2.28,2026-04-29T00:00:00.000+00:00,Gag CA-SP1 immature lattice bound with Lenacapavir from enveloped virus like particles
9P9M,EMD-71418,2.93,2026-04-29T00:00:00.000+00:00,CA-SP1 immature lattice assembled in vitro with inhibitor lenacapavir (dialyzed to 50nM)
9P9Q,EMD-71419,3.7,2026-07-01T00:00:00.000+00:00,KL-H15-3G11 Fab in complex with soluble A/wedge-tailed shearwater/Western Australia/2576/1979 H15 hemagglutinin trimer
9P9R,EMD-71420,3.14,2026-07-01T00:00:00.000+00:00,KL-H15-6H4 Fab in complex with soluble A/wedge-tailed shearwater/Western Australia/2576/1979 H15 hemagglutinin trimer
9P9S,EMD-71421,3.41,2026-07-01T00:00:00.000+00:00,KL-H15-6G8 Fab in complex with soluble A/wedge-tailed shearwater/Western Australia/2576/1979 H15 hemagglutinin trimer
9P9T,EMD-71422,3.33,2026-07-01T00:00:00.000+00:00,07-5G01 Fab in complex with soluble A/wedge-tailed shearwater/Western Australia/2576/1979 H15 hemagglutinin trimer
9P9W,EMD-71426,3.2,2026-07-01T00:00:00.000+00:00,Lipid droplet biogenesis by the seipin complex
9PA1,EMD-71429,2.63,2026-07-01T00:00:00.000+00:00,PCP bound kappa-opioid receptor in complex with Gi1
9PA2,EMD-71430,2.86,2026-07-01T00:00:00.000+00:00,PCP bound mu-opioid receptor in complex with Gi1
9PA3,EMD-71431,3.05,2026-07-01T00:00:00.000+00:00,3-OH-PCP bound mu-opioid receptor in complex with Gi1
9PA4,EMD-71432,2.5,2026-07-01T00:00:00.000+00:00,(S)-ketamine bound kappa-opioid receptor in complex with Gi1
9PA5,EMD-71433,2.92,2026-07-01T00:00:00.000+00:00,(S)-ketamine bound mu-opioid receptor in complex with Gi1
9PA6,EMD-71434,3.43,2026-07-01T00:00:00.000+00:00,Ligand-free kappa-opioid receptor in complex with Gi1
9PA8,EMD-71436,3.1,2026-03-04T00:00:00.000+00:00,NmTbpB and Tf protein complex
9PAR,EMD-71444,3.0,2026-03-25T00:00:00.000+00:00,"Avian TRPM8 (Parus major) semi-swapped, ligand-free structure at high pH and 4 degrees Celsius resolved in GDN using cryo-EM"
9PAW,EMD-71448,2.93,2026-03-04T00:00:00.000+00:00,Cryo-EM structure of the engineered HflK/C variant stabilized in the closed conformation via disulfide bond crosslinking.
9PB5,EMD-71454,3.5,2026-03-25T00:00:00.000+00:00,Human TRPM8 menthol bound structure at 4 degrees Celsius resolved in cell vesicles using cryo-EM
9PB6,EMD-71455,3.6,2026-04-08T00:00:00.000+00:00,Avian TRPM8 (Parus major) menthol bound structure resolved in cell vesicles using cryo-EM
9PD3,EMD-71524,3.3,2026-02-18T00:00:00.000+00:00,NER dual incision complex - DuIS
9PD4,EMD-71525,3.4,2026-02-18T00:00:00.000+00:00,NER dual incision complex - DuIM
9PD7,EMD-71528,3.4,2026-07-08T00:00:00.000+00:00,YG18 peptide - ribbon
9PDP,EMD-71539,3.83,2026-02-04T00:00:00.000+00:00,In situ cryoEM structure of bacteriophage P22 portal barrel
9PDS,EMD-71542,3.5,2026-07-08T00:00:00.000+00:00,YG18 peptide - open tube
9PDT,EMD-71543,2.8,2026-07-08T00:00:00.000+00:00,YG18 peptide - C4 thin tube
9PDV,EMD-71545,3.1,2026-07-08T00:00:00.000+00:00,YG18 peptide - C5 thick tube
9PDW,EMD-71546,3.0,2026-07-08T00:00:00.000+00:00,YG18 peptide - C1 thin tube
9PE0,EMD-71549,3.64,2026-03-25T00:00:00.000+00:00,"CryoEM structure of the GSDME pore, C27"
9PE1,EMD-71550,3.09,2026-04-22T00:00:00.000+00:00,"Structure of beta-1,3-glucan synthase in complex with caspofungin, Rho1 and long glucan"
9PE2,EMD-71551,3.07,2026-04-22T00:00:00.000+00:00,"Structure of beta-1,3-glucan synthase from Saccharomyces cerevisiae (ScFks1) in complex with short glucan"
9PE3,EMD-71552,3.26,2026-04-22T00:00:00.000+00:00,"Structure of beta-1,3-glucan synthase from Saccharomyces cerevisiae (ScFks1) at the catalytically relevant ground state"
9PE4,EMD-71553,2.69,2026-04-22T00:00:00.000+00:00,"Structure of beta-1,3-glucan synthase from Saccharomyces cerevisiae (ScFks1) at the catalytically less relevant L2 state"
9PE5,EMD-71554,2.8,2026-04-22T00:00:00.000+00:00,"Structure of beta-1,3-glucan synthase from Saccharomyces cerevisiae (ScFks1) at the catalytically less relevant L1 state"
9PEA,EMD-71555,2.6,2026-07-22T00:00:00.000+00:00,Cryo-EM structure of full-length human TRPV1 in complex with analgesic MSP20
9PEF,EMD-71560,3.7,2026-07-22T00:00:00.000+00:00,YG17 peptide - ribbon
9PEG,EMD-71561,3.4,2026-07-22T00:00:00.000+00:00,YG17 peptide - open tube
9PEH,EMD-71562,3.7,2026-07-22T00:00:00.000+00:00,YG17 peptide - thin tube
9PEI,EMD-71563,3.9,2026-07-22T00:00:00.000+00:00,YG17 peptide - thick tube
9PEL,EMD-71566,2.54,2026-08-12T00:00:00.000+00:00,"Structure of EBOV GP, MWAC-3634, and Nanosota-EB2 ternary complex"
9PEW,EMD-71580,2.69,2026-08-19T00:00:00.000+00:00,"Porcine ATP synthase with inhibitory protein IF1, DP-state"
9PEX,EMD-71582,3.05,2026-09-09T00:00:00.000+00:00,"Porcine ATP synthase with inhibitory protein IF1, F1 domain, E-state"
9PFJ,EMD-71602,3.08,2026-07-01T00:00:00.000+00:00,Cryo-EM structure of VX77 Fab in complex with GII.4 Norovirus P domain
9PFK,EMD-71603,2.93,2026-07-01T00:00:00.000+00:00,Cryo-EM structure of VX93 Fab in complex with GII.4 Norovirus P domain
9PFR,EMD-71611,3.08,2026-05-06T00:00:00.000+00:00,Cryo-EM structure of the respiratory syncytial virus polymerase (L:P) in NTP-bound elongation state
9PFS,EMD-71612,2.75,2026-05-06T00:00:00.000+00:00,Cryo-EM structure of the respiratory syncytial virus polymerase (L:P) in pre-reaction elongation state
9PFT,EMD-71613,3.07,2026-05-06T00:00:00.000+00:00,Cryo-EM structure of the respiratory syncytial virus polymerase (L:P) in pre-translocation elongation state
9PFU,EMD-71614,3.54,2026-05-06T00:00:00.000+00:00,Cryo-EM structure of the respiratory syncytial virus polymerase (L:P) in post-translocation elongation state
9PFV,EMD-71615,3.7,2026-02-25T00:00:00.000+00:00,The cryo-EM structure of C. crescentus DriD-ssDNA-RNAP-Sigma73-CCNA_03891/CCNA_01149 promoter transcription activation complex
9PG8,EMD-71623,3.06,2026-02-18T00:00:00.000+00:00,In situ structure of the human mitoribosome in the P-E state
9PGA,EMD-71624,3.98,2026-02-25T00:00:00.000+00:00,The cryo-EM structure of C. crescentus DriD-ssDNA-RNAP-Sigma73-didA promoter transcription activation complex
9PGC,EMD-71625,3.8,2026-07-22T00:00:00.000+00:00,Trident submodule from human SRCAP-nucleosome complex in the fully-engaged state (focused refinement)
9PGD,EMD-71626,3.2,2026-07-22T00:00:00.000+00:00,"ARP6-ZNHIT1 module from fully-engaged state of SRCAP-nucleosome complex, with H3-bound ARP6 (focused refinement, filtered by local resolution)"
9PGF,EMD-71630,2.93,2026-02-18T00:00:00.000+00:00,In situ structure of the human mitoribosome in the P state
9PGG,EMD-71631,2.76,2026-02-04T00:00:00.000+00:00,Cryo-EM structure of bacteriophage P22 gp1-gp5-gp4 complex at 2.76 angstrom
9PGH,EMD-71632,3.54,2026-02-25T00:00:00.000+00:00,The cryo-EM structure of C. crescentus RNAP-Sigma73-CCNA_03891/CCNA_01149 promoter complex
9PGI,EMD-71633,3.02,2026-02-18T00:00:00.000+00:00,In situ structure of the human mitoribosome in the A-P-E state with TACO1
9PGL,EMD-71634,2.9,2026-02-18T00:00:00.000+00:00,In situ structure of the human mitoribosome in the A-P state with TACO1
9PGM,EMD-71635,3.18,2026-02-18T00:00:00.000+00:00,In situ structure of the human mitoribosome in the P-E state from TACO1-knockout cells
9PHC,EMD-71645,2.8,2026-04-15T00:00:00.000+00:00,In vitro reconstituted complex of purified S. pombe large ribosomal subunit and SNOR
9PHF,EMD-71647,2.2,2026-06-24T00:00:00.000+00:00,Vpb4Aa2 pore complex in C7 symmetry
9PI7,EMD-71654,2.05,2026-06-24T00:00:00.000+00:00,EV-D68 in complex with G12 VHH
9PI8,EMD-71655,2.11,2026-06-17T00:00:00.000+00:00,EV-D68 in complex with G12 Fc
9PIE,EMD-71664,3.01,2026-06-03T00:00:00.000+00:00,Cryo-EM structure of human NCC with chlorthalidone (C2)
9PIF,EMD-71665,3.24,2026-06-03T00:00:00.000+00:00,Cryo-EM structure of human NCC with chlorthalidone
9PIG,EMD-71666,2.79,2026-06-03T00:00:00.000+00:00,Cryo-EM structure of human NCC with indapamide
9PIH,EMD-71667,2.4,2026-05-13T00:00:00.000+00:00,E. coli 70S ribosome bound to Doxycycline
9PII,EMD-71668,2.4,2026-05-13T00:00:00.000+00:00,E. coli 70S ribosome bound to Sarecycline
9PIJ,EMD-71669,2.2,2026-05-13T00:00:00.000+00:00,E. coli 70S ribosome bound to Minocycline
9PIK,EMD-71670,2.62,2026-04-29T00:00:00.000+00:00,"Structure of the two-pore domain, outwardly rectifying potassium (TOK1) from Candida albicans, overall structure"
9PIL,EMD-71671,2.8,2026-07-22T00:00:00.000+00:00,Thin Flagellar Filament from T. denticola
9PIM,EMD-71672,2.7,2026-07-22T00:00:00.000+00:00,Outer Curvature of Thick Flagellar Filament from T.denticola
9PIN,EMD-71673,2.9,2026-07-22T00:00:00.000+00:00,Inner Curvature of Thick Flagellar Filament from T.denticola
9PIT,EMD-71677,3.1,2026-03-04T00:00:00.000+00:00,HIV-1 bnAb 1-23 in complex with BG505 MD39 SOSIP and RM19R
9PIV,EMD-71678,3.5,2026-03-04T00:00:00.000+00:00,HIV-1 bnAb 9-71 in complex with BG505 MD39 SOSIP and RM19R
9PJ5,EMD-71680,2.76,2026-07-01T00:00:00.000+00:00,Closed-state structure of wild-type human TRPV3 purified in GDN detergent
9PJ6,EMD-71681,2.97,2026-07-01T00:00:00.000+00:00,Inactivated-state structure of wild-type human TRPV3 purified in GDN detergent
9PJ7,EMD-71682,2.4,2026-05-13T00:00:00.000+00:00,C. acnes 70S ribosome bound to Doxycycline
9PJ8,EMD-71683,2.5,2026-05-13T00:00:00.000+00:00,C. acnes 70S ribosome bound to Sarecycline
9PJ9,EMD-71684,2.5,2026-05-13T00:00:00.000+00:00,C. acnes 70S ribosome bound to Minocycline
9PJA,EMD-71685,2.8,2026-06-03T00:00:00.000+00:00,Cryo-EM structure of human NXPE1
9PJC,EMD-71686,3.8,2026-07-29T00:00:00.000+00:00,Rox_LL cross alpha peptide filament
9PKB,EMD-71690,3.05,2026-07-15T00:00:00.000+00:00,In situ HHT and CHX treated human hibernating state 80S ribosome
9PKD,EMD-71694,2.42,2026-07-15T00:00:00.000+00:00,In situ CHX and HHT treated 80S consensus ribosome
9PKO,EMD-71702,2.8,2026-04-29T00:00:00.000+00:00,"Structure of the two-pore domain, outwardly rectifying potassium (TOK1) from Candida albicans, Up conformation"
9PKP,EMD-71703,3.05,2026-04-29T00:00:00.000+00:00,"Structure of the two-pore domain, outwardly rectifying potassium (TOK1) from Candida albicans, Down conformation"
9PKW,EMD-71705,2.86,2026-01-07T00:00:00.000+00:00,Alpha1/Beta Heteromeric Glycine receptor in the presence of 0.200 mM strychnine and 200 nM ivermectin
9PKX,EMD-71706,2.86,2026-01-07T00:00:00.000+00:00,Alpha1/Beta Heteromeric Glycine receptor in the presence of 0.200 mM strychnine and 500 nM ivermectin
9PKY,EMD-71707,2.89,2026-01-07T00:00:00.000+00:00,Alpha1/Beta Heteromeric Glycine receptor in the presence of 0.200 mM strychnine and 2000 nM ivermectin
9PKZ,EMD-71708,2.89,2026-01-07T00:00:00.000+00:00,Alpha1/Beta Heteromeric Glycine receptor in the presence of 0.200 mM strychnine and 0.02 mM ivermectin
9PLQ,EMD-71720,3.19,2026-07-22T00:00:00.000+00:00,HUWE1(CS)-Ubiquitin bound to the HECT domain
9PLR,EMD-71721,2.88,2026-07-22T00:00:00.000+00:00,CryoEM reconstruction of HUWE1-USP7 complex in the closed state
9PM0,EMD-71726,2.9,2026-06-24T00:00:00.000+00:00,nucleosome containing histone variant macroH2A
9PM6,EMD-71728,3.45,2026-01-21T00:00:00.000+00:00,Cryo-EM structure of modified Zika virus E protein dimer complexed with a neutralizing antibody OZ-D4 Fab
9PMO,EMD-71740,3.82,2026-07-01T00:00:00.000+00:00,Human 26S proteasome bound to TXNL1 with opened gate of core particle
9PMQ,EMD-71741,4.0,2026-07-01T00:00:00.000+00:00,Human 26S proteasome bound to TXNL1 with closed gate of core particle
9PMS,EMD-71742,3.56,2026-07-22T00:00:00.000+00:00,Epitope editing of CD90 protects hematopoietic stem cells from immunotherapy and enables targeted enrichment for gene therapy
9PN5,EMD-71745,1.75,2026-05-20T00:00:00.000+00:00,Composite map of hypomethylated 80S ribosome treated with hygromycin B
9PN8,EMD-71746,2.96,2026-09-16T00:00:00.000+00:00,CsgG nanopore in complex with designed CsgX1C
9PN9,EMD-71747,2.68,2026-09-16T00:00:00.000+00:00,CsgG nanopore in complex with designed CsgX2
9PNA,EMD-71748,2.61,2026-09-16T00:00:00.000+00:00,CsgG nanopore in complex with designed CsgX1
9PNB,EMD-71749,2.57,2026-09-16T00:00:00.000+00:00,CsgG nanopore in complex with designed CsgX2C
9PNS,EMD-71770,3.4,2026-03-04T00:00:00.000+00:00,Structure of human serotonin transporter bound to small molecule zPZd in lipid nanodisc and NaCl
9PPQ,EMD-71775,3.34,2026-03-04T00:00:00.000+00:00,Locally-refined Mu-Opioid Receptor bound with novel compound 0505 (3-[({[(1P)-1-(3-chlorophenyl)-1H-pyrazol-3-yl]methyl}amino)methyl]phenol)
9PPW,EMD-71776,3.32,2026-03-04T00:00:00.000+00:00,CryoEM structure of delta opioid receptor bound to G proteins and Naltrindole
9PPX,EMD-71777,3.04,2026-03-04T00:00:00.000+00:00,CryoEM structure of delta opioid receptor bound to G proteins and naltrexone
9PPY,EMD-71778,3.1,2026-03-04T00:00:00.000+00:00,CryoEM structure of delta opioid receptor bound to G proteins and met-enkephalin
9PPZ,EMD-71779,3.19,2026-03-04T00:00:00.000+00:00,CryoEM structure of delta opioid receptor bound to G proteins and SNC80
9PQ0,EMD-71780,3.12,2026-03-04T00:00:00.000+00:00,CryoEM structure of delta opioid receptor bound to G proteins and ADL5859
9PQJ,EMD-71784,2.36,2026-02-25T00:00:00.000+00:00,Cryo-EM structure of ATPgammaS-bound Vientovirus FB Rep hexamer
9PQM,EMD-71786,3.18,2026-02-25T00:00:00.000+00:00,Cryo-EM structure of ATPgammaS-bound Vientovirus FB Rep hexamer with endonuclease domain density
9PQO,EMD-71787,3.1,2026-02-25T00:00:00.000+00:00,Cryo-EM structure of ATPgammaS-bound Vientovirus FB Rep pentamer
9PQQ,EMD-71788,3.32,2026-02-25T00:00:00.000+00:00,Cryo-EM structure of ATPgammaS-bound Vientovirus FB Rep double hexamer with C1 symmetry
9PQR,EMD-71789,2.95,2026-02-25T00:00:00.000+00:00,Cryo-EM structure of ATPgammaS-bound Vientovirus FB Rep double hexamer with C6 symmetry
9PQT,EMD-71790,3.2,2026-02-25T00:00:00.000+00:00,Cryo-EM structure of ADP-bound Vientovirus FB Rep hexamer
9PR3,EMD-71796,3.2,2026-02-04T00:00:00.000+00:00,Cryo-EM structure of stabilized H5N1 A/Texas/37/2024 hemagglutinin fused to foldon
9PR4,EMD-71797,2.77,2026-02-18T00:00:00.000+00:00,In Situ Structure of the Human Mitochondrial Large Subunit 39S in Complex with TACO1
9PR5,EMD-71798,3.3,2026-02-25T00:00:00.000+00:00,Cryo-EM structure of the human inward-rectifier potassium 7.1 channel (Kir7.1) extended state
9PR6,EMD-71799,3.9,2026-02-25T00:00:00.000+00:00,Cryo-EM structure of the human inward-rectifier potassium 7.1 channel (Kir7.1) docked state
9PR7,EMD-71800,4.0,2026-02-25T00:00:00.000+00:00,Cryo-EM structure of the human inward-rectifier potassium 7.1 channel (Kir7.1) with enantiomer of 17-hydroxyprogesterone caproate
9PRA,EMD-71802,2.83,2026-02-18T00:00:00.000+00:00,In Situ Structure of the Human Mitoribosome Large Subunit 39S in Complex with EF-Tu
9PRC,EMD-71807,3.5,2026-01-28T00:00:00.000+00:00,"HDAg complex with 86-pRNA, Body1"
9PRD,EMD-71809,3.31,2026-02-18T00:00:00.000+00:00,In situ structure of the human mitoribosome in the P state from TACO1-knockout cells
9PRQ,EMD-71811,3.34,2026-02-18T00:00:00.000+00:00,In situ structure of human mitoribosome in the A/T-P state from TACO1-knockout cells
9PRT,EMD-71813,3.02,2026-07-01T00:00:00.000+00:00,"Human 19S proteasome bound to TXNL1 PITH domain but with low density for RPT1, RPT2, and RPN1"
9PRX,EMD-71815,3.23,2026-02-18T00:00:00.000+00:00,In situ structure of the human mitoribosome in the A-P state from TACO1-knockout cells
9PRY,EMD-71816,3.28,2026-02-25T00:00:00.000+00:00,"HIV-1 CA hexamer from purified viral cores, C1 symmetry"
9PRZ,EMD-71817,2.95,2026-02-25T00:00:00.000+00:00,"HIV-1 CA hexamer from purified viral cores, C6 symmetry"
9PS0,EMD-71818,3.29,2026-02-18T00:00:00.000+00:00,In situ structure of the human mitoribosome in the A/P-P/E state from TACO1-knockout cells
9PS5,EMD-71823,3.93,2026-06-03T00:00:00.000+00:00,Cryo-EM structure of NCLX without calcium (class 2)
9PS7,EMD-71825,3.08,2026-02-18T00:00:00.000+00:00,In situ structure of the human mitoribosome in the A/T-P-E state from TACO1-knockout cells
9PSI,EMD-71828,3.12,2026-02-18T00:00:00.000+00:00,In situ structure of the human mitoribosome in the A-P-E state from TACO1-knockout cells
9PSM,EMD-71829,2.98,2026-02-18T00:00:00.000+00:00,In situ structure of the human mitoribosome in the A/P-P/E state
9PT4,EMD-71830,3.03,2026-07-22T00:00:00.000+00:00,Cryo-EM structure of GPR84-Gi complex bound to OX04529
9PT5,EMD-71831,3.74,2026-05-06T00:00:00.000+00:00,Bacillus subtilis teneurin-like protein
9PT8,EMD-71835,3.0,2026-08-05T00:00:00.000+00:00,Alpha-synuclein acetylated lysine 80
9PT9,EMD-71836,3.06,2026-08-05T00:00:00.000+00:00,Alpha-synuclein B
9PTA,EMD-71837,3.0,2026-08-05T00:00:00.000+00:00,Alpha-synuclein A
9PTB,EMD-71838,2.94,2026-08-05T00:00:00.000+00:00,Alpha-synuclein acetylated lysine 80 B
9PTC,EMD-71839,3.0,2026-08-05T00:00:00.000+00:00,Alpha-synuclein acetylated lysine 80 A
9PTR,EMD-71844,2.6,2026-08-05T00:00:00.000+00:00,"Structure of holo vanadium-dependent haloperoxidase from Enhygromyxa salina bound to vanadate, and bromide"
9PTS,EMD-71845,2.4,2026-08-05T00:00:00.000+00:00,"Structure of vanadium-dependent haloperoxidase from Enhygromyxa salina bound to vanadate, bromide, and hydrogen peroxide"
9PTU,EMD-71847,2.38,2026-07-01T00:00:00.000+00:00,Cryo-EM structure of the DCAF11 E3 ligase bound to the DDX18 helicase mediated by GSH-M12
9PU5,EMD-71869,3.5,2026-05-27T00:00:00.000+00:00,Cryo-EM structure of human MOR-Gi1 complex protein bound with DAMGO and BMS986187
9PUD,EMD-71871,3.0,2026-05-27T00:00:00.000+00:00,Cryo-EM structure of MOR-Gi1 complex protein bound with DAMGO
9PUM,EMD-71872,2.8,2026-08-05T00:00:00.000+00:00,Human respirovirus 3 hemagglutinin-neuraminidase dimer in complex with VHH A2R3-60
9PUP,EMD-71873,3.2,2026-08-05T00:00:00.000+00:00,Human respirovirus 3 hemagglutinin-neuraminidase dimer in complex with VHH A2R3-59
9PUR,EMD-71874,3.2,2026-08-05T00:00:00.000+00:00,Human respirovirus 1 hemagglutinin-neuraminidase dimer in complex with VHH A2R3-60
9PUV,EMD-71877,3.68,2026-06-10T00:00:00.000+00:00,Insulin receptor bound to S961
9PUW,EMD-71878,3.64,2026-06-10T00:00:00.000+00:00,Insulin Receptor bound to Ins-AC-S2
9PV0,EMD-71880,2.52,2026-08-05T00:00:00.000+00:00,NorA in outward-open conformation bound to inhibitor IMP2380
9PVA,EMD-71887,3.7,2026-08-12T00:00:00.000+00:00,295-330 S320F tau
9PVB,EMD-71888,2.04,2026-08-12T00:00:00.000+00:00,Hybrid Rubisco containing Arabidopsis thaliana large subunit and Nicotiana tabacum trichome isoform 2 small subunit
9PVC,EMD-71889,2.08,2026-08-12T00:00:00.000+00:00,Hybrid Rubisco containing Arabidopsis thaliana large subunit and Chlamydomonas reinhardtii small subunit
9PVM,EMD-71893,3.27,2026-08-26T00:00:00.000+00:00,cryoEM structure of drug bound human SLC33A1 transporter
9PVO,EMD-71894,3.89,2026-06-10T00:00:00.000+00:00,Novel site 1 interaction of the IR/Ins-AC-S2 complex
9PVY,EMD-71896,2.15,2026-03-18T00:00:00.000+00:00,Cryo-EM structure of cardiac amyloid fibril from a variant apolipoprotein A-I L90P amyloidosis patient
9PVZ,EMD-71897,2.3,2026-03-18T00:00:00.000+00:00,Cryo-EM structure of cardiac amyloid fibril from a variant apolipoprotein A-I R173P amyloidosis patient
9PW3,EMD-71898,2.73,2026-03-18T00:00:00.000+00:00,Cryo-EM structure of renal amyloid fibril from a variant apolipoprotein A-I R173P amyloidosis patient
9PW5,EMD-71901,1.99,2026-08-26T00:00:00.000+00:00,Hybrid Rubisco containing Arabidopsis thaliana large subunit and Oryza sativa small subunit RbcS1
9PWA,EMD-71905,2.55,2026-04-08T00:00:00.000+00:00,Closed AP-2 clathrin adaptor complex in solution
9PWB,EMD-71909,2.64,2026-04-08T00:00:00.000+00:00,Structure of AP-2 bound to the dileucine motif of CCDC32; combined map
9PWC,EMD-71914,3.0,2026-04-08T00:00:00.000+00:00,Composite structure of AP-2 bound to the dileucine motif and WxxPhi motif of CCDC32
9PWP,EMD-71937,2.12,2026-08-26T00:00:00.000+00:00,Hybrid Rubisco containing Arabidopsis thaliana large subunit and Limonium gibertii small subunit
9PX6,EMD-71953,3.2,2026-05-13T00:00:00.000+00:00,ATTR cardiac amyloid fibrils apex1
9PX7,EMD-71960,3.4,2026-05-13T00:00:00.000+00:00,ATTR cardiac amyloid fibrils apex2
9PX8,EMD-71961,3.3,2026-08-12T00:00:00.000+00:00,"Cryo-EM structure of designed Orb2 amyloid (LVLVF, polymorph 1)"
9PX9,EMD-71962,3.0,2026-05-13T00:00:00.000+00:00,ATTR V122I cardiac amyloid fibrils
9PXF,EMD-71966,2.58,2026-01-28T00:00:00.000+00:00,Ammonia monooxygenase in native membranes from N. briensis
9PXG,EMD-71969,2.75,2026-06-10T00:00:00.000+00:00,Cryo-EM structure of apo BAM from P. aeruginosa PAO1
9PXI,EMD-71970,2.85,2026-06-10T00:00:00.000+00:00,Cryo-EM structure of BAM from P. aeruginosa PAO1 in complex with Pyocin L1
9PXJ,EMD-71971,3.18,2026-06-10T00:00:00.000+00:00,Cryo-EM structure of BAM from P. aeruginosa P28 in complex with Pyocin L2
9PXK,EMD-71972,2.52,2026-07-22T00:00:00.000+00:00,CryoEM structure of Ndh-Ncp complex from Bacillus subtilis with NADH and MK-8
9PXL,EMD-71973,2.11,2026-07-22T00:00:00.000+00:00,CryoEM structure of Ndh-Ncp complex from Bacillus subtilis
9PXM,EMD-71974,3.09,2026-07-22T00:00:00.000+00:00,CryoEM structure of Ndh-Ncp filament from Bacillus subtilis
9PXN,EMD-71975,2.5,2026-05-20T00:00:00.000+00:00,Human apo HCN1 nanodisc
9PXT,EMD-71994,3.0,2026-06-17T00:00:00.000+00:00,"Cryo-EM structure of NapA, the periplasmic nitrate reductase from Campylobacter jejuni"
9PY5,EMD-72009,3.5,2026-06-17T00:00:00.000+00:00,Q10M-055 Fab in complex with HIV-1 Env Q23 NFL TD CC3+
9PYC,EMD-72030,2.9,2026-02-18T00:00:00.000+00:00,Cryo-EM structure of EF-G and RaiA simultaneously bound to an E. coli ribosome imaged in a cell lysate
9PYD,EMD-72031,3.3,2026-06-17T00:00:00.000+00:00,Q12QBM-007 Fab in complex with HIV-1 Env BG505 NFL TD CC3+
9PYH,EMD-72033,3.3,2026-06-17T00:00:00.000+00:00,Q9M-023 Fab in complex with HIV-1 Env BG505 NFL TD CC3+
9PYK,EMD-72035,3.3,2026-06-17T00:00:00.000+00:00,Q12BBM-069 Fab in complex with HIV-1 Env BG505 NFL TD CC3+
9PZB,EMD-72060,3.2,2026-07-01T00:00:00.000+00:00,"HCMV trimer in complex with E4K, E11K, A9K, E9L, E8K, B1K, E7K, F12L and E10L Fabs"
9PZC,EMD-72061,3.2,2026-07-01T00:00:00.000+00:00,"HCMV trimer in complex with G1L (II), G1L (A), B5L, C4K, B1K, A7K, A12K, and C5K Fabs"
9PZD,EMD-72067,3.3,2026-08-12T00:00:00.000+00:00,"Cryo-EM structure of designed Orb2 amyloid (LVLVF, polymorph 2)"
9PZN,EMD-72073,2.86,2026-08-19T00:00:00.000+00:00,heterotrimeric ENaC channel complex PPK1/PPK26/PPK26
9PZO,EMD-72074,2.86,2026-08-19T00:00:00.000+00:00,heterotrimeric ENaC channel complex PPK1/PPK26/PPK26 with Vulnusin
9Q05,EMD-72087,3.09,2026-01-14T00:00:00.000+00:00,syNOS monomer bound to NADPH
9Q06,EMD-72088,3.9,2026-01-14T00:00:00.000+00:00,Symmetric Inactivated Locked State
9Q09,EMD-72094,3.23,2026-05-27T00:00:00.000+00:00,Cryo-EM structure of PGT121 Fab and Rhesus macaque Ab76 Fab in complex with HIV-1 Env trimer BG505 SOSIP.664
9Q0E,EMD-72096,3.2,2026-08-26T00:00:00.000+00:00,CCT G beta 5 S123L complex state 5
9Q0F,EMD-72097,3.02,2026-08-26T00:00:00.000+00:00,Structure of angiotensin II type 1 receptor bound to a b-arrestin biased allosteric modulator stabilized by a synthetic nanobody
9Q0G,EMD-72098,3.2,2026-08-26T00:00:00.000+00:00,CCT G beta 5 S123L complex state 3
9Q0M,EMD-72099,3.1,2026-06-03T00:00:00.000+00:00,Cryo-EM structure of PPAT-NUDT5 complex bound to adenosine-5'-monophosphate (AMP)
9Q0N,EMD-72100,2.8,2026-06-03T00:00:00.000+00:00,Cryo-EM structure of PPAT-NUDT5 complex bound to 6-methylthioinosine-5'-monophosphate (6-meTIMP)
9Q0O,EMD-72101,2.9,2026-06-03T00:00:00.000+00:00,Cryo-EM structure of PPAT-NUDT5 complex bound to 6-benzylthioinosine-5'-monophosphate (6-benzylTIMP)
9Q0R,EMD-72103,1.84,2026-08-26T00:00:00.000+00:00,Hybrid Rubisco containing Arabidopsis thaliana large subunit and Sorghum bicolor small subunit
9Q0U,EMD-72106,3.2,2026-08-26T00:00:00.000+00:00,CCT G beta 5 S123L complex state 4
9Q0V,EMD-72107,3.2,2026-08-26T00:00:00.000+00:00,CCT G beta 5 S123L complex state 2
9Q0X,EMD-72109,3.77,2026-01-14T00:00:00.000+00:00,syNOS Turnover State
9Q0Y,EMD-72110,3.19,2026-01-14T00:00:00.000+00:00,Asymmetric syNOS
9Q0Z,EMD-72111,3.1,2026-06-17T00:00:00.000+00:00,"Human telomerase catalytic core with shelterin protein TPP1, BIBR1532 and DNA primer ending in AGGG"
9Q10,EMD-72112,2.9,2026-06-17T00:00:00.000+00:00,"Human telomerase catalytic core with shelterin protein TPP1, dTpNHpp and DNA primer ending in AGGG"
9Q11,EMD-72113,2.9,2026-06-17T00:00:00.000+00:00,"Human telomerase catalytic core with shelterin protein TPP1, BIBR1532, dTpNHpp and DNA primer ending in AGGG"
9Q12,EMD-72114,2.8,2026-06-17T00:00:00.000+00:00,Human telomerase catalytic core with shelterin protein TPP1 and DNA primer ending in TTAG
9Q14,EMD-72115,3.0,2026-06-17T00:00:00.000+00:00,"Human telomerase catalytic core with shelterin protein TPP1, BIBR1532 and DNA primer ending in TTAG"
9Q15,EMD-72116,3.08,2026-01-14T00:00:00.000+00:00,syNOS Asymmetric Locked State (Composite)
9Q16,EMD-72117,2.7,2026-06-17T00:00:00.000+00:00,"Human telomerase catalytic core with shelterin protein TPP1, dGpNHpp and DNA primer ending in TTAG"
9Q17,EMD-72118,3.3,2026-06-17T00:00:00.000+00:00,"Class I (T1D0+) of Human telomerase catalytic core with shelterin protein TPP1, BIBR1532, dGpNHpp and DNA primer ending in TTAG"
9Q18,EMD-72119,3.3,2026-06-17T00:00:00.000+00:00,"Class II (""T0D0"") of Human telomerase catalytic core with shelterin protein TPP1, BIBR1532, dGpNHpp and DNA primer ending in TTAG"
9Q19,EMD-72120,3.4,2026-06-17T00:00:00.000+00:00,"Class III (T1D0) of Human telomerase catalytic core with shelterin protein TPP1, BIBR1532, dGpNHpp and DNA primer ending in TTAG"
9Q1E,EMD-72125,2.69,2026-06-10T00:00:00.000+00:00,Cryo-EM Structure of the MgtA Tetramer at 2.7 A Resolution
9Q1Q,EMD-72136,3.5,2026-06-17T00:00:00.000+00:00,NediV IRES (A site) in complex with Rabbit 80S ribosome
9Q1S,EMD-72137,3.0,2026-06-17T00:00:00.000+00:00,NediV IRES (P site) in complex with Rabbit 80S ribosome
9Q1X,EMD-72144,3.2,2026-08-26T00:00:00.000+00:00,CCT G beta 5 S123L complex state 1
9Q1Z,EMD-72146,3.05,2026-07-01T00:00:00.000+00:00,Structure of the Measles virus Hemagglutinin ectodomain in complex with neutralizing antibody 1C02
9Q20,EMD-72147,3.25,2026-07-01T00:00:00.000+00:00,Structure of the Measles virus Hemagglutinin ectodomain in complex with neutralizing antibody 1C08
9Q23,EMD-72148,2.84,2026-03-04T00:00:00.000+00:00,DX2-CX3-RAD51 structure in the intermediate state
9Q24,EMD-72149,3.25,2026-07-01T00:00:00.000+00:00,Structure of the Measles virus Hemagglutinin ectodomain in complex with two neutralizing antibodies 1C08 and 4D08
9Q25,EMD-72150,3.24,2026-03-04T00:00:00.000+00:00,DX2-CX3-RAD51 in the closed state
9Q26,EMD-72151,2.3,2026-07-01T00:00:00.000+00:00,Structure of the Measles virus Fusion glycoprotein ectodomain in complex with two neutralizing antibodies 4F09 and 3A12
9Q28,EMD-72152,2.84,2026-03-04T00:00:00.000+00:00,DX2-CX3-RAD51 in the active state
9Q29,EMD-72153,2.61,2026-03-04T00:00:00.000+00:00,DX2-CX3 structure capping RAD51 filament
9Q2A,EMD-72154,2.67,2026-03-04T00:00:00.000+00:00,BCDX2-CX3-RAD51-RAD51-ssDNA supercomplex
9Q2B,EMD-72155,3.2,2026-04-08T00:00:00.000+00:00,DX2-CX3-RAD51 bound to DNA bubble
9Q2C,EMD-72156,3.06,2026-07-22T00:00:00.000+00:00,Rad55-Rad57-SHU-Rad51 bound to ssDNA with AMP-PNP
9Q2E,EMD-72162,3.44,2026-07-22T00:00:00.000+00:00,Rad55-Rad57-SHU bound to ssDNA
9Q2F,EMD-72163,3.06,2026-08-19T00:00:00.000+00:00,Rad55-Rad57-SHU-Rad51-Rad51 bound to ssDNA with AMP-PNP
9Q2H,EMD-72165,2.74,2026-07-29T00:00:00.000+00:00,Rad55-Rad57-SHU homologous recombination complex
9Q2I,EMD-72166,3.0,2026-07-22T00:00:00.000+00:00,Rad55-Rad57-SHU homologous recombination complex
9Q2L,EMD-72167,3.7,2026-07-22T00:00:00.000+00:00,Rad55-Rad57(E161Q)-SHU-3xRad51 bound to ssDNA with ATP
9Q2M,EMD-72168,3.3,2026-06-17T00:00:00.000+00:00,"Rabbit ribosomal 80S elongation complex with eEF2, partial P site Ala-tRNA, E site Ala-tRNA on NediV ORF"
9Q2P,EMD-72171,3.0,2026-06-17T00:00:00.000+00:00,"Rabbit ribosomal 80S elongation complex with eEF1A, A*/T Ala-tRNA, P site Ala-tRNA, E site Ala-tRNA on NediV ORF"
9Q33,EMD-72178,3.2,2026-01-14T00:00:00.000+00:00,Cereblon Ternary Complex with Blimp1 and compound 5
9Q37,EMD-72185,3.45,2026-08-19T00:00:00.000+00:00,"Cryo-EM structure of designed Orb2 amyloid (LVLVF, polymorph 3)"
9Q3A,EMD-72189,2.77,2026-01-21T00:00:00.000+00:00,Structure of the Borna Disease Virus 1 L and co-factor P Protein in an apo state
9Q3E,EMD-72190,3.3,2026-07-08T00:00:00.000+00:00,Cryo-EM structure of RotavirusA NSP1-ELOB-ELOC-CUL3
9Q3L,EMD-72202,2.5,2026-08-19T00:00:00.000+00:00,CryoEM structure of beta2-adrenergic receptor dimer mediated by a biased allosteric modulator in lipid nanodisc
9Q3Q,EMD-72204,2.01,2026-08-26T00:00:00.000+00:00,"Cryo-EM structure of translating Escherichia coli 70S ribosome bound to mRNA, P-site QKF-peptidyl-tRNAPhe, glycyl-tRNAGly in A/T conformation, EF-Tu-GDP, and bottromycin at 2.01A resolution"
9Q3R,EMD-72205,1.99,2026-08-26T00:00:00.000+00:00,"Cryo-EM structure of the Escherichia coli 70S ribosome bound to mRNA, P-site fMet-tRNAfMet, glycyl-tRNAGly in A/T conformation, EF-Tu-GDPCP, and bottromycin at 1.99A resolution"
9Q3S,EMD-72206,3.01,2026-05-27T00:00:00.000+00:00,Cryo-EM structure of PGT121 Fab and Rhesus macaque Ab4 Fab in complex with HIV-1 Env trimer BG505 SOSIP.664
9Q3U,EMD-72207,3.37,2026-02-25T00:00:00.000+00:00,Cryo EM structure of elk ACE2 in complex with SARS-CoV-2 spike trimer
9Q3V,EMD-72208,3.3,2026-02-25T00:00:00.000+00:00,Cryo EM structure of elk ACE2 in complex with XBB 1.5 spike RBD
9Q3X,EMD-72216,3.64,2026-05-27T00:00:00.000+00:00,The CryoEM structure of Rhesus macaque 1G3 and PGT121 Fabs in complex with BG505 SOSIP.664
9Q40,EMD-72217,2.29,2026-08-26T00:00:00.000+00:00,Pseudomonas aeruginosa 50S ribosome bound to RsfS (L1 stalk in 'mid' conformation)
9Q42,EMD-72218,2.29,2026-08-26T00:00:00.000+00:00,Pseudomonas aeruginosa 50S ribosome bound to RsfS (L1 stalk 'in' conformation)
9Q43,EMD-72219,2.29,2026-08-26T00:00:00.000+00:00,Pseudomonas aeruginosa 50S ribosome bound to RsfS (L1 stalk in 'out' conformation)
9Q44,EMD-72220,2.29,2026-08-26T00:00:00.000+00:00,Pseudomonas aeruginosa 50S ribosome bound to RsfS (L1 stalk in 'out' conformation and missing uL1 and tRNA)
9Q50,EMD-72221,2.33,2026-01-14T00:00:00.000+00:00,AK01 integrase inhibitor bound to Wild-type HIV-1 intasome
9Q57,EMD-72222,2.28,2026-01-14T00:00:00.000+00:00,XZ440 integrase inhibitor bound to Wild-type HIV-1 intasome
9Q59,EMD-72223,2.76,2026-08-26T00:00:00.000+00:00,Cryo-EM structure of Paracoccus Trimethylamine N-oxide Demethylase
9Q5A,EMD-72224,2.8,2026-08-26T00:00:00.000+00:00,Cryo-EM structure of a Paracoccus Trimethylamine N-oxide Demethylase mutant (D220A/D367A)in Complex with TMAO
9Q5L,EMD-72239,2.79,2026-08-26T00:00:00.000+00:00,"Cryo-EM structure of a Paracoccus Trimethylamine N-oxide Demethylase in complex with DMA, HCHO"
9Q5M,EMD-72240,2.59,2026-04-15T00:00:00.000+00:00,Structure of the Measles virus Fusion glycoprotein ectodomain in complex with neutralizing antibody Y10F
9Q5V,EMD-72242,2.82,2026-04-15T00:00:00.000+00:00,Structure of the Measles virus Fusion glycoprotein ectodomain in complex with two neutralizing antibodies mAb77 and Y10F
9Q5W,EMD-72243,3.21,2026-09-16T00:00:00.000+00:00,CryoEM Structure of human MDA5 T331I mutant in complex with dsRNA
9Q60,EMD-72244,3.12,2026-09-16T00:00:00.000+00:00,CryoEM Structure of human MDA5 disease-linked mutant T331I with dsRNA (one protein subunit on dsRNA)
9Q69,EMD-72260,3.35,2026-06-24T00:00:00.000+00:00,"Cryo-electron microscopy structure of PfRIPR bound to monoclonal antibodies RP.047, RP.057 and RP.035"
9Q6B,EMD-72265,2.97,2026-06-24T00:00:00.000+00:00,"Cryo-electron microscopy structure of PfRIPR bound to monoclonal antibodies RP.093, RP.073 and RP.063"
9Q6F,EMD-72277,2.86,2026-07-29T00:00:00.000+00:00,Structure of Plasmodium falciparum 20S proteasome bound to an asparagine-ethylenediamine based inhibitor TDI6245
9Q6H,EMD-72278,3.1,2026-03-25T00:00:00.000+00:00,"Human Serum Albumin in complex with four nanobodies: nb33, nb77, nb125 & N42"
9Q6N,EMD-72279,2.8,2026-03-25T00:00:00.000+00:00,"Human Serum Albumin in complex with four nanobodies: nb118, nb68, N30 & N23"
9Q6O,EMD-72280,2.65,2026-06-10T00:00:00.000+00:00,Cryo-EM Structure of MgtA in the E2-P State at 2.7 A Resolution
9Q6Y,EMD-72281,3.8,2026-03-25T00:00:00.000+00:00,"Human Serum Albumin in complex with four nanobodies: N33, nb139 & nb104"
9Q6Z,EMD-72282,3.7,2026-03-25T00:00:00.000+00:00,"Human Serum Albumin in complex with four nanobodies: N33, nb139, nb39 & nb104"
9Q71,EMD-72283,2.8,2026-04-15T00:00:00.000+00:00,Structure of the Measles Virus Fusion Glycoprotein Ectodomain in Postfusion Conformation Bound to Neutralizing Antibody H8
9Q7B,EMD-72293,2.42,2026-04-15T00:00:00.000+00:00,Structure of the Measles Virus Fusion Glycoprotein Ectodomain in Prefusion Conformation Bound to Neutralizing Antibody H8
9Q7J,EMD-72301,3.75,2026-09-09T00:00:00.000+00:00,"Cryo-EM structure of designed Orb2 amyloid (LVLVF, polymorph 4)"
9Q7K,EMD-72305,3.13,2026-03-04T00:00:00.000+00:00,Pointed end of Cofilin-2 Bound F-actin
9Q7L,EMD-72306,3.68,2026-03-04T00:00:00.000+00:00,Barbed end of F-actin and cofilin on sides
9Q7M,EMD-72307,3.5,2026-03-04T00:00:00.000+00:00,"Barbed end of cofilin actin, cofilin on second-to-last barbed end subunit"
9Q7N,EMD-72308,3.48,2026-03-04T00:00:00.000+00:00,"Cofilin barbed end, cofilin on the two barbed end subunits"
9Q7O,EMD-72313,3.02,2026-03-04T00:00:00.000+00:00,One CAP-1 Bound to the Pointed End of F-actin
9Q7Q,EMD-72314,2.86,2026-03-04T00:00:00.000+00:00,ABCE1-eRF1-RNC-AMD1C
9Q7U,EMD-72318,3.4,2026-02-18T00:00:00.000+00:00,Composite map for Cryo-EM structure of DNMT3A2-DNMT3B3 tetramer bound to 167H3K36me2-nucleosome
9Q7Y,EMD-72319,3.35,2026-04-01T00:00:00.000+00:00,Zymogen ADAM17- iRhom1 Cytoplasmic Deletion (365) Complex Bound by the MEDI3622 Fab
9Q80,EMD-52879,3.39,2026-01-14T00:00:00.000+00:00,Ku70/80 with Ku70 linker and SAP domain bound to a 153 bp H2AX nucleosome
9Q85,EMD-52886,3.62,2026-02-18T00:00:00.000+00:00,"PAM-bound Cas9-Cas1-Cas2-Csn2 supercomplex in the locked conformation, Streptococcus thermophilus DGCC 7710 CRISPR3 system"
9Q8V,EMD-52908,3.06,2026-09-09T00:00:00.000+00:00,Cryo-EM structure of the NLRP3 decamer bound to the inhibitor BAL-1516
9Q8X,EMD-52912,2.94,2026-01-14T00:00:00.000+00:00,Ku70/80 bound to a 153 bp H2AX nucleosome
9QAW,EMD-52977,3.34,2026-03-11T00:00:00.000+00:00,CryoEM structure of the human LRP2 receptor ectodomain in complex with LRPAP1
9QC6,EMD-53004,2.83,2026-05-13T00:00:00.000+00:00,Structure of eIF2B decamer bound to (P)eIF2 alpha and Compound A-(S)
9QDL,EMD-53029,3.15,2026-03-18T00:00:00.000+00:00,CRYO-EM STRUCTURE OF THE YEAST RESPIRATORY COMPLEX II
9QDM,EMD-53030,3.0,2026-02-11T00:00:00.000+00:00,CRYO-EM STRUCTURE OF THE YEAST RESPIRATORY COMPLEX II WITH THE INHIBITOR BIXAFEN
9QEB,EMD-53053,2.26,2026-05-27T00:00:00.000+00:00,CryoEM structure of transcribing RNA polymerase II elongation complex
9QEF,EMD-53065,2.5,2026-01-21T00:00:00.000+00:00,Respiratory supercomplex from Mycobacterium smegmatis with decylubiquinone
9QFM,EMD-53117,2.86,2026-04-15T00:00:00.000+00:00,LY12 Main Morphology
9QFX,EMD-53123,3.45,2026-03-11T00:00:00.000+00:00,Nucleotide-free wild type Wzm-Wzt from Mycobacterium abscessus in LMNG
9QGK,EMD-53133,2.97,2026-03-25T00:00:00.000+00:00,F-actin decorated by ITPKA
9QGU,EMD-53148,3.69,2026-03-11T00:00:00.000+00:00,ADP-bound wild type Wzm-Wzt from Mycobacterium abscessus in LMNG
9QGY,EMD-53150,2.48,2026-03-25T00:00:00.000+00:00,Structure of the YbjP lipoprotein bound to the MacAB-TolC tripartite efflux pump
9QH1,EMD-53152,3.44,2026-03-11T00:00:00.000+00:00,ATP-bound wild type Wzm-Wzt from Mycobacterium abscessus in LMNG
9QH4,EMD-53154,3.7,2026-03-25T00:00:00.000+00:00,NorQ hexamer from Paracoccus denitrificans
9QH6,EMD-53156,3.2,2026-03-25T00:00:00.000+00:00,NorQ in complex with NorD VWA domain from Paracoccus denitrificans
9QH7,EMD-53157,2.9,2026-03-25T00:00:00.000+00:00,NorQ in complex with NorD VWA domain steep staircase subset 1 from Paracoccus denitrificans
9QH8,EMD-53158,3.8,2026-03-25T00:00:00.000+00:00,reduced NorQ-NorD VWA domain complex from Paracoccus denitrificans
9QH9,EMD-53159,3.0,2026-03-25T00:00:00.000+00:00,NorQ in complex with NorD VWA domain steep staircase subset 2 from Paracoccus denitrificans
9QHD,EMD-53160,3.3,2026-03-25T00:00:00.000+00:00,NorQD complex state 1 from Jhaorihella thermophila
9QHE,EMD-53161,3.8,2026-03-25T00:00:00.000+00:00,NorQD complex state 2 from Jhaorihella thermophila
9QHF,EMD-53162,3.9,2026-03-25T00:00:00.000+00:00,NorQD complex state 3 from Jhaorihella thermophila
9QHG,EMD-53163,3.9,2026-03-25T00:00:00.000+00:00,NorQD complex state 4 from Jhaorihella thermophila
9QHJ,EMD-53171,3.4,2026-03-11T00:00:00.000+00:00,ATP-bound E178Q Wzm-Wzt from Mycobacterium abscessus in LMNG
9QHK,EMD-53172,3.57,2026-03-11T00:00:00.000+00:00,Nucleotide-free wild type Wzm-Wzt from Mycobacterium abscessus in nanodiscs
9QHM,EMD-53173,2.61,2026-02-11T00:00:00.000+00:00,Cryo-EM structure of mouse TRPM3 alpha 2 in complex with antagonist Ononetin
9QHN,EMD-53174,3.2,2026-02-11T00:00:00.000+00:00,Cryo-EM structure of mouse TRPM3 alpha 2 in APO state
9QHO,EMD-53175,3.28,2026-02-11T00:00:00.000+00:00,Cryo-EM structure of mouse TRPM3 alpha 2 in complex with antagonist Primidone
9QHP,EMD-53176,2.35,2026-02-11T00:00:00.000+00:00,Cryo-EM structure of mouse TRPM3 alpha 2 in complex with antagonist Isosakuranetin
9QHQ,EMD-53177,3.07,2026-02-11T00:00:00.000+00:00,Cryo-EM structure of mouse TRPM3 alpha 2 in with agonists CIM-0216 and Pregnenolone sulfate (PregS)
9QHS,EMD-52894,3.8,2026-03-25T00:00:00.000+00:00,phiLo family-A DNA polymerase with modified template
9QHW,EMD-53181,3.3,2026-03-11T00:00:00.000+00:00,ATP-bound wild type Wzm-Wzt from Mycobacterium abscessus in nanodiscs
9QHX,EMD-53182,3.47,2026-03-11T00:00:00.000+00:00,ATP-bound E178Q Wzm-Wzt from Mycobacterium abscessus in nanodiscs
9QID,EMD-53186,2.73,2026-06-10T00:00:00.000+00:00,Human Mortalin (mitochondrial Hsp70) in complex with wild-type GrpE1
9QIK,EMD-52223,3.03,2026-01-21T00:00:00.000+00:00,M2 nucleosome
9QIN,EMD-53191,2.72,2026-06-10T00:00:00.000+00:00,Human Mortalin (mitochondrial Hsp70) in complex with GrpE1 phosphorylated at Ser-47
9QJC,EMD-53201,3.2,2026-01-28T00:00:00.000+00:00,Yeast pre-60S Domain II intermediate
9QJJ,EMD-53204,2.5,2026-03-18T00:00:00.000+00:00,Cryo-EM structure of CDK2-cyclin A bound to OTS964
9QJN,EMD-53205,2.4,2026-03-18T00:00:00.000+00:00,Cryo-EM structure of the human CAK bound to OTS964
9QJP,EMD-53206,3.22,2026-08-26T00:00:00.000+00:00,GABA-A receptor a3b3g2 + a3NB83(PAM) + GABA
9QJQ,EMD-53207,2.63,2026-08-26T00:00:00.000+00:00,GABA-A receptor a3b3 (1:4) + a3NB77(silent) + b3Mb125 + GABA
9QJR,EMD-53208,2.92,2026-08-26T00:00:00.000+00:00,GABA-A receptor a2b3 (1:4) + a2NB29(near-silent) + b3Mb125 + GABA
9QJS,EMD-53209,2.52,2026-08-26T00:00:00.000+00:00,GABA-A receptor a2b3 (1:4) + a2NB16(silent) + b3Mb125 + GABA
9QJV,EMD-53212,3.45,2026-08-26T00:00:00.000+00:00,GABA-A receptor a2b3 (1:4) + a2NB47(silent) + b3Mb125 + GABA
9QJX,EMD-53213,2.7,2026-08-26T00:00:00.000+00:00,GABA-A receptor a2b3g2 + a2NB00(PAM) + GABA
9QJY,EMD-53214,2.78,2026-08-26T00:00:00.000+00:00,GABA-A receptor a2b3g2 + a2NB04(silent) + GABA
9QK0,EMD-53215,3.01,2026-08-26T00:00:00.000+00:00,GABA-A receptor a2b3g2 + a2NB25(inhibitor)
9QK1,EMD-53216,3.05,2026-08-26T00:00:00.000+00:00,GABA-A receptor a2b3 (1:4) + a2NB06(silent) + b3Mb125 + GABA
9QKT,EMD-53221,2.4,2026-03-18T00:00:00.000+00:00,Cryo-EM structure of the CDK11B-cyclin L2-SAP30BP bound to OTS964 (conformation 1)
9QKZ,EMD-53224,2.3,2026-03-18T00:00:00.000+00:00,Cryo-EM structure of CDK11B-cyclin L2-SAP30BP bound to AMP-PNP
9QL1,EMD-53221,2.4,2026-03-18T00:00:00.000+00:00,Cryo-EM structure of the CDK11B-cyclin L2-SAP30BP bound to OTS964 (conformation 2)
9QLO,EMD-53230,2.47,2026-02-18T00:00:00.000+00:00,NMT1-NAC bound human RNC with full length ARF1 - State 1
9QLP,EMD-53231,2.75,2026-02-18T00:00:00.000+00:00,NMT1-NAC bound human RNC with full length ARF1 - State 2
9QLQ,EMD-53232,2.57,2026-02-18T00:00:00.000+00:00,NMT1-NAC bound human RNC with full length ARF1 - alternative State
9QLV,EMD-53235,3.5,2026-04-08T00:00:00.000+00:00,Cryo-EM structure of Arabidopsis TIR-NLR WRR4A tetramer in complex with effector CCG40
9QO0,EMD-53252,3.26,2026-02-18T00:00:00.000+00:00,Pre-activated 9-subunit COP9 signalosome and neddylated SCF (Skp1-Skp2-Cks1) complex structure
9QO1,EMD-53253,3.23,2026-02-11T00:00:00.000+00:00,Activated 9-subunit COP9 signalosome and neddylated SCF (SKP1-SKP2-CKS1) complex structure
9QO2,EMD-53254,3.8,2026-02-18T00:00:00.000+00:00,Dissociation-state-1 of 9-subunit CSN and SCF (SKP1-SKP2-CKS1) complex
9QO4,EMD-53256,2.95,2026-02-04T00:00:00.000+00:00,Dissociation-state-3 of 9-subunit CSN and SCF (SKP1-SKP2-CKS1) complex
9QO5,EMD-53257,4.0,2026-02-04T00:00:00.000+00:00,Dissociation-state-4 of 9-subunit CSN and SCF (SKP1-SKP2-CKS1) complex
9QO6,EMD-53258,3.0,2026-02-04T00:00:00.000+00:00,9-subunit COP9 signalosome complex
9QO8,EMD-53259,2.9,2026-02-18T00:00:00.000+00:00,Inward-open structure of human GABA transporter 3 bound to selective inhibitor SR-THAP
9QO9,EMD-53260,3.2,2026-03-04T00:00:00.000+00:00,Inward-occluded structure of human GABA transporter 3 bound to substrate GABA
9QOH,EMD-53262,2.78,2026-04-08T00:00:00.000+00:00,Mouse Ribosome POST translocation state
9QON,EMD-53264,3.2,2026-01-28T00:00:00.000+00:00,"Ternary complex of the human 20S proteasome in complex with Importin-9 and two homodimers of Akirin-2 - focussed refinement on the alpha subunits, Ipo-9 and Ak2"
9QOO,EMD-53265,3.3,2026-01-28T00:00:00.000+00:00,Composite model: Ternary complex of the human 20S proteasome in complex with Importin-9 and two homodimers of Akirin-2
9QOP,EMD-53266,3.7,2026-01-28T00:00:00.000+00:00,Binary complex of human Importin-9 with one homodimer of Akirin-2
9QP4,EMD-53268,3.06,2026-06-24T00:00:00.000+00:00,Pre-active dark-state structure of human short-wave-sensitive opsin (OPN1SW)
9QPE,EMD-53274,3.8,2026-04-08T00:00:00.000+00:00,Hcp3-Tce1 complex from the Pseudomonas aeruginosa Type VI Secretion System
9QPO,EMD-53276,2.6,2026-04-08T00:00:00.000+00:00,CryoEM structure of human MATa2 in complex with MATBv2 at 2.6 A resolution
9QPP,EMD-53277,2.6,2026-04-08T00:00:00.000+00:00,CryoEM structure of human MATa2 in complex with MAT2B isoform v1 at 2.6 A resolution
9QQE,EMD-53299,2.78,2026-04-15T00:00:00.000+00:00,Cryo-EM structure of the SN230G6 Fab - HLA-A*02:01 human alloantibody-HLA complex
9QQF,EMD-53300,3.23,2026-04-15T00:00:00.000+00:00,Cryo-EM structure of the WIM8E5 Fab - HLA-A*11:01 human alloantibody-HLA complex
9QQL,EMD-53307,3.09,2026-04-15T00:00:00.000+00:00,Mouse RPS15 P131 Mutant Ribosome POST translocation state
9QQP,EMD-53310,2.8,2026-04-15T00:00:00.000+00:00,Mouse Ribosome rotated-2 PRE state
9QQQ,EMD-53311,2.26,2026-02-18T00:00:00.000+00:00,"Cryo-EM structure of SKM-70S ribosomal stalled complex in the major state (vacant A-site, canon)"
9QQS,EMD-53313,2.65,2026-05-27T00:00:00.000+00:00,Structure of the MEGF8-MOSMO complex with nanobody 270 (Focused refinement)
9QR6,EMD-53317,3.05,2026-01-14T00:00:00.000+00:00,CryoEM structure of the tetrahedral M42 aminopeptidase from M. jannaschii
9QRU,EMD-53323,3.03,2026-05-27T00:00:00.000+00:00,Cryo-EM structure of the MMM ubiquitin ligase complex with nanobody 270 (Composite map)
9QS6,EMD-53329,3.3,2026-05-27T00:00:00.000+00:00,Cryo-EM structure of the helix-stabilized MMM ubiquitin ligase complex with nanobody 270 (Composite map)
9QSA,EMD-53333,3.4,2026-04-15T00:00:00.000+00:00,Mouse Ribosome rotated-1 PRE state
9QSH,EMD-53340,3.5,2026-05-27T00:00:00.000+00:00,Cryo-EM structure of the MMM ubiquitin ligase complex with nanobody 992 (Composite map)
9QSJ,EMD-53341,2.62,2026-02-18T00:00:00.000+00:00,Cryo-EM structure of SKM-70S ribosomal stalled complex in the A-tRNA positioned (Body open) state.
9QSX,EMD-53343,3.2,2026-02-18T00:00:00.000+00:00,Cryo-EM structure of aquaporin 3 at pH 8.0
9QSY,EMD-53344,3.2,2026-02-18T00:00:00.000+00:00,Cryo-EM structure of aquaporin 3 at pH 5.5
9QSZ,EMD-53345,3.0,2026-02-18T00:00:00.000+00:00,Cryo-EM structure of aquaporin 3 at pH 8.0 with hydrogen peroxide
9QT4,EMD-53346,4.0,2026-04-15T00:00:00.000+00:00,CryoEM structure of Arabidopsis TIR-NLR WRR4A tetramer in complex with effector CCG40 (focused refinement)
9QTN,EMD-53355,2.28,2026-02-18T00:00:00.000+00:00,Human alpha7 nicotinic receptor in complex with the F1 nanobody
9QTO,EMD-53356,2.16,2026-02-18T00:00:00.000+00:00,Human alpha7 nicotinic receptor in complex with the E6 nanobody
9QTY,EMD-53367,2.98,2026-05-27T00:00:00.000+00:00,Cryo-EM structure of the binary MEGF8-MOSMO complex with nanobody 270
9QU9,EMD-53375,3.5,2026-04-22T00:00:00.000+00:00,Cryo-EM structure of Arabidopsis TIR-NLR WRR4A tetramer in complex with effector CCG40 (C2-symmetry)
9QVX,EMD-53414,3.9,2026-04-22T00:00:00.000+00:00,The targeting of non-fibrillar polyQ via distinct VCP-proteasome coupling
9QW9,EMD-53415,3.09,2026-04-29T00:00:00.000+00:00,Human vault protein - primed conformation
9QWT,EMD-53427,3.1,2026-04-29T00:00:00.000+00:00,Mouse Ribosome RPS15 (uS19) P131S rotated-2 PRE state
9QWW,EMD-53429,3.8,2026-04-29T00:00:00.000+00:00,Cryo-EM structure of plant resistance protein NRC2 dimer bound to nematode effector SPRYSEC-15
9QXL,EMD-53437,3.14,2026-01-14T00:00:00.000+00:00,The structure of ADGRL4 in the active-state
9QY3,EMD-53450,2.9,2026-02-25T00:00:00.000+00:00,Structure of the Plum Pox Virus (PPV)
9QZO,EMD-53472,2.9,2026-02-11T00:00:00.000+00:00,Cryo-EM structure of rat SLCO2A1 in the apo state.
9QZP,EMD-53473,3.43,2026-05-27T00:00:00.000+00:00,Mouse Ribosome Classical Pre translocation state
9R01,EMD-53476,3.25,2026-05-06T00:00:00.000+00:00,"Complex I from Ovis aries in presence of D1 inhibitor, Closed state"
9R03,EMD-53477,3.2,2026-05-06T00:00:00.000+00:00,"Complex I from Ovis aries in presence of D1 inhibitor, Open state"
9R07,EMD-53481,3.2,2026-02-11T00:00:00.000+00:00,Cryo-EM structure of rat SLCO2A1 bound to zafirlukast.
9R0A,EMD-53482,3.1,2026-02-11T00:00:00.000+00:00,Cryo-EM structure of rat SLCO2A1 bound to fentiazac.
9R0I,EMD-53483,3.1,2026-02-11T00:00:00.000+00:00,Cryo-EM structure of rat SLCO2A1 bound to losartan.
9R0M,EMD-53484,3.2,2026-02-11T00:00:00.000+00:00,Cryo-EM structure of rat SLCO2A1 bound to prostaglandin E2.
9R0N,EMD-53485,3.4,2026-02-11T00:00:00.000+00:00,Cryo-EM structure of rat SLCO2A1 bound to dinoprost.
9R0O,EMD-53486,3.1,2026-02-11T00:00:00.000+00:00,Cryo-EM structure of rat SLCO2A1 bound to tolcapone.
9R1D,EMD-53505,3.21,2026-01-28T00:00:00.000+00:00,Structure of the H3.V-H4.V variant nucleosome core particle from Trypanosoma brucei
9R1H,EMD-53509,3.02,2026-02-25T00:00:00.000+00:00,Inward-occluded structure of human glycine transporter 2 bound to substrate glycine
9R1Q,EMD-53512,2.24,2026-02-11T00:00:00.000+00:00,Beluga whale coronavirus spike glycoprotein
9R1R,EMD-53513,2.65,2026-01-14T00:00:00.000+00:00,Bottlenose dolphin coronavirus spike glycoprotein
9R1T,EMD-53514,3.34,2026-05-27T00:00:00.000+00:00,Structure of the human chimera HCN112 hyperpolarization-activated cyclic nucleotide-gated ion channel in complex with cAMP.
9R1U,EMD-53515,3.92,2026-05-13T00:00:00.000+00:00,Structure of the human HCN1dC hyperpolarization-activated cyclic nucleotide-gated ion channel.
9R1V,EMD-53516,3.53,2026-05-13T00:00:00.000+00:00,Structure of the human chimera HCN112 hyperpolarization-activated cyclic nucleotide-gated ion channel.
9R2G,EMD-53529,2.8,2026-03-04T00:00:00.000+00:00,Cytochrome bd II oxidase qOR-2 type from Mycobacterium smegmatis
9R2I,EMD-53531,3.3,2026-03-25T00:00:00.000+00:00,Cryo-EM structure of the complex CDK16:CCNY:14-3-3
9R2N,EMD-53533,3.83,2026-03-25T00:00:00.000+00:00,Cryo-EM structure of the complex CCNY:14-3-3
9R3A,EMD-53553,2.86,2026-01-28T00:00:00.000+00:00,Structure of Stalled Beta-Galactosidase 70S Ribosome Nascent Chain
9R3D,EMD-53554,3.12,2026-05-13T00:00:00.000+00:00,Cryo-EM structure of the human pre-Bact-OTS complex (whole map)
9R3S,EMD-53558,3.06,2026-07-22T00:00:00.000+00:00,pro-TGF-beta1 in complex with the third TB Domain from Latent Transforming Growth Factor-beta Binding Protein-1
9R41,EMD-53561,3.8,2026-05-20T00:00:00.000+00:00,Buspirone-bound serotonin 5-HT1A receptor - Gi Protein Complex
9R42,EMD-53562,3.24,2026-05-20T00:00:00.000+00:00,Quinpirole-bound Dopamine D3 Receptor - Gi Protein Complex
9R4I,EMD-53567,2.92,2026-02-25T00:00:00.000+00:00,An auto inhibitory loop in the MiDAC histone deacetylase complex
9R4J,EMD-53569,3.36,2026-02-04T00:00:00.000+00:00,CryoEM structure of MraZ in complex with its promoter from Mycoplasma genitalium
9R4X,EMD-53571,3.2,2026-03-11T00:00:00.000+00:00,13 protofilament P. falciparum paclitaxel stabilised GDP microtubule
9R4Y,EMD-53572,2.9,2026-03-11T00:00:00.000+00:00,15 protofilament P. falciparum GMPCPP microtubule
9R5S,EMD-53595,3.8,2026-01-28T00:00:00.000+00:00,Structural characterisation of chromatin remodelling intermediates supports linker DNA dependent product inhibition as a mechanism for nucleosome spacing.
9R5W,EMD-53596,3.8,2026-02-04T00:00:00.000+00:00,Structural characterisation of chromatin remodelling intermediates supports linker DNA dependent product inhibition as a mechanism for nucleosome spacing.
9R60,EMD-53598,3.0,2026-03-04T00:00:00.000+00:00,CPS translocon Wza_C1
9R61,EMD-53599,2.7,2026-03-04T00:00:00.000+00:00,CPS translocon Wza_C8
9R62,EMD-53600,3.4,2026-03-04T00:00:00.000+00:00,CPS co-polymerase Wzc_C1
9R63,EMD-53601,3.2,2026-03-04T00:00:00.000+00:00,CPS co-polymerase Wzc_C4
9R64,EMD-53602,3.5,2026-03-04T00:00:00.000+00:00,CPS secretion pathway Wza-Wzc_C1 (Conf 0)
9R65,EMD-53603,3.2,2026-03-04T00:00:00.000+00:00,CPS secretion pathway Wza-Wzc_C8 (Conf 0)
9R66,EMD-53604,3.8,2026-03-04T00:00:00.000+00:00,CPS secretion pathway Wza-Wzc_C1 (Conf 1)
9R67,EMD-53605,3.5,2026-03-04T00:00:00.000+00:00,CPS secretion pathway Wza-Wzc_C8 (Conf 1)
9R6S,EMD-53686,3.1,2026-03-11T00:00:00.000+00:00,Prefusion stabilized spike glycoprotein of human coronavirus OC43.
9R6T,EMD-53687,2.76,2026-03-11T00:00:00.000+00:00,Prefusion stabilized spike glycoprotein of equine coronavirus.
9R7L,EMD-53783,3.0,2026-05-27T00:00:00.000+00:00,HD6 defensin filament with IP6
9R7M,EMD-53784,2.9,2026-05-27T00:00:00.000+00:00,HD6 defensin filament with IP6
9R7N,EMD-53785,3.6,2026-05-27T00:00:00.000+00:00,HD6 defensin filament with phosphate
9R7R,EMD-53790,2.39,2026-01-21T00:00:00.000+00:00,Potato virus A (PVA)
9R7S,EMD-53791,2.54,2026-01-21T00:00:00.000+00:00,Potato virus A (PVA) after incubation in solution at 4C for 6 months
9R7T,EMD-53792,2.54,2026-01-21T00:00:00.000+00:00,ssRNA-containing helical virus-like particle composed of PVA (isolate B11) coat protein
9R7U,EMD-53793,3.31,2026-01-21T00:00:00.000+00:00,RNA-free helical (h8.5) virus-like particle composed of PVA (isolate B11) coat protein
9R7V,EMD-53794,3.06,2026-01-21T00:00:00.000+00:00,ssRNA-containing helical virus-like particle composed of PVA (isolate Datura) coat protein
9R7X,EMD-53796,2.63,2026-01-21T00:00:00.000+00:00,RNA-free helical (h8.5) virus-like particle composed of PVA (isolate Datura) coat protein
9R7Y,EMD-53799,3.89,2026-01-21T00:00:00.000+00:00,"RNA-free helical (h9.7) virus-like particle composed of PVA coat protein with 6 mutations (H89Q, E90S, S144E, R163A, K180E, and T210R)"
9R7Z,EMD-53800,3.92,2026-01-21T00:00:00.000+00:00,"RNA-free helical (h10.7) virus-like particle composed of PVA coat protein with 6 mutations (H89Q, E90S, S144E, R163A, K180E, and T210R)"
9R80,EMD-53801,3.7,2026-01-21T00:00:00.000+00:00,"RNA-free stacked-ring (r10) virus-like particle composed of PVA coat protein with 6 mutations (H89Q, E90S, S144E, R163A, K180E, and T210R)"
9R81,EMD-53802,2.33,2026-01-21T00:00:00.000+00:00,ssRNA-containing helical virus-like particle composed of PVA coat protein with D138C mutation
9R85,EMD-53804,3.04,2026-01-28T00:00:00.000+00:00,Cryo-EM structure of the E3 ligase HECTD3 conjugated to ubiquitin
9R88,EMD-53807,2.6,2026-05-27T00:00:00.000+00:00,CTE Type I tau filament from the brain of a football player
9R89,EMD-53808,3.2,2026-05-27T00:00:00.000+00:00,CTE Type II tau filament from the brain of a football player
9R8A,EMD-53809,2.5,2026-05-27T00:00:00.000+00:00,PHF tau filament from the brain of a football player
9R8D,EMD-53810,3.0,2026-05-27T00:00:00.000+00:00,SF tau filament from the brain of a football player
9R8G,EMD-53820,2.77,2026-01-14T00:00:00.000+00:00,Pseudomonas putida Pore-Forming Toxin Tke5 in complex with its cognate Type VI adaptor protein Tap3
9R8J,EMD-53827,2.83,2026-09-16T00:00:00.000+00:00,Structure of human NHE9
9R8K,EMD-53828,2.6,2026-09-16T00:00:00.000+00:00,Structure of human NHE9 (core-TM domain)
9R8L,EMD-53829,3.2,2026-09-16T00:00:00.000+00:00,Structure of human NHE6.0
9R8M,EMD-53831,2.55,2026-09-16T00:00:00.000+00:00,Structure of human NHE6.1 bound to PIP2
9R8N,EMD-53832,2.33,2026-09-16T00:00:00.000+00:00,Structure of human NHE6.1 bound to PIP2 (core-TM domain)
9R8P,EMD-53835,4.0,2026-05-27T00:00:00.000+00:00,"Cryo-EM structure of hSA3, a mutated hyper-soluble human serum albumin designed for bacterial expression"
9R8W,EMD-53844,3.5,2026-05-13T00:00:00.000+00:00,Cryo-EM structure of Arabidopsis TIR-NLR WRR4A tetramer in complex with weakly bound effector CCG28 (C2-symmetry)
9R90,EMD-53847,3.25,2026-03-04T00:00:00.000+00:00,Cryo-EM structure of human ATP citrate lyase in complex with inhibitor EVT0185-CoA
9R91,EMD-53848,3.7,2026-05-27T00:00:00.000+00:00,Trimer TatBC complex with bound substrate SufI
9R9A,EMD-53855,2.6,2026-04-22T00:00:00.000+00:00,CryoEM structure of a membrane protein associated with a contractile injection in Salmonella enterica subspecies salamae
9R9H,EMD-53857,2.28,2026-04-22T00:00:00.000+00:00,"Cryo-EM structure of an extracellular contractile injection system in Salmonella enterica subspecies salamae, the sheath and inner tube module in extended state."
9R9I,EMD-53858,3.4,2026-04-22T00:00:00.000+00:00,"Cryo-EM structure of an extracellular contractile injection system in Salmonella enterica subspecies salamae, the sheath in contracted state."
9R9N,EMD-53859,2.86,2026-04-22T00:00:00.000+00:00,"Cryo-EM structure of a contractile injection system in Salmonella enterica subspecies Salamae, the cap portion in extended state."
9R9W,EMD-53862,3.34,2026-01-21T00:00:00.000+00:00,RNA-free helical (h8.5) virus-like particle composed of TEV coat protein
9R9X,EMD-53863,3.64,2026-01-21T00:00:00.000+00:00,ssRNA-containing helical virus-like particle composed of PepMoV coat protein
9R9Z,EMD-53865,3.4,2026-01-21T00:00:00.000+00:00,ssRNA-containing helical virus-like particle composed of JGMV coat protein
9RA2,EMD-53868,3.51,2026-01-21T00:00:00.000+00:00,RNA-free stacked-ring (r9) virus-like particle composed of JGMV coat protein
9RAD,EMD-53874,3.36,2026-02-11T00:00:00.000+00:00,PhiC31 integrase-attL complex: B-bound subregion
9RAE,EMD-53875,3.88,2026-02-11T00:00:00.000+00:00,PhiC31 integrase-attL complex: P'-bound subregion
9RAF,EMD-53876,2.15,2026-03-11T00:00:00.000+00:00,Influenza A/H7N9 polymerase in complex with a 70-mer template in stalled elongation with backtracking and stem.
9RAG,EMD-53877,1.99,2026-03-11T00:00:00.000+00:00,"Influenza A/H7N9 polymerase in complex with a 70-mer RNA template, in stalled elongation."
9RB3,EMD-53884,3.4,2026-03-11T00:00:00.000+00:00,A53T alpha-synuclein fibril - Type 1
9RB6,EMD-53885,3.02,2026-03-11T00:00:00.000+00:00,A53T alpha-synuclein fibril - Type 2
9RB7,EMD-53886,3.45,2026-03-11T00:00:00.000+00:00,Wild-type alpha-synuclein fibril - Type 1
9RB8,EMD-53887,3.64,2026-03-11T00:00:00.000+00:00,Wild-type alpha-synuclein fibril - Type 3-1
9RB9,EMD-53888,3.04,2026-03-11T00:00:00.000+00:00,Wild-type alpha-synuclein fibril - Type 3-2
9RBA,EMD-53889,3.54,2026-03-11T00:00:00.000+00:00,Wild-type alpha-synuclein fibril - Type 4
9RBB,EMD-53890,3.15,2026-03-11T00:00:00.000+00:00,Wild-type alpha-synuclein fibril - Type 5
9RBF,EMD-53892,2.44,2026-06-03T00:00:00.000+00:00,Structure of a stalled E. coli 70S RNC-NuoK-86 in complex with the membrane protein insertase SecYEG-YidC
9RBO,EMD-53900,3.0,2026-06-10T00:00:00.000+00:00,A cryo-EM structure of native C3 protein in a compact conformation.
9RBQ,EMD-53902,2.7,2026-01-14T00:00:00.000+00:00,Semliki Forest virus trimer 1 in complex with ApoER2 LA5
9RBR,EMD-53903,2.7,2026-01-14T00:00:00.000+00:00,Semliki Forest virus trimer 2 in complex with ApoER2 LA5
9RCB,EMD-53912,3.1,2026-04-15T00:00:00.000+00:00,Unsheathed flagellar filament in Vibrio alginolyticus
9RCD,EMD-53917,3.6,2026-04-15T00:00:00.000+00:00,Sheathed flagellar filament in Vibrio alginolyticus
9RCE,EMD-53919,2.86,2026-04-22T00:00:00.000+00:00,"Cryo-EM structure of a contractile injection system in Salmonella enterica subspecies Salamae, the baseplate portion in extended state."
9RCH,EMD-53922,2.2,2026-06-10T00:00:00.000+00:00,Cryo-EM structure of Yadonushi Virus 1
9RD0,EMD-53925,2.6,2026-04-29T00:00:00.000+00:00,Structure of DabA2B2 complex solved under ambient condition
9RD7,EMD-53928,2.8,2026-08-26T00:00:00.000+00:00,Cryo-EM structure of amyloidogenic antimicrobial peptide Aurein 1.2 polymorph 1 in acqueous solution
9RD8,EMD-53929,3.2,2026-04-29T00:00:00.000+00:00,Structure of DabA2B2 complex under 0.1M bicarbonate
9RD9,EMD-53930,2.7,2026-04-29T00:00:00.000+00:00,Structure of DabA2B2 complex under 17 mM CO2
9RDK,EMD-53937,2.41,2026-04-01T00:00:00.000+00:00,Cryo-EM structure of the human SAGA co-activator complex
9RF3,EMD-53939,4.0,2026-09-09T00:00:00.000+00:00,Structure of complement C3 in an extended conformation
9RFV,EMD-53942,3.78,2026-08-26T00:00:00.000+00:00,Cryo-EM structure of amyloidogenic antimicrobial peptide aurein 1.2 polymorph 2 in aqueous solution
9RFW,EMD-53943,2.4,2026-05-27T00:00:00.000+00:00,Manikomycin bound to the Escherichia coli 50S ribosomal subunit
9RG7,EMD-53944,2.72,2026-06-17T00:00:00.000+00:00,In vitro reconstituted NAA40-NAC bound 80S
9RGD,EMD-53948,2.0,2026-06-17T00:00:00.000+00:00,CryoEM structure of human alpha1beta3gamma2L GABA(A)R in CL47a
9RGE,EMD-53949,3.1,2026-06-17T00:00:00.000+00:00,"CryoEM structure of human alpha1beta3gamma2 GABA(A)R in complex with GARLH4 and the Neuroligin2 transmembrane helix, in CL47a"
9RGN,EMD-53951,3.1,2026-03-18T00:00:00.000+00:00,SsCl at pH 6.5 + IVM - Partially opened
9RGO,EMD-53952,3.14,2026-03-18T00:00:00.000+00:00,SsCl at pH 9 - Desensitized
9RGP,EMD-53953,3.65,2026-03-18T00:00:00.000+00:00,SsCl at pH 9 + IVM - Opened
9RH1,EMD-53954,2.7,2026-06-17T00:00:00.000+00:00,Cryo-EM structure of the consensus inward-facing apo NhaA dimer at pH 7.5
9RH2,EMD-53955,2.7,2026-06-17T00:00:00.000+00:00,Cryo-EM structure of the inward-facing apo NhaA in the unplugged state at pH 7.5
9RH3,EMD-53956,2.7,2026-06-17T00:00:00.000+00:00,Cryo-EM structure of the inward-facing apo NhaA in the plugged state at pH 7.5
9RH4,EMD-53957,3.1,2026-06-17T00:00:00.000+00:00,Cryo-EM structure of the inward-facing apo NhaA with flexible N-terminus at pH 7.5
9RH5,EMD-53958,3.3,2026-06-17T00:00:00.000+00:00,Cryo-EM structure of the inward-facing apo NhaA in the unplugged state at pH 6.3
9RH6,EMD-53959,3.4,2026-06-17T00:00:00.000+00:00,Cryo-EM structure of the inward-facing apo NhaA in the plugged state at pH 6.3
9RH7,EMD-53960,3.7,2026-06-17T00:00:00.000+00:00,Cryo-EM structure of the inward-facing apo NhaA with flexible N-terminus at pH 6.3
9RH8,EMD-53961,3.1,2026-06-17T00:00:00.000+00:00,Cryo-EM structure of the inward-facing apo NhaA in the unplugged state at pH 5.5
9RH9,EMD-53962,3.1,2026-06-17T00:00:00.000+00:00,Cryo-EM structure of the inward-facing apo NhaA in the plugged state at pH 5.5
9RHA,EMD-53963,3.5,2026-06-17T00:00:00.000+00:00,Cryo-EM structure of the inward-facing apo NhaA with flexible N-terminus at pH 5.5
9RHB,EMD-53964,2.9,2026-06-17T00:00:00.000+00:00,Cryo-EM structure of the inward-facing apo NhaA in the open-funnel state at pH 8.5
9RHC,EMD-53965,3.2,2026-06-17T00:00:00.000+00:00,Cryo-EM structure of the inward-facing apo NhaA in the unplugged state at pH 8.5
9RHD,EMD-53966,3.2,2026-06-17T00:00:00.000+00:00,Cryo-EM structure of the inward-facing apo NhaA in the plugged state at pH 8.5
9RHE,EMD-53967,3.5,2026-06-17T00:00:00.000+00:00,Cryo-EM structure of the inward-facing apo NhaA with flexible N-terminus at pH 8.5
9RHF,EMD-53968,3.0,2026-06-17T00:00:00.000+00:00,Cryo-EM structure of the inward-facing sodium-bound NhaA at pH 8.5
9RHI,EMD-53970,3.2,2026-05-13T00:00:00.000+00:00,pre-Initiation Complex on ARS1 DNA (monomer)
9RHJ,EMD-53971,3.4,2026-05-13T00:00:00.000+00:00,Pre-Initiation Complex on ARS1 DNA (dimer)
9RHL,EMD-53972,3.1,2026-05-13T00:00:00.000+00:00,Phospho-DH bound by Sld3-MBD on ARS1 DNA
9RHM,EMD-53973,3.7,2026-05-13T00:00:00.000+00:00,Phospho-MCM double hexamer bound to Sld3-Sld7-Cdc45 on ARS1 DNA
9RHU,EMD-53976,2.65,2026-01-21T00:00:00.000+00:00,"Rabbit 80S ribosome in complex with eRF1-AAQ, stalled at the Stop codon in mutated F2A sequence"
9RIG,EMD-53994,3.7,2026-04-29T00:00:00.000+00:00,EV-A71 (genotype B2) in complex with 16-2-9D Fab
9RIH,EMD-53995,3.1,2026-04-29T00:00:00.000+00:00,EV-A71 (genotype B2) in complex with 16-2-12D Fab
9RII,EMD-53996,3.0,2026-04-29T00:00:00.000+00:00,EV-A71 (genotype B2) in complex with 34-1-6D Fab
9RIJ,EMD-53997,3.8,2026-04-29T00:00:00.000+00:00,EV-A71 (genotype B5) in complex with 16-2-8C Fab
9RIK,EMD-53998,3.4,2026-04-29T00:00:00.000+00:00,EV-A71 (genotype B5) in complex with 16-2-2D Fab
9RIL,EMD-53999,3.6,2026-04-29T00:00:00.000+00:00,EV-A71 (genotype B5) in complex with 16-3-3C Fab
9RIM,EMD-54000,3.0,2026-04-29T00:00:00.000+00:00,EV-A71 (genotype B5) in complex with 16-3-4D Fab
9RIO,EMD-54002,3.4,2026-04-29T00:00:00.000+00:00,EV-A71 (genotype B5) in complex with 17-2-2B Fab
9RIP,EMD-54003,3.1,2026-04-29T00:00:00.000+00:00,EV-A71 (genotype B5) in complex with 17-2-12A Fab
9RIQ,EMD-54004,3.3,2026-04-29T00:00:00.000+00:00,EV-A71 (genotype C4) in complex with 16-2-11B Fab
9RIR,EMD-54005,3.3,2026-04-29T00:00:00.000+00:00,EV-A71 (genotype C4) in complex with 16-3-10B Fab
9RIV,EMD-54006,2.63,2026-04-08T00:00:00.000+00:00,Population B fibril generated from the Heterotypic interaction of Abeta40 and Medin.
9RIW,EMD-54007,3.1,2026-04-08T00:00:00.000+00:00,Population A fibril generated from the Heterotypic interaction of Abeta40 and Medin.
9RJA,EMD-54009,2.45,2026-05-27T00:00:00.000+00:00,Manikomycin bound to the Escherichia coli 70S ribosome
9RJB,EMD-54010,2.6,2026-05-27T00:00:00.000+00:00,Human Signal Peptidase in complex with artificial Signal Peptide L11
9RKZ,EMD-54027,2.95,2026-06-24T00:00:00.000+00:00,CryoEM structure of human 20S proteasome in complex with proteasome inhibitor CP-17
9RL3,EMD-54029,3.31,2026-03-18T00:00:00.000+00:00,13S proteasome precursor complex
9RL4,EMD-54030,3.5,2026-02-11T00:00:00.000+00:00,Structure of BAF in complex with OCT4-SOX2-bound nucleosome - SHL-6
9RL5,EMD-54031,3.1,2026-03-18T00:00:00.000+00:00,"a5b3 GABAAR bound to Topiramate, GABA, and Mb25 in a desensitized state in saposin nanodiscs"
9RLA,EMD-54032,3.16,2026-03-18T00:00:00.000+00:00,13S+Beta1 proteasome precursor complex
9RLC,EMD-54033,2.8,2026-01-21T00:00:00.000+00:00,LolCDE complex with Lpp lipoprotein
9RLD,EMD-54034,3.0,2026-01-21T00:00:00.000+00:00,LolCDE complex with Lpp lipoprotein
9RLE,EMD-54035,3.18,2026-01-21T00:00:00.000+00:00,LolCDE complex with Pal lipoprotein
9RLF,EMD-54036,3.17,2026-01-21T00:00:00.000+00:00,LolCDE complex with Pal lipoprotein
9RLG,EMD-54037,3.09,2026-01-21T00:00:00.000+00:00,LolCDE complex with LolB lipoprotein
9RLH,EMD-54038,3.19,2026-01-21T00:00:00.000+00:00,LolCDE complex with del 9-15 LolB lipoprotein
9RLI,EMD-54039,3.63,2026-01-21T00:00:00.000+00:00,LolCDEdelta(235-252) complex with Pal lipoprotein
9RLJ,EMD-54040,2.9,2026-01-21T00:00:00.000+00:00,LolCDE with bound ATPgammaS
9RLK,EMD-54041,3.29,2026-01-21T00:00:00.000+00:00,LolCDE(delta 235-252) complex with Pal lipoprotein
9RLT,EMD-54045,3.09,2026-03-18T00:00:00.000+00:00,dimerised 13S-13S+Beta5 proteasome precursor complexes
9RLZ,EMD-54046,3.12,2026-03-18T00:00:00.000+00:00,15S proteasome precursor complex
9RM0,EMD-54047,3.29,2026-03-18T00:00:00.000+00:00,13S+Beta5+Beta6 proteasome precursor complex
9RM5,EMD-54050,2.44,2026-02-04T00:00:00.000+00:00,Hexameric AAV2 Rep40-ssDNA (ITR) complex in presence of ATPyS
9RM9,EMD-54052,2.6,2026-04-29T00:00:00.000+00:00,Cryo-EM structure of alphaM/beta2 headpiece complex without alphaM I-domain - the consensus map from alphaM/beta2:C3d-anti-CR3-Nb headpiece complex
9RMA,EMD-54053,3.94,2026-03-25T00:00:00.000+00:00,Cryo-EM structure of alphaM I-domain:C3d-anti-CR3-Nb complex focused refinement from the alphaM/beta2:C3d-anti-CR3-Nb headpiece complex
9RMI,EMD-54060,3.92,2026-04-08T00:00:00.000+00:00,Cryo-EM structure of the CorM filament in the presence of CorR from cyanobacterium Anabaena sp. PCC 7120
9RMK,EMD-54064,3.3,2026-07-08T00:00:00.000+00:00,Structure of the O-oligosaccharyl transferase PglL from Neisseria meningitidis in complex with a nanobody
9RNJ,EMD-54094,3.86,2026-07-08T00:00:00.000+00:00,"Cryo-EM structure of the human potassium chloride cotransporter T906A/T1007A phospho-knockout mutants KCC2b bound ATP in LMNG (outward-facing state, dimer)"
9RO9,EMD-54113,3.27,2026-08-12T00:00:00.000+00:00,"Human alpha3 Na+,K+-ATPase in the Na+-bound E1-ATP state"
9ROA,EMD-54114,3.08,2026-08-12T00:00:00.000+00:00,"Human alpha3 Na+,K+-ATPase in the Na+-occluded E1P-ADP state"
9ROD,EMD-54115,3.12,2026-08-12T00:00:00.000+00:00,"Human alpha3 Na+,K+-ATPase in the Na+-occluded E2P state"
9ROE,EMD-54116,2.94,2026-08-12T00:00:00.000+00:00,"Human alpha3 Na+,K+-ATPase in the outward open E2P state"
9ROF,EMD-54117,3.27,2026-08-12T00:00:00.000+00:00,"Human alpha3 Na+,K+-ATPase in the Na+-bound E1-ATP state obtained under turnover conditions"
9ROG,EMD-54118,2.8,2026-08-12T00:00:00.000+00:00,"Human alpha3 Na+,K+-ATPase in the Na+-occluded E1P-ADP state obtained under turnover conditions"
9ROH,EMD-54119,2.92,2026-08-12T00:00:00.000+00:00,"Human alpha3 Na+,K+-ATPase in the Na+-occluded E2P state obtained under turnover conditions"
9ROI,EMD-54120,2.94,2026-08-12T00:00:00.000+00:00,"Human alpha3 Na+,K+-ATPase in the K+-occluded E2P state obtained under turnover conditions"
9ROJ,EMD-54121,3.58,2026-08-12T00:00:00.000+00:00,"Human alpha3 Q140L Na+,K+-ATPase in the Na+-bound E1 state"
9ROK,EMD-54122,3.78,2026-08-12T00:00:00.000+00:00,"Human alpha3 Q140L Na+,K+-ATPase in the Na+-occluded E1P-ADP state"
9ROL,EMD-54123,3.54,2026-08-12T00:00:00.000+00:00,"Human alpha3 Q140L Na+,K+-ATPase in the Na+-occluded E2P state"
9ROM,EMD-54124,3.6,2026-08-12T00:00:00.000+00:00,"Human alpha3 Q140L Na+,K+-ATPase in the outward open E2P state"
9RON,EMD-54125,3.41,2026-08-12T00:00:00.000+00:00,"Human alpha1 Na+,K+-ATPase in the Na+-bound E1 state"
9ROO,EMD-54126,3.5,2026-08-12T00:00:00.000+00:00,"Human alpha1 Na+,K+-ATPase in the Na+-occluded E1P-ADP state"
9ROP,EMD-54127,3.24,2026-08-12T00:00:00.000+00:00,"Human alpha1 Na+,K+-ATPase in the Na+-occluded E2P state"
9ROQ,EMD-54128,3.33,2026-08-12T00:00:00.000+00:00,"Human alpha1 Na+,K+-ATPase in the outward open E2P state"
9ROR,EMD-54129,3.64,2026-07-01T00:00:00.000+00:00,Assembly intermediate of human mitochondrial ribosome small subunit bound to METTL15 and RBFA (Outward conformation) (State M3)
9ROV,EMD-54131,3.1,2026-07-01T00:00:00.000+00:00,Assembly intermediate of human mitochondrial ribosome small subunit bound to METTL15 and RBFA (Inward conformation) (State M2)
9ROW,EMD-54132,3.1,2026-06-24T00:00:00.000+00:00,Asymmetric unit of bacteriophage 812 prohead II without minor capsid proteins
9ROX,EMD-54133,3.0,2026-06-24T00:00:00.000+00:00,Asymmetric unit of bacteriophage 812 prohead II with the complete set of minor capsid proteins
9ROZ,EMD-54135,3.2,2026-06-24T00:00:00.000+00:00,Asymmetric unit of bacteriophage 812 prohead II with minor capsid proteins with partial occupancy
9RPB,EMD-54151,3.1,2026-03-18T00:00:00.000+00:00,"a5b3 GABAAR bound to GABA, and Mb25 in a desensitized state in saposin nanodiscs, topiramate-free"
9RQJ,EMD-54177,3.07,2026-07-08T00:00:00.000+00:00,Cryo-EM structure of the SbmA V102G mutant variant in an expanded outward-open conformation
9RQL,EMD-54178,2.65,2026-07-08T00:00:00.000+00:00,GT-C O-Mannosyltransferase TMEM260 incubated with Far-P-Man
9RQM,EMD-54179,3.06,2026-07-08T00:00:00.000+00:00,GT-C O-Mannosyltransferase TMEM260 co-purified with natural donor and in complex with acceptor peptide
9RQN,EMD-54180,2.94,2026-07-08T00:00:00.000+00:00,GT-C O-Mannosyltransferase TMEM260 with co-purified Dol-P-Man
9RQT,EMD-54184,2.88,2026-02-04T00:00:00.000+00:00,Heptameric AAV2 Rep40-dsDNA (ITR) complex in presence of ATPgS
9RRF,EMD-54186,2.3,2026-05-13T00:00:00.000+00:00,"TRPC5 apo cryoEM map in the presence of pluronic acid (PA), state 2"
9RRM,EMD-54187,2.5,2026-05-13T00:00:00.000+00:00,"Human TRPC5 in complex with (-) englerin A, full occupancy, state 1, on 290 nm gold foil holes (HexAuFoil)"
9RRN,EMD-54188,2.5,2026-05-13T00:00:00.000+00:00,"Human TRPC5 in complex with (-) englerin A, full occupancy, state 2, on 290 nm gold foil holes (HexAuFoil)"
9RRO,EMD-54189,2.8,2026-05-13T00:00:00.000+00:00,"Human TRPC5 in complex with (-) englerin A, full occupancy, intermediary desensitized state"
9RRQ,EMD-54193,2.9,2026-05-13T00:00:00.000+00:00,"Human TRPC5 in complex with (-) englerin A, partial occupancy (2EA:2LIP stoichiometry) state 1"
9RRS,EMD-54195,1.88,2026-02-04T00:00:00.000+00:00,AAV8 capsid in complex with Rep40 and ADP
9RRU,EMD-54204,3.2,2026-05-13T00:00:00.000+00:00,"Human TRPC5 in complex with (-) englerin A, mixed occupancy, state 1"
9RSC,EMD-54215,3.42,2026-04-08T00:00:00.000+00:00,"Ternary complex of an improved charged molecular glue degrader ZZ2-SO2H, BRD4(BD1) neosubstrate, and the CTLH E3 ligase receptor module YPEL5-WDR26"
9RSD,EMD-54216,3.38,2026-04-08T00:00:00.000+00:00,"Ternary complex of a charged molecular glue degrader ZZ1-SO2H, BRD4(BD1) neosubstrate, and the CTLH E3 ligase receptor module YPEL5-WDR26"
9RSG,EMD-54218,3.2,2026-05-13T00:00:00.000+00:00,"Human TRPC5 in complex with (-) englerin A, mixed occupancy_2, state 2"
9RSH,EMD-54219,3.0,2026-05-13T00:00:00.000+00:00,"Human TRPC5 in complex with (-) englerin A, mixed occupancy, state 2"
9RSM,EMD-54221,2.13,2026-02-18T00:00:00.000+00:00,NetF 9mer pre-pore structure on 2N2 nanodiscs.
9RSQ,EMD-54222,3.07,2026-05-06T00:00:00.000+00:00,Cryo-EM structure of the Target of Rapamycin Complex 2 (TORC2) with the Avo1 PH domain (monomer)
9RSS,EMD-54223,3.01,2026-05-06T00:00:00.000+00:00,Cryo-EM structure of the Target of Rapamycin Complex 2 (TORC2) with the Avo1 PH domain
9RST,EMD-54224,2.93,2026-05-06T00:00:00.000+00:00,Cryo-EM structure of the Target of Rapamycin Complex 2 (TORC2) in autoinhibted conformation (monomer)
9RSU,EMD-54226,2.1,2026-02-18T00:00:00.000+00:00,NetF pore structure
9RT2,EMD-54238,2.6,2026-02-18T00:00:00.000+00:00,NetF - ANTXR2 structure (C4)
9RT4,EMD-54245,2.6,2026-02-18T00:00:00.000+00:00,NetF - ANTXR2 local refinement focused
9RU6,EMD-54264,2.64,2026-07-15T00:00:00.000+00:00,"Human mitoribosome bound to TACO1 (Translational activator of COX1), mRNA, A/A-, P/P- and (partial) E/E-tRNAs"
9RU7,EMD-54265,3.0,2026-05-13T00:00:00.000+00:00,WT-HEK 80S ribosome bound to Kozak mRNA (WT-Kozak)
9RU8,EMD-54266,3.0,2026-06-03T00:00:00.000+00:00,WT-HEK 80S ribosome bound to TISU mRNA (WT-TISU)
9RU9,EMD-54267,2.97,2026-06-03T00:00:00.000+00:00,RPS26dC HEK mutant 80S ribosome bound to Kozak mRNA (RPS26dC-Kozak)
9RUA,EMD-54268,2.9,2026-06-03T00:00:00.000+00:00,RPS26dC HEK mutant 80S ribosome bound to TISU mRNA (RPS26dC-TISU)
9RUC,EMD-54269,2.5,2026-05-13T00:00:00.000+00:00,WT-HEK 80S ribosome bound to H2B mRNA (WT-H2B)
9RUF,EMD-54270,2.9,2026-07-15T00:00:00.000+00:00,Cryo-EM structure of the LB_DQB0301_A Fab - HLA-DQB1*03:01/DQA1*05:02 human alloantibody-HLA complex
9RUG,EMD-54271,2.74,2026-07-15T00:00:00.000+00:00,Cryo-EM structure of the LB_DQB0303_A Fab - HLA-DQB1*03:03/DQA1*02:01 human alloantibody-HLA complex
9RUH,EMD-54272,2.74,2026-07-15T00:00:00.000+00:00,Cryo-EM structure of the LB_DQB0602_B Fab - HLA-DQB1*06:02/DQA1*01:02 human alloantibody-HLA complex
9RUX,EMD-54277,3.9,2026-05-06T00:00:00.000+00:00,Cryo-EM structure of DISC1 core
9RV1,EMD-54282,2.62,2026-06-24T00:00:00.000+00:00,Cryo-EM structure of the human UAP56-RNA - SAC3D1-PCID2-SEM1 complex
9RVC,EMD-54286,2.9,2026-07-22T00:00:00.000+00:00,staphylococcus aureus 70S initiation complex with natural mRNA
9RVM,EMD-54288,2.14,2026-07-22T00:00:00.000+00:00,Penicillium chrysogenum Virus full virions
9RVN,EMD-54289,2.3,2026-07-22T00:00:00.000+00:00,Penicillium chrysogenum Virus empty virions
9RVU,EMD-54290,3.38,2026-04-01T00:00:00.000+00:00,in situ S. pombe hibernating ribosome after 7 days of glucose depletion
9RVV,EMD-54291,3.0,2026-05-13T00:00:00.000+00:00,"Human TRPC5 in complex with (-) englerin A, partial occupancy (2EA:2LIP stoichiometry) state 2"
9RVY,EMD-54292,3.0,2026-03-25T00:00:00.000+00:00,Egalitarian-BicD in complex with K10 TLS RNA (Structure A)
9RVZ,EMD-54293,3.2,2026-03-25T00:00:00.000+00:00,Egalitarian-BicD in complex with K10 TLS RNA (Structure B)
9RW0,EMD-54294,3.4,2026-03-25T00:00:00.000+00:00,Egalitarian-BicD in complex with K10 TLS RNA (Structure C)
9RW1,EMD-54295,3.7,2026-03-25T00:00:00.000+00:00,Egalitarian-BicD in complex with K10 TLS RNA (Structure D)
9RW2,EMD-54296,3.6,2026-03-25T00:00:00.000+00:00,Egalitarian-BicD in complex with K10 TLS RNA (Structure E)
9RW3,EMD-54297,3.2,2026-03-25T00:00:00.000+00:00,Egalitarian-BicD in complex with hSL1 of the hairy localization element (Structure A)
9RW4,EMD-54298,3.9,2026-03-25T00:00:00.000+00:00,Egalitarian-BicD in complex with hSL1 of the hairy localization element (Structure B)
9RW6,EMD-54300,3.4,2026-03-25T00:00:00.000+00:00,Egalitarian-BicD in complex with ILS of I-factor mRNA (Structure A)
9RW7,EMD-54302,3.4,2026-03-25T00:00:00.000+00:00,Egalitarian-BicD in complex with bcdSLV of bicoid mRNA (Structure A)
9RWA,EMD-54305,3.9,2026-03-25T00:00:00.000+00:00,Egalitarian-BicD in complex with GLS of gurken mRNA
9RWB,EMD-54306,3.4,2026-03-25T00:00:00.000+00:00,Egalitarian-BicD in complex with hSL1 and hSL2 of the hairy localization element
9RWG,EMD-54328,2.19,2026-02-04T00:00:00.000+00:00,Pentameric AAV2 Rep40 in complex with AAV8
9RWS,EMD-54346,3.28,2026-04-29T00:00:00.000+00:00,high-affinity choline transporter in DDM with Na+ and choline
9RWT,EMD-54347,2.83,2026-04-29T00:00:00.000+00:00,high-affinity choline transporter in DDM with Na+
9RWZ,EMD-54352,3.1,2026-03-18T00:00:00.000+00:00,ZSWIM8-CUL3 complex bound to AGO2-miR-7-CYRANO
9RX4,EMD-54357,3.67,2026-07-22T00:00:00.000+00:00,VPS34-CI bound to NRBF2 and RAB1A
9RX5,EMD-54358,3.15,2026-06-03T00:00:00.000+00:00,VPS34-CII (VPS34 199-REIE-202 to 199-AAAA-202 mutant) bound to RAB5A (Q79L)
9RX6,EMD-54359,3.52,2026-06-03T00:00:00.000+00:00,VPS34-CII (VPS34 199-REIE-202 to 199-ERIR-202 mutant) bound to RAB5A (Q79L) on the VPS15 subunit
9RX7,EMD-54360,3.33,2026-07-22T00:00:00.000+00:00,VPS34-CI bound to NRBF2 MIT domain (residues 1-79)
9RX8,EMD-54361,3.87,2026-06-03T00:00:00.000+00:00,Apo VPS34-CII (VPS34/VPS15/BECLIN1/UVRAG)
9RX9,EMD-54362,3.99,2026-06-03T00:00:00.000+00:00,"VPS34-CII bound to RAB5A-GTP 1-212 (C19S, C63S, Q79L) on the VPS34 subunit"
9RXA,EMD-54363,4.0,2026-06-03T00:00:00.000+00:00,"VPS34-CII bound to RAB5A-GTP 1-212 (C19S, C63S, Q79L) on the VPS15 subunit"
9RY4,EMD-54372,2.0,2026-07-22T00:00:00.000+00:00,Single particle reconstruction of Rhodospirillum rubrum encapsulin
9RY7,EMD-54373,2.17,2026-07-22T00:00:00.000+00:00,Focused refinement of closed pentamer of the Rhodospirillum rubrum encapsulin from symmetry expansion of icosahedral single particle reconstruction
9RYB,EMD-54374,2.33,2026-05-27T00:00:00.000+00:00,CryoEM structure of transcribing RNA polymerase II elongation complex in post-catalysis state
9RYE,EMD-54377,3.02,2026-04-08T00:00:00.000+00:00,Heterodimeric ABC exporter TmrAB (EQ mutant) in ATP-bound outward-facing occluded conformation in the absence of Mg2+
9RYF,EMD-54378,3.02,2026-04-08T00:00:00.000+00:00,Heterodimeric ABC exporter TmrAB (wild type) in ATP-bound outward-facing occluded conformation in the absence of Mg2+
9RYI,EMD-54381,1.71,2026-05-27T00:00:00.000+00:00,Aquifex aeolicus lumazine synthase 12-pentamer cage in complex with I-symmetry-masked riboflavin synthase
9RYJ,EMD-54382,1.99,2026-05-27T00:00:00.000+00:00,Aquifex aeolicus lumazine synthase 11-pentamer cage in complex with C5-symmetrized riboflavin synthase C-termini
9RYK,EMD-54383,2.6,2026-05-27T00:00:00.000+00:00,Aquifex aeolicus lumazine synthase 11-pentamer cage in complex with riboflavin synthase trimer
9RYM,EMD-54385,2.78,2026-05-27T00:00:00.000+00:00,Aquifex aeolicus lumazine synthase 10-pentamer cage in complex with riboflavin synthase trimer
9RYN,EMD-54386,1.71,2026-05-27T00:00:00.000+00:00,Aquifex aeolicus lumazine synthase 12-pentamer cage
9RYO,EMD-54387,2.09,2026-05-27T00:00:00.000+00:00,Aquifex aeolicus lumazine synthase 11-pentamer cage
9RYP,EMD-54388,1.71,2026-05-27T00:00:00.000+00:00,Aquifex aeolicus lumazine synthase R29A mutant 12-pentamer cage
9RYQ,EMD-54389,2.08,2026-05-27T00:00:00.000+00:00,Aquifex aeolicus lumazine synthase R29A mutant 11-pentamer cage
9RYU,EMD-54392,1.71,2026-05-27T00:00:00.000+00:00,Aquifex aeolicus lumazine synthase L121A mutant 12-pentamer cage
9RYV,EMD-54393,2.49,2026-05-27T00:00:00.000+00:00,Aquifex aeolicus lumazine synthase L121A mutant 11-pentamer cage
9RYW,EMD-54394,1.71,2026-05-27T00:00:00.000+00:00,Aquifex aeolicus lumazine synthase I125A mutant 12-pentamer cage
9RYX,EMD-54395,2.31,2026-05-27T00:00:00.000+00:00,Aquifex aeolicus lumazine synthase I125A mutant 11-pentamer cage
9RZM,EMD-54404,2.41,2026-07-29T00:00:00.000+00:00,Single particle reconstruction of Rhodospirillum rubrum encapsulin:encapsulated ferritin complex
9RZU,EMD-54408,2.63,2026-07-29T00:00:00.000+00:00,Focused refinement of closed encapsulin pentamer from symmetry expansion of icosahedral single particle reconstruction of the Rhodospirillum rubrum encapsulin:encapsulated ferritin complex
9RZV,EMD-54414,2.23,2026-04-22T00:00:00.000+00:00,E. coli cytochrome bd-I dimer bound to menaquinone
9S05,EMD-54415,2.68,2026-07-29T00:00:00.000+00:00,Focused refinement of open encapsulin pentamer from symmetry expansion of icosahedral single particle reconstruction of the Rhodospirillum rubrum encapsulin:encapsulated ferritin complex
9S0N,EMD-54416,3.08,2026-02-04T00:00:00.000+00:00,Hexameric AAV2 Rep40-dsDNA (ITR) melting complex in presence of ATPyS
9S0R,EMD-54418,3.5,2026-07-29T00:00:00.000+00:00,Cryo-EM structure of human NHE6 in C1 symmetry
9S0S,EMD-54419,3.4,2026-07-29T00:00:00.000+00:00,Cryo-EM structure of human NHE6 in C2 symmetry
9S0Y,EMD-54427,3.56,2026-07-15T00:00:00.000+00:00,bacteriophage LUZ19 tail complex computed in C6 symmetry
9S0Z,EMD-54428,3.0,2026-01-21T00:00:00.000+00:00,Cryo-EM structure of the endogeneous MIWI in complex with pachytene piRNA at 3A
9S10,EMD-54429,3.07,2026-02-04T00:00:00.000+00:00,Hexameric AAV2 Rep40-dsDNA (ITR) duplex complex in presence of ATPyS
9S11,EMD-54430,3.16,2026-03-18T00:00:00.000+00:00,Lectin/toxin 2 from Coprinopsis cinerea
9S16,EMD-54445,3.6,2026-07-29T00:00:00.000+00:00,"Apo-state RyR1 in the native membrane solved by ""SPA"
9S1E,EMD-54446,2.89,2026-01-21T00:00:00.000+00:00,Cryo-EM structure of the endogeneous MIWI in complex with pachytene piRNA at 2.8A
9S1F,EMD-54448,2.9,2026-02-18T00:00:00.000+00:00,Cryo-EM structure of activated retron Eco2 (Ec67)
9S1H,EMD-54454,4.0,2026-07-29T00:00:00.000+00:00,Apo-state RyR1 with ACP in the native membrane
9S1L,EMD-54455,2.83,2026-07-29T00:00:00.000+00:00,Cryo-EM structure of Posidonia oceanica PSI-LHCI supercomplex
9S1M,EMD-54456,3.31,2026-07-29T00:00:00.000+00:00,Cryo-EM structure of Posidonia oceanica L-PSI-LHCI-LHCII supercomplex
9S28,EMD-54481,2.8,2026-08-05T00:00:00.000+00:00,MVV STC intasome in complex with LEDGF
9S29,EMD-54482,2.8,2026-07-29T00:00:00.000+00:00,MVV CSC intasome in complex with LEDGF
9S2C,EMD-54488,2.9,2026-07-29T00:00:00.000+00:00,"CgCdr1 in complex with ATP, ADP-VO4"
9S2E,EMD-54493,2.4,2026-07-29T00:00:00.000+00:00,Human intron-lariat spliceosome-Aquarius (ILSaqr)
9S2F,EMD-54494,3.14,2026-07-29T00:00:00.000+00:00,Human debranched intron spliceosome (DIS)
9S2G,EMD-19942,3.1,2026-07-29T00:00:00.000+00:00,Revised structure of the fission yeast defective B* spliceosome (B*d)
9S2H,EMD-54500,3.3,2026-07-29T00:00:00.000+00:00,CgCdr1 in complex with ATP and ADP
9S2S,EMD-54509,3.8,2026-08-12T00:00:00.000+00:00,Primed-state RyR1 with calcium in activating concentration in the native membrane
9S34,EMD-54521,3.15,2026-08-12T00:00:00.000+00:00,Structure of the Pyrococcus abyssi 20S proteasome alpha subunit bound to the capping protein APA1
9S3B,EMD-54528,2.38,2026-02-18T00:00:00.000+00:00,NMT1-NAC bound human RNC with 58 amino acid ARF1-linker - State 1
9S3C,EMD-54529,2.42,2026-02-18T00:00:00.000+00:00,NMT1-NAC bound human RNC with 58 amino acid ARF1-linker - State 2
9S3D,EMD-54530,2.32,2026-02-18T00:00:00.000+00:00,NAC bound human RNC with 58 amino acid ARF1-linker
9S3E,EMD-54531,2.1,2026-08-12T00:00:00.000+00:00,Universal Photosystem II Intermediate with Light-Dependent Water-Ferrocyanide Oxydo-reductase activity from Pisum sativum
9S3F,EMD-54532,3.12,2026-06-24T00:00:00.000+00:00,"Cryo-EM structure of Gephyrin in complex with Darpin 27F3, revealing linker-E domain interactions"
9S3M,EMD-54540,2.31,2026-06-24T00:00:00.000+00:00,Cryo-EM structure of Gephyrin E domain in complex with Darpin 27F3
9S3Q,EMD-54547,3.26,2026-01-28T00:00:00.000+00:00,Cerebellar GluA1/4 NTD tetramer (focused refinement)
9S3R,EMD-54549,3.3,2026-05-20T00:00:00.000+00:00,Ternary complex structure of compound 1 bound to SMARCA2 bromodomain and DCAF16:DDB1deltaBPB
9S3T,EMD-54551,3.48,2026-06-24T00:00:00.000+00:00,Gephyrin dimer of dimers - combined CryoEM map
9S3V,EMD-54553,3.2,2026-08-12T00:00:00.000+00:00,Primed-state RyR1 with activating ligand mixture (Calcium/ACP/Caffeine) in the native membrane
9S4N,EMD-54570,3.53,2026-08-12T00:00:00.000+00:00,Activated-state RyR1 with activating ligand mixture (Calcium/ACP/Caffeine) in the native membrane
9S4S,EMD-54581,3.3,2026-08-12T00:00:00.000+00:00,"CgCdr1 in complex with Itraconazole, ATP and ADP-Mg-VO4"
9S4T,EMD-54582,2.8,2026-08-12T00:00:00.000+00:00,CgCdr1 apo
9S4U,EMD-54583,3.0,2026-08-12T00:00:00.000+00:00,"CgCdr1 in complex with Itraconazole, ATP and ADP-Mg"
9S54,EMD-54588,3.9,2026-08-12T00:00:00.000+00:00,"Down class, Locked-state RyR1 with ryanodine in the native membrane"
9S55,EMD-54590,3.7,2026-08-12T00:00:00.000+00:00,Locked-state RyR1 with ryanodine in the native membrane
9S5F,EMD-54597,4.0,2026-08-12T00:00:00.000+00:00,Apo-state RyR1 in the native membrane solved by StA
9S5J,EMD-54599,3.5,2026-07-15T00:00:00.000+00:00,Portal and adaptor protein of bacteriophage LUZ19 computed in C12 symmetry
9S5U,EMD-54610,3.8,2026-08-12T00:00:00.000+00:00,Cryo-EM structure of yeast EMC:Spf1 insertase:dislocase complex in E1-ATP conformation in digitonin
9S6E,EMD-54625,3.5,2026-08-12T00:00:00.000+00:00,Cryo-EM structure of human caspase-9 CARD (H38R) mutant filament
9S6F,EMD-54626,3.3,2026-08-12T00:00:00.000+00:00,Cryo-EM structure of human caspase-9 CARD (WT) filament
9S6P,EMD-54627,2.44,2026-07-08T00:00:00.000+00:00,Local refinement of a PSI monomer of A. marina NIES-2412
9S6Q,EMD-54628,3.57,2026-07-08T00:00:00.000+00:00,CryoEM structure of WIV1 spike monomer in complex with neutralizing antibody V1WT_41
9S6R,EMD-54629,3.08,2026-03-18T00:00:00.000+00:00,"Ternary cryo-EM structure of yeast ALG3 with Dol25-PP-GlcNAc2Man5, Dol25-P-Man, and Fab"
9S6S,EMD-54630,2.89,2026-03-18T00:00:00.000+00:00,"Ternary cryo-EM structure of human ALG9 with Dol25-PP-GlcNAc2Man6, Dol25-P-Man and Fab"
9S6T,EMD-54631,2.42,2026-03-18T00:00:00.000+00:00,"Ternary cryo-EM structure of chicken ALG12 with Dol25-PP-GlcNAc2Man7, Dol25-P-Man, and Fab"
9S6U,EMD-54632,2.95,2026-03-18T00:00:00.000+00:00,"Ternary cryo-EM structure of human ALG9 with Dol25-PP-GlcNAc2Man8, Dol25-P-Man and Fab"
9S6Y,EMD-54633,3.98,2026-07-08T00:00:00.000+00:00,CryoEM structure of WIV1 spike monomer in complex with neutralizing antibody V1WT_06
9S72,EMD-54634,2.71,2026-09-16T00:00:00.000+00:00,Human CCT in Closed Conformation
9S7B,EMD-54637,3.7,2026-08-12T00:00:00.000+00:00,Structure of human mitochondrial COX1-translating ribosome nascent chain complex with tRNAs in intermediate state (AP*)
9S7C,EMD-54638,3.2,2026-08-12T00:00:00.000+00:00,Structure of human mitochondrial COX1-translating ribosome nascent chain complex with tRNAs in initial hybrid state (H1)
9S7D,EMD-54639,3.6,2026-08-12T00:00:00.000+00:00,Structure of human mitochondrial COX1-translating ribosome nascent chain-OXA1L/MITRAC complex in open state (open COX1-mtRNC-OXA1L/MITRAC)
9S7E,EMD-54640,3.1,2026-08-12T00:00:00.000+00:00,Structure of human mitochondrial COX1-translating ribosome nascent chain-OXA1L/MITRAC complex in closed state (closed COX1-mtRNC-OXA1L/MITRAC)
9S7G,EMD-54641,3.2,2026-06-17T00:00:00.000+00:00,SPACA9 and MNMIP1 bound to the seam of manchette microtubules
9S7J,EMD-54642,2.85,2026-06-10T00:00:00.000+00:00,Cryo-EM (200kV) structure of pyruvate decarboxylase from Neoasaia chiangmaiensis
9S7O,EMD-54645,3.3,2026-08-26T00:00:00.000+00:00,Cryo-EM structure of amyloidogenic antimicrobial peptide Brevinin-1OKc polymorph 1 in water
9S7P,EMD-54646,2.17,2026-08-26T00:00:00.000+00:00,Cryo-EM structure of amyloidogenic antimicrobial peptide Brevinin-1OKc polymorph 1 in PBS pH 6.5
9S7Q,EMD-54647,2.28,2026-08-26T00:00:00.000+00:00,Cryo-EM structure of amyloidogenic antimicrobial peptide Brevinin-1OKc polymorph 2 in PBS pH 6.5
9S7S,EMD-54649,3.3,2026-07-01T00:00:00.000+00:00,Structure of E. coli WbaP in complex with a megabody
9S7V,EMD-54650,3.1,2026-04-08T00:00:00.000+00:00,Structure of glycogen phosphorylase - dimeric form - from Escherichia coli
9S86,EMD-54651,2.97,2026-04-08T00:00:00.000+00:00,Structure of glycogen phosphorylase - tetrameric form - from Escherichia coli
9S8B,EMD-54658,2.79,2026-04-08T00:00:00.000+00:00,Structure of glycogen phosphorylase - dimeric form - in complex with HPr from Escherichia coli
9S8C,EMD-54659,2.28,2026-07-29T00:00:00.000+00:00,Cryo-EM structure of Rat NHE6 D293A variant
9S8D,EMD-54660,2.74,2026-07-29T00:00:00.000+00:00,Cryo-EM structure of Rat NHE6 in detergent
9S8E,EMD-54661,3.25,2026-07-29T00:00:00.000+00:00,Cryo-EM structure of Rat NHE6 in nanodisc
9S8G,EMD-54662,2.38,2026-07-29T00:00:00.000+00:00,Cryo-EM structure of Rat NHE6 K351A variant
9S8K,EMD-54663,2.06,2026-04-08T00:00:00.000+00:00,Structure of glycogen phosphorylase - tetrameric form - in complex with HPr from Escherichia coli
9S8L,EMD-54664,3.3,2026-07-01T00:00:00.000+00:00,Structure of E. coli WbaP in complex with a megabody in presence of UDP-Gal
9S97,EMD-54673,3.2,2026-01-28T00:00:00.000+00:00,CdvB2 filament - low twist
9S98,EMD-54674,3.86,2026-01-28T00:00:00.000+00:00,"CdvB2 filament - high twist, class A"
9S99,EMD-54675,3.98,2026-01-28T00:00:00.000+00:00,"CdvB2 filament - high twist, class B"
9S9B,EMD-54676,3.06,2026-07-15T00:00:00.000+00:00,asymmetric unit of bacteriophage LUZ19 head computed in I4 symmetry
9SA8,EMD-54689,2.88,2026-05-13T00:00:00.000+00:00,Human insulin receptor domains FnIII-1 and L2 bound to HIR-6 DNA aptamer
9SAS,EMD-54696,3.4,2026-08-26T00:00:00.000+00:00,"Chlorophyll synthase in complex with the LHC-like protein HliD, apo state"
9SAU,EMD-54697,3.6,2026-08-19T00:00:00.000+00:00,"Chlorophyll synthase in complex with the LHC-like protein HliD, GGPP-bound state"
9SAY,EMD-54704,3.44,2026-07-08T00:00:00.000+00:00,Structure of Yeast RNA polymerase II elongation complex apo-state-I
9SAZ,EMD-54707,3.31,2026-08-19T00:00:00.000+00:00,Structure of Yeast RNA polymerase II elongation complex apo-state-II
9SB0,EMD-54708,3.04,2026-07-01T00:00:00.000+00:00,Structure of Yeast RNA polymerase II elongation complex with NTP-state-VI
9SB1,EMD-54709,2.98,2026-07-08T00:00:00.000+00:00,Structure of Yeast RNA polymerase II elongation complex with NTP-state-VII-A
9SB2,EMD-54710,3.09,2026-07-01T00:00:00.000+00:00,Structure of Yeast RNA polymerase II elongation complex with NTP-state-VII-B
9SB3,EMD-54711,3.05,2026-07-08T00:00:00.000+00:00,Structure of Yeast RNA polymerase II elongation complex with NTP-state-VII-C
9SB4,EMD-54712,3.12,2026-07-01T00:00:00.000+00:00,Structure of Yeast RNA polymerase II elongation complex with NTP-state-VII-D
9SB5,EMD-54713,3.56,2026-07-01T00:00:00.000+00:00,Structure of Yeast RNA polymerase II elongation complex with NTP-state-II
9SBN,EMD-54732,3.95,2026-07-01T00:00:00.000+00:00,Structure of Yeast RNA polymerase II elongation complex with ATP frame-3
9SBO,EMD-54733,3.97,2026-07-01T00:00:00.000+00:00,Structure of Yeast RNA polymerase II elongation complex with ATP frame-4
9SBP,EMD-54734,3.95,2026-07-01T00:00:00.000+00:00,Structure of Yeast RNA polymerase II elongation complex with ATP frame-5
9SBQ,EMD-54735,3.88,2026-07-01T00:00:00.000+00:00,Structure of Yeast RNA polymerase II elongation complex with ATP frame-6
9SBR,EMD-54736,3.96,2026-07-01T00:00:00.000+00:00,Structure of Yeast RNA polymerase II elongation complex with ATP frame-7
9SBS,EMD-54737,3.85,2026-07-01T00:00:00.000+00:00,Structure of Yeast RNA polymerase II elongation complex with ATP frame-8
9SBT,EMD-54738,3.85,2026-07-01T00:00:00.000+00:00,Structure of Yeast RNA polymerase II elongation complex with ATP frame-9
9SBU,EMD-54739,3.83,2026-07-01T00:00:00.000+00:00,Structure of Yeast RNA polymerase II elongation complex with ATP frame-10
9SBV,EMD-54740,3.73,2026-07-01T00:00:00.000+00:00,Structure of Yeast RNA polymerase II elongation complex with ATP frame-11
9SBW,EMD-54741,3.63,2026-07-01T00:00:00.000+00:00,Structure of Yeast RNA polymerase II elongation complex with ATP frame-12
9SBX,EMD-54742,3.53,2026-07-01T00:00:00.000+00:00,Structure of Yeast RNA polymerase II elongation complex with ATP frame-13
9SBY,EMD-54743,3.41,2026-07-01T00:00:00.000+00:00,Structure of Yeast RNA polymerase II elongation complex with ATP frame-14
9SBZ,EMD-54744,3.35,2026-07-01T00:00:00.000+00:00,Structure of Yeast RNA polymerase II elongation complex with ATP frame-15
9SC0,EMD-54745,3.31,2026-07-01T00:00:00.000+00:00,Structure of Yeast RNA polymerase II elongation complex with ATP frame-16
9SC1,EMD-54746,3.48,2026-07-01T00:00:00.000+00:00,Structure of Yeast RNA polymerase II elongation complex with ATP frame-17
9SC2,EMD-54747,3.53,2026-07-01T00:00:00.000+00:00,Structure of Yeast RNA polymerase II elongation complex with ATP frame-18
9SC3,EMD-54748,3.68,2026-07-01T00:00:00.000+00:00,Structure of Yeast RNA polymerase II elongation complex with ATP frame-19
9SC4,EMD-54749,3.76,2026-07-01T00:00:00.000+00:00,Structure of Yeast RNA polymerase II elongation complex with ATP frame-20
9SCU,EMD-54774,2.9,2026-06-10T00:00:00.000+00:00,Cryo-EM structure of the Arabidopsis thaliana 60S ribosomal subunit
9SDA,EMD-54782,2.39,2026-05-06T00:00:00.000+00:00,Cryo-EM structure of the 70S ribosome from Francisella tularensis bound to a hibernation-promoting factor
9SDB,EMD-54783,2.9,2026-08-26T00:00:00.000+00:00,"mechanosensitive channel MscS from Francisella tularensis, mutant K94A, asymmetric processing"
9SDG,EMD-54785,2.8,2026-08-26T00:00:00.000+00:00,"mechanosensitive channel MscS from Francisella tularensis in DDM, asymmetric processing"
9SDH,EMD-54786,3.13,2026-08-12T00:00:00.000+00:00,Cryo-EM structure of the Human RUS Family Protein 1 Homodimer
9SDL,EMD-54787,2.42,2026-04-15T00:00:00.000+00:00,"Cryo-EM structure of PfHT1 bound to 2,5-anhydro-D-mannitol"
9SDO,EMD-54788,2.9,2026-08-26T00:00:00.000+00:00,"mechanosensitive channel MscS from Francisella tularensis in DM, asymmetric processing"
9SDP,EMD-54789,3.3,2026-06-10T00:00:00.000+00:00,Cryo-EM structure of the Arabidopsis thaliana 40S ribosomal subunit
9SDQ,EMD-54790,3.2,2026-06-10T00:00:00.000+00:00,Cryo-EM structure of the Arabidopsis thaliana 40S ribosomal subunit (Head)
9SDT,EMD-54792,2.3,2026-08-26T00:00:00.000+00:00,mechanosensitive channel MscS from Francisella tularensis in DM
9SE4,EMD-54801,2.5,2026-04-22T00:00:00.000+00:00,E. coli cytochrome bd-I monomer
9SE6,EMD-54803,1.83,2026-04-01T00:00:00.000+00:00,Structure of Photosystem I from Chlamydomonas reinhardtii at 1.83 A resolution
9SE7,EMD-54804,2.06,2026-04-01T00:00:00.000+00:00,Structure of Cytochrome C6 bound Photosystem I from Chlamydomonas reinhardtii at 2.07 A resolution
9SEC,EMD-54806,2.4,2026-08-26T00:00:00.000+00:00,mechanosensitive channel MscS from Francisella tularensis in DDM
9SED,EMD-54807,2.77,2026-08-26T00:00:00.000+00:00,"mechanosensitive channel MscS from Francisella tularensis, mutant K70A"
9SEF,EMD-54808,3.3,2026-09-02T00:00:00.000+00:00,mechanosensitive channel MscS from Francisella tularensis in nanodiscs
9SEH,EMD-54810,2.7,2026-09-02T00:00:00.000+00:00,"mechanosensitive channel MscS from Francisella tularensis, mutant F108A"
9SEJ,EMD-54812,2.47,2026-04-22T00:00:00.000+00:00,E.coli cytochrome bd-I dimer bound to Aurachin D
9SF4,EMD-54813,2.6,2026-09-02T00:00:00.000+00:00,Prefusion-stabilized Hendra virus fusion protein in complex with inhibitory nanobody F130
9SF5,EMD-54814,3.7,2026-09-02T00:00:00.000+00:00,KP.3 SARS-CoV2 with fab JN-1.6 local refinement
9SF8,EMD-54816,2.6,2026-09-02T00:00:00.000+00:00,Monomeric form of the Streptococcus pyogenes nuclease A (SpnA)
9SF9,EMD-54817,2.8,2026-09-02T00:00:00.000+00:00,Dimeric form of the Streptococcus pyogenes nuclease A (SpnA)
9SFD,EMD-54818,3.49,2026-07-15T00:00:00.000+00:00,middle core protein of bacteriophage LUZ19 computed in C8 symmetry
9SFF,EMD-54822,2.38,2026-04-22T00:00:00.000+00:00,E. coli cytochrome bd-I monomer
9SFH,EMD-54823,2.49,2026-04-22T00:00:00.000+00:00,E.coli cytochrome bd-I monomer
9SFI,EMD-54825,4.0,2026-07-01T00:00:00.000+00:00,Heterodisulfide reductase-Formylmethanofuran dehydrogenase super-assembly
9SFJ,EMD-54826,2.52,2026-04-22T00:00:00.000+00:00,E.coli cytochrome bd-I dimer in the MK bound open and closed state
9SFN,EMD-54828,3.74,2026-07-15T00:00:00.000+00:00,cap and middle core protein of bacteriophage LUZ19 computed in C4 symmetry
9SFV,EMD-54866,2.61,2026-04-22T00:00:00.000+00:00,E.coli cytochrome bd-I dimer in the apo and MK bound closed state
9SGK,EMD-54871,3.8,2026-04-29T00:00:00.000+00:00,F-actin in complex with USP54 M1 actin binding motif
9SGL,EMD-54872,2.27,2026-01-14T00:00:00.000+00:00,S315T KatG mutant two Heme
9SGM,EMD-54873,2.86,2026-01-14T00:00:00.000+00:00,S315I KatG mutant two Heme
9SGN,EMD-54874,3.0,2026-01-14T00:00:00.000+00:00,S315I KatG mutant no Heme
9SGO,EMD-54875,2.74,2026-01-14T00:00:00.000+00:00,S315N KatG mutant one Heme
9SGP,EMD-54876,2.67,2026-01-14T00:00:00.000+00:00,S315R KatG mutant two Heme
9SGQ,EMD-54877,2.76,2026-01-14T00:00:00.000+00:00,S315R KatG mutant one Heme
9SGR,EMD-54878,2.6,2026-01-14T00:00:00.000+00:00,S315N KatG mutant no heme
9SGS,EMD-54879,2.77,2026-01-14T00:00:00.000+00:00,S315G KatG mutant no Heme
9SGT,EMD-54880,2.84,2026-01-14T00:00:00.000+00:00,S315G KatG mutant one Heme
9SGY,EMD-54882,2.34,2026-01-14T00:00:00.000+00:00,S315I KatG mutant one heme
9SH1,EMD-54886,2.14,2026-09-02T00:00:00.000+00:00,"Neisseria meningitidis Native PilQ protomer, composite map"
9SH2,EMD-54887,2.14,2026-09-02T00:00:00.000+00:00,Neisseria meningitidis Native PilQ tetradecamer
9SH6,EMD-54889,2.77,2026-09-02T00:00:00.000+00:00,Structure of a GPCR dimer bound to two G proteins
9SHE,EMD-54897,3.2,2026-02-18T00:00:00.000+00:00,Structure of the honeybee GABAA RDL receptor with GABA and Abamectin
9SHM,EMD-54904,2.0,2026-07-29T00:00:00.000+00:00,Structure of trans-basal conformer of human CBS trapped in PLP-aminoacrylate intermediate state (CBS PLP-AA)- by single particle approach
9SHN,EMD-54905,2.18,2026-07-29T00:00:00.000+00:00,Structure of trans-basal conformer of human CBS trapped in PLP-serine external aldemine intermediate (CBS-PLP-Ser)- by single particle approach
9SHO,EMD-54906,2.56,2026-02-11T00:00:00.000+00:00,Structure of the honeybee GABAA RDL receptor with GABA
9SHP,EMD-54907,3.7,2026-01-21T00:00:00.000+00:00,Cryo-EM structure of the endogeneous MIWI in complex with pachytene piRNA at 3.3A
9SHV,EMD-54916,2.87,2026-09-09T00:00:00.000+00:00,Prefusion-stabilized Hendra virus fusion protein in complex with inhibitory nanobody F123
9SHW,EMD-54918,2.79,2026-09-09T00:00:00.000+00:00,Prefusion-stabilized Nipah virus fusion protein in complex with inhibitory nanobody F112
9SHX,EMD-54919,2.4,2026-02-04T00:00:00.000+00:00,"Type I-F_HNH variant Cascade bound to dsDNA, HNH domain in middle position"
9SHY,EMD-54920,3.53,2026-01-28T00:00:00.000+00:00,Cryo-EM structure of the catalytic core of human telomerase at the initiation state of the repeat addition cycle
9SHZ,EMD-54921,3.2,2026-01-28T00:00:00.000+00:00,Cryo-EM structure of the catalytic core of human telomerase at the elongation state of the repeat addition cycle
9SI0,EMD-54922,3.8,2026-01-28T00:00:00.000+00:00,Cryo-EM structure of the catalytic core of human telomerase at the pre-termination state of the repeat addition cycle
9SI8,EMD-54925,2.47,2026-07-29T00:00:00.000+00:00,Structure of trans-basal conformer of human CBS trapped in PLP-aminoacrylate intermediate state (CBS PLP-AA)- by Helical processing.
9SIE,EMD-54927,2.7,2026-01-28T00:00:00.000+00:00,Structure of the bacterial archaellum from L. aerophila
9SII,EMD-54928,3.4,2026-01-28T00:00:00.000+00:00,Supercoiling bacterial archaellum filament from L. aerophila
9SIO,EMD-54929,2.9,2026-02-11T00:00:00.000+00:00,Structure of the honeybee GABAA RDL receptor apo state
9SIQ,EMD-54930,2.96,2026-02-11T00:00:00.000+00:00,Structure of the honeybee GABAA RDL receptor with Chrodrimanin B
9SIT,EMD-54931,1.75,2026-02-18T00:00:00.000+00:00,"Type I-F_HNH variant Cascade bound to dsDNA, HNH domain in inwards position"
9SIU,EMD-54932,2.64,2026-02-18T00:00:00.000+00:00,"Type I-F_HNH variant Cascade bound to dsDNA, HNH domain in outwards position"
9SJ2,EMD-54935,3.57,2026-06-10T00:00:00.000+00:00,Calcium coordinated ABPX fibers from Pyrodictium abyssi
9SJ7,EMD-54939,3.22,2026-06-17T00:00:00.000+00:00,Solution structure of Clostridioides difficile CspB protein determined by CryoEM
9SJ9,EMD-54941,2.75,2026-06-17T00:00:00.000+00:00,"Solution structure of Clostridioides difficile CspA protein in complex with CspC and Taurocholate, determined by CryoEM"
9SJB,EMD-54942,2.75,2026-06-17T00:00:00.000+00:00,Solution structure of Clostridioides difficile CspB oligomer determined by CryoEM
9SJC,EMD-54943,1.92,2026-02-18T00:00:00.000+00:00,"Type I-F_HNH variant Cascade bound to dsDNA, HNH domain in middle position"
9SJD,EMD-54944,3.05,2026-02-18T00:00:00.000+00:00,"Type I-F_HNH variant Cascade bound to dsDNA, HNH domain in outwards position"
9SJE,EMD-54945,2.9,2026-07-29T00:00:00.000+00:00,"Cryo-EM structure of the open-closed dextran utilisome (BT3087-BT3090), with GHdex D297A E360A catalytic inactivation, with bound IMO4, IMO6, IMO7, and IMO8"
9SJL,EMD-54946,3.93,2026-02-18T00:00:00.000+00:00,"Type I-F_HNH variant Cascade bound to dsDNA, HNH domain in inwards position"
9SJM,EMD-54947,3.13,2026-02-04T00:00:00.000+00:00,"Type I-F_HNH variant Cascade target-free RNP, HNH domain in inwards position"
9SJN,EMD-54948,3.03,2026-02-18T00:00:00.000+00:00,"Type I-F_HNH variant Cascade target-free RNP, HNH domain in outwards position"
9SJO,EMD-54950,3.07,2026-02-04T00:00:00.000+00:00,"Type I-F_HNH variant Cascade target-free RNP, HNH domain in middle position"
9SJR,EMD-54951,1.99,2026-02-25T00:00:00.000+00:00,Cryo-EM structure of Human Apoferritin at pH 3.5
9SJS,EMD-54952,2.06,2026-02-25T00:00:00.000+00:00,Cryo-EM structure of Human Apoferritin at pH 4
9SJT,EMD-54953,1.96,2026-02-25T00:00:00.000+00:00,Cryo-EM structure of Human Apoferritin at pH 5
9SJU,EMD-54954,2.08,2026-02-25T00:00:00.000+00:00,Cryo-EM structure of Human Apoferritin at pH 7
9SJV,EMD-54955,1.89,2026-02-25T00:00:00.000+00:00,Cryo-EM structure of Human Apoferritin at pH 9
9SK3,EMD-54956,2.63,2026-07-08T00:00:00.000+00:00,Trimeric photosystem I of Acaryochloris marina NIES-2412
9SKI,EMD-54965,3.1,2026-05-27T00:00:00.000+00:00,Polysaccharide co-polymerase FepE open 7 subunit complex
9SKJ,EMD-54966,3.1,2026-05-27T00:00:00.000+00:00,Polysaccharide co-polymerase FepE open 8 subunit complex
9SKK,EMD-54967,3.3,2026-05-27T00:00:00.000+00:00,Polysaccharide co-polymerase FepE open 9 subunit complex
9SKL,EMD-54968,2.8,2026-05-27T00:00:00.000+00:00,Polysaccharide co-polymerase FepE closed 9 subunit complex C9 symmetry
9SKR,EMD-54972,2.13,2026-04-22T00:00:00.000+00:00,"Cryo-EM structure of H. neapolitanus CsoSCA in oxidizing conditions, hexamer"
9SKS,EMD-54973,2.15,2026-04-22T00:00:00.000+00:00,"Cryo-EM structure of H. neapolitanus CsoSCA in oxidizing conditions, dimer, major state, active conformation"
9SKT,EMD-54974,2.45,2026-04-22T00:00:00.000+00:00,"Cryo-EM structure of H. neapolitanus CsoSCA in oxidizing conditions, dimer, minor state"
9SKU,EMD-54975,2.06,2026-04-22T00:00:00.000+00:00,"Cryo-EM structure of H. neapolitanus CsoSCA in reducing conditions, hexamer"
9SKV,EMD-54976,2.12,2026-04-22T00:00:00.000+00:00,"Cryo-EM structure of H. neapolitanus CsoSCA in reducing conditions, dimer, major state, inactive conformation"
9SKW,EMD-54977,2.27,2026-04-22T00:00:00.000+00:00,"Cryo-EM structure of H. neapolitanus CsoSCA in reducing conditions, dimer, minor state"
9SKX,EMD-54978,2.08,2026-04-22T00:00:00.000+00:00,"Cryo-EM structure of H. neapolitanus CsoSCA C283A/C284A inactive mutant, hexamer"
9SKY,EMD-54979,2.18,2026-04-22T00:00:00.000+00:00,"Cryo-EM structure of H. neapolitanus CsoSCA C283A/C284A inactive mutant, dimer, state 1"
9SKZ,EMD-54980,2.22,2026-04-22T00:00:00.000+00:00,"Cryo-EM structure of H. neapolitanus CsoSCA C283A/C284A inactive mutant, dimer, state 2"
9SL1,EMD-54981,2.68,2026-09-02T00:00:00.000+00:00,"GABA-A a4b3d receptor in complex with GABA, Nb24 and Mb30"
9SLD,EMD-54987,3.04,2026-09-02T00:00:00.000+00:00,"GABA-A a4b3d receptor in complex with DS2-Me, GABA, Nb24 and Mb30"
9SLG,EMD-55001,2.16,2026-04-22T00:00:00.000+00:00,Doxycycline Bound E. coli Ribosome with Rearranged Peptidyl Transferase Centre
9SLL,EMD-55005,2.38,2026-09-16T00:00:00.000+00:00,Zuzalysin active pentamer
9SLM,EMD-55007,3.27,2026-09-02T00:00:00.000+00:00,GABA-A a4b3d receptor in complex with GABA and Nb24
9SLN,EMD-55008,2.82,2026-09-23T00:00:00.000+00:00,Zuzalysin bi-pentamer cryo-em
9SLP,EMD-55011,2.47,2026-09-16T00:00:00.000+00:00,CryoEM structure of nucleoside diphosphate kinase (NDK) from Streptococcus pneumoniae
9SM2,EMD-55024,2.5,2026-07-29T00:00:00.000+00:00,"Cryo-EM structure of the closed-closed dextran utilisome (BT3087-BT3090), with GHdex D297A E360A catalytic inactivation, with bound IMO4, IMO6 and IMO8"
9SM4,EMD-55026,1.83,2026-09-16T00:00:00.000+00:00,Zuzalysin active dodecahedral complex
9SM8,EMD-55028,3.59,2026-09-16T00:00:00.000+00:00,Zuzalysin zymogen pentamer E439A
9SMF,EMD-55030,2.51,2026-03-18T00:00:00.000+00:00,"Reduced bovine complex I in lipid nanodisc, NADH-active-Q10"
9SMG,EMD-55031,2.42,2026-03-18T00:00:00.000+00:00,"Reduced bovine complex I in lipid nanodisc, NADH-active-altQ10"
9SMH,EMD-55032,2.61,2026-03-18T00:00:00.000+00:00,"Reduced bovine complex I in lipid nanodisc, NADH-active-DDM"
9SMI,EMD-55033,2.01,2026-03-18T00:00:00.000+00:00,"Reduced bovine complex I in lipid nanodisc, NADH-deactive"
9SMJ,EMD-55035,2.64,2026-09-23T00:00:00.000+00:00,Zuzalysin zymogen dodecahedral complex E439A
9SMK,EMD-55036,3.8,2026-02-25T00:00:00.000+00:00,Human TRPM4 ion channel in MSP2N2 lipid nanodisc in a calcium-bound state
9SML,EMD-55037,2.78,2026-07-29T00:00:00.000+00:00,Structure of trans-basal conformer of human CBS trapped in PLP-serine external aldemine intermediate (CBS-PLP-Ser)- by Helical approach
9SMN,EMD-55038,3.2,2026-06-17T00:00:00.000+00:00,BRCA1-A complex bound to K63-polyUbATA - open form StateC StateP
9SMP,EMD-55039,3.0,2026-06-17T00:00:00.000+00:00,BRCA1-A complex bound to K63-polyUbATA - open form double State P
9SMR,EMD-55040,3.25,2026-07-08T00:00:00.000+00:00,Structure of apo BRCA1-A complex in presence of K63-oligoUbATA
9SMS,EMD-55041,3.3,2026-06-17T00:00:00.000+00:00,BRCA1-A complex: Ubiquitin bound to BRE at the wrist site (focused 3D class)
9SMX,EMD-55043,3.67,2026-05-13T00:00:00.000+00:00,CM1-activated gTuRC in complex with nascent alpha-E254D mutant microtubules
9SNA,EMD-55047,3.2,2026-06-17T00:00:00.000+00:00,BRCA1-A complex bound to K63-diUbATA - open form StateC StateP
9SNK,EMD-55048,2.59,2026-07-01T00:00:00.000+00:00,CryoEM structure of NADH:quinone oxidoreductases YjlCD from Bacillus subtilis
9SO9,EMD-55053,3.4,2026-06-17T00:00:00.000+00:00,BRCA1-A complex bound to K63-oligoUbATA - closed form StateC*
9SPF,EMD-55083,2.4,2026-01-21T00:00:00.000+00:00,CRYO-EM STRUCTURE OF HUMAN 80S RIBOSOME WITH A/P/E-SITE TRNA AND MRNA CONTAINING N1-METHYLPSEUDOURIDINE
9SPI,EMD-55091,2.4,2026-01-21T00:00:00.000+00:00,CRYO-EM STRUCTURE OF HUMAN 80S RIBOSOME WITH A/P/E-SITE TRNA AND MRNA CONTAINING URIDINE
9SPJ,EMD-55092,2.13,2026-09-02T00:00:00.000+00:00,CryoEM structure of the vacant Candida auris 80S ribosome
9SQ0,EMD-55105,2.74,2026-07-29T00:00:00.000+00:00,Structure of trans-basal conformer of wild-type human CBS alone (internal aldemine)- by single particle approach
9SQ4,EMD-55106,3.49,2026-06-17T00:00:00.000+00:00,Cryo-EM structure of the DDB1deltaB-CRBN-Pomalidomide complex bound to SALL4(ZF1-ZF2-Helix)
9SQ5,EMD-55107,3.68,2026-06-17T00:00:00.000+00:00,Cryo-EM structure of the DDB1deltaB-CRBN-Pomalidomide complex bound to IKZF1(ZF1-ZF2-Helix)
9SQ6,EMD-55108,3.64,2026-06-17T00:00:00.000+00:00,Cryo-EM structure of the DDB1deltaB-CRBN-ALV2 complex bound to HELIOS
9SQM,EMD-55111,3.6,2026-08-12T00:00:00.000+00:00,Structure of a disulfide-bridged complex between HLA-A*02:01-K127N/Y84C and ERp57/tapasin-K16C - State 4
9SQN,EMD-55112,3.5,2026-08-12T00:00:00.000+00:00,Structure of a disulfide-bridged complex between HLA-A*02:01-K127N/Y84C and ERp57/tapasin-K16C - State 1
9SQO,EMD-55113,3.6,2026-08-12T00:00:00.000+00:00,Structure of a disulfide-bridged complex between HLA-A*02:01-K127N/Y84C and ERp57/tapasin-K16C - State 2
9SQP,EMD-55114,3.5,2026-08-12T00:00:00.000+00:00,Structure of a disulfide-bridged complex between HLA-A*02:01-K127N/Y84C and ERp57/tapasin-K16C - State 3
9SQQ,EMD-55115,3.0,2026-07-29T00:00:00.000+00:00,Structure of trans-basal conformer of wild-type human CBS enzyme in absence of substrate and allosteric activators- by Helical approach
9SQR,EMD-55116,3.73,2026-09-02T00:00:00.000+00:00,Symmetry relaxed reconstruction of Rhodospirillum rubrum encapsulin:encapsulated ferritin nanocompartment
9SQV,EMD-55118,3.21,2026-08-05T00:00:00.000+00:00,Cryo-EM structure of the ARISCdC(E33A):K63-Ub4 complex (Composite map)
9SQW,EMD-55119,3.2,2026-08-05T00:00:00.000+00:00,Cryo-EM structure of the ARISCdC(E33A):K63-Ub7 complex (Composite map)
9SQY,EMD-55122,2.92,2026-08-05T00:00:00.000+00:00,Cryo-EM structure of the ARISC(E33A)-RAP80:K63-Ub7 complex (Composite map)
9SR9,EMD-55134,2.5,2026-08-12T00:00:00.000+00:00,P. abyssi hibernation factor Hib bound to ATP (Hib-PTC conformation)
9SRA,EMD-55135,2.2,2026-07-22T00:00:00.000+00:00,Cryo-EM structure of P. abyssi HibA:ribosome with an SD:antiSD duplex
9SRB,EMD-55136,2.3,2026-07-22T00:00:00.000+00:00,Cryo-EM structure of P. abyssi 70S ribosome in complex with hibernation factor HibA and SBDS
9SRC,EMD-55137,2.1,2026-07-22T00:00:00.000+00:00,Cryo-EM structure of P. abyssi 70S ribosome in complex with hibernation factor HibA in PTC conformation
9SRD,EMD-55138,2.1,2026-05-13T00:00:00.000+00:00,Cryo-EM structure of P. abyssi 70S ribosome in complex with hibernation factor HibA (HibA-uL5 conformation)
9SRE,EMD-55139,2.11,2026-07-22T00:00:00.000+00:00,Cryo-EM structure of P. abyssi 70S ribosome in complex with hibernation factor HibA (PTC conformation with E-site tRNA)
9SRF,EMD-55140,2.9,2026-08-12T00:00:00.000+00:00,Cryo-EM structure of the N-terminal domain of Hib bound to the L1 stalk of Pyrococcus abyssi 70S
9SRI,EMD-55141,3.3,2026-03-18T00:00:00.000+00:00,Human DNA polymerase epsilon bound to DNA blunt end
9SRO,EMD-55145,2.6,2026-02-18T00:00:00.000+00:00,Cryo-EM structure of SKM-70S ribosomal stalled complex in the rotated state with hybrid tRNAs
9SRT,EMD-55153,2.74,2026-07-22T00:00:00.000+00:00,Cryo-EM structure of the Mlc tetramer
9SRU,EMD-55156,2.47,2026-07-22T00:00:00.000+00:00,Cryo-EM structure of Mlc in complex with ptsG operator DNA
9SRW,EMD-55160,2.3,2026-07-22T00:00:00.000+00:00,Cryo-EM structure of the Mlc tetramer in complex with the anti-repressor MtfA
9SRX,EMD-55165,2.96,2026-07-22T00:00:00.000+00:00,Cryo-EM structure of the Mlc repressor in complex with the glucose-specific IICB transporter
9SRZ,EMD-55166,2.61,2026-04-15T00:00:00.000+00:00,RAD51-ssDNA filament in complex with calcium and ATP bound by the RAD54B N-terminus
9SS0,EMD-55171,3.0,2026-02-04T00:00:00.000+00:00,30S ribosomal subunit RimM-KO with IF1 and IF3 (State I)
9SS1,EMD-55173,2.9,2026-02-04T00:00:00.000+00:00,30S ribosomal subunit RimM-KO with IF1 and IF3 (State II)
9SS2,EMD-55174,2.9,2026-02-04T00:00:00.000+00:00,30S ribosomal subunit RimM-KO with IF1 and IF3 (State III)
9SS4,EMD-55176,2.7,2026-02-04T00:00:00.000+00:00,pre-50S ribosomal subunit in rimM-KO with RsfS (-H68)
9SS5,EMD-55177,2.7,2026-02-04T00:00:00.000+00:00,50S ribosomal subunit in rimM-KO with RsfS (+H68)
9SS6,EMD-55178,2.6,2026-02-04T00:00:00.000+00:00,70S ribosome from RimM-KO
9SSL,EMD-55189,2.9,2026-04-15T00:00:00.000+00:00,RAD51-ssDNA filament in complex with magnesium and ATP bound by the RAD54B N-terminus (peptide)
9ST9,EMD-55213,3.1,2026-05-06T00:00:00.000+00:00,CryoEM structure of native quinol dependent Nitric Oxide Reductase at pH 6.5
9STA,EMD-55214,2.4,2026-05-06T00:00:00.000+00:00,CryoEM structure of native quinol dependent Nitric Oxide Reductase with HQE at pH 6.5
9SUM,EMD-55225,1.99,2026-09-02T00:00:00.000+00:00,CryoEM structure of Candida auris 80S ribosome in complex with Cycloheximide and Geneticin G418
9SV6,EMD-55239,1.96,2026-06-17T00:00:00.000+00:00,CryoEM structure of transcribing RNA polymerase II elongation complex with ATP and Elf1
9SVK,EMD-55261,3.4,2026-09-09T00:00:00.000+00:00,cryo-EM structure of LwHicAB-crRNA
9SW2,EMD-55295,2.19,2026-04-29T00:00:00.000+00:00,Structure of the MvhAGD-HdrABC dimer of M. marburgensis under state 2 substate a (composite structure)
9SW3,EMD-55296,3.25,2026-04-29T00:00:00.000+00:00,Structure of the MvhAGD-HdrABC dimer of M. marburgensis under state 2 substate b (composite structure)
9SW4,EMD-55297,2.9,2026-04-29T00:00:00.000+00:00,Structure of the MvhAGD-HdrABC dimer of M. marburgensis under state 1 substate a (composite structure)
9SW5,EMD-55298,3.29,2026-04-29T00:00:00.000+00:00,Structure of the MvhAGD-HdrABC dimer of M. marburgensis under state 1 substate b (composite structure)
9SW6,EMD-55299,2.7,2026-04-29T00:00:00.000+00:00,Structure of the Mvh-Hdr-Fmd complex of Methanothermobacter marburgensis (composite structure)
9SWA,EMD-55303;EMD-12989,2.2,2026-03-25T00:00:00.000+00:00,Adenovirus dodecahedron
9SWK,EMD-55311,3.57,2026-05-20T00:00:00.000+00:00,Immature TBEV envelope spike with interaction partners underneath - SPA
9SWM,EMD-55320,3.38,2026-05-27T00:00:00.000+00:00,Stimulator of interferon genes protein
9SWN,EMD-55321,3.0,2026-04-08T00:00:00.000+00:00,Cryo-EM structure of yeast telomerase holoenzyme
9SWO,EMD-55322,3.7,2026-04-08T00:00:00.000+00:00,The catalytic core of yeast telomerase holoenzyme
9SWQ,EMD-55324,3.31,2026-05-27T00:00:00.000+00:00,Stimulator of interferon genes protein mutant - I165H
9SWR,EMD-55325,2.86,2026-05-27T00:00:00.000+00:00,Stimulator of interferon genes protein mutant - W119K M120K
9SWS,EMD-55326,3.04,2026-05-27T00:00:00.000+00:00,Stimulator of interferon genes protein mutant - D319K D320K
9SX2,EMD-55330,2.08,2026-04-22T00:00:00.000+00:00,30S Doxycycline Bound E. coli Ribosome
9SX6,EMD-55332,3.57,2026-02-04T00:00:00.000+00:00,CryoEM structure of the octamer MraZ in complex with 1 box promoter from Mycoplasma genitalium
9SY5,EMD-55340,2.61,2026-03-25T00:00:00.000+00:00,Engineering the ADDomer Nanoparticle Vaccine Scaffold for Improved Assembly and Enhanced Stability.
9SYH,EMD-55349,1.89,2026-03-18T00:00:00.000+00:00,E. coli 70S ribosome from deltaRlmE strain
9SYJ,EMD-55350,3.09,2026-01-28T00:00:00.000+00:00,"Asymmetric hexameric MmpS4-MmpL4 complex from Mycobacterium tuberculosis with ""short"" coiled-coil domain"
9SYT,EMD-55353,3.22,2026-01-28T00:00:00.000+00:00,"Asymmetric hexameric MmpS4-MmpL4 complex from Mycobacterium tuberculosis with ""long"" coiled-coil domain"
9SYV,EMD-55355,2.89,2026-01-28T00:00:00.000+00:00,Symmetric hexameric MmpS4-MmpL4 complex from Mycobacterium tuberculosis
9SZ7,EMD-55361,3.87,2026-02-04T00:00:00.000+00:00,CryoEM structure of MraZ in complex with 4 box promoter from Mycoplasma genitalium
9SZ9,EMD-55362,2.63,2026-08-26T00:00:00.000+00:00,Capsid structure of Lactococcus phage Nocturne116
9SZA,EMD-55363,3.52,2026-08-26T00:00:00.000+00:00,Asymmetric structure of the capsid-portal complex of Lactococcus phage Nocturne116
9SZB,EMD-55364,2.78,2026-08-26T00:00:00.000+00:00,Structure of the portal and head-tail connector of Lactococcus phage Nocturne116
9SZC,EMD-55365,2.83,2026-08-26T00:00:00.000+00:00,Neck structure of Lactococcus phage Nocturne116
9SZD,EMD-55366,3.43,2026-08-26T00:00:00.000+00:00,Tail structure of Lactococcus phage Nocturne116
9SZE,EMD-55367,3.05,2026-08-26T00:00:00.000+00:00,Tail tip structure of Lactococcus phage Nocturne116
9SZW,EMD-55389,3.14,2026-05-13T00:00:00.000+00:00,Human carboxyhemoglobin bound to full-length Staphylococcus aureus IsdH - IsdH:Hbdim complex
9T0E,EMD-55399,2.3,2026-06-17T00:00:00.000+00:00,Structure of Crimean Congo hemorrhagic fever virus (CCHFV) L protein bound to 5' vRNA and nanobody 20096.
9T0F,EMD-55400,2.74,2026-06-17T00:00:00.000+00:00,Structure of Crimean Congo hemorrhagic fever virus (CCHFV) L protein.
9T0Y,EMD-55415,1.87,2026-03-18T00:00:00.000+00:00,E. coli 70S ribosome from delta-9 strain
9T0Z,EMD-55416,2.87,2026-04-22T00:00:00.000+00:00,HPFcold Bound Hibernating C. burnetii 30S Ribosome
9T17,EMD-55425,2.77,2026-05-06T00:00:00.000+00:00,Cryo-EM reconstruction of the Kinesin KIF5A motor domain decorated GMPCPP microtubule
9T19,EMD-55427,2.41,2026-03-18T00:00:00.000+00:00,"E. coli 70S ribosome from delta-RlmE strain, PTC class 0"
9T1A,EMD-55428,2.39,2026-03-18T00:00:00.000+00:00,"E. coli 70S ribosome from delta-RlmE strain, PTC class 1"
9T1B,EMD-55429,2.32,2026-03-18T00:00:00.000+00:00,"E. coli 70S ribosome from delta-RlmE strain, PTC class 2"
9T1C,EMD-55430,3.07,2026-03-18T00:00:00.000+00:00,"E. coli 70S ribosome from delta-RlmE strain, PTC class 3"
9T1D,EMD-55431,2.9,2026-05-06T00:00:00.000+00:00,Cryo-EM reconstruction of undecorated GDP microtubule
9T1E,EMD-55432,2.28,2026-03-18T00:00:00.000+00:00,"E. coli 70S ribosome from delta-RlmE strain, PTC class 4"
9T1F,EMD-55433,2.32,2026-03-18T00:00:00.000+00:00,"E. coli 70S ribosome from delta-RlmE strain, PTC class 5"
9T1G,EMD-55434,2.29,2026-03-18T00:00:00.000+00:00,"E. coli 70S ribosome from delta-RlmE strain, PTC class 6"
9T1H,EMD-55435,2.33,2026-03-18T00:00:00.000+00:00,"E. coli 70S ribosome from delta-RlmE strain, PTC class 7"
9T1I,EMD-55436,2.3,2026-03-18T00:00:00.000+00:00,"E. coli 70S ribosome from delta-RlmE strain, PTC class 8"
9T1J,EMD-55437,2.23,2026-03-18T00:00:00.000+00:00,"E. coli 70S ribosome from delta-RlmE strain, PTC class 9"
9T1S,EMD-55451,4.0,2026-07-01T00:00:00.000+00:00,Heterodisulfide-Hydrogenase-Formate Dehydrogenase dimer
9T2J,EMD-55467,2.02,2026-03-18T00:00:00.000+00:00,"E. coli 70S ribosome from delta-9 strain, PTC class 0"
9T2K,EMD-55468,2.06,2026-03-18T00:00:00.000+00:00,"E. coli 70S ribosome from delta-9 strain, PTC class 1"
9T2L,EMD-55469,2.07,2026-03-18T00:00:00.000+00:00,"E. coli 70S ribosome from delta-9 strain, PTC class 2"
9T2M,EMD-55470,2.06,2026-03-18T00:00:00.000+00:00,"E. coli 70S ribosome from delta-9 strain, PTC class 3"
9T2N,EMD-55471,2.06,2026-03-18T00:00:00.000+00:00,"E. coli 70S ribosome from delta-9 strain, PTC class 4"
9T2O,EMD-55472,2.07,2026-03-18T00:00:00.000+00:00,"E. coli 70S ribosome from delta-9 strain, PTC class 5"
9T2P,EMD-55473,2.08,2026-03-18T00:00:00.000+00:00,"E. coli 70S ribosome from delta-9 strain, PTC class 6"
9T2Q,EMD-55474,2.08,2026-03-18T00:00:00.000+00:00,"E. coli 70S ribosome from delta-9 strain, PTC class 7"
9T2R,EMD-55475,2.22,2026-03-18T00:00:00.000+00:00,"E. coli 70S ribosome from delta-9 strain, PTC class 8"
9T2S,EMD-55476,2.07,2026-03-18T00:00:00.000+00:00,"E. coli 70S ribosome from delta-9 strain, PTC class 9"
9T33,EMD-55482,2.7,2026-09-09T00:00:00.000+00:00,Cryo-EM structure of homo-hexameric hLRRC8A double mutation W168L/L402W
9T34,EMD-55483,3.38,2026-09-09T00:00:00.000+00:00,Cryo-EM structure of nomo-hexameric hLRRC8A L402W with ATP
9T35,EMD-55484,2.78,2026-09-09T00:00:00.000+00:00,Cryo-EM structure of homo-hexameric hLRRC8A L402W
9T3R,EMD-55517,3.5,2026-03-11T00:00:00.000+00:00,Structure of human HER2 in complex with EPS232 Fab
9T3S,EMD-55518,3.0,2026-03-11T00:00:00.000+00:00,Structure of human HER2 in complex with EPS226 Fab
9T3X,EMD-55519,2.1,2026-01-28T00:00:00.000+00:00,cryo-EM structure of CPSF160-WDR33-ZC3H18
9T3Y,EMD-55521,3.44,2026-03-25T00:00:00.000+00:00,Cryo-EM structure of alphaM/beta2:C3d-anti-CR3-Nb headpiece complex (HPO2 3D class reconstruction)
9T4R,EMD-55526,2.3,2026-02-25T00:00:00.000+00:00,Staphylococcus aureus 70S initiation complex with a natural mRNA
9T4U,EMD-55532,3.6,2026-09-16T00:00:00.000+00:00,"GDH in complex with ADP, processed with cryoPARES"
9T4W,EMD-55535,2.9,2026-09-16T00:00:00.000+00:00,"GDH in complex with compound G1, processed with cryoPARES"
9T4X,EMD-55549,3.0,2026-09-16T00:00:00.000+00:00,"GDH in complex with compound G2, processed with cryoPARES"
9T56,EMD-55572,2.81,2026-02-18T00:00:00.000+00:00,Cryo-EM structure of ISCro4-DBL-TBL-tDNA-dDNA synaptic complex
9T5C,EMD-55100,2.89,2026-06-17T00:00:00.000+00:00,Naked mole-rat 80S ribosome in post-translocation non-rotated state
9T5H,EMD-55583,2.7,2026-07-15T00:00:00.000+00:00,RNA polymerase II bound to Gdown1 and RPAP2
9T5J,EMD-55585,2.8,2026-07-15T00:00:00.000+00:00,RPAP2-GPN1-GPN3 complex (GDP-bound)
9T5K,EMD-55586,2.6,2026-04-22T00:00:00.000+00:00,Local refinement of RNA-free assembled Langya virus N-core
9T5L,EMD-55587,3.1,2026-04-22T00:00:00.000+00:00,Helical reconstruction of Langya henipavirus N-core nucleocapsid-like complex
9T5M,EMD-55589,2.99,2026-09-02T00:00:00.000+00:00,Structure of mouse full-length LRRC8D
9T5N,EMD-55590,3.02,2026-09-02T00:00:00.000+00:00,"Structure of heteromeric mouse LRRC8A/D Volume-Regulated Anion Channel in complex with synthetic nanobody Sb1, Conformation 1"
9T5O,EMD-55591,3.16,2026-09-02T00:00:00.000+00:00,"Structure of heteromeric mouse LRRC8A/D Volume-Regulated Anion Channel in complex with synthetic nanobody Sb1, Conformation 2"
9T5P,EMD-55592,3.97,2026-09-02T00:00:00.000+00:00,Structure of heteromeric mouse LRRC8A/D Volume-Regulated Anion Channel in complex with synthetic nanobody Sb4
9T5T,EMD-55593,2.17,2026-06-10T00:00:00.000+00:00,Chlorophyll f-containing dimeric far-red Photosystem II from Chroococcidiopsis thermalis PCC 7203
9T5U,EMD-55594,2.33,2026-06-10T00:00:00.000+00:00,Chlorophyll f-containing monomeric far-red Photosystem II from Calothrix sp. NIES-3974
9T5V,EMD-55596,3.06,2026-03-25T00:00:00.000+00:00,Cryo-EM structure of alphaM/beta2:C3d-anti-CR3-Nb headpiece complex (HPO1 3D class reconstruction)
9T5W,EMD-55597,2.74,2026-03-25T00:00:00.000+00:00,Cryo-EM structure of mutant R61H alphaM/beta2 headpiece complex
9T5X,EMD-55598,2.85,2026-07-01T00:00:00.000+00:00,Structure of a stalled E. coli 70S RNC-NuoK-70 in complex with the membrane protein insertase SecYEG-YidC
9T5Z,EMD-55599,3.1,2026-03-25T00:00:00.000+00:00,Cryo-EM structure of alphaM/beta2:MEM148-Fab headpiece complex (without alphaM I-domain)
9T61,EMD-55601,3.06,2026-04-22T00:00:00.000+00:00,Doxycycline Bound C. burnetii 30S Ribosome
9T6H,EMD-55615,2.4,2026-05-06T00:00:00.000+00:00,Cryo-EM structure of the 70S ribosome from Francisella tularensis bound to antibiotics chloramphenicol and gentamicin
9T6L,EMD-55617,2.9,2026-05-27T00:00:00.000+00:00,Cryo-EM structure of the human LENG8-PCID2-DSS1 complex bound to UAP56 and RRP1B
9T6M,EMD-55618,1.87,2026-03-18T00:00:00.000+00:00,E. coli 70S ribosome from delta-10 strain
9T6N,EMD-55619,3.0,2026-05-27T00:00:00.000+00:00,Cryo-EM structure of the human GANP-PCID2-DSS1 complex bound to UAP56
9T74,EMD-55625,3.46,2026-03-04T00:00:00.000+00:00,2'-fluoro-modified pyrimidine (FY) RNA aptamer binding to the receptor binding domain (RBD) of the SARS-CoV-2 spike protein. (focus map: RBD-aptamer)
9T7H,EMD-55636,2.1,2026-07-22T00:00:00.000+00:00,Cryo-EM structure of P. abyssi 70S ribosome in complex with hibernation factor HibA (L1 stalk conformation)
9T7J,EMD-55637,3.0,2026-04-22T00:00:00.000+00:00,"cryo-EM structure of AKT phosphorylated mTOR complex 2, overall refinement"
9T7L,EMD-55638,2.8,2026-06-03T00:00:00.000+00:00,Cryo-EM structure of the PseTnsAB paired-end complex (right end) in the presence of Mg
9T7P,EMD-55650,2.85,2026-09-09T00:00:00.000+00:00,Cryo-EM structure of ESG-2-36-bound D3 dopamine receptor with mini-Go
9T7Q,EMD-55651,3.03,2026-09-09T00:00:00.000+00:00,Cryo-EM structure of EA-Ri-112-bound D3 dopamine receptor with mini-Go
9T7T,EMD-55657,2.8,2026-09-02T00:00:00.000+00:00,CryoEM structure of Candida auris 80S ribosome in complex with Blasticidin S
9T7V,EMD-55658,2.95,2026-05-20T00:00:00.000+00:00,Structure of LRRC58-EloB/C-CDO1 in complex with NEDD8-CUL5-RBX2-ARIH2-Ub
9T88,EMD-55683,2.74,2026-09-09T00:00:00.000+00:00,Cryo-EM structure of ESG-2-37-bound D3 dopamine receptor with mini-Go
9T8C,EMD-55684,2.9,2026-09-16T00:00:00.000+00:00,Cryo-EM structure of cariprazine-bound D3 dopamine receptor with mini-Go
9T8D,EMD-55685,3.6,2026-09-09T00:00:00.000+00:00,Cryo-EM structure of EA-RK-110-bound D3 dopamine receptor
9T8H,EMD-55686,3.0,2026-09-23T00:00:00.000+00:00,Murine RNF213 bound to maltoheptaose
9T8I,EMD-55694,3.1,2026-09-23T00:00:00.000+00:00,Murine RNF213
9T8K,EMD-55702,2.18,2026-03-18T00:00:00.000+00:00,"E. coli 70S ribosome from delta-10 strain, PTC class 0"
9T8L,EMD-55703,2.21,2026-03-18T00:00:00.000+00:00,"E. coli 70S ribosome from delta-10 strain, PTC class 1"
9T8M,EMD-55704,2.2,2026-03-18T00:00:00.000+00:00,"E. coli 70S ribosome from delta-10 strain, PTC class 2"
9T8N,EMD-55705,2.22,2026-03-18T00:00:00.000+00:00,"E. coli 70S ribosome from delta-10 strain, PTC class 3"
9T8O,EMD-55706,2.19,2026-03-18T00:00:00.000+00:00,"E. coli 70S ribosome from delta-10 strain, PTC class 4"
9T8P,EMD-55707,2.22,2026-03-18T00:00:00.000+00:00,"E. coli 70S ribosome from delta-10 strain, PTC class 5"
9T8Q,EMD-55708,2.23,2026-03-18T00:00:00.000+00:00,"E. coli 70S ribosome from delta-10 strain, PTC class 6"
9T8R,EMD-55709,2.22,2026-03-18T00:00:00.000+00:00,"E. coli 70S ribosome from delta-10 strain, PTC class 7"
9T8S,EMD-55710,2.22,2026-03-18T00:00:00.000+00:00,"E. coli 70S ribosome from delta-10 strain, PTC class 8"
9T8T,EMD-55711,2.23,2026-03-18T00:00:00.000+00:00,"E. coli 70S ribosome from delta-10 strain, PTC class 9"
9T92,EMD-55714,3.1,2026-04-22T00:00:00.000+00:00,"cryo-EM structure of autophosphorylated mTOR complex 2, overall refinement"
9T93,EMD-55715,2.86,2026-04-22T00:00:00.000+00:00,"cryo-EM structure of autophosphorylated mTOR complex 2, focused on a single protomer"
9T94,EMD-55716,2.6,2026-04-22T00:00:00.000+00:00,"cryo-EM structure of AKT phosphorylated mTOR complex 2, focused on a single protomer"
9T97,EMD-55718,2.35,2026-06-10T00:00:00.000+00:00,cryo-EM structure of AccA3/AccD4/AccD5/AccE5 complex from Mycobacterium smegmatis
9T9M,EMD-55722,3.09,2026-01-28T00:00:00.000+00:00,Tilvestamab Fab bound to the anti-Fab nanobody
9T9P,EMD-55723,3.0,2026-05-27T00:00:00.000+00:00,Adenosine receptor A2a (A2AR)-beta-lactamase fusion bound to beta-lactamase inhibitory protein II (BLIPII) and ZM241385
9T9R,EMD-55728,3.9,2026-08-19T00:00:00.000+00:00,Structure of bacteriophage NO16
9T9U,EMD-55737,2.61,2026-02-11T00:00:00.000+00:00,Cryo-EM composite structure of mouse TRPM3 alpha 2 in complex with antagonist Ononetin
9T9V,EMD-55739,3.3,2026-08-19T00:00:00.000+00:00,Structure of bacteriophage NO16
9TA3,EMD-55743,2.97,2026-04-29T00:00:00.000+00:00,Cryo-EM structure of Heyndrickxia coagulans beta-galactosidase
9TAJ,EMD-55748,3.0,2026-05-06T00:00:00.000+00:00,E. coli Complex I WT purified in LMNG
9TAK,EMD-55749,2.8,2026-05-06T00:00:00.000+00:00,Local refinement of E. coli Complex I WT membrane domain in LMNG
9TAL,EMD-55750,2.66,2026-05-06T00:00:00.000+00:00,Local refinement of E. coli Complex I WT hydrophilic domain in LMNG
9TAM,EMD-55751,2.96,2026-05-06T00:00:00.000+00:00,E. coli Complex I D79N NuoA mutant purified in LMNG
9TAN,EMD-55752,2.59,2026-05-06T00:00:00.000+00:00,Local refinement of E. coli Complex I D79N NuoA mutant hydrophilic domain in LMNG
9TAO,EMD-55753,2.61,2026-05-06T00:00:00.000+00:00,Local refinement of E. coli Complex I D79N NuoA mutant membrane domain in LMNG
9TAW,EMD-55757,3.54,2026-05-20T00:00:00.000+00:00,Structure of the human inner kinetochore CCAN bound to DNA
9TBH,EMD-55771,1.7,2026-03-18T00:00:00.000+00:00,Hepatitis A Virus in Complex with LDLR Receptor
9TBI,EMD-55772,1.7,2026-03-18T00:00:00.000+00:00,Hepatitis A Virus in complex with GD1a
9TBJ,EMD-55773,3.0,2026-04-29T00:00:00.000+00:00,Leishmania mexicana secreted acid phosphatase
9TBY,EMD-55775,3.71,2026-06-24T00:00:00.000+00:00,apo state of CydDC in nanodisc
9TCC,EMD-55790,3.11,2026-07-22T00:00:00.000+00:00,African Horse Sickness Virus serotype 4 VP2 homotrimer
9TCM,EMD-55792,1.79,2026-05-20T00:00:00.000+00:00,1.79 A cryo-EM structure of Mycobacterium tuberculosis BfrB prepared under natural isotope abundance
9TCN,EMD-55793,1.8,2026-05-20T00:00:00.000+00:00,1.80 A cryo-EM structure of Mycobacterium tuberculosis BfrB prepared under isotope-depleted abundance
9TD2,EMD-55800,2.64,2026-06-10T00:00:00.000+00:00,Integrin AlphaIIbBeta3 bound to Fab of the anti-HPA-1a antibody 26.4
9TDM,EMD-55802,2.4,2026-06-10T00:00:00.000+00:00,Cryo-EM structure of AccA3/AccD4/AccD5/AccE5 in complex with Propionyl-CoA
9TDS,EMD-55803,3.3,2026-04-22T00:00:00.000+00:00,"cryo-EM structure of dephosphorylated mTOR complex 2, overall refinement"
9TDT,EMD-55804,3.0,2026-04-22T00:00:00.000+00:00,"cryo-EM structure of dephosphorylated mTOR complex 2, focused on a single protomer"
9TEN,EMD-55830,3.11,2026-02-11T00:00:00.000+00:00,PhiC31 excisive synapse: B-bound subregion
9TEO,EMD-55831,3.27,2026-02-11T00:00:00.000+00:00,PhiC31 excisive synapse: P'-bound subregion
9TEP,EMD-55832,3.67,2026-02-11T00:00:00.000+00:00,PhiC31 integraseS12A-attB-RDF complex
9TEQ,EMD-55833,3.0,2026-02-11T00:00:00.000+00:00,PhiC31 integraseS12A-attB-RDF complex: B-bound subregion
9TER,EMD-55834,3.13,2026-02-11T00:00:00.000+00:00,PhiC31 integraseS12A-attB-RDF complex: B'-bound subregion
9TEW,EMD-55844,2.9,2026-05-13T00:00:00.000+00:00,DalDro bound to the initiating Escherichia coli 70S ribosome
9TEX,EMD-55845,2.54,2026-05-13T00:00:00.000+00:00,Dal2 bound to the Escherichia coli 70S ribosome
9TEY,EMD-55847,3.11,2026-07-22T00:00:00.000+00:00,DalDro bound to the terminating Escherichia coli 70S ribosome
9TEZ,EMD-55849,2.88,2026-05-13T00:00:00.000+00:00,DalDroS bound to the Escherichia coli 50S ribosomal subunit
9TF0,EMD-55863,2.26,2026-06-24T00:00:00.000+00:00,Structure of echovirus 18 in complex with neonatal Fc receptor
9TF1,EMD-55864,2.44,2026-06-24T00:00:00.000+00:00,"Structure of echovirus 18, activated particle"
9TF2,EMD-55865,2.86,2026-06-24T00:00:00.000+00:00,"Structure of echovirus 18, empty particle"
9TFV,EMD-55878,3.6,2026-07-01T00:00:00.000+00:00,Cryo-EM structure of the inward rectifying potassium channel 7.1 (Kir7.1)
9TG3,EMD-55889,3.5,2026-07-01T00:00:00.000+00:00,Cryo-EM structure of the R162W mutant inward rectifying potassium channel 7.1 (Kir7.1)
9TG4,EMD-55890,3.17,2026-04-08T00:00:00.000+00:00,Structure of the YbjP lipoprotein bound to the AcrABZ-TolC efflux pump
9TG6,EMD-55892,3.29,2026-07-01T00:00:00.000+00:00,Cryo-EM structure of the inward rectifying potassium channel 7.1 (Kir7.1) in complex with PIP2
9TG8,EMD-55893,2.37,2026-09-02T00:00:00.000+00:00,Drebrin actin binding domain 1 conformation A (ABD1a) bound to F-actin
9TG9,EMD-55894,2.34,2026-09-02T00:00:00.000+00:00,Drebrin actin binding domain 1 conformation B (ABD1b) bound to F-actin
9TGA,EMD-55895,2.29,2026-09-02T00:00:00.000+00:00,Drebrin actin binding domain 2 bound to F-actin
9TGD,EMD-55897,3.3,2026-08-26T00:00:00.000+00:00,DDK-salt stripped phosphorylated MCM2-7 DH
9TGM,EMD-55904,3.6,2026-08-26T00:00:00.000+00:00,Cryo-EM structure of MCM2-7 DH bound to Sld3-Sld7
9TGN,EMD-55905,2.55,2026-01-14T00:00:00.000+00:00,Cryo-EM structure of Z-DNA binding antibody Z-D11 in complex with left-handed Z-DNA
9TGO,EMD-55906,2.8,2026-01-14T00:00:00.000+00:00,Cryo-EM structure of Z22 mAb in complex with left-handed Z-DNA (dimer of trimer)
9TGW,EMD-55912,2.67,2026-01-14T00:00:00.000+00:00,Cryo-EM structure of Z22 antibody in complex with left-handed Z-DNA (trimer)
9TH8,EMD-55918,2.9,2026-08-26T00:00:00.000+00:00,"Cryo-EM structure of MCM2-7 DH bound to Sld3-Sld7, Cdc45 and DNA"
9THI,EMD-55928,2.9,2026-07-29T00:00:00.000+00:00,OmRV Crown Protein Deletion mutant infectious clone
9THK,EMD-55929,3.6,2026-07-29T00:00:00.000+00:00,Structure of human CLN8 in an apo-state
9THM,EMD-55930,1.64,2026-02-18T00:00:00.000+00:00,TAF15 amyloid filament fold B variant 1
9THN,EMD-55931,1.97,2026-02-18T00:00:00.000+00:00,TAF15 amyloid filament fold B variant 2
9THP,EMD-55932,1.98,2026-02-18T00:00:00.000+00:00,TAF15 amyloid filament fold B variant 3
9TI4,EMD-54784,2.66,2026-01-14T00:00:00.000+00:00,High resolution Cryo-EM structure of human complex I in mitochondria
9TI5,EMD-55944,2.2,2026-07-22T00:00:00.000+00:00,Staphylococcus aureus 70S ribosome with p/E tRNA and RRF oriented towards the SSU (postTC-RRF-SSU)
9TI6,EMD-55945,2.62,2026-07-22T00:00:00.000+00:00,Staphylococcus aureus 70S ribosome with p/E tRNA and RRF oriented towards the LSU (postTC-RRF-LSU)
9TI7,EMD-55946,2.76,2026-07-22T00:00:00.000+00:00,Staphylococcus aureus 70S ribosome with E-site tRNA and RRF oriented towards the LSU (postTC-RRF-LSU-2)
9TI8,EMD-55947,2.18,2026-07-22T00:00:00.000+00:00,"Staphylococcus aureus 50S ribosome in complex with RRF, EF-G and fusidic acid (50S-RRF-EF-G-FA)"
9TI9,EMD-55948,3.06,2026-07-22T00:00:00.000+00:00,"Staphylococcus aureus 70S ribosome in complex with RRF, EF-G and fusidic acid (70S-RRF-EF-G-FA)"
9TID,EMD-55952,3.0,2026-05-20T00:00:00.000+00:00,Phage 812 baseplate in the pre-contraction state - core and wedge module proteins
9TIE,EMD-55953,3.4,2026-05-20T00:00:00.000+00:00,Phage 812 baseplate in the pre-contraction state - tail sheath initiator and baseplate-proximal tail proteins
9TIG,EMD-55955,4.0,2026-05-20T00:00:00.000+00:00,Phage 812 baseplate in the pre-contraction state - lower arm (segment A)
9TIH,EMD-55956,4.0,2026-05-20T00:00:00.000+00:00,Phage 812 baseplate in the pre-contraction state - lower arm (segment B)
9TIN,EMD-55962,3.8,2026-05-20T00:00:00.000+00:00,Phage 812 baseplate in the pre-contraction state - upper arm (segment A)
9TIO,EMD-55963,3.9,2026-05-20T00:00:00.000+00:00,Phage 812 baseplate in the pre-contraction state - upper arm (segment B)
9TIU,EMD-55970,3.68,2026-09-09T00:00:00.000+00:00,cryo-EM structure of wild-type MscL from Escherichia coli in MSP nanodisc
9TIV,EMD-55971,3.46,2026-09-09T00:00:00.000+00:00,cryo-EM structure of MscL G22S mutant from Escherichia coli in MSP nanodisc
9TK9,EMD-56021,2.73,2026-07-29T00:00:00.000+00:00,Structure of human CLN8 in the presence of docosahexaenoate
9TKA,EMD-56022,2.7,2026-07-29T00:00:00.000+00:00,Structure of human CLN8 in the presence of oleate
9TKE,EMD-56025,2.74,2026-02-18T00:00:00.000+00:00,TAF15 amyloid filament fold H (Y38C)
9TKF,EMD-56026,2.55,2026-02-18T00:00:00.000+00:00,TAF15 amyloid filament fold G
9TKG,EMD-56027,2.08,2026-02-18T00:00:00.000+00:00,TAF15 amyloid filament fold F
9TKH,EMD-56028,2.05,2026-02-18T00:00:00.000+00:00,TAF15 amyloid filament fold E variant 1
9TKI,EMD-56029,2.39,2026-02-18T00:00:00.000+00:00,TAF15 amyloid filament fold E variant 2
9TKJ,EMD-56030,2.21,2026-02-18T00:00:00.000+00:00,TAF15 amyloid filament fold D
9TKK,EMD-56031,2.38,2026-02-18T00:00:00.000+00:00,TAF15 amyloid filament fold C variant 1
9TKL,EMD-56032,2.6,2026-02-18T00:00:00.000+00:00,TAF15 amyloid filament fold C variant 1 doublet
9TKM,EMD-56033,2.7,2026-04-08T00:00:00.000+00:00,CryoEM structure of coxsackievirus B1 virus-like particle with VP4 deletion
9TKZ,EMD-56040,3.59,2026-02-18T00:00:00.000+00:00,TAF15 amyloid filament fold D prime
9TL2,EMD-56041,2.82,2026-02-18T00:00:00.000+00:00,TAF15 amyloid filament fold C variant 2
9TL6,EMD-56043,2.64,2026-08-12T00:00:00.000+00:00,Cryo-EM Structure of the LPOR:Chlide:NADPH Complexes (RD-21) - improved resolution of a dimer building block form RF-21
9TL7,EMD-56044,2.66,2026-08-12T00:00:00.000+00:00,Cryo-EM Structure of the LPOR:Chlide:NADPH Complexes (RD-23) - improved resolution of a dimer building block form RF-23
9TL8,EMD-56045,2.55,2026-08-12T00:00:00.000+00:00,"Cryo-EM Structure of the LPOR:Chlide:NADPH Complexes (RD-A) - improved resolution of a dimer building block form RF-21, RF-23 and RF-25"
9TL9,EMD-56046,2.58,2026-08-12T00:00:00.000+00:00,Cryo-EM Structure of the LPOR:Chlide:NADPH Complexes (RD-25) - improved resolution of a dimer building block form RF-25
9TLA,EMD-56047,3.17,2026-08-12T00:00:00.000+00:00,Cryo-EM Structure of the oligomeric LPOR:Chlide:NADPH Complexes RF-21
9TLB,EMD-56048,3.2,2026-08-26T00:00:00.000+00:00,Cryo-EM Structure of the oligomeric LPOR:Chlide:NADPH Complexes RF-23
9TLC,EMD-56049,3.2,2026-08-19T00:00:00.000+00:00,Cryo-EM Structure of the oligomeric LPOR:Chlide:NADPH Complexes RF-25
9TLE,EMD-56052,3.1,2026-08-12T00:00:00.000+00:00,Structure of human prothrombinase with prothrombin
9TLG,EMD-56054,3.1,2026-08-12T00:00:00.000+00:00,Structure of human prothrombinase with meizothrombin
9TLH,EMD-56055,3.03,2026-08-12T00:00:00.000+00:00,Cryo-EM Structure of the oligomeric LPOR:Chlide:NADPH Complexes HF-23
9TLK,EMD-56056,3.2,2026-08-12T00:00:00.000+00:00,Cryo-EM Structure of the oligomeric LPOR:Chlide:NADPH Complexes HF-25
9TMI,EMD-56070,2.08,2026-05-20T00:00:00.000+00:00,E. coli 70S ribosome with A- and P-site tRNA
9TMN,EMD-56072,1.85,2026-09-09T00:00:00.000+00:00,Human sperm 20S proteasome complex isolated from native source
9TMS,EMD-56074,2.9,2026-09-09T00:00:00.000+00:00,Human sperm 20S-PA200 proteasome complex isolated from native source
9TNB,EMD-56081,2.8,2026-08-26T00:00:00.000+00:00,GABA-A receptor a3b3g2 + a3NB77 + bicuculline
9TNL,EMD-56091,2.11,2026-05-20T00:00:00.000+00:00,E. coli 70S ribosome with A/P- and P/E-site tRNA
9TNS,EMD-56094,2.8,2026-08-26T00:00:00.000+00:00,GABA-A receptor a3b3g2 + GABA-PRE + a3NB83
9TNZ,EMD-56096,3.52,2026-02-11T00:00:00.000+00:00,SP100 CARD filament
9TO0,EMD-56097,2.9,2026-09-23T00:00:00.000+00:00,gp13 protein from vB_PagS_MED16 bacteriophage
9TOI,EMD-56098,3.3,2026-09-23T00:00:00.000+00:00,gp39 protein from Escherichia phage vB_EcoS_NBD2
9TOZ,EMD-56103,3.1,2026-09-23T00:00:00.000+00:00,"gp39 protein from Escherichia phage vB_EcoS_NBD2, unbent tubule"
9TPA,EMD-56105,2.6,2026-07-01T00:00:00.000+00:00,The ERAD misfolded glycoprotein checkpoint complex from Chaetomium thermophilum (EDEM:PDI heterodimer).
9TPJ,EMD-56106,3.02,2026-06-17T00:00:00.000+00:00,"Human Cardiac Interacting Heads Motif, E525K mutant"
9TPK,EMD-56107,3.8,2026-06-17T00:00:00.000+00:00,"Human Cardiac Interacting Heads Motif, Conformation B"
9TPL,EMD-56108,3.6,2026-06-17T00:00:00.000+00:00,"Human Cardiac Interacting Heads Motif, Conformation A"
9TPQ,EMD-56109,2.9,2026-08-26T00:00:00.000+00:00,GABA-A receptor a3b3g2 + a3NB77 + GABA
9TPS,EMD-56113,2.13,2026-05-06T00:00:00.000+00:00,L. pneumophila 3-methylcrotonyl-CoA carboxylase holoenzyme A6B6
9TPT,EMD-56114,3.43,2026-02-04T00:00:00.000+00:00,Structure of recombinantly assembled E83Q alpha-synuclein fibrils
9TQ4,EMD-56124,2.51,2026-08-19T00:00:00.000+00:00,Asp2Cas12l-sgRNA bound to target DNA
9TQ7,EMD-56126,3.58,2026-06-03T00:00:00.000+00:00,Neuraminidase NA isolated from the H1N1 strain A/Victoria/2570/2019 propagated in eggs
9TQ8,EMD-56127,3.48,2026-06-10T00:00:00.000+00:00,Neuraminidase NA isolated from the H1N1 strain A/Victoria/2570/2019 propagated in eggs in complex with zanamivir
9TQA,EMD-56128,2.06,2026-05-20T00:00:00.000+00:00,"E. coli 70S ribosome, trapped conformational ground state of SSU-h44 apical loop, with A- and P-site tRNA"
9TQC,EMD-56131,2.48,2026-02-18T00:00:00.000+00:00,L. pneumophila 3-methylcrotonyl-CoA carboxylase holoenzyme A3B6
9TQD,EMD-56135,2.8,2026-04-15T00:00:00.000+00:00,CD163 bound to haemoglobin
9TQG,EMD-56149,2.68,2026-01-14T00:00:00.000+00:00,L. pneumophila 3-methylcrotonyl-CoA carboxylase A1B6
9TQJ,EMD-56152,3.5,2026-06-10T00:00:00.000+00:00,Cryo-EM structure of AtubAB heterodimer from Heimdallarchaeia
9TQK,EMD-56153,3.1,2026-06-10T00:00:00.000+00:00,Cryo-EM structure of AtubAB mini microtubules from Heimdallarchaeia
9TRA,EMD-56164,3.32,2026-09-16T00:00:00.000+00:00,Bacterial antiviral defense protein PD-T7-3
9TRC,EMD-56168,2.92,2026-09-16T00:00:00.000+00:00,Bacterial antiviral defense protein PD-T7-3 (H122A) in complex with single-stranded DNA
9TRD,EMD-56172,3.38,2026-09-16T00:00:00.000+00:00,Bacterial antiviral defense protein PD-T7-3 (H122A) in complex with single-stranded DNA and a fragment of RNA
9TRE,EMD-56176,3.08,2026-09-16T00:00:00.000+00:00,Bacterial antiviral defense protein PD-T7-3 (H122A) in complex with a fragment of RNA
9TRL,EMD-56178,3.0,2026-04-15T00:00:00.000+00:00,RAD51-ssDNA filament in complex with magnesium and ATP bound by the RAD54B N-terminus (beta-barrel)
9TRM,EMD-56179,2.4,2026-04-15T00:00:00.000+00:00,RAD51-dsDNA filament in complex with calcium and ATP bound by the RAD54B N-terminus
9TT7,EMD-56227,2.2,2026-07-22T00:00:00.000+00:00,80S ribosome of WT EBV infected human B-cells
9TU7,EMD-56251,2.9,2026-08-26T00:00:00.000+00:00,CryoEM structure of DruE:ATPgammaS:DNA from Druantia type III - monomer
9TU8,EMD-56252,3.9,2026-08-26T00:00:00.000+00:00,CryoEM structure of DruE:ATPgammaS:DNA from Druantia type III - dimer 1
9TU9,EMD-56253,3.6,2026-08-26T00:00:00.000+00:00,CryoEM structure of DruE:ATPgammaS:DNA from Druantia type III - dimer 2
9TUA,EMD-56254,3.7,2026-08-26T00:00:00.000+00:00,CryoEM structure of DruE:ATPgammaS:DNA from Druantia type III - dimer 3
9TUB,EMD-56255,3.8,2026-08-26T00:00:00.000+00:00,CryoEM structure of DruE:ATPgammaS:DNA from Druantia type III - dimer 4
9TUD,EMD-56257,3.3,2026-08-26T00:00:00.000+00:00,CryoEM structure of DruH from Druantia type III
9TUZ,EMD-56281,3.4,2026-07-08T00:00:00.000+00:00,PfRIPR bound to monoclonal antibody MAD8-2
9TV0,EMD-56282,2.8,2026-07-22T00:00:00.000+00:00,PfRIPR and PfCyRPA
9TV2,EMD-56286,2.1,2026-07-01T00:00:00.000+00:00,80S ribosomes from primary B-cells infected with delta v-snoRNA1 EBV
9TVU,EMD-56352,2.52,2026-02-18T00:00:00.000+00:00,Structure of the Chlamydomonas reinhardtii chlororibosome
9TW2,EMD-56357,3.58,2026-08-05T00:00:00.000+00:00,Cryo-EM structure of human VPS34-CI in complex with GABARAP
9TW3,EMD-56358,3.6,2026-08-05T00:00:00.000+00:00,Cryo-EM structure of human VPS34-CI in complex with GABARAP - alternative conformation
9TXI,EMD-56397,3.02,2026-09-23T00:00:00.000+00:00,Cryo-EM structure of native ITIH4
9TXJ,EMD-56398,3.1,2026-09-23T00:00:00.000+00:00,Cryo-EM structure of native ITIH4 with 12A12 F(ab)
9TXK,EMD-56399,3.3,2026-09-23T00:00:00.000+00:00,Cryo-EM structure of active ITIH4N with 12A12 F(ab)
9TXL,EMD-56404,3.3,2026-09-23T00:00:00.000+00:00,ITIH4N:MASP-1cf:12A12 F(ab) 2:1:2 complex (Composite)
9TYG,EMD-56418,2.9,2026-02-11T00:00:00.000+00:00,Structure of the MAP2K MEK1 in an inactive conformation in complex with its substrate MAPK ERK2
9TYH,EMD-56419,3.4,2026-02-11T00:00:00.000+00:00,Structure of the MAP2K MEK1 in an active conformation in complex with its substrate MAPK ERK2
9TYI,EMD-56420,3.6,2026-02-25T00:00:00.000+00:00,Structure of the MAP2K MEK1 without bound nucleotide in complex with its substrate MAPK ERK2
9TYY,EMD-56447,3.2,2026-04-15T00:00:00.000+00:00,RAD51-ssDNA filament in complex with calcium and ATP bound by the RAD54 N-terminus
9TZ3,EMD-56458,3.66,2026-08-05T00:00:00.000+00:00,Cryo-EM structure of human VPS34-CI with ADP:MgF3
9TZ5,EMD-56459,2.22,2026-04-22T00:00:00.000+00:00,Triple Stack Doxycycline Bound 50S Subunit of the Coxiella burnetii Ribosome
9TZ9,EMD-56461,2.19,2026-04-22T00:00:00.000+00:00,Empty 50S Subunit of the Coxiella burnetii Ribosome
9TZE,EMD-56466,2.48,2026-04-22T00:00:00.000+00:00,70S Coxiella burnetii Ribosome with Doxycycline and HPFcold
9TZW,EMD-56477,3.3,2026-06-03T00:00:00.000+00:00,SARM1 TIR with BEXi adduct 6
9TZX,EMD-56478,2.75,2026-02-25T00:00:00.000+00:00,Cryo-EM structure of a tau filament
9TZY,EMD-56479,2.94,2026-06-03T00:00:00.000+00:00,SARM1 TIR with BEXi adduct 17
9U02,EMD-56480,2.7,2026-04-08T00:00:00.000+00:00,Medin fibril generated from the heterotypic interaction of Abeta40 and Medin.
9U2S,EMD-56518,3.2,2026-02-11T00:00:00.000+00:00,PhiC31 integrase-attB-attP synaptic complex: attB-bound dimer subregion
9U2T,EMD-56519,3.26,2026-02-11T00:00:00.000+00:00,PhiC31 integrase-attB-attP synaptic complex: attP-bound dimer subregion
9U32,EMD-63808,2.51,2026-03-11T00:00:00.000+00:00,Plant chloroplast dicarboxylate transporter AtDiT2.1 bound with Glu
9U3A,EMD-63814,2.98,2026-02-18T00:00:00.000+00:00,Glycogen phosphorylase from Segatella copri in complex with AMP
9U3K,EMD-63816,3.32,2026-02-18T00:00:00.000+00:00,Glycogen phosphorylase from Segatella copri pentamer in complex with AMP chains D and E
9U3L,EMD-63817,2.91,2026-03-25T00:00:00.000+00:00,Substrate-engaged human 26S proteasome bound to midnolin with RPT2 at top of spiral staircase
9U40,EMD-63831,3.04,2026-09-23T00:00:00.000+00:00,Cryo-EM structure of peptide GPCR-Gq complex
9U43,EMD-63832,3.02,2026-09-23T00:00:00.000+00:00,Cryo-EM structure of D-peptide-GPCR-Gq complex
9U4A,EMD-63837,3.3,2026-09-23T00:00:00.000+00:00,Structure of UBE3A T485E tetramer
9U4B,EMD-63838,3.8,2026-09-23T00:00:00.000+00:00,Structure of UBE3A tetramer
9U4C,EMD-63839,3.49,2026-09-23T00:00:00.000+00:00,Structure of UBE3A dimer
9U4D,EMD-63843,3.39,2026-09-23T00:00:00.000+00:00,Structure of UBE3A-E6-p53 complex
9U4J,EMD-63848,3.4,2026-03-25T00:00:00.000+00:00,Cryo-EM structure of the hGPR4-apo Receptor in pH 7.8
9U4O,EMD-63852,2.77,2026-06-17T00:00:00.000+00:00,Cryo-EM Structure of Human ACE2 Complexed with RacCS20637 RBD
9U4R,EMD-63853,3.23,2026-03-25T00:00:00.000+00:00,"Structure of the intial complex in filament assembly at 3.23 angstroms resolution, conformation 2."
9U4Z,EMD-63859,3.0,2026-09-23T00:00:00.000+00:00,Structure of alpha subunit of class Ib Ribonucleotide reductase in Mycobacteria (apo form)
9U56,EMD-63864,2.91,2026-03-25T00:00:00.000+00:00,Cryo-EM structure of AtABCC2 in apo form
9U57,EMD-63865,3.42,2026-03-25T00:00:00.000+00:00,Cryo-EM structure of dimeric AtABCC2
9U58,EMD-63866,3.36,2026-03-25T00:00:00.000+00:00,Cryo-EM structure of AZ-GS bound AtABCC2
9U5P,EMD-63878,2.96,2026-03-25T00:00:00.000+00:00,HRV14 3C in complex with single chain antibody YDF and cloverleafRNA-dimer conformation
9U5Q,EMD-63879,3.35,2026-03-25T00:00:00.000+00:00,HRV14 3C in complex with single chain antibody YDF and cloverleafRNA-conformation1
9U5R,EMD-63881,3.59,2026-03-25T00:00:00.000+00:00,HRV14 3C in complex with single chain antibody YDF and cloverleafRNA-conformation 2
9U5U,EMD-63884,3.12,2026-01-14T00:00:00.000+00:00,The 1:1 cryo-EM structure of BAP1/ASXL1-K351Ub in complex with H2AK119Ub nucleosome
9U5Z,EMD-63892,3.1,2026-01-14T00:00:00.000+00:00,C3 convertases zymogen C4b2 in activation state
9U60,EMD-63893,2.9,2026-01-14T00:00:00.000+00:00,C3 convertases zymogen C4b2 in loading state
9U61,EMD-63894,3.1,2026-01-14T00:00:00.000+00:00,CP/MBL pathways C3 convertase C4b2a and C3 complex
9U62,EMD-63895,2.7,2026-01-14T00:00:00.000+00:00,AP pathways C3 convertase C3bBbP and C3 complex
9U65,EMD-63896,3.41,2026-03-25T00:00:00.000+00:00,Structure of HN HA at pH 7.0 (conformation2).
9U66,EMD-63897,3.49,2026-03-25T00:00:00.000+00:00,Structure of HN HA at pH 6.4 (conformation3).
9U67,EMD-63898,3.32,2026-03-25T00:00:00.000+00:00,Structure of HN HA at pH 6.4 (conformation4).
9U68,EMD-63899,2.46,2026-03-25T00:00:00.000+00:00,Structure of HN-113S HA at pH 7.0.
9U69,EMD-63900,3.54,2026-03-25T00:00:00.000+00:00,Structure of HN-113S HA at pH 6.4.
9U6R,EMD-63920,4.0,2026-03-25T00:00:00.000+00:00,"Cryo-EM structure of the Vo domain of V/A-ATPase in liposomes under no pmf condition,state2"
9U7H,EMD-63936,3.08,2026-04-01T00:00:00.000+00:00,Complex structure of a glycosyltransferase
9U7I,EMD-63937,3.3,2026-04-01T00:00:00.000+00:00,Dimer structure of a glycosyltransferase
9U7J,EMD-63938,3.3,2026-04-01T00:00:00.000+00:00,Oligomer structure of a glycosyltransferase
9U7L,EMD-63939,3.2,2026-08-12T00:00:00.000+00:00,G protein-coupled receptor complex
9U7R,EMD-63943,3.17,2026-04-01T00:00:00.000+00:00,"Substrate-free human 26S proteasome purified by midnolin, 20S proteasome, RPTs and RPN11 part"
9U7T,EMD-63945,3.1,2026-04-08T00:00:00.000+00:00,Structure of the human DCAF8-DDB1 complex
9U7Y,EMD-63947,3.68,2026-04-01T00:00:00.000+00:00,"Structure of the tip region of the intial complex in bacterial flagellar filament assembly at 3.68 angstroms resolution, conformation 3."
9U8B,EMD-63952,3.21,2026-04-01T00:00:00.000+00:00,Structure of THIK1 complexed with C101248
9U8K,EMD-63955,2.7,2026-04-15T00:00:00.000+00:00,Structure of ASC-PYD filament from condensates
9U9H,EMD-63964,3.23,2026-03-04T00:00:00.000+00:00,Surface Tubular Element of Vaccinia Virus
9U9I,EMD-63965,4.0,2026-03-04T00:00:00.000+00:00,M4-CTD-undocked AP-4 core in apo form
9U9Z,EMD-63973,3.4,2026-04-01T00:00:00.000+00:00,Cryo-EM structure of cyanobacterial bicarbonate transporter CmpBCD
9UA0,EMD-63974,3.39,2026-04-08T00:00:00.000+00:00,Cryo-EM structure of cyanobacterial bicarbonate transporter CmpBCD in the presence of nitrate
9UA1,EMD-63975,3.15,2026-04-08T00:00:00.000+00:00,Cryo-EM structure of cyanobacterial bicarbonate transporter CmpBCD in complex with ATP
9UA3,EMD-63977,3.28,2026-03-04T00:00:00.000+00:00,Cryo-EM structure of neddylated CUL2-RBX1-FEM1C-ELOB-ELOC
9UA5,EMD-63979,3.94,2026-01-07T00:00:00.000+00:00,RABV G binding with CTB011 Fab and CTB012 Fab
9UAM,EMD-63985,3.3,2026-03-18T00:00:00.000+00:00,CysLTR2-LTC4-miniGq complex
9UAN,EMD-63986,3.5,2026-03-18T00:00:00.000+00:00,CysLTR2-LTD4-miniGq complex
9UAQ,EMD-63989,2.29,2026-02-11T00:00:00.000+00:00,CryoEM structure of GFP-like protein from Aequorea coerulescens with Trimbody
9UAR,EMD-63990,1.99,2026-04-08T00:00:00.000+00:00,CTP synthase DON-state
9UAS,EMD-63994,2.35,2026-04-01T00:00:00.000+00:00,PSI-LHCE-LHCII from Euglena gracilis
9UAT,EMD-63995,3.65,2026-02-11T00:00:00.000+00:00,The structure of mCAT1 in complex with its substrate ornithine and the RBD of FrMLV.
9UAX,EMD-63997,2.71,2026-04-08T00:00:00.000+00:00,The structure of Myanmar_N2 and AS4C_Fab complex
9UB1,EMD-63999,2.35,2026-04-08T00:00:00.000+00:00,The structure of Myanmar_N2 and M6B12_Fab complex
9UB7,EMD-64000,3.61,2026-04-08T00:00:00.000+00:00,"Structure of glycosylphosphatidylinositol transamidase,state 1"
9UBC,EMD-64004,3.43,2026-02-25T00:00:00.000+00:00,Sub-particle structure of the iterative acetyltransferase from Actinomycetes in complex with AcCoA and monoacetylated lasso peptides
9UBL,EMD-64010,2.77,2026-04-15T00:00:00.000+00:00,"The structure of type III CRISPR-associated deaminase in complex cA6 and ATP, state 3"
9UBM,EMD-64011,2.94,2026-04-15T00:00:00.000+00:00,"The structure of type III CRISPR-associated deaminase in complex cA6 and ATP, state 4"
9UBO,EMD-64013,2.84,2026-04-15T00:00:00.000+00:00,"The structure of type III CRISPR-associated deaminase in complex cA6 and ATP, state 5"
9UBR,EMD-64015,2.62,2026-02-11T00:00:00.000+00:00,CryoEM structure of human Galectin-10 with iTrimbody
9UCL,EMD-64047,2.43,2026-02-11T00:00:00.000+00:00,CryoEM structure of IgV domain of human Nectin-4 with Trimbody
9UCO,EMD-64049,3.58,2026-04-08T00:00:00.000+00:00,Cryo-EM structure of ADGRE1-beta arrestin1-scFv30 complex
9UDC,EMD-64067,3.38,2026-04-15T00:00:00.000+00:00,Cryo-EM Structure of SLC15A2 with NAD+ (Pose 1)
9UDK,EMD-64071,3.44,2026-07-29T00:00:00.000+00:00,CryoEM structure of Brucella melitensis CobS(E142Q) with ATP
9UE3,EMD-64076,2.78,2026-01-28T00:00:00.000+00:00,The structure of FIPV spike glycoprotein
9UED,EMD-64082,3.29,2026-04-08T00:00:00.000+00:00,Cryo-EM structure of human TRPV3 in complex with sevoflurane determined in MSP2N2 nanodisc
9UEJ,EMD-64083,2.94,2026-09-16T00:00:00.000+00:00,Cryo-EM structure of L-lysine 6-dehydrogenase
9UEK,EMD-64084,2.53,2026-09-16T00:00:00.000+00:00,Cryo-EM structure of L-lysine 6-dehydrogenase complex with NAD+ and L-lysine
9UEP,EMD-64088,2.85,2026-01-07T00:00:00.000+00:00,The structure of FIPV RBD and cat APN complex
9UER,EMD-64090,3.64,2026-04-15T00:00:00.000+00:00,AcrIE10-Cas7-IR complex
9UF6,EMD-64102,2.9,2026-04-15T00:00:00.000+00:00,Cryo-EM structure of BA1-1-bound alpha-synuclein fibril polymorph 6A6B
9UFB,EMD-64104,3.05,2026-05-13T00:00:00.000+00:00,Ubiquinol Binding Site of Cytochrome bo3 from A.b
9UFD,EMD-64105,2.7,2026-04-15T00:00:00.000+00:00,Cryo-EM structure of BA12-bound alpha-synuclein fibril polymorph 6A6B
9UFE,EMD-64106,2.17,2026-04-29T00:00:00.000+00:00,Cryo-EM structure of the tubular mastigoneme (the central tube) from golden algae 2.17 angstrom resolution
9UFF,EMD-64107,2.6,2026-04-15T00:00:00.000+00:00,Cryo-EM structure of BA21-bound alpha-synuclein fibril polymorph 6A6B
9UFL,EMD-64111,2.6,2026-04-15T00:00:00.000+00:00,Cryo-EM structure of BA22-bound alpha-synuclein fibril polymorph 6A6B
9UFN,EMD-64113,3.8,2026-04-15T00:00:00.000+00:00,Phage T4 tip of the tail tube in post-tail-contraction state (genome-full particle)
9UFS,EMD-64121,2.7,2026-04-15T00:00:00.000+00:00,Cryo-EM structure of BA23-bound alpha-synuclein fibril polymorph 6A6B
9UFT,EMD-64122,3.56,2026-04-15T00:00:00.000+00:00,Ubiquinol Binding Site of Cytochrome bo3 from Acinetobacter baumannii
9UFV,EMD-64123,3.56,2026-05-13T00:00:00.000+00:00,Ubiquinol Binding Site of Cytochrome bo3 from Acinetobacter baumannii
9UFW,EMD-64124,3.12,2026-05-13T00:00:00.000+00:00,Ubiquinol Binding Site of Cytochrome bo3 from Acinetobacter baumannii
9UFX,EMD-64125,2.6,2026-04-15T00:00:00.000+00:00,Cryo-EM structure of HA11-bound alpha-synuclein fibril polymorph 6A6B
9UFY,EMD-64126,3.2,2026-04-15T00:00:00.000+00:00,Cryo-EM structure of HA21-bound alpha-synuclein fibril polymorph 6A6B
9UFZ,EMD-64127,3.28,2026-05-13T00:00:00.000+00:00,Ubiquinol Binding Site of Cytochrome bo3 from Acinetobacter baumannii
9UG0,EMD-64128,3.1,2026-04-15T00:00:00.000+00:00,Cryo-EM structure of HA31-bound alpha-synuclein fibril polymorph 6A6B
9UG1,EMD-64129,2.6,2026-04-15T00:00:00.000+00:00,Cryo-EM structure of HA32-bound alpha-synuclein fibril polymorph 6A6B
9UG2,EMD-64130,2.89,2026-04-15T00:00:00.000+00:00,Severed and capped actin fragment by two G1G3 domains of gelsolin
9UGG,EMD-64138,3.6,2026-04-15T00:00:00.000+00:00,PsdAB dimer (peptidisc sample)
9UGJ,EMD-64139,3.85,2026-02-18T00:00:00.000+00:00,Structure of SARM1 bound to SIR3-ADPR
9UGL,EMD-64140,2.65,2026-04-15T00:00:00.000+00:00,Cryo-EM structure of 5-HT2CR.
9UGO,EMD-64142,4.0,2026-02-18T00:00:00.000+00:00,Cryo-EM structure of the HBsAg dimer and Complex with Fab
9UGU,EMD-64144,3.07,2026-01-07T00:00:00.000+00:00,Cryo-EM Structure of Apo-G6PT1
9UGX,EMD-64147,3.16,2026-01-07T00:00:00.000+00:00,Cryo-EM Structure of G6PT1-apo monomer in pi buffer
9UGY,EMD-64148,3.5,2026-01-07T00:00:00.000+00:00,Cryo-EM Structure of G6PT1 bound with GlcN6P
9UH3,EMD-64153,1.74,2026-04-01T00:00:00.000+00:00,PSI-9 FCPI supercomplex from haptophyte Chrysotila roscoffensis
9UH4,EMD-64154,2.12,2026-04-01T00:00:00.000+00:00,PSI-4 FCPI supercomplex from haptophyte Chrysotila roscoffensis
9UH7,EMD-64157,2.84,2026-04-22T00:00:00.000+00:00,large lobe of human Ribonuclease MRP
9UH9,EMD-64159,3.47,2026-04-22T00:00:00.000+00:00,human Ribonuclease MRP state 1
9UHA,EMD-64160,3.93,2026-04-22T00:00:00.000+00:00,human Ribonuclease MRP state 2
9UHG,EMD-64163,3.91,2026-07-22T00:00:00.000+00:00,JN.1 RBD in complex with antibody BA5-12-CDR1
9UI1,EMD-64181,3.54,2026-04-22T00:00:00.000+00:00,transporter
9UI6,EMD-64185,3.22,2026-04-22T00:00:00.000+00:00,transporter
9UIF,EMD-64193,3.27,2026-04-22T00:00:00.000+00:00,transporter complex
9UIN,EMD-64198,3.03,2026-04-22T00:00:00.000+00:00,Human thioredoxin reductase 1 (SeCys 498 Cys) with Cu(I)
9UIQ,EMD-64201,3.2,2026-02-25T00:00:00.000+00:00,Structure of CTF18-PCNA with ATP
9UIT,EMD-64204,3.14,2026-04-22T00:00:00.000+00:00,transporter
9UJ4,EMD-64213,2.59,2026-04-22T00:00:00.000+00:00,Structure of human KCNQ1-CaM complex
9UJE,EMD-60486;EMD-64086,3.1,2026-03-25T00:00:00.000+00:00,Cryo-EM structure of SARS-CoV2 KP.3.1.1 spike protein
9UJF,EMD-64214,2.01,2026-04-22T00:00:00.000+00:00,Complex of GTP cyclohydrolase with GTP
9UJM,EMD-64217,3.07,2026-04-29T00:00:00.000+00:00,Structure of a membrane protein
9UJQ,EMD-64224,2.9,2026-04-22T00:00:00.000+00:00,Cryo-EM structure of HQY1027-bound alpha-synuclein fibril polymorph 6A6B
9UJS,EMD-64225,3.62,2026-04-15T00:00:00.000+00:00,RNA polymerase II elongation complex stalled at SHL(-4) of the H3-H4 octasome
9UJV,EMD-64227,3.86,2026-07-29T00:00:00.000+00:00,CryoEM structure of Brucella melitensis CobS hexamer without AMPPNP
9UK2,EMD-64230,2.9,2026-04-22T00:00:00.000+00:00,Human OXGR1-miniGq complex (conformation 1)
9UK9,EMD-64231,3.49,2026-07-29T00:00:00.000+00:00,CryoEM structure of Brucella melitensis CobN with cobalt ion
9UKD,EMD-64235,3.71,2026-07-29T00:00:00.000+00:00,CryoEM structure of Brucella melitensis CobS(E142Q)-CobT complex with ATP (conformation 3)
9UKE,EMD-64236,3.04,2026-07-29T00:00:00.000+00:00,CryoEM structure of Brucella melitensis CobS(E142Q)-CobT complex with ATP (conformation 2)
9UKF,EMD-64237,3.3,2026-07-29T00:00:00.000+00:00,CryoEM structure of Brucella melitensis CobS(E142Q)-CobT complex with ATP (conformation 1)
9UKG,EMD-64238,3.54,2026-07-29T00:00:00.000+00:00,CryoEM structure of Brucella melitensis CobS-CobT complex with AMPPNP (conformation 5)
9UKH,EMD-64239,3.55,2026-07-29T00:00:00.000+00:00,CryoEM structure of Brucella melitensis CobS-CobT complex with AMPPNP (conformation 4)
9UKI,EMD-64240,3.64,2026-07-29T00:00:00.000+00:00,CryoEM structure of Brucella melitensis CobS-CobT complex with AMPPNP (conformation 3)
9UKJ,EMD-64241,3.08,2026-07-29T00:00:00.000+00:00,CryoEM structure of Brucella melitensis CobS-CobT complex with AMPPNP (conformation 2)
9UKL,EMD-64248,3.73,2026-07-29T00:00:00.000+00:00,CryoEM structure of Brucella melitensis CobS-CobT complex with AMPPNP (conformation 1)
9ULO,EMD-64265,3.91,2026-04-22T00:00:00.000+00:00,Cryo-EM structure of Human Mre11-Nbs1 complex
9ULZ,EMD-64268,2.9,2026-01-14T00:00:00.000+00:00,Cryo-EM structure of hIAPP fibrils extracted from a donor with T2D and pancreatic cancer
9UMG,EMD-64273,3.04,2026-01-21T00:00:00.000+00:00,Cryo-EM structure of VTC complex(Vtc5/Vtc4/Vtc3/Vtc1)
9UMT,EMD-64312,3.64,2026-04-29T00:00:00.000+00:00,TRiC_HDAC1_close_state
9UN3,EMD-64338,3.37,2026-02-18T00:00:00.000+00:00,native NMDA receptor-GluN1/N2B in the open state
9UNJ,EMD-64353,3.93,2026-02-18T00:00:00.000+00:00,native NMDA receptor-GluN1/N2A-S1 in closed state
9UNK,EMD-64354,3.37,2026-02-18T00:00:00.000+00:00,native NMDA receptor-GluN1/N2B in the closed state
9UNN,EMD-64357,3.29,2026-02-18T00:00:00.000+00:00,native NMDA receptor-GluN1/N2A-S3 in the closed state
9UNO,EMD-64358,3.55,2026-02-18T00:00:00.000+00:00,native NMDA receptor-GluN1/N2A in the inactive state
9UNP,EMD-64359,3.27,2026-02-18T00:00:00.000+00:00,native NMDA receptor-GluN1/N2A/N2B-S2 in the closed state
9UNQ,EMD-64360,3.2,2026-02-18T00:00:00.000+00:00,native NMDA receptor-GluN1/N2A/2B in inactive state
9UNR,EMD-64361,2.98,2026-02-18T00:00:00.000+00:00,native NMDA receptor-GluN1/N2A/N2B-S1 in the closed state
9UNU,EMD-64362,2.18,2026-04-01T00:00:00.000+00:00,PSI-1 FCPI supercomplex from haptophyte Chrysotila roscoffensis
9UNW,EMD-64367,3.55,2026-03-25T00:00:00.000+00:00,mouse PDCD5-TRiC complex
9UOE,EMD-64377,2.63,2026-04-01T00:00:00.000+00:00,Glycogen phosphorylase tetramer from E. coli
9UOF,EMD-64378,1.89,2026-04-01T00:00:00.000+00:00,PSI-6 FCPI supercomplex from haptophyte Chrysotila roscoffensis
9UOV,EMD-64383,2.33,2026-04-01T00:00:00.000+00:00,PSI-8 FCPI supercomplex from haptophyte Chrysotila roscoffensis
9UP2,EMD-64387,3.33,2026-04-01T00:00:00.000+00:00,PvdL-E2-C3-A3-PCP3 in complex with MLP (NRPS cross-module)
9UPB,EMD-64390,3.41,2026-02-18T00:00:00.000+00:00,Structure of the human TREX-2 bound to UAP56
9UPC,EMD-64391,3.14,2026-02-11T00:00:00.000+00:00,Structure of human TREX-2
9UPE,EMD-64393,3.72,2026-04-01T00:00:00.000+00:00,Glycogen phosphorylase dimer from E. coli in complex with AMP.
9UPM,EMD-64397,3.21,2026-06-24T00:00:00.000+00:00,Cryo-EM structure of macaque red cone pigment with Q114N mutation
9UPN,EMD-64398,3.37,2026-06-24T00:00:00.000+00:00,Cryo-EM structure of macaque green cone pigment with Q114N mutation
9UPO,EMD-64399,3.71,2026-06-24T00:00:00.000+00:00,Cryo-EM structure of macaque green cone pigment wild type
9UPR,EMD-64401,2.77,2026-05-06T00:00:00.000+00:00,Cryo-EM structure of the N-terminal domain of Omicron BA.1 in complex with nanobody N103 and S2L20 Fab
9UPU,EMD-64402,2.8,2026-04-29T00:00:00.000+00:00,Cryo-EM strucutre of CXCR4 complexed with agonist SDV1a
9UPV,EMD-64403,2.7,2026-04-29T00:00:00.000+00:00,Cryo-EM structure of CXCR4 complexed with agonist SDVX1
9UPY,EMD-64407,3.1,2026-09-23T00:00:00.000+00:00,Cryo-EM structure of the ZQ16-bound GPR84 receptor-Gi complex
9UQ0,EMD-64408,3.47,2026-05-20T00:00:00.000+00:00,Structure of human MCM2-7 single hexamer with MCM3-WHD attached to MCM2-CTD
9URI,EMD-64458,3.09,2026-03-04T00:00:00.000+00:00,apo form of polyphosphate kinase 1 (PPK1)
9URJ,EMD-64459,3.11,2026-03-04T00:00:00.000+00:00,binary complex of polyP-bound polyphosphate kinase 1 (PPK1)
9URZ,EMD-64462,3.2,2026-05-06T00:00:00.000+00:00,Cryo-EM structure of the Prohibitin complex from Chaetomium thermophilum
9US8,EMD-64463,3.32,2026-05-06T00:00:00.000+00:00,Structure of human URAT1 bound with sulfinpyrazone
9USU,EMD-64471,2.9,2026-08-05T00:00:00.000+00:00,Two interacting D13 trimers at mode I interface in Twister assembly
9USV,EMD-64472,3.2,2026-08-05T00:00:00.000+00:00,Two interacting D13 trimers at mode II interface in Twister assembly
9USW,EMD-64473,3.1,2026-08-05T00:00:00.000+00:00,Two interacting D13 trimers at mode III interface in Twister assembly
9USX,EMD-64474,2.88,2026-08-05T00:00:00.000+00:00,Cryo-EM structure of His6-tagged D13 assembled into scaffold-like particles from vaccinia virus
9USY,EMD-64475,3.7,2026-08-05T00:00:00.000+00:00,Cryo-EM structure of eGFP-tagged D13 assembled into scaffold-like particles from vaccinia virus
9USZ,EMD-64476,2.56,2026-08-05T00:00:00.000+00:00,Cryo-EM structure of A17(1-16) peptide-bound D13 trimer from vaccinia virus
9UT0,EMD-64477,3.63,2026-08-05T00:00:00.000+00:00,Cryo-EM structure of A17(1-16) peptide-bound D13 assembled into scaffold-like particles from vaccinia virus
9UT1,EMD-64478,3.14,2026-04-08T00:00:00.000+00:00,The helicase-primase complex from HHV1 bound with ssDNA and amenamevir
9UT3,EMD-64479,2.88,2026-04-08T00:00:00.000+00:00,The helicase module of the helicase-primase complex from HHV1 bound with ssDNA and amenamevir
9UT4,EMD-64480,2.91,2026-04-08T00:00:00.000+00:00,The primase module of the helicase-primase complex from HHV1 bound with ssDNA and amenamevir
9UT5,EMD-64481,3.32,2026-04-08T00:00:00.000+00:00,The helicase-primase complex from HHV1 bound with ssDNA and pritelivir
9UT6,EMD-64482,3.12,2026-04-08T00:00:00.000+00:00,The helicase module of the helicase-primase complex from HHV1 bound with ssDNA and pritelivir
9UT7,EMD-64483,3.08,2026-04-08T00:00:00.000+00:00,The Primase module of the helicase-primase complex from HHV1 bound with ssDNA and pritelivir
9UTG,EMD-64491,3.58,2026-02-18T00:00:00.000+00:00,Glycogen phosphorylase from Segatella copri decamer in complex with AMP
9UUH,EMD-64511,3.07,2026-03-04T00:00:00.000+00:00,binary complex of ATP-bound polyphosphate kinase 1 (PPK1)
9UUM,EMD-64512,3.41,2026-06-10T00:00:00.000+00:00,Cryo-EM structure of mezigdomide-organized CRL4-DDB1-CRBN-IKZF3(ZF2-ZF3)-UbcH5a-Ub ubiquitylation assembly
9UUQ,EMD-64515,3.41,2026-08-19T00:00:00.000+00:00,Cryo-EM structure of thalidomide-organized CRL4-DDB1-CRBN-IKZF3(ZF2-ZF3)-UbcH5a-Ub ubiquitylation assembly
9UUR,EMD-64516,3.36,2026-04-01T00:00:00.000+00:00,The complex of human pMEK1 and uERK1 (ANP)
9UUX,EMD-64519,3.12,2026-04-01T00:00:00.000+00:00,The complex of human pMEK1 and ERK1 pT202 (ANP)
9UUY,EMD-64520,3.85,2026-05-27T00:00:00.000+00:00,Wild-type apo Escherichia coli nicotinamide nucleotide transhydrogenase
9UV2,EMD-64521,2.83,2026-05-27T00:00:00.000+00:00,Single-subunit apo Escherichia coli nicotinamide nucleotide transhydrogenase
9UV3,EMD-64522,2.88,2026-05-27T00:00:00.000+00:00,Single-subunit Escherichia coli nicotinamide nucleotide transhydrogenase in the presence of palmitoyl-CoA
9UV4,EMD-64523,3.3,2026-01-21T00:00:00.000+00:00,Structure of MHV68 glycoprotein B in complex with Fab5
9UV7,EMD-64527,3.43,2026-05-27T00:00:00.000+00:00,Single-subunit apo Escherichia coli nicotinamide nucleotide transhydrogenase
9UV9,EMD-64528,2.68,2026-07-08T00:00:00.000+00:00,Cryo-EM structures of fGSDM/HET-Q1 pores
9UVA,EMD-64529,3.73,2026-05-27T00:00:00.000+00:00,Structures of multiple states of the nicotinamide nucleotide transhydrogenase from Escherichia coli
9UVB,EMD-64530,3.23,2026-05-27T00:00:00.000+00:00,Escherichia coli transhydrogenase the dissociated (dI)2 dimer in the presence of both NADPH and NADP+
9UVC,EMD-64532,3.3,2026-01-21T00:00:00.000+00:00,Structure of MHV68 glycoprotein B
9UVT,EMD-64536,3.29,2026-05-06T00:00:00.000+00:00,Cryo-EM structure of bradykinin B2 receptor (B2R)-BRIL/anti BRIL SRP2070 Fab antibody complex with icatibant
9UVU,EMD-64537,3.69,2026-05-06T00:00:00.000+00:00,"Cryo-EM structure of bradykinin B2 receptor (B2R)-BRIL/anti BRIL SRP2070 Fab antibody complex with icatibant, focused on receptor"
9UVV,EMD-64538,3.02,2026-05-06T00:00:00.000+00:00,Cryo-EM structure of Vasopressin receptor 2 (V2R)-BRIL/anti BRIL SRP2070 Fab antibody complex with tolvaptan
9UVW,EMD-64539,2.89,2026-05-06T00:00:00.000+00:00,"Cryo-EM structure of Vasopressin receptor 2 (V2R)-BRIL/anti BRIL SRP2070 Fab antibody complex with tolvaptan, focused on receptor"
9UVX,EMD-64540,3.31,2026-05-06T00:00:00.000+00:00,"Cryo-EM structure of Vasopressin receptor 2 (V2R)-BRIL/anti BRIL SRP2070 Fab antibody complex with OPC51803, focused on receptor"
9UVY,EMD-64541,2.98,2026-05-06T00:00:00.000+00:00,Cryo-EM structure of Vasopressin receptor 2 (V2R)-ARK1 with tolvaptan
9UVZ,EMD-64542,2.99,2026-05-06T00:00:00.000+00:00,Cryo-EM structure of Lysophosphatidic acid receptor 2 (LPA2)-ARK1 with Ki16425
9UW3,EMD-64544,3.36,2026-04-01T00:00:00.000+00:00,The complex of human pMEK1 and ERK1 pY204 (ANP)
9UW4,EMD-64545,3.2,2026-04-01T00:00:00.000+00:00,The complex of human pMEK1 and uERK1 (ANP)(from pY204ERK1)
9UWG,EMD-64553,3.21,2026-04-22T00:00:00.000+00:00,Structure of the human DCAF2-DDB1 complex
9UWI,EMD-64555,2.8,2026-01-28T00:00:00.000+00:00,Cryo-EM structure of human V1aR bound with atosiban at a resolution of 2.8 angstrom
9UWJ,EMD-64556,3.0,2026-02-04T00:00:00.000+00:00,Cryo-EM structure of human V1aR bound with balovaptan at a resolution of 3.0 angstrom
9UWL,EMD-64559,2.6,2026-02-04T00:00:00.000+00:00,Cryo-EM structure of human V1aR bound with SRX246 at a resolution of 2.6 angstrom
9UWM,EMD-64560,3.1,2026-05-27T00:00:00.000+00:00,A combined cryo_EM structure of Cagrilintide-CTR-Gs complex
9UWQ,EMD-64563,3.1,2026-05-27T00:00:00.000+00:00,A combined Cryo_EM structure of Cagrilintide-AMY1R-Gs complex
9UWV,EMD-64564,3.3,2026-05-27T00:00:00.000+00:00,SalA bound Kappa Opioid Receptor in complex with Gi
9UWW,EMD-64566,2.19,2026-03-11T00:00:00.000+00:00,Cryo-EM structure of the human P2X2 receptor in the apo closed state
9UWX,EMD-64567,2.41,2026-03-11T00:00:00.000+00:00,Cryo-EM structure of the human P2X2 receptor in the ATP-bound open state
9UWY,EMD-64568,2.48,2026-03-11T00:00:00.000+00:00,Cryo-EM structure of the human P2X2 receptor in the ATP-bound desensitised state
9UX1,EMD-64569,2.98,2026-03-11T00:00:00.000+00:00,Cryo-EM structure of the human P2X2/3 heteromer receptor - class 1 (1:2)
9UX2,EMD-64570,2.73,2026-03-11T00:00:00.000+00:00,Cryo-EM structure of the human P2X2/3 heteromer receptor - class 2 (2:1)
9UX3,EMD-64571,2.64,2026-03-11T00:00:00.000+00:00,Cryo-EM structure of the human P2X2/3 heteromer receptor bound to AF-219
9UX4,EMD-64572,2.57,2026-03-11T00:00:00.000+00:00,Cryo-EM structure of the human P2X3 receptor in the camlipixant-bound inhibited state
9UX7,EMD-64575,3.73,2026-03-25T00:00:00.000+00:00,CryoEM Structure of LmuAB-DNA complex
9UX8,EMD-64576,3.71,2026-03-25T00:00:00.000+00:00,CryoEM Structure of LmuAB Apo State
9UX9,EMD-64577,3.05,2026-03-18T00:00:00.000+00:00,local ATPase-NCP structure of the ncBAF-nucleosome complex in the ADP-BeFx-bound state
9UXA,EMD-64578,3.28,2026-05-06T00:00:00.000+00:00,local ARP-NCP structure of the ncBAF-nucleosome complex in the apo state
9UXB,EMD-64579,2.92,2026-05-06T00:00:00.000+00:00,The apo structure of BCL7B-containing ARP module of the human SWI/SNF complex
9UXC,EMD-64580,2.74,2026-05-06T00:00:00.000+00:00,The ADP-bound structure of BCL7B-containing ARP module of the human SWI/SNF complex
9UXH,EMD-64583,3.03,2026-03-25T00:00:00.000+00:00,"type II Lamassu, LmuACB with DNA"
9UXI,EMD-64584,3.64,2026-03-25T00:00:00.000+00:00,"type II Lamassu, LmuA tetramer"
9UXK,EMD-64585,3.54,2026-03-25T00:00:00.000+00:00,"type II Lamassu, LmuACB from Vibrio cholerae O1 El"
9UXN,EMD-64587,2.7,2026-05-27T00:00:00.000+00:00,Local refinement of Succinate bound OXGR1
9UXO,EMD-64588,2.97,2026-05-27T00:00:00.000+00:00,Local refinement of maleic acid bound OXGR1
9UXP,EMD-64589,2.9,2026-05-27T00:00:00.000+00:00,Local refinement of ITA bound OXGR1
9UXQ,EMD-64590,2.89,2026-05-27T00:00:00.000+00:00,Local refinement of AKG bound OXGR1
9UXS,EMD-64597,3.4,2026-05-27T00:00:00.000+00:00,The local refine of 3D reconstruction of the complex formed by SARS-CoV2 BA.1 spike glycoprotein and a single-domain antibody
9UXT,EMD-64601,3.07,2026-03-18T00:00:00.000+00:00,The Structural Basis of ClpP1 in Pseudomonas plecoglossicida
9UXU,EMD-64602,3.6,2026-05-27T00:00:00.000+00:00,SalA bound Kappa Opioid Receptor in complex with Gi
9UXW,EMD-64603,3.74,2026-07-01T00:00:00.000+00:00,RNA polymerase II elongation complex stalled at SHL(-0.5) in the hexasome of the overlapping dinucleosome
9UXX,EMD-64604,3.6,2026-05-27T00:00:00.000+00:00,SalA bound Kappa Opioid Receptor homodimer
9UY9,EMD-64607,3.5,2026-01-21T00:00:00.000+00:00,Macacine gammaherpesvirus 4 glycoprotein B in complex with Fab5
9UYD,EMD-64609,2.7,2026-06-10T00:00:00.000+00:00,SARS-CoV-2 Ancestral strain spike S-cred
9UYO,EMD-64620,3.39,2026-03-18T00:00:00.000+00:00,Cryo-EM structure of a class C GPCR (Class 1)
9UYP,EMD-64621,3.51,2026-03-18T00:00:00.000+00:00,Cryo-EM structure of a class C GPCR (Class 3)
9UYQ,EMD-64622,3.27,2026-03-18T00:00:00.000+00:00,Cryo-EM structure of a class C GPCR (Class 2)
9UZ7,EMD-64640,3.24,2026-05-06T00:00:00.000+00:00,Cryo-EM structure of the nucleosome core particle with site-specific DNA-histone crosslinking
9V09,EMD-64658,3.25,2026-08-19T00:00:00.000+00:00,Cryo-EM structure of lenalidomide-organized CRL4-DDB1-CRBN-IKZF3(ZF2-ZF3)-UbcH5a-Ub ubiquitylation assembly
9V0A,EMD-64659,3.69,2026-06-10T00:00:00.000+00:00,Cryo-EM structure of pomalidomide-organized CRL4-DDB1-CRBN-IKZF3(ZF2-ZF3)-UbcH5a-Ub ubiquitylation assembly
9V0B,EMD-64660,3.54,2026-06-10T00:00:00.000+00:00,Cryo-EM structure of avadomide-organized CRL4-DDB1-CRBN-IKZF3(ZF2-ZF3)-UbcH5a-Ub ubiquitylation assembly
9V0C,EMD-64661,3.27,2026-08-19T00:00:00.000+00:00,Cryo-EM structure of iberdomide-organized CRL4-DDB1-CRBN-IKZF3(ZF2-ZF3)-UbcH5a-Ub ubiquitylation assembly
9V0E,EMD-64662,3.51,2026-08-19T00:00:00.000+00:00,Cryo-EM structure of golcadomide-organized CRL4-DDB1-CRBN-IKZF3(ZF2-ZF3)-UbcH5a-Ub ubiquitylation assembly
9V0F,EMD-64663,3.71,2026-06-10T00:00:00.000+00:00,Cryo-EM structure of cemsidomide-organized CRL4-DDB1-CRBN-IKZF3(ZF2-ZF3)-UbcH5a-Ub ubiquitylation assembly
9V0X,EMD-64674,2.66,2026-02-04T00:00:00.000+00:00,Cryo-EM structure of Gq-coupled PrRPR in complex with GUB08248
9V10,EMD-64679,3.7,2026-05-27T00:00:00.000+00:00,Cryo-EM structure of the 48-nm repeat doublet microtubule from mouse sperm
9V1H,EMD-64693,2.85,2026-02-04T00:00:00.000+00:00,Cryo-EM structure of Gi-coupled NPFF2R in complex with GUB08248
9V2S,EMD-64739,3.25,2026-07-08T00:00:00.000+00:00,Cryo-EM structure of Runella bGSDM pore
9V2U,EMD-64740,3.8,2026-05-27T00:00:00.000+00:00,Human claudin 18.2 in complex with the Fab fragment of Osemitamab (TST001)
9V2V,EMD-64741,3.0,2026-05-06T00:00:00.000+00:00,Cryo-EM structure of the histone deacetylase complex Rpd3L in complex with mono-nucleosome
9V2W,EMD-64742,3.4,2026-05-27T00:00:00.000+00:00,Cryo-EM structure of the histone deacetylase complex Rpd3L in complex with di-nucleosome
9V35,EMD-64749,2.97,2026-07-01T00:00:00.000+00:00,"Structure of C5a anaphylatoxin chemotactic receptor 2, C5aR2 in the Apo state"
9V36,EMD-64750,2.77,2026-03-18T00:00:00.000+00:00,Human DNMT1 (aa 698-1616) bound to hemimethylated dsDNA and Inhibitor DMI26
9V38,EMD-64751,3.25,2026-07-01T00:00:00.000+00:00,"Structure of C5a anaphylatoxin chemotactic receptor 2, C5aR2 bound to EP54"
9V3C,EMD-64752,3.82,2026-07-01T00:00:00.000+00:00,"Structure of C5a anaphylatoxin chemotactic receptor 2, C5aR2 bound to C5a"
9V3E,EMD-64753,3.1,2026-04-08T00:00:00.000+00:00,A broad-spectrum neutralizing antibody targeting the F protein of NiV and HeV
9V3F,EMD-64754,2.8,2026-04-08T00:00:00.000+00:00,A neutralizing antibody targeting the F protein of NiV
9V3S,EMD-64755,3.0,2026-04-01T00:00:00.000+00:00,Nav1.5 in complex with quinidine-azo
9V3T,EMD-64756,3.73,2026-07-29T00:00:00.000+00:00,Apo SLC36A1
9V3V,EMD-64757,3.37,2026-07-29T00:00:00.000+00:00,SLC36A1 bound to D-cycloserine
9V3X,EMD-64759,3.4,2026-07-29T00:00:00.000+00:00,SLC36A1 bound to D-serine
9V3Y,EMD-64761,3.06,2026-07-01T00:00:00.000+00:00,"Structure of C5a anaphylatoxin chemotactic receptor 2, C5aR2 bound to C5a-pep"
9V3Z,EMD-64762,3.4,2026-07-29T00:00:00.000+00:00,SLC36A1 bound to D-NPA
9V42,EMD-64764,3.37,2026-03-11T00:00:00.000+00:00,Cryo-EM structure of DICER/26S-GU complex in dicing state
9V43,EMD-64765,3.34,2026-03-11T00:00:00.000+00:00,Cryo-EM structure of DICER/26S-UG complex in dicing state
9V4D,EMD-64777,3.07,2026-07-01T00:00:00.000+00:00,"Structure of C5a anaphylatoxin chemotactic receptor 2, C5aR2 bound to R8Y"
9V5P,EMD-64791,2.85,2026-04-08T00:00:00.000+00:00,Human DNMT1 (aa 698-1616) in complex with hemimethylated dsDNA and inhibitor DMT207
9V65,EMD-64797,3.2,2026-04-15T00:00:00.000+00:00,Cryo-EM structure of free-state VbAgo
9V66,EMD-64798,2.95,2026-04-15T00:00:00.000+00:00,Structure of the Argonaute protein from Verrucomicrobia bacterium in complex with guide DNA
9V6L,EMD-64802,3.06,2026-06-03T00:00:00.000+00:00,Psl polysaccharide related protein structures
9V6S,EMD-64806,3.0,2026-06-10T00:00:00.000+00:00,Cryo-EM structure of a single cPRC1 complex engaged on one face of an endogenous 147-bp mononucleosome
9V6T,EMD-64807,3.5,2026-09-23T00:00:00.000+00:00,Cryo-EM structure of the GLPG1205-bound GPR84 receptor
9V6U,EMD-64808,3.3,2026-06-03T00:00:00.000+00:00,The cryo-EM structure of FD4 bound Lewy fold fibril.
9V6X,EMD-64809,4.0,2026-06-10T00:00:00.000+00:00,Cryo-EM structure of the cPRC1 complex bound to an endogenous 184-bp mono-nucleosome
9V75,EMD-64810,2.89,2026-06-03T00:00:00.000+00:00,Psl polysaccharide related protein structures
9V7C,EMD-64811,3.3,2026-06-03T00:00:00.000+00:00,The cryo-EM structure of FD4_orientation2 bound Lewy fold fibril.
9V7S,EMD-64822,2.5,2026-04-15T00:00:00.000+00:00,Structure of the Argonaute protein from Verrucomicrobia bacterium in complex with guide DNA and target RNA
9V7T,EMD-64823,2.23,2026-04-01T00:00:00.000+00:00,PSI-LHCE supercomplex from Euglena gracilis.
9V7U,EMD-64824,2.63,2026-04-01T00:00:00.000+00:00,PSI-LHCE supercomplex from Euglena gracilis.
9V7X,EMD-64795,4.0,2026-09-16T00:00:00.000+00:00,TypeIII toxin-antitoxin complex TenpIN
9V7Z,EMD-64826,2.97,2026-04-15T00:00:00.000+00:00,Structure of the Argonaute protein from Verrucomicrobia bacterium in complex with guide DNA and target RNA in target-released state
9V81,EMD-64829,2.63,2026-05-06T00:00:00.000+00:00,cryoEM structure of HEP-50768-bound MRGPRX4-Gq complex
9V82,EMD-64830,2.56,2026-05-06T00:00:00.000+00:00,Local refine map of HEP-50768-bound MRGPRX4
9V8A,EMD-64832,2.66,2026-04-15T00:00:00.000+00:00,Structure of the Argonaute protein from Verrucomicrobiota bacterium in complex with guide DNA and target RNA in dimeric state.
9V8W,EMD-64853,2.75,2026-04-15T00:00:00.000+00:00,membrane protein S6A8 with RGX
9V8X,EMD-64854,2.85,2026-04-15T00:00:00.000+00:00,membrane protein S6A8 with Crea
9V8Y,EMD-64855,3.28,2026-04-15T00:00:00.000+00:00,membrane protein S6A8 apo
9V93,EMD-64859,2.81,2026-04-15T00:00:00.000+00:00,Structure of the Argonaute protein from Verrucomicrobia bacterium in complex with guide DNA and target RNA in monomeric state.
9V95,EMD-64861,3.18,2026-05-27T00:00:00.000+00:00,Cryo-EM structure of the ArlB filament of Haloarcula marismortui
9V96,EMD-64862,3.14,2026-05-27T00:00:00.000+00:00,Cryo-EM structure of the inner core of ArlA2 filament of Haloarcula marismortui
9V9C,EMD-64869,2.62,2026-04-08T00:00:00.000+00:00,Cryo-EM structure of human TNFR1 DD filament
9V9E,EMD-64870,2.87,2026-04-08T00:00:00.000+00:00,Cryo-EM structure of human RIPK1 DD filament
9V9G,EMD-64871,2.89,2026-04-15T00:00:00.000+00:00,Structure of the Argonaute protein from Verrucomicrobia bacterium in complex with guide DNA and target RNA in monomeric state.
9V9I,EMD-64873,2.93,2026-04-15T00:00:00.000+00:00,The transition-state structure of the Argonaute protein from a Verrucomicrobia bacterium in complex with guide DNA and target RNA.
9V9P,EMD-64883,3.4,2026-06-10T00:00:00.000+00:00,Cryo-EM structure of the cPRC1-di-nucleosome (CBX7) complex
9V9Q,EMD-64884,2.8,2026-06-10T00:00:00.000+00:00,Cryo-EM structure of the cPRC1-UbcH5c E3-E2 complex bound to the H2BK120ub-modified nucleosome
9V9R,EMD-64885,3.2,2026-06-10T00:00:00.000+00:00,Cryo-EM structure of the ncPRC1.1-UbcH5c E3-E2 complex bound to the H2BK120ub-modified nucleosome
9V9S,EMD-64886,3.8,2026-06-10T00:00:00.000+00:00,Cryo-EM structure of the ncPRC1.1 complex bound to the H2AK119ubH2BK120ub-modified nucleosome
9V9T,EMD-64887,2.9,2026-06-10T00:00:00.000+00:00,Cryo-EM structure of the ncPRC1.6 complex bound to the H2AK119ubH2BK120ub-modified nucleosome
9V9U,EMD-64888,3.7,2026-06-10T00:00:00.000+00:00,Cryo-EM structure of the ncPRC1.4 complex containing two RNF2-BMI1 bound to the H2AK119ubH2BK120ub-modified nucleosome
9V9V,EMD-64889,3.8,2026-06-10T00:00:00.000+00:00,Cryo-EM structure of the ncPRC1.4 complex containing one RNF2-BMI1 and one RYBP bound to the H2AK119ubH2BK120ub-modified nucleosome
9V9W,EMD-64890,3.0,2026-06-10T00:00:00.000+00:00,Cryo-EM structure of the ncPRC1.4 complex containing two RYBP bound to the H2AK119ub-modified nucleosome
9V9X,EMD-64891,3.3,2026-06-10T00:00:00.000+00:00,Cryo-EM structure of the ncPRC1.4 complex containing one RNF2-BMI1 bound to the H2AK119ub-modified nucleosome
9V9Y,EMD-64892,3.2,2026-06-10T00:00:00.000+00:00,Cryo-EM structure of the ncPRC1.4 complex containing one RNF2-BMI1 and one RYBP bound to the H2AK119ub-modified nucleosome
9V9Z,EMD-64893,3.0,2026-06-10T00:00:00.000+00:00,Cryo-EM structure of the ncPRC1.4 complex containing one RYBP bound to the H2AK119ub-modified nucleosome
9VA1,EMD-64896,3.24,2026-05-13T00:00:00.000+00:00,Structure of the ACE2-B0AT1 bound with tryptophan
9VA2,EMD-64897,2.87,2026-05-13T00:00:00.000+00:00,Structure of the ACE2-B0AT1 bound with Phenylalanine
9VAM,EMD-64901,3.88,2026-06-10T00:00:00.000+00:00,"Cryo-EM structure of oat globulin fibril, Type 1"
9VAP,EMD-64903,2.75,2026-04-08T00:00:00.000+00:00,Cryo-EM structure of formate dehydrogenase from Shewanella oneidensis MR-1 (SoFdhAB)
9VAT,EMD-64904,3.37,2026-06-03T00:00:00.000+00:00,Cryo-EM structure of human Neurotensin Receptor 1 (hNTSR1)-Go complex in nucleotide-free C state
9VAU,EMD-64905,2.95,2026-06-03T00:00:00.000+00:00,Cryo-EM structure of human Neurotensin Receptor 1 (hNTSR1)-Go complex in nucleotide-free NC state 1
9VAV,EMD-64906,2.99,2026-06-03T00:00:00.000+00:00,Cryo-EM structure of human Neurotensin Receptor 1 (hNTSR1)-Go complex in nucleotide-free NC state 2
9VAW,EMD-64907,2.24,2026-06-03T00:00:00.000+00:00,Cryo-EM structure of human Neurotensin Receptor 1 (hNTSR1)-Gq (delipidated) complex in nucleotide-free C state
9VAX,EMD-64908,3.46,2026-06-03T00:00:00.000+00:00,Cryo-EM structure of human Neurotensin Receptor 1 (hNTSR1)-Gi1 complex in nucleotide-free C state 1
9VAY,EMD-64909,3.65,2026-06-03T00:00:00.000+00:00,Cryo-EM structure of human Neurotensin Receptor 1 (hNTSR1)-Gi1 complex in nucleotide-free C state 2
9VAZ,EMD-64910,3.38,2026-06-03T00:00:00.000+00:00,Cryo-EM structure of human Neurotensin Receptor 1 (hNTSR1)-Gi1 complex in nucleotide-free NC state 1
9VB0,EMD-64911,3.19,2026-06-03T00:00:00.000+00:00,Cryo-EM structure of human Neurotensin Receptor 1 (hNTSR1)-Gi1 complex in nucleotide-free NC state 2
9VB1,EMD-64912,3.31,2026-06-03T00:00:00.000+00:00,Cryo-EM structure of human Neurotensin Receptor 1 (hNTSR1)-Gi1 complex in nucleotide-free NC state 3
9VB2,EMD-64913,3.08,2026-06-03T00:00:00.000+00:00,"Cryo-EM structure of the human neurotensin receptor 1 (hNTSR1)-Gi1 complex in the GDP-bound, AHD-closed C state 1, plunge-frozen 8 seconds after GDP addition"
9VB3,EMD-64914,3.02,2026-06-03T00:00:00.000+00:00,"Cryo-EM structure of the human neurotensin receptor 1 (hNTSR1)-Gi1 complex in the GDP-bound, AHD-closed C state 2, plunge-frozen 8 seconds after GDP addition"
9VB4,EMD-64915,2.85,2026-06-03T00:00:00.000+00:00,"Cryo-EM structure of the human neurotensin receptor 1 (hNTSR1)-Gi1 complex in the GDP-bound, AHD-closed C state 1, plunge-frozen 15 seconds after GDP addition"
9VB5,EMD-64916,3.14,2026-06-03T00:00:00.000+00:00,"Cryo-EM structure of the human neurotensin receptor 1 (hNTSR1)-Gi1 complex in the GDP-bound, AHD-closed C state 2, plunge-frozen 15 seconds after GDP addition"
9VB6,EMD-64917,3.38,2026-06-03T00:00:00.000+00:00,"Cryo-EM structure of the human neurotensin receptor 1 (hNTSR1)-Gi1 complex in the GTP-bound, AHD-open C state, plunge-frozen 8 seconds after GTP addition"
9VB7,EMD-64918,3.01,2026-06-03T00:00:00.000+00:00,"Cryo-EM structure of the human neurotensin receptor 1 (hNTSR1)-Gi1 complex in the GTP-bound, AHD-closed C state 1, plunge-frozen 8 seconds after GTP addition"
9VBA,EMD-64919,3.38,2026-06-03T00:00:00.000+00:00,"Cryo-EM structure of the human neurotensin receptor 1 (hNTSR1)-Gi1 complex in the GTP-bound, AHD-closed C state 2, plunge-frozen 8 seconds after GTP addition"
9VBD,EMD-64920,3.26,2026-04-08T00:00:00.000+00:00,Cryo-EM structure of CARD1 ectodomain
9VBL,EMD-64926,3.39,2026-02-18T00:00:00.000+00:00,Cryo-EM structure of glycogen phosphorylase from Dorea longicatena (monomer form)
9VBM,EMD-64927,3.19,2026-02-18T00:00:00.000+00:00,Cryo-EM structure of glycogen phosphorylase from Dorea longicatena (dimer form)
9VBN,EMD-64928,3.23,2026-06-10T00:00:00.000+00:00,Choline transporter BetT with C-terminal 18-amino acid deletion
9VBO,EMD-64929,2.16,2026-02-11T00:00:00.000+00:00,Cryo-EM structure of the multi-component acyltransferase complex MucABC from Streptococcus macacae at a stoichiometric ratio of 4:2:2
9VBP,EMD-64930,3.04,2026-06-10T00:00:00.000+00:00,Choline transporter BetT with C-terminal 142-amino acid deletion
9VBT,EMD-64933,2.32,2026-02-11T00:00:00.000+00:00,Cryo-EM structure of the multi-component acyltransferase complex MucABC from Streptococcus macacae at a stoichiometric ratio of 4:4:4
9VBV,EMD-64934,3.61,2026-04-08T00:00:00.000+00:00,Cryo-EM structure of a CARD1 ectodomain H197A/H199A/H222A mutant
9VBX,EMD-64935,2.4,2026-03-18T00:00:00.000+00:00,Lectin FRIL from Lablab purpureus complexed to Lewis X tetrasaccharide
9VBY,EMD-64936,2.67,2026-03-18T00:00:00.000+00:00,Lectin FRIL from Lablab purpureus with self glycan
9VBZ,EMD-64937,2.56,2026-03-18T00:00:00.000+00:00,Lectin FRIL from Lablab purpureus complexed to oligomannose
9VC0,EMD-64938,2.48,2026-03-18T00:00:00.000+00:00,Lectin FRIL from Lablab purpureus complexed to oligomannose
9VC6,EMD-64944,2.71,2026-04-29T00:00:00.000+00:00,Cryo-EM structure of Bacillus halodurans ComEC
9VC9,EMD-64949,2.77,2026-04-29T00:00:00.000+00:00,Cryo-EM structure of Shewanella decolorationis ComEC
9VCB,EMD-64951,2.82,2026-04-29T00:00:00.000+00:00,Cryo-EM structure of Shewanella putrefaciens ComEC in complex with ssDNA
9VCC,EMD-64952,3.92,2026-05-20T00:00:00.000+00:00,Cryo-EM structure of Suv3 dimer
9VCF,EMD-64953,3.23,2026-04-29T00:00:00.000+00:00,Cryo-EM structure of Shewanella putrefaciens ComEC in complex with dsDNA
9VCP,EMD-64960,3.29,2026-06-10T00:00:00.000+00:00,Structure of choline transporter BetT with C-terminal deletion(residues 514-677 deleted)
9VCS,EMD-64966,2.8,2026-04-22T00:00:00.000+00:00,Cryo-EM structure of semi-closed state of Botulinum neurotoxin serotype A at pH 7.4
9VCT,EMD-64967,3.47,2026-05-20T00:00:00.000+00:00,Cryo-EM structure of monomeric Suv3-ADP complex
9VCU,EMD-64968,3.84,2026-05-20T00:00:00.000+00:00,Cryo-EM structure of dimeric Suv3-ADP complex
9VCV,EMD-64969,3.63,2026-05-20T00:00:00.000+00:00,Cryo-EM structure of monomeric Suv3-ssRNA complex
9VCW,EMD-64970,3.75,2026-05-20T00:00:00.000+00:00,Cryo-EM structure of dimeric Suv3-ssRNA complex
9VE1,EMD-64993,3.35,2026-06-17T00:00:00.000+00:00,Choline transporter BetT_(CHT-bound)
9VE9,EMD-64995,3.26,2026-06-17T00:00:00.000+00:00,Hemoglobin amyloid fibril
9VED,EMD-64998,3.63,2026-04-08T00:00:00.000+00:00,The cryo-EM structure of mouse Piezo1-MDFI complex
9VEE,EMD-65005,3.36,2026-04-08T00:00:00.000+00:00,The cryo-EM structure of human Piezo2-MDFIC2 complex (composite map)
9VEF,EMD-65006,3.75,2026-04-08T00:00:00.000+00:00,The cryo-EM structure of human Piezo2-MDFIC complex (composite map)
9VEG,EMD-65007,3.05,2026-04-15T00:00:00.000+00:00,Structural basis for the assembly and translocation of the Vip1-Vip2 insecticidal binary toxin from Bacillus thuringiensis
9VEJ,EMD-65009,2.4,2026-04-15T00:00:00.000+00:00,Structural basis for the assembly and translocation of the Vip1-Vip2 insecticidal binary toxin from Bacillus thuringiensis
9VEK,EMD-65010,3.31,2026-04-15T00:00:00.000+00:00,Structural basis for the assembly and translocation of the Vip1-Vip2 insecticidal binary toxin from Bacillus thuringiensis
9VF4,EMD-65024,2.74,2026-05-27T00:00:00.000+00:00,CryoEM structure of phospholipid-independent cyclised RP4 pilus
9VF5,EMD-53095,1.52,2026-05-27T00:00:00.000+00:00,Cryo-EM structure of apo form of Arthrobacter psychrolactophillus L-arabinose isomerase
9VFI,EMD-65025,2.72,2026-04-22T00:00:00.000+00:00,Structure of hTRPC3 solubilized with 4F peptide at 2.72 angstrom
9VFV,EMD-65039,3.14,2026-04-01T00:00:00.000+00:00,Glycogen phosphorylase tetramer from E. coli in complex with AMP
9VFX,EMD-65041,2.8,2026-08-12T00:00:00.000+00:00,SARS-CoV-2 spike di-trimer of RBD and NTD
9VGD,EMD-65047,3.3,2026-04-08T00:00:00.000+00:00,Helical assembly of TRADD death domain
9VGF,EMD-65048,2.58,2026-06-17T00:00:00.000+00:00,Cryo-EM structure of CagX-CagY complex with C17 symmetry
9VGU,EMD-65051,2.87,2026-06-17T00:00:00.000+00:00,Cryo-EM structure of CagX-CagY complex with C16 symmetry
9VH2,EMD-65053,2.65,2026-09-23T00:00:00.000+00:00,Cryo-EM structure of AtNUTECD-SCREW2-AtBAK1ECD complex
9VH3,EMD-65054,2.72,2026-09-23T00:00:00.000+00:00,Cryo-EM structure of AtNUTECD in apo state
9VH4,EMD-65055,2.8,2026-06-24T00:00:00.000+00:00,Cryo EM structure of hemagglutinin from Puerto Rico/8/1934 (H1N1) in complex with a single domain antibody
9VH5,EMD-65056,2.7,2026-06-24T00:00:00.000+00:00,Cryo EM structure of hemagglutinin from Puerto Rico/8/1934-New York/55/2004 (H3N2) in complex with a single domain antibody
9VH9,EMD-65060,3.4,2026-06-24T00:00:00.000+00:00,Molecular mechanism of prostaglandin transporter SLCO2A1
9VHD,EMD-65063,3.26,2026-06-24T00:00:00.000+00:00,cryo-EM structure of a chimeric EfpA dimer
9VHL,EMD-65070,2.6,2026-01-07T00:00:00.000+00:00,cryoEM structure of retron-Eco7 complex (form II)
9VI1,EMD-65075,3.33,2026-06-24T00:00:00.000+00:00,Structure of the Choline Transporter BetT under Acidic Conditions
9VI4,EMD-65077,1.8,2026-03-11T00:00:00.000+00:00,"Adeno-Associated Virus 6-M2, AAV6-M2"
9VIN,EMD-65094,3.41,2026-04-08T00:00:00.000+00:00,"Ternary complex of TNFR1-DD, TRADD-DD and RIPK1-DD"
9VJ3,EMD-65102,3.4,2026-06-24T00:00:00.000+00:00,Structure of a membrane-bound inositol phosphorylceramide synthase and Aureobasidin A complex
9VJ4,EMD-65103,3.5,2026-03-11T00:00:00.000+00:00,Structure of a membrane-bound inositol phosphorylceramide synthase and ceramide complex
9VJ8,EMD-65106,3.9,2026-04-01T00:00:00.000+00:00,"Type II-A CRISPR integrase complex, apo form"
9VJ9,EMD-65107,2.96,2026-04-01T00:00:00.000+00:00,"Type I-A CRISPR integrase prespacer catching complex, State I"
9VJA,EMD-65108,3.01,2026-04-01T00:00:00.000+00:00,"Type I-A CRISPR integrase prespacer catching complex, State II"
9VJB,EMD-65109,3.76,2026-04-01T00:00:00.000+00:00,Type II-A CRISPR integrase pre-integration complex
9VJD,EMD-60696,2.86,2026-07-15T00:00:00.000+00:00,Cucumber Green Mottle Mosaic Virus (CGMMV) coat protein
9VJH,EMD-65113,3.7,2026-06-24T00:00:00.000+00:00,Cryo-EM structure of UL9-DNA complex
9VJN,EMD-65116,3.43,2026-06-24T00:00:00.000+00:00,Cryo-EM structure of TRP melastatin channel in the closed state
9VJO,EMD-65117,2.82,2026-06-24T00:00:00.000+00:00,Cryo-EM structure of TRP melastatin channel in the intermediate 1 state
9VJP,EMD-65118,3.29,2026-06-24T00:00:00.000+00:00,Cryo-EM structure of TRP melastatin channel in the intermediate 2 state
9VJQ,EMD-65119,2.9,2026-06-24T00:00:00.000+00:00,Cryo-EM structure of TRP melastatin channel with menthol
9VJR,EMD-65120,3.1,2026-06-24T00:00:00.000+00:00,Cryo-EM structure of TRP melastatin channel with icilin
9VJS,EMD-65121,2.72,2026-02-18T00:00:00.000+00:00,Cryo-EM structure of Euglenophyte photosystem I
9VJT,EMD-65122,2.97,2026-06-24T00:00:00.000+00:00,Cryo-EM structure of MST-OR complex
9VKO,EMD-65137,3.07,2026-07-01T00:00:00.000+00:00,CryoEM struccture of the type III secretion system gatekeeper protein InvE by cryo-electron microscopy.
9VKP,EMD-65138,2.94,2026-01-14T00:00:00.000+00:00,Cryo-EM structure of F-ATP synthase from Mycobacteroides abscessus (Rotational State 1)
9VKQ,EMD-65139,3.41,2026-01-14T00:00:00.000+00:00,Cryo-EM structure of F-ATP synthase from Mycobacteroides abscessus (Rotational State 2)
9VKR,EMD-65140,2.79,2026-01-14T00:00:00.000+00:00,Cryo-EM structure of F-ATP synthase from Mycobacteroides abscessus (Rotational State 3)
9VKY,EMD-65146,2.67,2026-06-10T00:00:00.000+00:00,Cryo-EM structure of SULTR-like phosphate distribution transporter
9VKZ,EMD-65147,2.79,2026-07-01T00:00:00.000+00:00,Cryo-EM structure of retron Ec78 effector protein PtuA hexamer
9VL3,EMD-65153,2.82,2026-01-28T00:00:00.000+00:00,Cryo-EM structure of human lipid phosphate phosphatase 1 complexed with PO4 in nanodiscs
9VL5,EMD-65155,2.65,2026-06-10T00:00:00.000+00:00,Cryo-EM structure of SULTR-like phosphate distribution transporter with phosphate
9VLG,EMD-65160,3.01,2026-01-07T00:00:00.000+00:00,Structure of human alpha-2/delta-1 with crisugabalin
9VLN,EMD-65161,3.42,2026-05-20T00:00:00.000+00:00,"Structure of human MCM2-7 single hexamer without MCM3 CTE, state 1"
9VLQ,EMD-65163,3.4,2026-01-21T00:00:00.000+00:00,"herpes simplex virus type 1 helicase-primase structure in complex with ssDNA, ADP and magnesium ion"
9VLZ,EMD-65173,3.46,2026-07-01T00:00:00.000+00:00,CryoEM structure of GasderminE-N pore
9VM2,EMD-65174,3.94,2026-06-03T00:00:00.000+00:00,Structure of DOCK6-Cdc42 complex protomer
9VMG,EMD-65187,2.82,2026-05-13T00:00:00.000+00:00,Cryo-EM structure of the spermine-bound sea lamprey TAAR348-Gs complex
9VMH,EMD-65188,2.96,2026-07-15T00:00:00.000+00:00,BC-BCCP/CT-BCCP domain of Mycobacterium tuberculosis Pyruvate carboxylase- local refinement
9VMN,EMD-65192,2.6,2026-03-18T00:00:00.000+00:00,Cryo-EM structure of the a-KG-OXGR1-Gq complex
9VMO,EMD-65193,2.4,2026-03-18T00:00:00.000+00:00,Cryo-EM structure of the ITA-OXGR1-Gq complex
9VMP,EMD-65194,2.5,2026-03-18T00:00:00.000+00:00,Cryo-EM structure of the A-1-OXGR1-Gq complex
9VN9,EMD-65204,3.48,2026-07-01T00:00:00.000+00:00,Cryo-EM structure of TRP melastatin channel in the intermediate 3 state
9VNA,EMD-65205,3.25,2026-07-01T00:00:00.000+00:00,"Cryo-EM structure of TRP melastatin channel in the desensitized state, with CHS"
9VNB,EMD-65206,2.81,2026-07-01T00:00:00.000+00:00,"Cryo-EM structure of TRP melastatin channel in the desensitized state, without CHS"
9VNC,EMD-65207,3.45,2026-07-01T00:00:00.000+00:00,"Cryo-EM structure of TRP melastatin channel in the desensitized state, with icilin"
9VND,EMD-65208,3.3,2026-01-21T00:00:00.000+00:00,Structure of the Bacteroides fragilis NCTC9343 T6SS Hcp2-Hcp3 Heterohexamer in Complex with the Effector Bte1
9VNE,EMD-65209,3.11,2026-01-21T00:00:00.000+00:00,Bacteroides fragilis NCTC9343 T6SS Hcp2-Hcp3 heterohexamer complex
9VNY,EMD-65218,3.69,2026-01-28T00:00:00.000+00:00,Cryo-EM structure of Gi coupled Sphingosine 1-phosphate receptor bound with CYM5442
9VNZ,EMD-65219,2.79,2026-01-28T00:00:00.000+00:00,Cryo-EM structure of Gi coupled Sphingosine 1-phosphate receptor bound with HY-X-1011
9VO0,EMD-65220,2.79,2026-01-28T00:00:00.000+00:00,Cryo-EM structure of Gi coupled Sphingosine 1-phosphate receptor bound with Ponesimod
9VO1,EMD-65221,2.97,2026-01-28T00:00:00.000+00:00,Cryo-EM structure of Gi coupled Sphingosine 1-phosphate receptor bound with SAR247799
9VO2,EMD-65222,2.7,2026-03-18T00:00:00.000+00:00,Cryo-EM structure of the OXGR1(CA)-Gq complex
9VPD,EMD-65239,2.3,2026-07-01T00:00:00.000+00:00,"Cryo-EM structure of the IF1 bound bovine ATP synthase monomer: rotary state 1, F1 focused map"
9VPG,EMD-65253,3.14,2026-05-13T00:00:00.000+00:00,Cryo-EM structure of human urate transporter GLUT9 bound to a selective inhibitor SG4
9VPM,EMD-65254,4.0,2026-07-08T00:00:00.000+00:00,AMG986-bound APLNR dimer in active state 2a in complex with Gi-protein
9VPN,EMD-65255,4.0,2026-07-08T00:00:00.000+00:00,AMG986-bound APLNR dimer in active state 2b in complex with Gi-protein
9VQO,EMD-65271,2.9,2026-07-01T00:00:00.000+00:00,The structure of DmOR67d-DmOrco in the apo state
9VQP,EMD-65272,2.9,2026-07-08T00:00:00.000+00:00,The structure of DmOR67d-DmOrco in the cVA-bound state
9VQQ,EMD-65273,2.18,2026-07-08T00:00:00.000+00:00,"Cryo-EM structure of drosophila TRPgamma determined in GDN, state 1"
9VQR,EMD-65274,2.8,2026-07-08T00:00:00.000+00:00,The structure of DmOR67d-DmOrco in the VUAA1-bound state
9VQS,EMD-65275,2.8,2026-07-01T00:00:00.000+00:00,The structure of DbOR67d-DbOrco in the apo-like state
9VQT,EMD-65276,3.3,2026-07-01T00:00:00.000+00:00,The structure of DbOR67d-DbOrco in the cVA-bound state
9VQU,EMD-65277,2.8,2026-07-01T00:00:00.000+00:00,The structure of DbOR67d-DbOrco in the Z11-bound state
9VQV,EMD-65278,2.8,2026-07-01T00:00:00.000+00:00,The structure of DbOR67d-DbOrco in the VUAA1-bound state
9VQW,EMD-65279,2.38,2026-07-08T00:00:00.000+00:00,"Cryo-EM structure of drosophila TRPgamma determined in GDN, state 2"
9VQX,EMD-65280,2.39,2026-07-08T00:00:00.000+00:00,"Cryo-EM structure of drosophila TRPgamma, calcium free, state 2"
9VQY,EMD-65281,3.44,2026-07-08T00:00:00.000+00:00,Cryo-EM structure of drosophila TRPgamma in complex with camphor
9VRB,EMD-65282,2.63,2026-04-01T00:00:00.000+00:00,Cryo-EM structure of ATP-bound Oryza sativa MRP5 with E1424Q mutation
9VRC,EMD-65283,3.21,2026-04-01T00:00:00.000+00:00,Cryo-EM structure of Oryza sativa multidrug resistance protein 5 (MRP5)
9VRD,EMD-65284,3.03,2026-04-01T00:00:00.000+00:00,Cryo-EM structure of rice multidrug resistance protein 5 (MRP5) with InsP6 in state A
9VRE,EMD-65285,3.5,2026-04-01T00:00:00.000+00:00,Cryo-EM structure of rice multidrug resistance protein 5 (MRP5) with InsP6 in state B
9VS3,EMD-65295,3.55,2026-05-13T00:00:00.000+00:00,Apo structure of Ebinur lake virus polymerase
9VS4,EMD-65296,3.0,2026-05-13T00:00:00.000+00:00,Structure of Ebinur lake virus polymerase complexed with suramin
9VS5,EMD-65297,3.31,2026-05-13T00:00:00.000+00:00,Structure of Ebinur lake virus polymerase at the elongation state
9VT4,EMD-65314,2.96,2026-07-08T00:00:00.000+00:00,EBOV GP/BA2-VHH complex
9VTG,EMD-65327,3.8,2026-07-15T00:00:00.000+00:00,cryoEM structure of tobacco mosaic virus tRNA-like structure complexed with tobacco 60S
9VTI,EMD-65329,2.96,2026-07-15T00:00:00.000+00:00,cryoEM structure of tobacco mosaic virus tRNA-like structure complexed with tobacco 80S
9VTP,EMD-65338,2.68,2026-02-11T00:00:00.000+00:00,Target DNA-bound type I-F3 TniQ-Cascade of Vibrio parahaemolyticus in partial R-loop state
9VTQ,EMD-65339,2.84,2026-02-11T00:00:00.000+00:00,Target DNA-bound type I-F3 TniQ-Cascade of Vibrio parahaemolyticus in full R-loop state 1
9VTR,EMD-65340,2.89,2026-02-11T00:00:00.000+00:00,Target DNA-bound type I-F3 TniQ-Cascade of Vibrio parahaemolyticus in full R-loop state 2
9VTS,EMD-65343,2.56,2026-07-08T00:00:00.000+00:00,EBOV GP/1A10-VHH complex
9VTW,EMD-65344,3.0,2026-07-15T00:00:00.000+00:00,Cryo-EM structure of ATTRA97S amyloid fibrils extracted from patient-derived abdominal adipose biopsy tissue.
9VTX,EMD-65345,3.0,2026-07-15T00:00:00.000+00:00,Cryo-EM structure of Congo Red-bound ATTRA97S amyloid fibrils extracted from patient-derived abdominal adipose biopsy tissu
9VTY,EMD-65346,3.3,2026-07-15T00:00:00.000+00:00,Cryo-EM structure of ThS-bound ATTRA97S amyloid fibrils extracted from patient-derived abdominal adipose biopsy tissue.
9VTZ,EMD-65347,3.26,2026-07-15T00:00:00.000+00:00,Structure of hTRPV1 complexed with LIQ
9VU0,EMD-65348,2.63,2026-07-15T00:00:00.000+00:00,Structure of hTRPV1 in apo state
9VU1,EMD-65349,2.59,2026-07-15T00:00:00.000+00:00,Structure of hTRPA1 complexed with LIQA
9VU9,EMD-65356,3.34,2026-03-11T00:00:00.000+00:00,channel D complex with 4
9VUA,EMD-65357,3.23,2026-03-11T00:00:00.000+00:00,channel A complex with 1
9VUB,EMD-65358,3.35,2026-03-11T00:00:00.000+00:00,channel C complex with 3
9VUC,EMD-65359,2.96,2026-03-11T00:00:00.000+00:00,channel B complex with 2
9VUE,EMD-65360,3.8,2026-06-17T00:00:00.000+00:00,Structure of human proteasome ATPase-CP intermediate assembles with 15min rapaprotin addition
9VUF,EMD-65361,3.1,2026-06-17T00:00:00.000+00:00,Structure of human proteasome ATPase-CP intermediate assembles with 90min rapaprotin addition
9VUH,EMD-65363,2.7,2026-07-15T00:00:00.000+00:00,CDK11B ternary complex bound to AT7519
9VUI,EMD-65364,2.72,2026-05-27T00:00:00.000+00:00,Cryo-EM structure of the human measles virus RNA-dependent RNA polymerase complex bound to viral protein C
9VUJ,EMD-65365,2.6,2026-05-27T00:00:00.000+00:00,Cryo-EM structure of the human measles virus RNA-dependent RNA polymerase
9VUK,EMD-65366,3.17,2026-05-27T00:00:00.000+00:00,Cryo-EM structure of the human measles virus RNA-dependent RNA polymerase complex
9VUL,EMD-65367,3.13,2026-05-27T00:00:00.000+00:00,Cryo-EM structure of the human measles virus RNA-dependent RNA polymerase bound to allosteric inhibitor ERDRP-0519
9VUM,EMD-65368,2.84,2026-05-27T00:00:00.000+00:00,Cryo-EM structure of the Nipah virus RNA-dependent RNA polymerase complex bound to allosteric inhibitor ERDRP-0519
9VUQ,EMD-65369,2.79,2026-07-01T00:00:00.000+00:00,Structure of glycerol-3-phosphate acyltransferase PlsB from Themomonas haemolytica in complex with Palmitoyl-CoA and DOPA
9VUS,EMD-65370,2.37,2026-07-15T00:00:00.000+00:00,The structure of akg bound OXGR1
9VV0,EMD-65371,2.23,2026-07-22T00:00:00.000+00:00,CryoEM structure of EV-D68 strain Fermon in complex with MFSD6-L3
9VV6,EMD-65376,2.62,2026-07-15T00:00:00.000+00:00,The structure of ITN bound OXGR1
9VVG,EMD-65379,2.7,2026-03-25T00:00:00.000+00:00,Cryo-EM structure of the erlin1/2 complex purified using GDN and CHS
9VVI,EMD-65381,2.82,2026-06-17T00:00:00.000+00:00,Cryo-EM structure of SecM-arrested 70S ribosome with YheS
9VVJ,EMD-65382,2.6,2026-03-25T00:00:00.000+00:00,Cryo-EM structure of the erlin1/2 complex purified using DDM and GDN
9VVK,EMD-65383,3.85,2026-07-22T00:00:00.000+00:00,Cryo-EM structure of Pyruvate carboxylase from Mycobacterium tuberculosis
9VVM,EMD-64067,3.38,2026-07-22T00:00:00.000+00:00,CryoEM structure of a transmembrane protein
9VVO,EMD-65385,2.66,2026-01-14T00:00:00.000+00:00,cryo-EM structure of gastric proton pump bound to YK01
9VW8,EMD-65391,3.36,2026-07-22T00:00:00.000+00:00,Cryo-EM structure of E.coli transcription initiation complex with Escherichia phage Mu late transcription activator C using the PI promoter DNA
9VWA,EMD-65392,3.16,2026-07-22T00:00:00.000+00:00,Structure of V.cholerae dGTPase octamer in the apo form
9VWC,EMD-65393,2.96,2026-07-22T00:00:00.000+00:00,Structure of V.cholerae dGTPase H114A octamer bound to dGTP and dAMP
9VWE,EMD-65394,2.06,2026-07-22T00:00:00.000+00:00,Cryo-EM structure of RSV pre-F (strain A2) in complex with Fabs 1A2 and 2D10
9VWF,EMD-65395,3.14,2026-07-22T00:00:00.000+00:00,Cryo-EM structure of RSV pre-F (strain A2) in complex with Fab 3G12
9VWG,EMD-65396,3.29,2026-07-22T00:00:00.000+00:00,Structure of 16-mer V.cholerae dGTPase H114A bound to dGTP and dAMP
9VWI,EMD-65397,1.82,2026-07-22T00:00:00.000+00:00,The Cryo-EM structure of Chum Salmon (Oncorhynchus keta) 24-mer Rhamnose-binding lectin CSL2
9VWJ,EMD-65398,1.89,2026-07-22T00:00:00.000+00:00,The Cryo-EM structure of Chum Salmon (Oncorhynchus keta) 24-mer Rhamnose-binding lectin CSL2 bound with Gb3
9VWM,EMD-65399,3.2,2026-09-09T00:00:00.000+00:00,Cryo-EM structure of zika virus complexed with Fab 1C11
9VWR,EMD-65400,2.9,2026-07-22T00:00:00.000+00:00,Cryo-EM structure of human noradrenaline transporter in complex with tesofensine
9VWS,EMD-65401,3.2,2026-07-22T00:00:00.000+00:00,Cryo-EM structure of human serotonin transporter in complex with tesofensine
9VWZ,EMD-65403,4.0,2026-02-11T00:00:00.000+00:00,Local refinement region of HPV45 in complex with antibody A16E6
9VX1,EMD-65405,2.77,2026-01-14T00:00:00.000+00:00,The cryo-EM structure of gRNA-bound SPARDA complex
9VX6,EMD-65406,2.64,2026-01-14T00:00:00.000+00:00,Helical structure of gRNA-tDNA SPARDA complex
9VXE,EMD-65407,3.3,2026-07-22T00:00:00.000+00:00,The cryo-EM structure of NapIM_type1 amyloid beta 42 fibril.
9VXM,EMD-65433,2.9,2026-07-22T00:00:00.000+00:00,"Human mitoribosome in a non-rotated state, with multiple neomycin molecules bound, featuring A/A-site and P/P-site tRNAs"
9VXN,EMD-65434,2.51,2026-07-22T00:00:00.000+00:00,"Human cytosolic ribosome in a rotated state, with multiple neomycin molecules bound, featuring A/P-site and P/E-site tRNAs"
9VXP,EMD-65437,2.48,2026-07-22T00:00:00.000+00:00,Cryo-EM structure of human Pyruvate kinase R (PK-R)
9VXT,EMD-65440,3.9,2026-07-22T00:00:00.000+00:00,Cryo-EM structure of apo-STING mutant
9VXU,EMD-65441,3.2,2026-07-22T00:00:00.000+00:00,Cryo-EM structure of STING mutant complex with cGAMP
9VXV,EMD-65442,2.66,2026-04-29T00:00:00.000+00:00,Cryo-EM Structure of Nipah Virus Polymerase in complex with ERDRP-0519
9VXX,EMD-65444,2.73,2026-04-29T00:00:00.000+00:00,Cryo-EM Structure of Measles Virus Polymerase in complex with ERDRP-0519
9VXY,EMD-65445,2.87,2026-04-29T00:00:00.000+00:00,Cryo-EM Structure of Nipah Virus Polymerase in complex with GL22
9VXZ,EMD-65446,2.68,2026-04-29T00:00:00.000+00:00,Cryo-EM structure of Measles Virus L Protein bound by Phosphoprotein Tetramer
9VY0,EMD-65447,2.71,2026-04-29T00:00:00.000+00:00,Cryo-EM Structure of Peste Des Petits Ruminants Virus Polymerase in complex with ERDRP-0519
9VY1,EMD-65448,2.4,2026-04-29T00:00:00.000+00:00,Cryo-EM structure of Peste Des Petits Ruminants Virus L Protein bound by Phosphoprotein Tetramer
9VZ2,EMD-65476,3.12,2026-07-29T00:00:00.000+00:00,7482-bound TAAR1-Gs protein complex
9VZ3,EMD-65477,3.14,2026-07-29T00:00:00.000+00:00,2255-bound TAAR1-Gs protein complex
9VZ8,EMD-65478,3.81,2026-02-11T00:00:00.000+00:00,Local refinement region of HPV45 in complex with antibody 10G2
9VZP,EMD-65482,2.93,2026-07-29T00:00:00.000+00:00,Human FATP2 in complex with oleic acid and oleoyl-AMP in intermediate state
9VZX,EMD-65487,2.78,2026-03-11T00:00:00.000+00:00,Cryo-EM structure of TasH-tigRNA-gap dsDNA complex
9W01,EMD-65488,3.16,2026-07-29T00:00:00.000+00:00,Cryo-EM structure of LARS1:IARS1 complex
9W02,EMD-65489,2.72,2026-03-11T00:00:00.000+00:00,Cryo-EM structure of TasH-tigRNA-ssDNA complex
9W03,EMD-65490,3.3,2026-03-11T00:00:00.000+00:00,Cryo-EM structure of TasH-tigRNA complex
9W04,EMD-65491,2.33,2026-03-11T00:00:00.000+00:00,Cryo-EM structure of TasH-tigRNA-dsDNA complex
9W06,EMD-65494,3.6,2026-07-29T00:00:00.000+00:00,The cryo-EM structure of Y39EE83G a-syn fibril.
9W07,EMD-65495,3.03,2026-07-29T00:00:00.000+00:00,The cryo-EM structure of Ac-Y39EK45GK58G 30-140 a-syn fibril.
9W08,EMD-65497,2.87,2026-07-29T00:00:00.000+00:00,The cryo-EM structure of 30-140 P1 a-syn fibril.
9W09,EMD-65499,3.1,2026-07-29T00:00:00.000+00:00,The cryo-EM structure of 30-140 P2 a-syn fibril.
9W0B,EMD-65500,2.52,2026-07-29T00:00:00.000+00:00,CryoEM structure of EV-D68 strain Fermon mature virion
9W0D,EMD-65502,3.17,2026-07-29T00:00:00.000+00:00,CryoEM structure of procapsid in EV-D68:MFSD6-L3
9W0E,EMD-65503,2.93,2026-07-29T00:00:00.000+00:00,CryoEM structure of B-particle in EV-D68:MFSD6-L3
9W0G,EMD-65504,2.0,2026-07-29T00:00:00.000+00:00,CryoEM structure of EV-D68 strain Fermon in complex with MFSD6-R196-L226
9W0I,EMD-65505,2.19,2026-07-29T00:00:00.000+00:00,CryoEM structure of EV-D68 strain Fermon in complex with MFSD6-L3-N207A
9W0J,EMD-65506,2.09,2026-07-29T00:00:00.000+00:00,CryoEM structure of EV-D68 strain Fermon in complex with MFSD6-L3-S209A
9W0K,EMD-65507,2.29,2026-07-29T00:00:00.000+00:00,CryoEM structure of EV-D68 strain Fermon in complex with MFSD6-R196-L226-NAtreat
9W0M,EMD-65508,3.8,2026-06-03T00:00:00.000+00:00,Cryo-EM structure of S1P2 in complex with heterotrimeric G protein
9W0N,EMD-65509,3.5,2026-08-05T00:00:00.000+00:00,"Escherichia coli transcription-translation coupled complex class B (TTC-B) that ribosome walking for 4 codons to a 9 codon mRNA spacer, and fMet-tRNAs in E-site and P-site of the ribosome"
9W0O,EMD-65510,3.0,2026-06-03T00:00:00.000+00:00,cryoEM structure of S1P3 in complex with heterotrimeric G protein
9W0P,EMD-65511,3.6,2026-04-22T00:00:00.000+00:00,CryoEM structure of T2R14 in complex with chlorhexidine and heterotrimeric G protein complex
9W0Q,EMD-65512,3.2,2026-04-22T00:00:00.000+00:00,Cryo-EM structure of T2R14 in complex with tangeretin and heterotrimeric G protein
9W0R,EMD-65513,2.7,2026-04-22T00:00:00.000+00:00,Cryo-EM structure of apo-T2R46 in complex with heterotrimeric G protein
9W0S,EMD-65514,3.3,2026-04-22T00:00:00.000+00:00,CryoEM structure of T2R46 in complex with Arteminisin and heterotrimeric G protein complex
9W0T,EMD-65515,3.3,2026-04-22T00:00:00.000+00:00,CryoEM structure of the T2R46 in complex with Denatomium benozate and heterotrimeric G protein complex
9W0U,EMD-65516,2.9,2026-04-22T00:00:00.000+00:00,CryoEM structure of the T2R46 in complex with tangeretin and heterotrimeric G protein complex
9W0W,EMD-65518,3.2,2026-04-22T00:00:00.000+00:00,CryoEM structure of the T2R46 in complex with strychine and heterotrimeric G protein complex
9W0X,EMD-65520,2.9,2026-03-18T00:00:00.000+00:00,Cryo-EM structure of a Fungal XPR1
9W0Z,EMD-65521,3.3,2026-07-29T00:00:00.000+00:00,The cryo-EM structure of Apo_type1 abeta fibril.
9W14,EMD-65523,2.33,2026-03-18T00:00:00.000+00:00,Cryo-EM structure of SARS-CoV-2 WT spike protein in complex with nAb 1C4
9W1B,EMD-65525,2.87,2026-03-18T00:00:00.000+00:00,Cryo-EM structure of a Fungal XPR1 with InsP6
9W1E,EMD-65528,2.74,2026-05-13T00:00:00.000+00:00,"The type III CRISPR-associated deaminase in complex cA6 and ATP, State 1"
9W1F,EMD-65532,2.84,2026-05-13T00:00:00.000+00:00,"The type III CRISPR-associated deaminase in complex cA6 and ATP, State 2"
9W1G,EMD-65536,2.89,2026-05-13T00:00:00.000+00:00,"The type III CRISPR-associated deaminase in complex cA6 and ATP, State 3"
9W1H,EMD-65540,2.94,2026-05-13T00:00:00.000+00:00,"structure of the type III CRISPR-associated deaminase in complex cA6 and ATP, State 4"
9W1I,EMD-65544,2.84,2026-05-13T00:00:00.000+00:00,"Structure of the type III CRISPR-associated deaminase in complex cA6 and ATP, State 5"
9W1J,EMD-65549,2.97,2026-06-17T00:00:00.000+00:00,Cryo-EM structure of neurokinin A (NKA)-bound neurokinin 2 receptor (NK2R) in complex with miniGs/q70
9W1T,EMD-65556,3.0,2026-07-29T00:00:00.000+00:00,The cryo-EM structure of 30-140 P3 a-syn fibril.
9W1Z,EMD-65560,3.14,2026-04-29T00:00:00.000+00:00,DENV2 non-structural protein 1 (NS1) Stable Tetramer Conformation 2
9W20,EMD-65561,3.63,2026-04-29T00:00:00.000+00:00,DENV2 non-structural protein 1 (NS1) Stable Tetramer Conformation 1
9W22,EMD-65563,3.12,2026-04-29T00:00:00.000+00:00,DENV2 non-structural protein 1 (NS1) Dimer
9W23,EMD-65564,3.12,2026-04-29T00:00:00.000+00:00,DENV2 non-structural protein 1 (NS1) Stable Tetramer complexed with Heparin
9W24,EMD-65565,3.8,2026-04-29T00:00:00.000+00:00,DENV2 non-structural protein 1 (NS1) with C-terminal mVenus fusion
9W26,EMD-65567,2.62,2026-03-11T00:00:00.000+00:00,Cryo-EM structure of TasH-tigRNA (5G)-dsDNA complex
9W2F,EMD-65569,3.4,2026-04-22T00:00:00.000+00:00,Cryo-EM structure of DDB1-CRBN in complex with dHuR-2 and HuR
9W2G,EMD-65570,3.4,2026-06-17T00:00:00.000+00:00,Cryo-EM structure of EB1001-bound neurokinin 2 receptor (NK2R) in complex with miniGs/q70
9W2H,EMD-65571,3.12,2026-06-17T00:00:00.000+00:00,Cryo-EM structure of EB1002-bound neurokinin 2 receptor (NK2R) in complex with miniGs/q70
9W2I,EMD-65572,2.93,2026-06-17T00:00:00.000+00:00,Cryo-EM structure of Peptide 336 (P336)-bound neurokinin 2 receptor (NK2R) in complex with miniGs/q70
9W2J,EMD-65573,2.82,2026-06-17T00:00:00.000+00:00,Cryo-EM structure of Peptide 383 (P383)-bound neurokinin 2 receptor (NK2R) in complex with miniGs/q70
9W2R,EMD-65577,3.4,2026-04-01T00:00:00.000+00:00,Cryo-EM structure of FoF1-ATPase monomer state 1 on the bovine heart submitochondrial particles (FoF1-1)
9W2S,EMD-65578,4.0,2026-04-01T00:00:00.000+00:00,Cryo-EM structure of FoF1-ATPase monomer state 3 on the bovine heart submitochondrial particles (FoF1-2)
9W2U,EMD-65580,2.6,2026-04-01T00:00:00.000+00:00,"Cryo-EM structure of complex I on the bovine heart submitochondrial particles, open"
9W2V,EMD-65581,2.8,2026-04-01T00:00:00.000+00:00,"Cryo-EM structure of complex I on the bovine heart submitochondrial particles, closed"
9W2W,EMD-65582,3.5,2026-07-08T00:00:00.000+00:00,Cryo-EM structure of two abaucin-bound LolDF in Acinetobacter baumannii
9W2X,EMD-65583,2.2,2026-04-01T00:00:00.000+00:00,"Cryo-EM structure of complex III on the bovine heart submitochondrial particles, III-1"
9W2Y,EMD-65584,2.4,2026-04-01T00:00:00.000+00:00,"Cryo-EM structure of complex III on the bovine heart submitochondrial particles, III-2"
9W2Z,EMD-65585,2.61,2026-04-01T00:00:00.000+00:00,"Cryo-EM structure of complex IV on the bovine heart submitochondrial particles, IV-A"
9W32,EMD-65588,2.59,2026-01-21T00:00:00.000+00:00,antagonist 1-bound inactive SSTR5 structure
9W33,EMD-65589,2.69,2026-01-21T00:00:00.000+00:00,S5A1-bound inactive SSTR5 structure
9W34,EMD-65590,3.21,2026-08-05T00:00:00.000+00:00,CryoEM structure of EV-D68 strain Fermon procapsid
9W35,EMD-65591,3.5,2026-07-08T00:00:00.000+00:00,Cryo-EM structure of four abaucin-bound LolDF in Acinetobacter baumannii
9W36,EMD-65592,4.0,2026-07-08T00:00:00.000+00:00,Cryo-EM structure of nucleotide-free LolDF in Acinetobacter baumannii
9W37,EMD-65593,3.6,2026-07-22T00:00:00.000+00:00,Cryo-EM structure of vanadate-trapped LolDF in Acinetobacter baumannii
9W39,EMD-65595,3.65,2026-04-01T00:00:00.000+00:00,"Structure of human 26S proteasome complexed with midnolin, 19S proteasome with Ubl bound"
9W3D,EMD-65597,4.0,2026-04-29T00:00:00.000+00:00,Cryo-EM structure of E. coli RNA polymerase in complex with EP1
9W3E,EMD-65598,3.6,2026-04-29T00:00:00.000+00:00,Cryo-EM structure of E. coli RNA polymerase in complex with PP1
9W3F,EMD-65599,3.04,2026-06-10T00:00:00.000+00:00,Cryo-EM structure of the human beta2-adrenergic receptor in complex with a novel antagonist
9W3G,EMD-65600,3.3,2026-04-29T00:00:00.000+00:00,Cryo-EM structure of E. coli RNA polymerase in complex with VP1
9W3K,EMD-65603,3.08,2026-05-06T00:00:00.000+00:00,GPR151-Legobody complex
9W3L,EMD-65604,2.76,2026-05-06T00:00:00.000+00:00,Cryo-EM structure of GPR151-Nb6 complex
9W3P,EMD-64007,3.44,2026-08-05T00:00:00.000+00:00,YcfA from Erwinia amylovora
9W3T,EMD-65607,2.33,2026-08-05T00:00:00.000+00:00,Cryo-electron microscopy structure of nanofibers formed by azobenzene peptides.
9W3U,EMD-65609,2.53,2026-03-04T00:00:00.000+00:00,Structure of Csm6 from Actinomyces procaprae
9W3V,EMD-65610,2.53,2026-03-04T00:00:00.000+00:00,Structure of Csm6 from Actinomyces procaprae in complex with cyclic hexa-adenylate
9W3W,EMD-65611,2.67,2026-03-04T00:00:00.000+00:00,Structure of Csm6 from Actinomyces procaprae in complex with cyclic penta-adenylate
9W3Z,EMD-65613,3.36,2026-04-08T00:00:00.000+00:00,Cryo-EM structure of the 4:4 Lac1-Lip1 complex
9W40,EMD-65614,3.2,2026-08-05T00:00:00.000+00:00,Structure of adenosine A2BR with an agonist MRS3997
9W41,EMD-65615,2.71,2026-08-05T00:00:00.000+00:00,Structure of adenosine A2AR with an agonist MRS3997
9W43,EMD-65617,2.96,2026-07-01T00:00:00.000+00:00,Structure of the complex of human PD-1 and a PD-1-directed antibody
9W45,EMD-65621,3.2,2026-03-04T00:00:00.000+00:00,The structure of odorant-bound mouse class II odorant receptor-miniGs complex
9W4C,EMD-65624,2.8,2026-08-05T00:00:00.000+00:00,Fusion protein of Helicoverpa armigera nucleopolyhedrovirus in the prefusion state
9W4D,EMD-65625,2.9,2026-08-05T00:00:00.000+00:00,Fusion protein of Helicoverpa armigera nucleopolyhedrovirus in the postfusion state
9W4E,EMD-65626,3.1,2026-08-05T00:00:00.000+00:00,Fusion protein of Helicoverpa armigera nucleopolyhedrovirus in an early fusion intermediate state
9W4I,EMD-65634,2.57,2026-07-01T00:00:00.000+00:00,Cryo-EM structure of Enterovirus-D68 MO strain virus-like particle
9W4J,EMD-65635,2.93,2026-04-15T00:00:00.000+00:00,Cryo-EM structure of CpcL-PBS3
9W4K,EMD-65636,2.9,2026-08-05T00:00:00.000+00:00,Cryo-EM structure of inhibitor E822-1968 bound human urea transporter A2.
9W4L,EMD-65637,2.7,2026-08-05T00:00:00.000+00:00,Cryo-EM structure of inhibitor M353-0039 bound urea transporter A2.
9W4O,EMD-65640,2.52,2026-08-05T00:00:00.000+00:00,CryoEM structure of EV-D68 strain Fermon mature virion
9W4Q,EMD-65641,2.77,2026-08-05T00:00:00.000+00:00,Cryo-EM structure of human pyruvate kinase R (PKR) in complex with an allosteric activator SNH-119014
9W4Y,EMD-65646,2.0,2026-08-12T00:00:00.000+00:00,CryoEM structure of EV-D68 strain Fermon in complex with MFSD6-R196-L226
9W50,EMD-65648,3.3,2026-06-03T00:00:00.000+00:00,"MprF from Pseudomonas aeruginosa mutant- H386C/F389C in nanodisc, C2 symmetry"
9W51,EMD-65649,3.2,2026-06-03T00:00:00.000+00:00,"MprF from Pseudomonas aeruginosa mutant, H566C in nanodisc, C2 symmetry"
9W5B,EMD-65652,1.96,2026-09-23T00:00:00.000+00:00,cryo-EM structure of PSII D1-S264V from Thermosynechococcus vestitus BP-1
9W5I,EMD-65663,2.63,2026-04-22T00:00:00.000+00:00,AGO maturation complex (AMC): AGO2-miRNA duplex in complex with Hsp90 beta and co-chaperone p23
9W62,EMD-65674,3.28,2026-05-27T00:00:00.000+00:00,Cryo-EM structure of human ABCD3 in inward-facing conformation in the presence of phytanoyl-CoA
9W63,EMD-65675,3.29,2026-05-27T00:00:00.000+00:00,Cryo-EM structure of C20:5-CoA bound state human ABCD3 in inward-facing conformation
9W64,EMD-65676,3.81,2026-05-27T00:00:00.000+00:00,Cryo-EM structure of CHS bound state human ABCD3 in inward-facing conformation
9W65,EMD-65677,2.94,2026-05-27T00:00:00.000+00:00,Cryo-EM structure of ATP bound state human ABCD3 in inward-facing conformation
9W66,EMD-65678,3.3,2026-05-27T00:00:00.000+00:00,Cryo-EM structure of ATP bound state human ABCD3 in outward-facing conformation
9W6E,EMD-65684,3.7,2026-08-12T00:00:00.000+00:00,Cryo-EM structure of a stacked human nucleosome core particle dimer assembled with DNA truncated at SHL-4.5
9W6F,EMD-65686,3.56,2026-08-12T00:00:00.000+00:00,Cryo-EM structure of a stacked human nucleosome core particle trimer assembled with DNA truncated at SHL-4.5
9W6K,EMD-65694,3.71,2026-08-12T00:00:00.000+00:00,"Cryo-EM structure of a stacked human nucleosome core particle dimer (type 1&2, bottom NCP) assembled with DNA truncated at SHL-5.5"
9W6Q,EMD-65700,3.43,2026-08-12T00:00:00.000+00:00,Cryo-EM structure of a stacked human nucleosome core particle trimer assembled with DNA truncated at SHL-5.5
9W6U,EMD-65704,2.81,2026-08-05T00:00:00.000+00:00,Structure of the PT NTD-C1554-C1540 complex
9W7D,EMD-65724,2.05,2026-09-23T00:00:00.000+00:00,cryo-EM structure of PSII PsbA3-S264V in complex with DCMU from Thermosynechococcus vestitus BP-1
9W7J,EMD-65728,2.97,2026-08-12T00:00:00.000+00:00,Chikungunya virus E protein complexed with 8D1-H-10D5
9W7K,EMD-65729,2.58,2026-04-15T00:00:00.000+00:00,Cryo-EM structure of CpcL-PBS2
9W7X,EMD-65735,3.95,2026-05-06T00:00:00.000+00:00,Cryo-EM structure of dPIEZO channel
9W7Y,EMD-65736,2.87,2026-08-12T00:00:00.000+00:00,Cryo-EM structure of human pyruvate kinase R (PKR) in complex with an allosteric activator BT-119106
9W81,EMD-65737,2.81,2026-08-12T00:00:00.000+00:00,Cryo-EM structure of human pyruvate kinase R (PKR) in complex with an allosteric activator FT-4202
9W89,EMD-65740,2.89,2026-08-12T00:00:00.000+00:00,Chikungunya virus E protein complexed with 10D5
9W8A,EMD-65741,2.95,2026-08-12T00:00:00.000+00:00,Chikungunya virus E protein complexed with 7H9
9W8J,EMD-65747,2.73,2026-06-24T00:00:00.000+00:00,Transport and inhibition mechanisms of human glycine transporter 2
9W8Q,EMD-65748,3.2,2026-06-24T00:00:00.000+00:00,Transport and inhibition mechanisms of human glycine transporter 2
9W8R,EMD-65749,2.68,2026-06-24T00:00:00.000+00:00,Structure of yeast Pol II in complex with a short control scaffold lacking cisplatin-ICL lesion.
9W8S,EMD-65750,3.04,2026-06-24T00:00:00.000+00:00,Structure of mammalian RNA polymerase II stalled by a cisplatin-induced inter-strand crosslink lesion at the +2 position.
9W8T,EMD-65751,2.56,2026-06-24T00:00:00.000+00:00,Structure of yeast Pol II in complex with a cisplatin-induced inter-strand crosslink lesion at the +7 position.
9W8U,EMD-65752,2.61,2026-06-24T00:00:00.000+00:00,Structure of pre-translocation state of yeast Pol II complexed with a cisplatin-induced inter-strand crosslink at the +2 position.
9W8V,EMD-65753,2.23,2026-06-24T00:00:00.000+00:00,Structure of post-translocation state of yeast Pol II complexed with a cisplatin-induced inter-strand crosslink at the +2 position.
9W8W,EMD-65754,2.91,2026-06-24T00:00:00.000+00:00,Structure of backtracked yeast Pol II in complex with a cisplatin-induced inter-strand crosslink lesion at the +2 position.
9W8X,EMD-65755,2.86,2026-06-24T00:00:00.000+00:00,Structure of yeast Pol II complexed with a longer scaffold containing a cisplatin-induced inter-strand crosslink lesion at the +5 position.
9W8Y,EMD-65756,3.08,2026-06-24T00:00:00.000+00:00,Structure of yeast Pol II complexed with a longer scaffold containing a cisplatin-induced inter-strand crosslink at the + 3 position.
9W8Z,EMD-65757,3.03,2026-06-24T00:00:00.000+00:00,Structure of yeast Pol II complexed with a longer scaffold containing a cisplatin-induced inter-strand crosslink at the + 2 position.
9W90,EMD-65758,3.7,2026-01-28T00:00:00.000+00:00,DDB1-DDA1-DET1-Ube2e2-COP1-c-Jun-STK40 complex
9W97,EMD-65765,2.84,2026-05-27T00:00:00.000+00:00,Structure of BPDBA-bound state of the human betaine/GABA transporter 1
9W98,EMD-65766,2.71,2026-05-27T00:00:00.000+00:00,Structure of ATPCA-bound state of the human betaine/GABA transporter 1
9W99,EMD-65767,3.04,2026-05-27T00:00:00.000+00:00,Structure of betaine-bound state of the human betaine/GABA transporter 1
9W9A,EMD-65768,2.98,2026-05-27T00:00:00.000+00:00,Structure of GABA-bound state of the human betaine/GABA transporter 1
9W9B,EMD-65769,2.87,2026-05-27T00:00:00.000+00:00,Structure of the apo state of human betaine/GABA transporter 1 in the inward-facing conformation
9W9C,EMD-65770,3.02,2026-05-27T00:00:00.000+00:00,Structure of the apo state of human betaine/GABA transporter 1 in the occluded conformation
9W9E,EMD-65772,3.7,2026-06-17T00:00:00.000+00:00,Cryo-EM structure of Aspergillus fumigatus ErdS tetramer
9W9F,EMD-65773,3.66,2026-06-17T00:00:00.000+00:00,Cryo-EM structure of Aspergillus fumigatus ErdS dimer with tRNA(Asp) acceptor stem docked at the AspRS active site
9W9G,EMD-65774,3.65,2026-06-17T00:00:00.000+00:00,Cryo-EM structure of Aspergillus fumigatus ErdS dimer with tRNA(Asp) acceptor stem in an intermediate position toward the ATT active site
9W9J,EMD-65779,2.49,2026-07-29T00:00:00.000+00:00,ATTRv-V30M type I filament from gastrocnemius muscle biopsy of an individual with a V30M mutation.
9W9K,EMD-65780,2.61,2026-07-29T00:00:00.000+00:00,ATTRv-V30M type II filament from gastrocnemius muscle biopsy of an individual with a V30M mutation.
9W9L,EMD-65781,2.7,2026-07-29T00:00:00.000+00:00,ATTRv-V30M type III filament from gastrocnemius muscle biopsy of an individual with a V30M mutation.
9W9N,EMD-65782,2.18,2026-07-29T00:00:00.000+00:00,ATTRv-F64S type I filament from vitreous body of an individual with a F64S mutation.
9W9O,EMD-65783,2.67,2026-07-29T00:00:00.000+00:00,ATTRv-F64S type II filament from vitreous body of an individual with a F64S mutation.
9W9P,EMD-65784,2.8,2026-07-29T00:00:00.000+00:00,ATTRv-F64S type III filament from vitreous body of an individual with a F64S mutation.
9W9Q,EMD-65785,3.35,2026-07-29T00:00:00.000+00:00,ATTRv-F64S type IV filament from vitreous body of an individual with a F64S mutation.
9W9R,EMD-65786,2.33,2026-07-29T00:00:00.000+00:00,ATTRv-A97S type I filament from gastrocnemius muscle biopsy of an individual with a A97S mutation.
9W9S,EMD-65787,2.61,2026-07-29T00:00:00.000+00:00,ATTRv-A97S type II filament from gastrocnemius muscle biopsy of an individual with a A97S mutation.
9W9T,EMD-65788,2.83,2026-07-29T00:00:00.000+00:00,ATTRv-A97S type III filament from gastrocnemius muscle biopsy of an individual with a A97S mutation.
9W9U,EMD-65789,2.35,2026-07-29T00:00:00.000+00:00,ATTRv-E61K filament from gastrocnemius muscle biopsy of an individual with a E61K mutation.
9W9V,EMD-65790,2.64,2026-07-29T00:00:00.000+00:00,ATTRv-T59K filament from gastrocnemius muscle biopsy of an individual with a T59K mutation.
9W9W,EMD-65791,2.27,2026-07-29T00:00:00.000+00:00,ATTRv-G83R type II filament from gastrocnemius muscle biopsy of an individual with a G83R mutation.
9W9X,EMD-65792,2.14,2026-07-29T00:00:00.000+00:00,ATTRv-G83R type I filament from gastrocnemius muscle biopsy of an individual with a G83R mutation.
9W9Y,EMD-65793,2.27,2026-07-29T00:00:00.000+00:00,ATTRv-G83R type II filament from gastrocnemius muscle biopsy of an individual with a G83R mutation.
9W9Z,EMD-65794,1.9,2026-07-29T00:00:00.000+00:00,ATTRv-V30A type I filament from gastrocnemius muscle biopsy of an individual with a V30A mutation.
9WA0,EMD-65795,3.09,2026-07-29T00:00:00.000+00:00,ATTRv-V30A type II filament from gastrocnemius muscle biopsy of an individual with a V30A mutation.
9WA1,EMD-65796,2.28,2026-07-29T00:00:00.000+00:00,ATTRv-K35N filament from gastrocnemius muscle biopsy of an individual with a K35N mutation.
9WA2,EMD-65797,2.4,2026-07-29T00:00:00.000+00:00,ATTRv-F33V filament from gastrocnemius muscle biopsy of an individual with a F33V mutation.
9WAC,EMD-65811,2.89,2026-07-01T00:00:00.000+00:00,Cryo-EM structure of AtCas9-sgRNA-underwound DNA (TTGA) ternary complex
9WAD,EMD-65812,3.15,2026-07-01T00:00:00.000+00:00,Cryo-EM structure of AtCas9-sgRNA-B-form DNA ternary complex
9WAE,EMD-65815,3.49,2026-08-26T00:00:00.000+00:00,Cryo-EM structure of helicase DruE in the Druantia anti-phage system elucidates its anti-phage mechanism
9WAF,EMD-65816,3.29,2026-08-26T00:00:00.000+00:00,Cryo-EM structure of helicase DruE in the Druantia anti-phage system elucidates its anti-phage mechanism
9WAG,EMD-65817,2.95,2026-03-04T00:00:00.000+00:00,Yeast-expressed polio type 1 expanded virus-like particles
9WAH,EMD-65818,2.43,2026-03-04T00:00:00.000+00:00,Yeast-expressed polio type 1 stabilized virus-like particles
9WAI,EMD-65819,2.6,2026-03-04T00:00:00.000+00:00,Yeast-expressed polio type 1 stablized virus-like particles with 3G10 Fab
9WAJ,EMD-65820,2.39,2026-05-27T00:00:00.000+00:00,Cryo-EM structure of a human sodium pump wildtype in ouabain-bound E2P state
9WAK,EMD-65821,2.86,2026-05-27T00:00:00.000+00:00,Cryo-EM structure of a human sodium pump W931R mutant in ouabain-bound E2P state
9WAO,EMD-65825,3.5,2026-02-04T00:00:00.000+00:00,Structure of type II Abeta fibrils from 5xFAD mice
9WAP,EMD-65826,3.22,2026-02-04T00:00:00.000+00:00,Structure of Type II Abeta fibrils from AppNL-FPsen1P117L mice
9WB3,EMD-65832,3.17,2026-03-25T00:00:00.000+00:00,HRV14 3C in complex with single chain antibody YDF and cloverleafRNA-conformation1-composite-1
9WB4,EMD-65833,3.32,2026-03-25T00:00:00.000+00:00,HRV14 3C in complex with single chain antibody YDF and cloverleafRNA-conformation1-composite-2
9WBJ,EMD-65841,3.37,2026-06-03T00:00:00.000+00:00,cryo-EM structure of RIBEYE SAM thick filament
9WBK,EMD-65842,3.39,2026-06-03T00:00:00.000+00:00,cryo-EM structure of RIBEYE SAM thin filament
9WBL,EMD-65843,3.41,2026-06-03T00:00:00.000+00:00,cryo-EM structure of RIBEYE B' filament
9WBR,EMD-65847,3.13,2026-06-24T00:00:00.000+00:00,The structure of glycine transport 2 in apo state
9WBV,EMD-65849,3.13,2026-08-19T00:00:00.000+00:00,Cryo-EM structure of the human UBR2 N-domain in complex with tryptophan
9WBW,EMD-65850,3.44,2026-08-19T00:00:00.000+00:00,Cryo-EM structure of the human UBR1 in complex with tryptophan
9WBZ,EMD-65851,2.9,2026-02-18T00:00:00.000+00:00,The structure of NCP-motor-ARP module of ncBAF-nucleosome complex
9WC0,EMD-65853,2.4,2026-02-18T00:00:00.000+00:00,The structure of NCP-RA module of ncBAF-nucleosome complex
9WC1,EMD-65854,3.4,2026-02-18T00:00:00.000+00:00,The structure of ARP module in ncBAF complex
9WC6,EMD-65856,3.1,2026-06-24T00:00:00.000+00:00,The structure of glycine transport 2 in complex with glycine
9WCA,EMD-65858,3.49,2026-01-28T00:00:00.000+00:00,Closed state of A8 gpJ 713 central tail fiber
9WCB,EMD-65859,3.89,2026-01-28T00:00:00.000+00:00,Open state of A8 gpJ 713 central tail fiber with OmpC G17 from E. coli EDL933
9WCW,EMD-65877,2.73,2026-08-05T00:00:00.000+00:00,"AMP-PNP bound E.coli CnoX-GroEL complex, state I"
9WCX,EMD-65878,2.66,2026-07-01T00:00:00.000+00:00,Cryo-EM structure of the Mycobacterium abscessus cytochrome bcc:aa3 supercomplex
9WCY,EMD-65879,2.26,2026-07-01T00:00:00.000+00:00,Cryo-EM structure of the Mycobacterium abscessus cytochrome bcc:aa3 supercomplex in the presence of ND-011458
9WD0,EMD-65880,3.33,2026-08-26T00:00:00.000+00:00,Cryo-EM structure of Human UBA1-UBE2O-Ub -Recruitment state 2
9WD1,EMD-65881,3.31,2026-08-26T00:00:00.000+00:00,Cryo-EM structure of Human UBA1-UBE2O-Ub -Recruitment state 3
9WD4,EMD-65882,3.51,2026-08-26T00:00:00.000+00:00,Cryo-EM Structure of the 11-Mer ATPase Complex YsaN from the Type III Secretion System of Yersinia enterocolitica
9WD5,EMD-65883,2.98,2026-04-15T00:00:00.000+00:00,Cryo-EM structure of PSI-CpcL
9WD7,EMD-65885,2.34,2026-04-01T00:00:00.000+00:00,GMPCPP-stabilizsd human alpha1A/beta3 microtubule
9WD9,EMD-65886,2.26,2026-04-01T00:00:00.000+00:00,GMPCPP-stabilized human alpha1A/beta3 S239C microtubule
9WDA,EMD-65887,2.35,2026-04-01T00:00:00.000+00:00,Paclitaxel/GMPCPP-stabilized human alpha1A/beta3 microtubule
9WDB,EMD-65888,2.39,2026-04-01T00:00:00.000+00:00,Paclitaxel/GMPCPP-stabilized human alpha1A/beta3 S239C microtubule
9WDC,EMD-65889,2.22,2026-04-15T00:00:00.000+00:00,Cryo-EM structure of collagenase H (E416Q mutant) from Hathewaya histolytica bound to C-terminal region of the collagen-binding protein ColH (Pro-Pro-Gly)10
9WDI,EMD-65890,3.33,2026-07-01T00:00:00.000+00:00,Structure of mC5aR2 in complex with mC5a-desArg
9WDO,EMD-65893,2.57,2026-08-26T00:00:00.000+00:00,"Cryo-EM structure of the human PKR tetramer with mitapivat (C2 symmetric, dual-bound state)"
9WDP,EMD-65894,3.27,2026-01-14T00:00:00.000+00:00,Cyro-EM structure of prefusion RSV fusion glycoprotein in complex with Ziresovir and motavizumab Fab
9WDQ,EMD-65896,2.93,2026-08-26T00:00:00.000+00:00,"Cryo-EM structure of the human PKR dimer with mitapivat (focused refinement, asymmetric single-bound state A)"
9WDR,EMD-65900,2.92,2026-08-26T00:00:00.000+00:00,"Cryo-EM structure of the human PKR dimer with mitapivat (focused refinement, asymmetric single-bound state B)"
9WDS,EMD-65901,3.45,2026-08-26T00:00:00.000+00:00,Cryo-EM structure of helicase DruE in the Druantia anti-phage system elucidates its anti-phage mechanism
9WDT,EMD-65905,2.93,2026-08-26T00:00:00.000+00:00,"Cryo-EM structure of the human PKR dimer with mitapivat (focused refinement, asymmetric dual-bound state)"
9WDU,EMD-65906,3.28,2026-08-26T00:00:00.000+00:00,Cryo-EM structure of helicase DruE in the Druantia anti-phage system elucidates its anti-phage mechanism
9WDV,EMD-65907,3.45,2026-08-26T00:00:00.000+00:00,Cryo-EM structure of helicase DruE in the Druantia anti-phage system elucidates its anti-phage mechanism
9WDW,EMD-65908,3.36,2026-08-26T00:00:00.000+00:00,Cryo-EM structure of helicase DruE in the Druantia anti-phage system elucidates its anti-phage mechanism
9WDX,EMD-65909,3.72,2026-08-26T00:00:00.000+00:00,Structure of SpCas9 with engineered disulfide bonds (R1210C/V1280C and L1119C/P1128C)
9WDY,EMD-65910,3.58,2026-08-26T00:00:00.000+00:00,Cryo-EM structure of helicase DruE in the Druantia anti-phage system elucidates its anti-phage mechanism
9WE7,EMD-65914,3.05,2026-07-15T00:00:00.000+00:00,Cryo-EM structure of RNF170-Erlin1-Erlin2
9WET,EMD-65915,2.85,2026-08-19T00:00:00.000+00:00,"Cryo-EM structure of AtABCC2 in ATP-bound, outward-facing state"
9WEU,EMD-65916,2.65,2026-08-26T00:00:00.000+00:00,D1R-Gs in complexed with SKF81297/LY3154207/BMSA1
9WEY,EMD-65918,3.3,2026-02-25T00:00:00.000+00:00,Structure of HCMV UL33 in complex with human Gs protein
9WEZ,EMD-65919,2.64,2026-08-26T00:00:00.000+00:00,Cryo-EM structure of human pyruvate kinase R (PKR) in complex with FBP
9WF0,EMD-65920,3.8,2026-08-26T00:00:00.000+00:00,Cryo-EM Structure of the 13-Mer ATPase Complex YsaN from the Type III Secretion System of Yersinia enterocolitica
9WF2,EMD-65921,2.94,2026-04-22T00:00:00.000+00:00,Cryo-EM structure of GGCX-BGP complex
9WF3,EMD-65922,2.65,2026-04-01T00:00:00.000+00:00,Cryo-EM structure of GGCX-FIX complex
9WF9,EMD-65923,2.83,2026-04-01T00:00:00.000+00:00,Cryo-EM structure of GGCX-FX complex
9WFA,EMD-65924,2.64,2026-03-18T00:00:00.000+00:00,Cryo-EM structure of psXR
9WFC,EMD-65925,3.33,2026-04-01T00:00:00.000+00:00,Cryo-EM structure of GGCX-MGP complex
9WFF,EMD-65927,2.12,2026-01-21T00:00:00.000+00:00,Cryo-EM structure of the human Erlin2 oligomer
9WFG,EMD-65928,3.2,2026-06-03T00:00:00.000+00:00,Cryo-EM structure of Arabidopsis thaliana fatty acid transporter CTS
9WFL,EMD-65930,2.75,2026-04-01T00:00:00.000+00:00,Cryo-EM structure of GGCX-PRGP1 complex
9WFN,EMD-65932,2.94,2026-04-01T00:00:00.000+00:00,Cryo-EM structure of GGCX-proP2
9WFO,EMD-65933,3.31,2026-07-15T00:00:00.000+00:00,Cryo-EM structure of GGCX-proP1 complex
9WFR,EMD-65936,3.4,2026-06-03T00:00:00.000+00:00,Cryo-EM structure of C12:0-CoA-bound Arabidopsis thaliana fatty acid transporter CTS
9WFU,EMD-65937,3.2,2026-06-03T00:00:00.000+00:00,Cryo-EM structure of ATP-bound Arabidopsis thaliana fatty acid transporter CTS
9WFZ,EMD-65941,2.08,2026-09-23T00:00:00.000+00:00,Cryo-EM structure of PSII PsbA3-S264V from Thermosynechococcus vestitus BP-1 (local refinement)
9WG0,EMD-65942,2.59,2026-08-26T00:00:00.000+00:00,D1R-Gs in complexed with SKF81297/LY3154207/BMSA1/UNC10062
9WG2,EMD-65943,3.2,2026-06-03T00:00:00.000+00:00,Cryo-EM structure of IBA-CoA-bound Arabidopsis thaliana fatty acid transporter CTS
9WG4,EMD-65947,3.29,2026-06-17T00:00:00.000+00:00,Cryo-EM structure of pocket engineered OR52cs in its active state
9WG6,EMD-65949,2.44,2026-08-26T00:00:00.000+00:00,D1R-Gs in complexed with Dopamine/LY3154207/BMSA1/UNC9815
9WG7,EMD-65950,3.2,2026-04-01T00:00:00.000+00:00,The structure of phycobilisome with a bicylindrical core from the cyanobacterium Synechococcus elongatus PCC 7942
9WG8,EMD-65951,3.5,2026-06-03T00:00:00.000+00:00,"Cryo-EM structure of 2,4-DB-CoA-bound Arabidopsis thaliana fatty acid transporter CTS"
9WGB,EMD-65952,3.6,2026-06-17T00:00:00.000+00:00,Cryo-EM structure of I3L-ssDNA double-ring complex
9WH1,EMD-65964,3.23,2026-06-03T00:00:00.000+00:00,"Structure of Klebsiella pneumoniae trypsin-HamAB bound with DNA, monomer"
9WHK,EMD-65968,3.22,2026-06-03T00:00:00.000+00:00,"Structure of Klebsiella pneumoniae trypsin-HamAB bound with DNA, dimer"
9WHU,EMD-65977,3.5,2026-06-03T00:00:00.000+00:00,"Structure of Klebsiella pneumoniae trypsin-HamAB bound with DNA, trimer"
9WHX,EMD-65978,2.5,2026-08-12T00:00:00.000+00:00,"Cryo-EM structure of the IS621 recombinase in complex with bridge RNA, left-half DNA, and right-half DNA in the pre-strand exchange state"
9WHY,EMD-65979,2.6,2026-08-12T00:00:00.000+00:00,"Cryo-EM structure of the IS621 recombinase in complex with bridge RNA, left-half DNA, and right-half DNA in the post-strand exchange state"
9WID,EMD-65990,3.46,2026-08-05T00:00:00.000+00:00,"AMP-PNP bound E.coli CnoX-GroEL complex, state II"
9WIE,EMD-65991,2.79,2026-08-05T00:00:00.000+00:00,"AMP-PNP bound E.coli CnoX-GroEL/ES complex, state IV"
9WIF,EMD-65992,2.83,2026-08-05T00:00:00.000+00:00,"AMP-PNP bound E.coli CnoX-GroEL/ES complex, state III"
9WIG,EMD-65993,3.93,2026-08-05T00:00:00.000+00:00,Structure of the PT NTD-C1536-CoV2-3434-BLN8 complex
9WIJ,EMD-65995,3.05,2026-07-01T00:00:00.000+00:00,Cryo-EM structure of GPR84 with GLPG1205
9WIK,EMD-65999,3.3,2026-07-01T00:00:00.000+00:00,Cryo-EM structure of GPR84-Gi complex with DL-175
9WIT,EMD-66009,2.8,2026-09-02T00:00:00.000+00:00,Cryo-EM structure of recombinant mutant tau filaments
9WIX,EMD-66010,3.3,2026-09-02T00:00:00.000+00:00,Cryo-EM structure of VGLUT3 in apo state
9WJ0,EMD-66012,3.35,2026-09-02T00:00:00.000+00:00,Cryo-EM structure of ClassIII Lanthipeptide modification enzyme TherKC with chain A bounded to substrate TherA and ATPrS.
9WJS,EMD-66028,3.83,2026-09-02T00:00:00.000+00:00,Tti1-Telo2 complex
9WK1,EMD-66036,2.6,2026-09-09T00:00:00.000+00:00,"Cryo-EM structure of DONepi, a deoxynivalenol 3-epimerase from Nocardioides sp. S5-5"
9WKR,EMD-66037,3.53,2026-09-09T00:00:00.000+00:00,structure of human propionyl-coenzyme A carboxylase in BC binding state
9WKZ,EMD-66041,2.7,2026-09-09T00:00:00.000+00:00,Cryo-EM structure of STOM-double complex purified using DDM
9WL5,EMD-66046,1.96,2026-06-03T00:00:00.000+00:00,ALECT2 type Ia filament from renal biopsy tissue of an individual with ALECT2 amyloidosis
9WL6,EMD-66047,1.95,2026-06-03T00:00:00.000+00:00,ALECT2 type Ib filament from renal biopsy tissue of an individual with ALECT2 amyloidosis
9WL7,EMD-66048,2.93,2026-06-03T00:00:00.000+00:00,ALECT2 type IIa filament from renal biopsy tissue of an individual with ALECT2 amyloidosis
9WL8,EMD-66049,3.09,2026-06-03T00:00:00.000+00:00,ALECT2 type IIb filament from renal biopsy tissue of an individual with ALECT2 amyloidosis
9WL9,EMD-66050,3.05,2026-06-03T00:00:00.000+00:00,ALECT2 type III filament from renal biopsy tissue of an individual with ALECT2 amyloidosis
9WLA,EMD-66051,3.6,2026-06-03T00:00:00.000+00:00,Local refinement region of SARS-CoV-2 spike RBD in complex with antibodies CT1-5.
9WLB,EMD-66052,3.74,2026-06-03T00:00:00.000+00:00,Local refinement region of SARS-CoV-2 spike RBD in complex with antibodies S309 and CT1-1.
9WLR,EMD-66072,3.95,2026-03-04T00:00:00.000+00:00,Cryo-EM structure of human papillomavirus type 45
9WLS,EMD-66073,2.18,2026-06-17T00:00:00.000+00:00,PSI complex of A.thaliana isolated using DOC based Clear-Native-PAGE method
9WMD,EMD-66087,3.59,2026-05-13T00:00:00.000+00:00,Cryo-EM strucutre of the apo Mucilaginibacter paludis Argonaute
9WME,EMD-66088,3.2,2026-09-23T00:00:00.000+00:00,Cryo-EM structure of Clostridium perfringens pili CppA in complex with CppB
9WMF,EMD-66089,3.57,2026-05-13T00:00:00.000+00:00,Cryo-EM strucutre of MbpAgo-gDNA complex
9WMH,EMD-66091,2.55,2026-05-13T00:00:00.000+00:00,Cryo-EM strucutre of MbpAgo-gDNA-tgRNA complex
9WMI,EMD-66092,3.9,2026-04-15T00:00:00.000+00:00,PsdAB dimer(LMNG)
9WMJ,EMD-66094,2.2,2026-09-09T00:00:00.000+00:00,Cryo-EM structure of STOM-single complex purified using DDM
9WML,EMD-66096,2.79,2026-03-25T00:00:00.000+00:00,Structural mechanism of substrate binding of the human Proline Transporter
9WMM,EMD-66097,2.8,2026-03-25T00:00:00.000+00:00,Structure of the cholesterol-bound human proline transporter purified in DDM/CHS buffer
9WMN,EMD-66098,2.91,2026-03-25T00:00:00.000+00:00,Structure of the apo-state human proline transporter purified in DDM/CHS buffer
9WMO,EMD-66099,3.01,2026-03-25T00:00:00.000+00:00,Structure of the apo-state human proline transporter purified in DDM buffer
9WMP,EMD-66100,2.91,2026-03-25T00:00:00.000+00:00,Structure of the cholesterol-bound human proline transporter purified in DDM buffer
9WMQ,EMD-66101,1.73,2026-07-01T00:00:00.000+00:00,The cryo-electron microscopy complex structure of PCV3 VLPs and antibody 2B5
9WMR,EMD-66102,2.48,2026-07-01T00:00:00.000+00:00,Cryo-EM structure of PCV3 VLPs
9WN8,EMD-66110,2.81,2026-07-01T00:00:00.000+00:00,Cryo-EM structure of the Retron-Eco8 complex in the presence of ATP
9WNB,EMD-66113,2.5,2026-09-09T00:00:00.000+00:00,Cryo-EM structure of STOM complex reconstitution into liposomes
9WND,EMD-66114,3.2,2026-09-09T00:00:00.000+00:00,5HT2AR-miniGq heterotrimer in complex with a psychedelic psilocin
9WNF,EMD-66116,3.13,2026-09-09T00:00:00.000+00:00,5HT2AR-miniGq heterotrimer in complex with a selective agonist IHCH-2330
9WNG,EMD-66117,2.98,2026-09-09T00:00:00.000+00:00,5HT2BR-fab heterotrimer in complex with a novel antagonist IHCH-2330
9WNS,EMD-66123,2.69,2026-09-09T00:00:00.000+00:00,Cryo-EM structure of TtCoAT-ADLP complex in ligand-free form
9WNU,EMD-66124,2.25,2026-09-09T00:00:00.000+00:00,Cryo-EM structure of TtCoAT-ADLP complex in NAD+-bound form
9WP6,EMD-66135,1.98,2026-04-29T00:00:00.000+00:00,The cryo-EM structure of Zea mays GLN1
9WPE,EMD-66140,3.1,2026-08-26T00:00:00.000+00:00,Cryo-EM structure of the insect sex pheromone receptor ApisOR22-Orco heterocomplex bound with nepetalactone in the closed state.
9WPF,EMD-66141,3.6,2026-09-02T00:00:00.000+00:00,Cryo-EM structure of the insect sex pheromone receptor ApisOR22-Orco heterocomplex
9WPG,EMD-66142,3.3,2026-09-02T00:00:00.000+00:00,Cryo-EM structure of the insect sex pheromone receptor ApisOR22-Orco heterocomplex bound with nepetalactone in the open state
9WPH,EMD-66143,2.27,2026-04-22T00:00:00.000+00:00,Complex of FMDV O/18074 and porcine-derived neutralizing monoclonal antibody pO18-10
9WPL,EMD-66144,2.81,2026-06-10T00:00:00.000+00:00,cryo-EM structure of human organic solute transporter in apo state
9WPM,EMD-66145,2.6,2026-01-28T00:00:00.000+00:00,Cryo-EM structure of the apo-ConsOR5-Gs complex
9WPQ,EMD-66146,3.15,2026-09-16T00:00:00.000+00:00,5-HT2AR bound to LSD in complex with mini-Gq and scFv16 obtained by cryo-electron microscopy (cryoEM)
9WPX,EMD-66152,3.1,2026-09-16T00:00:00.000+00:00,5-HT2AR bound to IHCH-1904 in complex with mini-Gq and scFv16 obtained by cryo-electron microscopy (cryoEM)
9WPY,EMD-66153,2.99,2026-06-10T00:00:00.000+00:00,cryo-EM structure of human organic solute transporter in complex with DHEAS
9WPZ,EMD-66155,3.11,2026-06-10T00:00:00.000+00:00,cryo-EM structure of human organic solute transporter in complex with TLCA
9WQ0,EMD-66156,2.68,2026-06-10T00:00:00.000+00:00,cryo-EM structure of human organic solute transporter in complex with ethinylestradiol
9WQ2,EMD-66157,3.27,2026-04-01T00:00:00.000+00:00,Structure of 3TM-SAVED dimer bound to 2'3'-cGAMP
9WQ3,EMD-66158,3.27,2026-04-01T00:00:00.000+00:00,Structure of 3TM-SAVED Filament bound to 2'3'-cGAMP
9WQ5,EMD-66159,3.2,2026-09-16T00:00:00.000+00:00,5-HT2AR bound to IHCH-6122 in complex with mini-Gq and scFv16 obtained by cryo-electron microscopy (cryoEM)
9WQ6,EMD-66160,3.4,2026-09-16T00:00:00.000+00:00,5-HT2AR bound to IHCH-1906 obtained by cryo-electron microscopy (cryoEM)
9WQ7,EMD-66161,2.72,2026-06-24T00:00:00.000+00:00,Structure of yeast Pol II-Elf1 complex containing a cisplatin-ICL lesion at +7 position.
9WQ8,EMD-66162,2.98,2026-06-24T00:00:00.000+00:00,Structure of yeast Pol II in complex with a longer scaffold containing a cisplatin-ICL lesion at +7 position.
9WQ9,EMD-66163,2.95,2026-06-24T00:00:00.000+00:00,Structure of yeast Pol II in complex with a longer control scaffold lacking cisplatin-ICL lesion.
9WQA,EMD-66164,3.28,2026-09-16T00:00:00.000+00:00,5-HT2B receptor bound to IHCH-1906 in complex with an antibody obtained by cryo-electron microscopy (cryoEM)
9WQB,EMD-66165,3.18,2026-09-16T00:00:00.000+00:00,5-HT2B receptor bound to IHCH-6122 in complex with an antibody obtained by cryo-electron microscopy (cryoEM)
9WQK,EMD-66174,3.7,2026-05-27T00:00:00.000+00:00,GRM5-Gi Complex Structure
9WQL,EMD-66175,3.2,2026-05-27T00:00:00.000+00:00,GRM5-Gq Complex Structure
9WQM,EMD-66176,3.3,2026-05-27T00:00:00.000+00:00,GRM1-Gi Complex Structure
9WQN,EMD-66177,3.7,2026-05-27T00:00:00.000+00:00,GRM1-Gq Complex Structure
9WQO,EMD-66178,2.9,2026-05-27T00:00:00.000+00:00,GRM1-Acc State Conformation 1
9WQQ,EMD-63082,2.71,2026-09-16T00:00:00.000+00:00,Tomato Green Mottle Mosaic Virus (ToMMV) coat protein subunit
9WQR,EMD-66180,2.79,2026-06-10T00:00:00.000+00:00,cryo-EM structure of human organic solute transporter in complex with fidaxomicin
9WQV,EMD-66181,1.81,2026-03-11T00:00:00.000+00:00,Cryo-EM structure of LH1-RC from Rhodovulum sulfidophilum
9WRE,EMD-66187,3.43,2026-09-16T00:00:00.000+00:00,Structure of 3TM-SAVED filament bound to 2'2'-cGAMP
9WRK,EMD-66188,3.24,2026-09-16T00:00:00.000+00:00,Cryo-EM structure of glutamine synthetase 2 from Mycobacterium tuberculosis
9WRL,EMD-66189,3.2,2026-09-16T00:00:00.000+00:00,Cryo-EM structure of glutamine synthetase 3 from Mycobacterium tuberculosis
9WS4,EMD-66192,3.43,2026-06-10T00:00:00.000+00:00,Cyro-EM structure of the ACT-451840-bound PfMDR1
9WS8,EMD-66194,3.47,2026-01-07T00:00:00.000+00:00,Cryo-EM Structure of G6PT1 treated with G6P
9WSD,EMD-66197,4.0,2026-09-16T00:00:00.000+00:00,Cryo-EM structure of Escherichia coli FtsZ Filaments
9WSM,EMD-66199,3.4,2026-02-25T00:00:00.000+00:00,Cryo-EM structure of Sigma28-RNAP open promoter complex from Pseudomonas aeruginosa
9WSN,EMD-66200,3.44,2026-09-16T00:00:00.000+00:00,Tetramer Msp1 from S.cerevisiae (with a catalytic dead mutation) in complex with an unknown peptide substrate
9WSO,EMD-66201,3.45,2026-07-01T00:00:00.000+00:00,LamB binding with bacteriophage Lom
9WSQ,EMD-66203,3.35,2026-03-18T00:00:00.000+00:00,Structure of dimeric mouse NLRP14-KDM2A-SKP1 complex
9WSR,EMD-66204,2.79,2026-03-18T00:00:00.000+00:00,Structure of mouse NLRP14-KDM2A-SKP1 complex
9WSZ,EMD-66211,3.7,2026-05-06T00:00:00.000+00:00,CryoEM structure of baseplate iris structure in the contracted AlgoCIS
9WT0,EMD-66212,3.9,2026-05-06T00:00:00.000+00:00,CryoEM structure of one tail-fiber connected to the baseplate wedge in the contracted AlgoCIS
9WT1,EMD-66213,3.2,2026-05-06T00:00:00.000+00:00,CryoEM structure of cap module in the contracted AlgoCIS
9WT2,EMD-66215,3.12,2026-01-07T00:00:00.000+00:00,Cryo-EM structure of Pi-free G6PT1 treated with GlcN6P
9WTD,EMD-66219,2.21,2026-02-11T00:00:00.000+00:00,Filament structure of human Reg3alpha
9WTO,EMD-66223,3.51,2026-09-23T00:00:00.000+00:00,Cryo-EM Structure of the 12-Mer ATPase Complex YsaN from the Type III Secretion System of Yersinia enterocolitica
9WTW,EMD-66225,1.98,2026-08-05T00:00:00.000+00:00,Amyloid-beta 40 Flemish (A21G) mutant Filaments from Human Brain
9WTX,EMD-66226,3.37,2026-09-23T00:00:00.000+00:00,structure of hOCTN1-Ergothioneine complex
9WTY,EMD-66227,3.11,2026-09-23T00:00:00.000+00:00,Structure of hOCTN1 in apo state
9WTZ,EMD-66228,2.8,2026-09-23T00:00:00.000+00:00,Fusion protein of Helicoverpa armigera nucleopolyhedrovirus in the uncleaved prefusion state
9WUC,EMD-66257,2.72,2026-05-27T00:00:00.000+00:00,Cryo-EM structure of full-length self-sufficient P450 from Shimazuella soli
9WUD,EMD-66258,3.08,2026-05-27T00:00:00.000+00:00,Cryo-EM structure of one-heme-missing self-sufficient P450 from Shimazuella soli
9WUE,EMD-66259,2.77,2026-09-23T00:00:00.000+00:00,CryoEM structure of a dNTPase from Vibrio cholerae
9WUF,EMD-66260,3.01,2026-02-11T00:00:00.000+00:00,Cryo-EM structure of Upx
9WUG,EMD-66261,2.7,2026-09-23T00:00:00.000+00:00,CryoEM structure of a dNTPase from Vibrio cholerae with dGTP
9WUK,EMD-66262,2.34,2026-05-27T00:00:00.000+00:00,Cryo-EM structure of loop truncated self-sufficient P450 from Shimazuella soli
9WUM,EMD-66264,3.48,2026-06-03T00:00:00.000+00:00,A ternary complex of NUT with BAK1 and SCREW2
9WUP,EMD-66267,2.68,2026-05-27T00:00:00.000+00:00,Cryo-EM structure of full-length self-sufficient P450 in complex with NADPH from Shimazuella soli
9WUT,EMD-66270,3.04,2026-09-23T00:00:00.000+00:00,Structure of dimeric Tribolium castaneum (Tc) PINK1 L552R mutant in prime-activation conformation
9WUU,EMD-66271,3.35,2026-09-23T00:00:00.000+00:00,Structure of dimeric autoinhibited Tribolium castaneum (Tc) PINK1 L552R mutant in complex with Ca2+
9WUV,EMD-66272,2.81,2026-09-23T00:00:00.000+00:00,Structure of dimeric Tribolium castaneum (Tc) PINK1 L552R mutant in complex with Ca2+
9WUW,EMD-66273,2.51,2026-09-23T00:00:00.000+00:00,Structure of dimeric phosphomimetic mutant of Tribolium castaneum (Tc) PINK1
9WUY,EMD-66275,3.22,2026-09-23T00:00:00.000+00:00,Structure of dimeric autoinhibited Tribolium castaneum (Tc) PINK1 L552R mutant
9WV1,EMD-66279,3.1,2026-08-05T00:00:00.000+00:00,Human TIM22 complex wtih substrate GGC1-sfGFP
9WV2,EMD-66280,3.15,2026-08-05T00:00:00.000+00:00,Human TOM complex with substrate GGC1-sfGFP
9WV3,EMD-66281,2.98,2026-08-05T00:00:00.000+00:00,Human TOM complex with substrate Tim22-GGC1-sfGFP
9WV5,EMD-66282,3.16,2026-07-15T00:00:00.000+00:00,transient receptor potential V family member 3
9WV6,EMD-66283,3.29,2026-07-15T00:00:00.000+00:00,transient receptor potential V family member 3
9WV7,EMD-66284,3.31,2026-07-15T00:00:00.000+00:00,transient receptor potential V family member 3
9WV9,EMD-66285,2.94,2026-09-23T00:00:00.000+00:00,CryoEM structure of a dNTPase from Vibrio cholerae with GTP
9WVC,EMD-66287,3.06,2026-09-23T00:00:00.000+00:00,CryoEM structure of a dNTPase from Vibrio cholerae with GTP
9WW4,EMD-66297,2.48,2026-09-16T00:00:00.000+00:00,human 80S ribosome non-rotated state
9WW5,EMD-66298,2.69,2026-09-16T00:00:00.000+00:00,human 80S ribosome rotated state
9WW6,EMD-66299,2.83,2026-09-23T00:00:00.000+00:00,human 80S ribosome delta eL41 non-rotated state
9WW9,EMD-66305,3.2,2026-06-24T00:00:00.000+00:00,Cryo-EM Structure of Parabacteroide phage PD491P1 Capsid
9WWA,EMD-66306,3.2,2026-06-24T00:00:00.000+00:00,Cryo-EM Structure of Parabacteroide phage PD491P1 head-to-tail interface
9WX7,EMD-66332,2.57,2026-03-25T00:00:00.000+00:00,Structure of the L-proline-free human proline transporter purified in DDM/CHS buffer
9WX9,EMD-66339,2.84,2026-03-25T00:00:00.000+00:00,Structure of the L-proline-free human proline transporter purified in DDM buffer
9WXB,EMD-66342,2.9,2026-06-03T00:00:00.000+00:00,Cryo-EM structure of reduced form of formatedehydrogenase from Rhodobacter aestuarii (RaFDH) with NADH
9WXF,EMD-66345,3.33,2026-07-08T00:00:00.000+00:00,cryo-electron microscopy structure of Dandelion
9WXH,EMD-66346,2.6,2026-06-24T00:00:00.000+00:00,Cryo-EM structure of the type III-D2 CRISPR-Cas effector complex bound to a cognate target RNA in the pre-cleavage state
9WXI,EMD-66347,2.8,2026-06-24T00:00:00.000+00:00,Cryo-EM structure of the type III-D2 CRISPR-Cas effector complex bound to a cognate target RNA in the post-cleavage state
9WXJ,EMD-66348,2.7,2026-06-24T00:00:00.000+00:00,Cryo-EM structure of the type III-D2 CRISPR-Cas effector complex bound to a non-cognate target RNA in the pre-cleavage state
9WXP,EMD-66353,3.2,2026-08-05T00:00:00.000+00:00,cryo-EM structure of a mammalian collagen fibril
9WY1,EMD-66359,3.23,2026-02-18T00:00:00.000+00:00,Cryo-EM structure of Fks1 in apo state
9WY8,EMD-66366,2.69,2026-01-21T00:00:00.000+00:00,Cryo-EM structure of the hexameric DRT6
9WYK,EMD-66367,2.65,2026-05-20T00:00:00.000+00:00,CryoEM structure of native quinol dependent Nitric Oxide Reductase at pH 8.0.
9WYL,EMD-66368,3.4,2026-05-20T00:00:00.000+00:00,CryoEM structure of quinol dependent Nitric Oxide Reductase with BRIL
9WYM,EMD-66369,2.3,2026-05-20T00:00:00.000+00:00,CryoEM structure of native quinol dependent Nitric Oxide Reductase with HQN at pH 6.5
9WYP,EMD-66373,2.25,2026-01-07T00:00:00.000+00:00,The PSI-ACPI supercomplex from the cryptophyte Chroomonas placoidea
9WYT,EMD-66376,3.06,2026-04-15T00:00:00.000+00:00,Cryo-EM structure of the IgY-FcRY complex
9WYV,EMD-66378,3.3,2026-02-11T00:00:00.000+00:00,Cryo-EM structure of EvAS
9WYX,EMD-66379,3.04,2026-02-11T00:00:00.000+00:00,Cryo-EM structure of PbSS
9WZ3,EMD-66380,3.19,2026-02-11T00:00:00.000+00:00,Cryo-EM structure of the PT domain of EvSS
9WZR,EMD-66405,3.21,2026-09-23T00:00:00.000+00:00,PmCas12m-crRNA-target DNA complex
9WZS,EMD-66407,3.32,2026-02-18T00:00:00.000+00:00,Cryo-EM structure of Fks2 in complex with enfumafungin
9WZT,EMD-66408,3.64,2026-02-18T00:00:00.000+00:00,Cryo-EM structure of Fks2 in apo state
9WZU,EMD-66409,2.97,2026-02-18T00:00:00.000+00:00,Cryo-EM structure of Fks1 in complex with enfumafungin
9WZV,EMD-66410,3.35,2026-02-18T00:00:00.000+00:00,Cryo-EM structure of Fks1 with intact active site
9WZX,EMD-66411,3.72,2026-02-18T00:00:00.000+00:00,Cryo-EM structure of Fks1 in open state
9X04,EMD-66419,3.41,2026-02-18T00:00:00.000+00:00,Cryo-EM structure of Fks2 with intact active site
9X05,EMD-66420,3.64,2026-03-18T00:00:00.000+00:00,IL-33 and Itepekimab fab and Tozorakimab fab ternary complex structure
9X0B,EMD-66431,3.62,2026-07-15T00:00:00.000+00:00,Cryo-EM structure of AKT5 - WT
9X0C,EMD-66432,2.6,2026-07-15T00:00:00.000+00:00,Cryo-EM structure of AKT5 - D403A
9X0F,EMD-66433,3.25,2026-02-11T00:00:00.000+00:00,Cryo-EM structure of EvSS
9X0J,EMD-66435,2.57,2026-03-18T00:00:00.000+00:00,IL-33 and Etokimab fab and Tozorakimab fab ternary complex structure
9X0K,EMD-66436,2.19,2026-06-03T00:00:00.000+00:00,Cryo-EM Structure of Turbo sazae ferritin chain A
9X0L,EMD-66437,2.17,2026-06-03T00:00:00.000+00:00,Cryo-EM Structure of Turbo sazae ferritin chain B
9X0Q,EMD-66439,2.71,2026-08-26T00:00:00.000+00:00,Cryo-EM Structure of Alcohol Dehydrogenase Variant from Gluconobacter oxydans Truncating Membrane-Binding Regions (Form 1)
9X0R,EMD-66440,2.69,2026-08-26T00:00:00.000+00:00,Cryo-EM Structure of Alcohol Dehydrogenase Variant from Gluconobacter oxydans Truncating Membrane-Binding Regions (Form 2)
9X0W,EMD-66447,3.02,2026-06-10T00:00:00.000+00:00,Pseudomonas aeruginosa (PAO1) Outer membrane PilQ (Secretin) in C14 symmetry
9X0X,EMD-66448,2.45,2026-06-10T00:00:00.000+00:00,Pseudomonas aeruginosa (PAO1) Outer membrane PilQ (Secretin) with SlkB in C14 symmetry
9X0Y,EMD-66449,2.68,2026-06-10T00:00:00.000+00:00,Pseudomonas aeruginosa (PAO1) Outer membrane PilQ (Secretin) with SlkA in C14 symmetry
9X1L,EMD-66462,2.8,2026-02-04T00:00:00.000+00:00,The cryo-EM structure of HerA-NurA complex with AMPPNP from Thermococcus kodakarensis
9X1M,EMD-66463,2.3,2026-02-04T00:00:00.000+00:00,The cryo-EM structure of HerA-NurA complex with AMPPNP and dsDNA from Thermococcus kodakarensis
9X1N,EMD-66464,3.1,2026-02-04T00:00:00.000+00:00,The cryo-EM structure of HerA-NurA complex with ATPgammaS and dsDNA from Thermococcus kodakarensis (State 1)
9X1O,EMD-66465,3.0,2026-02-04T00:00:00.000+00:00,The cryo-EM structure of HerA-NurA complex with ATPgammaS and dsDNA from Thermococcus kodakarensis (State 2)
9X1P,EMD-66466,3.1,2026-02-04T00:00:00.000+00:00,The cryo-EM structure of HerA-NurA complex with ATPgammaS and dsDNA from Thermococcus kodakarensis (State 3)
9X1V,EMD-66467,2.72,2026-06-10T00:00:00.000+00:00,Cryo-EM structure of Borna disease virus RNA polymerase complex
9X20,EMD-66468,3.18,2026-05-06T00:00:00.000+00:00,Cryo-EM structure of the GLP-1-bound human GLP-1R-Gi complex
9X22,EMD-66470,2.92,2026-03-25T00:00:00.000+00:00,Cryo-EM structure of the GLP-1-bound human GLP-1R-Gq complex
9X28,EMD-66473,2.83,2026-06-10T00:00:00.000+00:00,Cryo-EM structure of Borna disease virus RNA polymerase L protein
9X29,EMD-66474,3.16,2026-04-08T00:00:00.000+00:00,Cryo-EM structure of PsoA in cofactor bound state (PsoA-PKS-I)
9X2A,EMD-66475,3.36,2026-04-08T00:00:00.000+00:00,Cryo-EM structure of PsoA in cofactor bound state (PsoA-PKS-II)
9X2B,EMD-66476,3.39,2026-04-08T00:00:00.000+00:00,Cryo-EM structure of PsoA in apo state (PsoA-PKS-II)
9X2C,EMD-66477,2.99,2026-04-15T00:00:00.000+00:00,Cryo-EM structure of PsoA in apo state (PsoA-PKS-I)
9X2F,EMD-66478,2.97,2026-09-09T00:00:00.000+00:00,complex of anti-CRISPR Protein
9X2M,EMD-66479,3.44,2026-03-04T00:00:00.000+00:00,Gut transporter with sorbitol
9X2N,EMD-66480,3.2,2026-09-23T00:00:00.000+00:00,"JP Complex - E. coli MurJ, Levivirus PP7 lysis protein SglPP7"
9X35,EMD-66494,2.81,2026-08-19T00:00:00.000+00:00,high affinity IgG1 Fc variant in complex with Fc gamma receptor IIIA 158F
9X3J,EMD-66501,3.47,2026-06-03T00:00:00.000+00:00,Glycoprotein of Mengla Virus with MR191 Fab bound
9X3K,EMD-66502,3.08,2026-06-03T00:00:00.000+00:00,apo state of Mengla Virus Glycoprotein
9X3O,EMD-66504,3.5,2026-07-22T00:00:00.000+00:00,Phage T4 neck in post-tail-contraction state (genome-full particle)
9X3P,EMD-66505,3.5,2026-07-22T00:00:00.000+00:00,Phage T4 sheath in post-tail-contraction state (genome-full particle)
9X3Q,EMD-66506,3.7,2026-07-22T00:00:00.000+00:00,Phage T4 inner baseplate in post-tail-contraction state (genome-full particle)
9X3R,EMD-66507,3.8,2026-07-22T00:00:00.000+00:00,Phage T4 peripheral baseplate in post-tail-contraction state (genome-full particle)
9X3S,EMD-66508,3.7,2026-07-22T00:00:00.000+00:00,Phage T4 tip of the tail tube in post-tail-contraction state (genome-empty particle)
9X3Y,EMD-66514,2.77,2026-04-15T00:00:00.000+00:00,NPFF bound Mas1 Receptor
9X3Z,EMD-66515,2.54,2026-04-15T00:00:00.000+00:00,NPFF bound Mas1 Receptor Complex
9X40,EMD-66516,3.07,2026-05-20T00:00:00.000+00:00,AR234958 bound Mas1 Receptor Complex
9X41,EMD-66517,3.31,2026-05-20T00:00:00.000+00:00,AR234958 bound Mas1 Receptor
9X46,EMD-66531,3.25,2026-06-03T00:00:00.000+00:00,Cryo-EM structure of Streptococcus thermophilus FoeAB in complex with ADP
9X47,EMD-66532,3.2,2026-06-03T00:00:00.000+00:00,Cryo-EM structure of nucleotide-free Streptococcus thermophilus FoeAB 1
9X48,EMD-66533,3.26,2026-06-03T00:00:00.000+00:00,Cryo-EM structure of nucleotide-free Streptococcus thermophilus FoeAB 2
9X49,EMD-66534,3.34,2026-06-03T00:00:00.000+00:00,Cryo-EM structure of nucleotide-free Streptococcus thermophilus FoeAB 3
9X4A,EMD-66535,3.16,2026-06-03T00:00:00.000+00:00,Cryo-EM structure of Streptococcus thermophilus FoeAB E504Q mutant in complex with ATP
9X4B,EMD-66536,2.84,2026-06-03T00:00:00.000+00:00,Cryo-EM structure of Streptococcus thermophilus FoeAB in complex with ATP and ADP
9X4C,EMD-66537,3.08,2026-06-03T00:00:00.000+00:00,Cryo-EM structure of Streptococcus thermophilus FoeAB in complex with AMPPNP in peptidisc
9X4G,EMD-66544,3.1,2026-05-27T00:00:00.000+00:00,Structure Of the KEOPS dimer
9X4H,EMD-66545,3.36,2026-05-27T00:00:00.000+00:00,Structure Of the KEOPS-tRNA
9X57,EMD-66576,3.5,2026-03-25T00:00:00.000+00:00,The LBD-TMD structure of GluA4-1D8 complex
9X58,EMD-66577,3.2,2026-03-25T00:00:00.000+00:00,The GluA4-ATD in Complex with the 1D8-Fab
9X5F,EMD-66586,3.11,2026-07-08T00:00:00.000+00:00,Cryo-EM structure of Medicago truncatula GA3-GID1b-DELLA1 ternary complex
9X5G,EMD-66587,3.24,2026-07-08T00:00:00.000+00:00,Cryo-EM structure of quinary complex GA3-MtGID1b-MtDELLA1-SLY1-ASK1
9X5J,EMD-66589,3.05,2026-06-03T00:00:00.000+00:00,Cryo-EM structure of the human KCNQ2/3 heteromer channel
9X5R,EMD-66595,2.7,2026-06-10T00:00:00.000+00:00,Cryo-EM structure of Borna disease virus RNA-directed RNA polymerase in complex with Suramin
9X5W,EMD-66599,2.76,2026-04-29T00:00:00.000+00:00,B/Brisbane/60/2008 HA in complex with BP-1A
9X5X,EMD-66600,2.76,2026-04-29T00:00:00.000+00:00,B/Brisbane/60/2008 HA in complex with FV2DP1-1B
9X5Y,EMD-66601,2.65,2026-04-29T00:00:00.000+00:00,B/Brisbane/60/2008 HA in complex with BO-6B
9X5Z,EMD-66602,2.59,2026-04-29T00:00:00.000+00:00,B/Phuket/3073/2013-like HA in complex with BP-1A
9X60,EMD-66603,3.09,2026-04-29T00:00:00.000+00:00,B/Hubei-Wujiagang/158/2009 HA in complex with FV2DP1-1B
9X61,EMD-66604,2.99,2026-04-29T00:00:00.000+00:00,B/Hubei-Wujiagang/158/2009 HA in complex with BO-6B
9X65,EMD-66607,3.19,2026-05-27T00:00:00.000+00:00,Cryo-EM structure of the human KCNQ2/3 heteromer channel in the XEN1101-bound open state
9X67,EMD-66617,1.85,2026-03-11T00:00:00.000+00:00,Cryo-EM structure of the type I pilus from Escherichia Coli and the surrounding water network
9X69,EMD-66304,3.0,2026-04-01T00:00:00.000+00:00,The structure of phycobilisome with a bicylindrical core from the cyanobacterium Synechococcus elongatus PCC 7942
9X6D,EMD-66300,2.92,2026-04-01T00:00:00.000+00:00,The cryo-EM structure of phycobilisome rod from Synechococcus elongatus PCC 7942
9X6S,EMD-66624,3.6,2026-09-16T00:00:00.000+00:00,Structure of Influenza Hemagglutinin (A/Puerto Rico/8/1934)
9X6Z,EMD-66628,3.9,2026-09-16T00:00:00.000+00:00,Structure of the HCoV-229E spike glycoprotein determined by subtomogram averaging
9X74,EMD-66632,3.15,2026-08-26T00:00:00.000+00:00,Human GPR30 -Gq complex
9X8X,EMD-66658,2.89,2026-01-07T00:00:00.000+00:00,Cryo-EM Structure of G6PT1 bound with lower pi
9X94,EMD-66659,2.57,2026-03-18T00:00:00.000+00:00,Apo Retron-Eco8 complex
9X95,EMD-66660,3.5,2026-01-07T00:00:00.000+00:00,Cryo-EM Structure of G6PT1 without GlcN6P
9X97,EMD-66661,2.89,2026-01-07T00:00:00.000+00:00,Cryo-EM Structure of G6PT1 bound with upper pi
9X9B,EMD-66663,2.8,2026-03-04T00:00:00.000+00:00,Retron-Eco8 complex with ATP-Mg2+
9X9K,EMD-66669,3.75,2026-09-23T00:00:00.000+00:00,Structure of the human aminopeptidase N (CD13) ectodomain
9X9T,EMD-66671,3.45,2026-09-02T00:00:00.000+00:00,Local refinement of SARS-CoV-2 KP.3.1.1 RBD with BD57-2704 and AB2-122 Fab
9XA3,EMD-66675,3.54,2026-07-22T00:00:00.000+00:00,Phage T4 protruding part of the tail tube in post-tail-contraction state (genome-full particle)
9XA7,EMD-66677,3.2,2026-06-24T00:00:00.000+00:00,"Cryo-EM structure of the 90S pre-ribosome (Enp1-Rrp12 WT) from Chaetomium thermophilum, state A"
9XA8,EMD-66678,2.9,2026-06-24T00:00:00.000+00:00,"Cryo-EM structure of the 90S pre-ribosome (Enp1-Rrp12 WT) from Chaetomium thermophilum, state B1"
9XA9,EMD-66679,3.3,2026-06-24T00:00:00.000+00:00,"Cryo-EM structure of the pre-40S ribosome (Enp1-Rrp12 WT) from Chaetomium thermophilum, state Tsr1-1"
9XAA,EMD-66680,3.1,2026-06-24T00:00:00.000+00:00,"Cryo-EM structure of the pre-40S ribosome (Enp1-Rrp12 WT) from Chaetomium thermophilum, state Tsr1-2"
9XAB,EMD-66681,3.2,2026-06-24T00:00:00.000+00:00,"Cryo-EM structure of the pre-40S ribosome (Enp1-Rrp12 WT) from Chaetomium thermophilum, state Tsr1-3"
9XAC,EMD-66682,3.3,2026-06-24T00:00:00.000+00:00,"Cryo-EM structure of the pre-40S ribosome (Enp1-Rrp12 WT) from Chaetomium thermophilum, state Rrp12-A1"
9XAD,EMD-66683,3.0,2026-06-24T00:00:00.000+00:00,"Cryo-EM structure of the pre-40S ribosome (Enp1-Rrp12 WT) from Chaetomium thermophilum, state Rrp12-A2"
9XAE,EMD-66684,3.0,2026-06-24T00:00:00.000+00:00,"Cryo-EM structure of the pre-40S ribosome (Enp1-Rrp12 WT) from Chaetomium thermophilum, state Rio2-C"
9XAF,EMD-66685,3.0,2026-06-24T00:00:00.000+00:00,"Cryo-EM structure of the 90S pre-ribosome (Enp1-Rrp12 Mut) from Chaetomium thermophilum, state a"
9XAG,EMD-66686,2.8,2026-06-24T00:00:00.000+00:00,"Cryo-EM structure of the 90S pre-ribosome (Enp1-Rrp12 Mut) from Chaetomium thermophilum, state B1"
9XAH,EMD-66687,3.1,2026-06-24T00:00:00.000+00:00,"Cryo-EM structure of the 90S pre-ribosome (Enp1-Rrp12 Mut) from Chaetomium thermophilum, state B1*"
9XAJ,EMD-66689,3.1,2026-06-24T00:00:00.000+00:00,"Cryo-EM structure of the pre-40S ribosome (Enp1-Rrp12 Mut) from Chaetomium thermophilum, state Rrp12-A1*"
9XAK,EMD-66690,3.3,2026-06-24T00:00:00.000+00:00,"Cryo-EM structure of the pre-40S ribosome (Enp1-Rrp12 Mut) from Chaetomium thermophilum, state Rrp12-A1**"
9XB1,EMD-66695,2.8,2026-02-04T00:00:00.000+00:00,Cryo-EM structure of human V1aR in apo state at a resolution of 2.8 angstrom
9XB9,EMD-66696,3.1,2026-01-28T00:00:00.000+00:00,Human KCNQ2-CaM in complex with QO-58 and PIP2
9XBS,EMD-66710,3.16,2026-08-26T00:00:00.000+00:00,ATP-dependent diazotase Mco01_40450 binding with substrate
9XBY,EMD-66714,3.9,2026-09-16T00:00:00.000+00:00,BAM-SurA complex (P1-visible)
9XC6,EMD-66723,3.04,2026-07-08T00:00:00.000+00:00,Cryo-EM structure of BMS-986187-bound MOR-Gi1 complex
9XCA,EMD-66727,3.27,2026-03-18T00:00:00.000+00:00,CryoEM structure of the G6PT dimer
9XCB,EMD-66728,3.08,2026-03-18T00:00:00.000+00:00,cryoEM structure of G6PT monomer
9XCH,EMD-66732,2.93,2026-09-09T00:00:00.000+00:00,Cryo-EM structure of Ceg14 and AnkJ
9XCM,EMD-66735,2.52,2026-09-09T00:00:00.000+00:00,Cryo-EM structure of Ceg14-AnkJ-Actin complex
9XD0,EMD-66750,3.53,2026-03-11T00:00:00.000+00:00,Structure of a membrane-bound inositol phosphorylceramide synthase and Aureobasidin A complex
9XD4,EMD-66754,2.79,2026-05-06T00:00:00.000+00:00,Crimean-Congo hemorrhagic fever virus RNA polymerase
9XD5,EMD-66755,2.72,2026-05-06T00:00:00.000+00:00,Crimean-Congo hemorrhagic fever virus RNA polymerase in complex with the 5' vRNA
9XD6,EMD-66756,2.74,2026-05-06T00:00:00.000+00:00,Crimean-Congo hemorrhagic fever virus RNA polymerase in complex with the 3' vRNA
9XDA,EMD-66760,3.9,2026-08-12T00:00:00.000+00:00,Structure of Plasmodium vivax Perforin-like protein2 pore in ring form
9XDB,EMD-66761,3.9,2026-08-12T00:00:00.000+00:00,Structure of Plasmodium vivax Perforin-like protein2 pore in acr form
9XDC,EMD-66762,3.69,2026-01-28T00:00:00.000+00:00,TamAB hybrid barrel state
9XDD,EMD-66763,3.82,2026-01-28T00:00:00.000+00:00,TamAB in non-hybrid barrel state
9XDE,EMD-66764,1.64,2026-09-09T00:00:00.000+00:00,Cryo-EM structure of Arthrobacter psychrolactophilus Trehalose synthase
9XDQ,EMD-66771,2.79,2026-07-08T00:00:00.000+00:00,Cryo-EM structure of BMS986187 bound DOR-Gi complex
9XDR,EMD-66773,2.58,2026-07-08T00:00:00.000+00:00,Cryo-EM structure of asimadoline-BMS-986187-bound KOR-Gi1 complex
9XE6,EMD-66783,3.09,2026-05-06T00:00:00.000+00:00,Crimean-Congo hemorrhagic fever virus RNA polymerase containing a 10-bp RNA product and incorporated 2FC
9XE7,EMD-66784,3.02,2026-05-06T00:00:00.000+00:00,Crimean-Congo hemorrhagic fever virus RNA polymerase containing a 10-bp RNA product and incorporated cytidine
9XE9,EMD-66785,2.81,2026-05-06T00:00:00.000+00:00,Crimean-Congo hemorrhagic fever virus RNA polymerase containing a 15-bp RNA product
9XEC,EMD-66787,2.98,2026-05-06T00:00:00.000+00:00,Crimean-Congo hemorrhagic fever virus RNA polymerase containing a 9-bp RNA product
9XED,EMD-66788,3.4,2026-01-28T00:00:00.000+00:00,Human KCNQ2-CaM in complex with QO-83 and PIP2
9XF4,EMD-66801,3.05,2026-07-08T00:00:00.000+00:00,Cryo-EM structure of Leu-enkephalin-BMS-986187-bound DOR-Gi2 complex
9XFG,EMD-66821,3.7,2026-09-16T00:00:00.000+00:00,BAM-SurA complex (P2-visible 2)
9XFH,EMD-66822,2.89,2026-09-09T00:00:00.000+00:00,Cryo-EM structure of Ceg14 and Actin complex
9XFI,EMD-66823,2.99,2026-09-16T00:00:00.000+00:00,Cryo-EM structure of the Bavachalcone bound FFAR4-Giq complex
9XFJ,EMD-66824,3.25,2026-09-16T00:00:00.000+00:00,Cryo-EM structure of the Bavachalcone bound GPR120-Giq complex (local refinement)
9XFK,EMD-66639,2.98,2026-04-01T00:00:00.000+00:00,In situ structure of bacterial 50S ribosomes
9XFL,EMD-66736,3.16,2026-04-01T00:00:00.000+00:00,In vitro structure of bacterial 50S ribosomes
9XFO,EMD-66834,3.04,2026-09-16T00:00:00.000+00:00,BAM-SurA complex (P2-visible 1)
9XFV,EMD-66838,3.07,2026-02-18T00:00:00.000+00:00,"Pilus-like-alpha, a bacteria pilus-like structure obtained from a Karst cave from Guilin City, Guangxi Zhuang Autonomous Region, China"
9XGB,EMD-66842,3.3,2026-07-15T00:00:00.000+00:00,UBA6-BIRC6 UBC-UbT
9XGC,EMD-66843,3.37,2026-07-15T00:00:00.000+00:00,UBA6-BIRC6 UBC-UbT
9XGK,EMD-66852,2.53,2026-02-11T00:00:00.000+00:00,Structure of mammalian RNA polymerase II stalled by Actinomycin D at the N-1 position.
9XGV,EMD-66859,3.25,2026-06-24T00:00:00.000+00:00,Colanic acid polysaccharide related protein structures
9XGW,EMD-66860,3.2,2026-09-09T00:00:00.000+00:00,Cryo-EM structure of SARS-CoV-2 receptor binding domain in complex with CS-42 Fab (local refinement of RBD and Fv)
9XGX,EMD-66861,2.8,2026-09-09T00:00:00.000+00:00,Cryo-EM structure of SARS-CoV-2 receptor binding domain in complex with SR-23 Fab (local refinement of RBD and Fv)
9XH2,EMD-66864,2.6,2026-09-23T00:00:00.000+00:00,Structure of the CX3CL1.44-US28-GqiN18-scFv16 in the E-state
9XHH,EMD-66874,3.0,2026-04-22T00:00:00.000+00:00,Structure of the CCL19-CCR7-Gi-scFv16 complex
9XHI,EMD-66875,3.2,2026-04-22T00:00:00.000+00:00,Structure of the CCL21-CCR7-Gi-scFv16 complex
9XHY,EMD-66890,3.84,2026-08-12T00:00:00.000+00:00,SARS-CoV-2 Omicron BA.4/5 spike RBD in complex with C092 Fab and ACE2
9XI0,EMD-66892,3.98,2026-08-12T00:00:00.000+00:00,SARS-CoV-2 Omicron BA.4/5 spike trimer in complex with C092 Fab and ACE2 (3 RBD up)
9XI1,EMD-66893,2.58,2026-08-12T00:00:00.000+00:00,SARS-CoV-2 Omicron BA.4/5 spike RBD in complex with C092 Fab and ACE2
9XI2,EMD-66894,2.83,2026-08-12T00:00:00.000+00:00,SARS-CoV-2 Omicron BA.4/5 spike RBD in complex with C807 Fab and ACE2
9XI4,EMD-66896,2.83,2026-08-12T00:00:00.000+00:00,SARS-CoV-2 Omicron BA.4/5 spike RBD in complex with BD56-104 Fab and ACE2
9XI5,EMD-66897,3.06,2026-08-12T00:00:00.000+00:00,SARS-CoV-2 Omicron BA.4/5 spike trimer in complex with BD56-104 Fab and ACE2 (3 RBD up)
9XI6,EMD-66898,2.6,2026-08-12T00:00:00.000+00:00,SARS-CoV-2 Omicron BA.4/5 spike RBD in complex with BD56-597 Fab and ACE2
9XI7,EMD-66899,3.22,2026-08-12T00:00:00.000+00:00,SARS-CoV-2 Omicron BA.4/5 spike trimer in complex with BD56-597 Fab and ACE2 (3 RBD up)
9XI8,EMD-66900,3.45,2026-08-12T00:00:00.000+00:00,Sarbecovirus GX2013 Spike S1 in complex with C092 Fab
9XI9,EMD-66901,2.93,2026-08-12T00:00:00.000+00:00,"SARS-CoV-2 Omicron LP.8.1 spike trimer (S-6P) in complex with 3 ZL58 Fabs and 3 ZL525 Fabs, focused refinement of RBD and Fab region"
9XIP,EMD-66911,2.3,2026-07-01T00:00:00.000+00:00,Structure of dodecameric Apo TpkB from Thermus thermophilus
9XIQ,EMD-66912,2.84,2026-07-01T00:00:00.000+00:00,Structure of hexameric TpkB bound to AMP-PNP from Thermus thermophilus
9XIR,EMD-66913,3.2,2026-07-01T00:00:00.000+00:00,Structure of dodecameric TpkB bound to AMP-PNP from Thermus thermophilus
9XIX,EMD-66922,2.58,2026-09-23T00:00:00.000+00:00,Structure of the CX3CL1.44-US28-GqiN18-scFv16 in the C-state
9XIY,EMD-66923,2.86,2026-09-23T00:00:00.000+00:00,Structure of the CX3CL1.44-US28-GqiN18-scFv16 in the T2C-state
9XJ1,EMD-66925,2.38,2026-08-12T00:00:00.000+00:00,In situ structure of the PSI-LHCI supercomplex from Oryza sativa
9XJ5,EMD-66928,2.81,2026-09-23T00:00:00.000+00:00,"Structure of the CX3CL1.44-US28-GqiN18-scFv16 in the C-state, full chemokine domain modeled"
9XJ7,EMD-66930,2.89,2026-09-23T00:00:00.000+00:00,Structure of the CX3CL1.44-US28-GqiN18-scFv16 in the C'-state with AHD visible
9XJ9,EMD-66932,2.96,2026-08-12T00:00:00.000+00:00,In situ structure of the PSI-LHCI-LHCII supercomplex from Oryza sativa
9XJK,EMD-66938,3.46,2026-09-02T00:00:00.000+00:00,Structure of neutralizing antibody B9 with MPXV M1R
9XJL,EMD-66939,3.8,2026-03-25T00:00:00.000+00:00,The LBD-TMD structure of homomeric GluA4 AMPA receptor
9XJM,EMD-66940,4.0,2026-03-25T00:00:00.000+00:00,The ATD structure of homomeric GluA4 AMPA receptor
9XJP,EMD-66942,2.74,2026-09-23T00:00:00.000+00:00,"Structure of the CX3CL1.44-US28-GqiN18-scFv16 in the E-state, chemokine domain fully modeled"
9XJW,EMD-66945,2.53,2026-05-27T00:00:00.000+00:00,Cryo-EM structure of GPR119 in complex with partial agonist AS1268574 and Gs protein
9XKA,EMD-66953,2.9,2026-06-03T00:00:00.000+00:00,Cryo-EM structure of Streptococcus thermophilus FoeAB in complex with AMPPNP
9XKL,EMD-66968,3.47,2026-09-02T00:00:00.000+00:00,The focused structure of the N-terminal lobe of the human UBR4
9XKO,EMD-66973,2.35,2026-04-29T00:00:00.000+00:00,High-resolution cryo-EM structure of Maltose Binding Protein
9XMG,EMD-67024,3.3,2026-07-22T00:00:00.000+00:00,Cryo-EM structure of ATTRA97S amyloid fibrils extracted from patient-derived abdominal adipose biopsy tissue (patient 2).
9XMI,EMD-67025,3.2,2026-07-22T00:00:00.000+00:00,Cryo-EM structure of ATTRA97S amyloid fibrils extracted from patient-derived abdominal adipose biopsy tissue (patient 3).
9XMM,EMD-67027,2.88,2026-04-15T00:00:00.000+00:00,Cryo-EM structure of Integrin alpha V beta 6 complex with a bicyclic inhibitory peptide
9XNC,EMD-67046,3.37,2026-02-18T00:00:00.000+00:00,"pilus-like-beta, a bacteria pilus-like structure obtained from a Karst cave from Guilin City, Guangxi Zhuang Autonomous Region, China"
9XNH,EMD-67051,3.66,2026-02-18T00:00:00.000+00:00,"pilus-like-gamma, a bacteria pilus-Like structure obtained from a Karstcave from Guilin city, Guangxi ZhuangAutonomous Region, China"
9XNO,EMD-67054,2.93,2026-06-24T00:00:00.000+00:00,CydDC in nanodisc with AMP-PNP-bound
9XNP,EMD-67055,2.82,2026-06-24T00:00:00.000+00:00,CydDC in nanodisc with ATP
9XNX,EMD-67062,2.69,2026-08-05T00:00:00.000+00:00,Focus refinement of PEDV HNXX spike monomer with D0 up
9XNY,EMD-67063,2.2,2026-08-05T00:00:00.000+00:00,Focus refinement of PEDV HNXX spike monomer with D0 down in complex with N19 Fab
9XNZ,EMD-67064,2.8,2026-08-26T00:00:00.000+00:00,PEDV HNXX spike trimer with three D0 up
9XO0,EMD-67065,2.13,2026-08-26T00:00:00.000+00:00,PEDV HNXX spike trimer with three D0 down in complex with three N19 Fabs
9XO1,EMD-67066,2.42,2026-08-05T00:00:00.000+00:00,PEDV HNXX spike trimer with two D0 down in complex with two N19 Fabs
9XO2,EMD-67067,2.71,2026-08-05T00:00:00.000+00:00,PEDV HNXX spike trimer with one D0 Down in complex with one N19 Fab
9XO3,EMD-67068,3.8,2026-08-05T00:00:00.000+00:00,PEDV HNXX spike trimer with one D0 down
9XO4,EMD-67069,3.69,2026-08-05T00:00:00.000+00:00,PEDV HNXX spike trimer with two D0 down
9XO5,EMD-67070,3.75,2026-08-05T00:00:00.000+00:00,PEDV HNXX S trimer with three D0 down
9XOU,EMD-67094,2.5,2026-02-11T00:00:00.000+00:00,CryoEM structure of LacY with Trimbody
9XPE,EMD-67095,3.37,2026-02-11T00:00:00.000+00:00,Structure of the Portal and Adaptor Proteins of the Phage Phikz
9XPF,EMD-67096,3.15,2026-02-11T00:00:00.000+00:00,The structure of sheath and tube proteins of phage Phikz
9XPS,EMD-67102,3.52,2026-02-11T00:00:00.000+00:00,The neck structure of the Phage Phikz
9XQB,EMD-67107,3.45,2026-01-07T00:00:00.000+00:00,Cryo-EM structure of the human A2A adenosine receptor in complex with a Fab antibody fragment
9XQC,EMD-67110,3.0,2026-02-04T00:00:00.000+00:00,A composite Cryo-EM structure of GPR75
9XQN,EMD-67119,3.91,2026-02-04T00:00:00.000+00:00,Cryo-EM structure of apo form of GPR75-bRIL-Fab complex
9XQS,EMD-67121,3.65,2026-02-11T00:00:00.000+00:00,Structure of the inner peripheral region in the phage phiKZ baseplate complex
9XRL,EMD-67147,3.74,2026-03-18T00:00:00.000+00:00,Structure of mouse cytoplasmic lattice (CPL) repeating unit
9XRO,EMD-67153,2.88,2026-03-18T00:00:00.000+00:00,LolCDE in complex with SMT-738_3
9XSF,EMD-67179,3.39,2026-06-03T00:00:00.000+00:00,Cryo-EM structure of H4S47GlcNAc nucleosome at 3.39 angstrom
9XSG,EMD-67181,3.4,2026-09-09T00:00:00.000+00:00,CryoEM structure of hGZMA-hGSDMB
9XSM,EMD-67183,3.4,2026-06-24T00:00:00.000+00:00,CydDC in nanodisc with heme-bound I
9XTB,EMD-67194,3.0,2026-05-27T00:00:00.000+00:00,Cryo-EM structure of ArlA2 filament of Haloarcula marismortui
9XTC,EMD-67201,2.1,2026-04-08T00:00:00.000+00:00,"E.coli delta lepA 30S ribosomal subunit class C, body domain"
9XTD,EMD-67202,2.26,2026-04-08T00:00:00.000+00:00,"E.coli delta lepA 30S ribosomal subunit class B, body domain"
9XTE,EMD-67203,2.24,2026-04-08T00:00:00.000+00:00,"E.coli delta lepA 30S ribosomal subunit class A, body domain"
9XTI,EMD-67233,3.73,2026-09-02T00:00:00.000+00:00,The focused structure of the C-terminal lobe of the human UBR4-KCMF1-Calmodulin complex
9XTJ,EMD-67234,3.89,2026-09-16T00:00:00.000+00:00,Overall structure of the human UBR4-KCMF1-Calmodulin complex
9XTT,EMD-67250,2.92,2026-08-12T00:00:00.000+00:00,Human minor spliceosome branching-completed C complex (after step-I)
9XTU,EMD-67251,2.96,2026-07-22T00:00:00.000+00:00,PEDV S1B domain in complex with porcine antibodies C62 and N34
9XU3,EMD-67263,3.0,2026-08-12T00:00:00.000+00:00,Human minor spliceosome exon-ligation-ready C* complex (prior to step-II)
9XUK,EMD-67269,2.95,2026-04-08T00:00:00.000+00:00,ADP-Glucose Pyrophosphorylase
9XUL,EMD-67270,2.81,2026-04-08T00:00:00.000+00:00,Pi-bound ADP-Glucose Pyrophosphorylase
9XUM,EMD-67271,2.81,2026-04-08T00:00:00.000+00:00,3PGA-bound ADP-Glucose Pyrophosphorylase
9XUO,EMD-67273,3.41,2026-06-24T00:00:00.000+00:00,CydDC in nanodisc with heme-bound II
9XUR,EMD-67274,2.49,2026-04-08T00:00:00.000+00:00,ADPG-bound ADP-Glucose Pyrophosphorylase
9XUS,EMD-67276,2.81,2026-04-08T00:00:00.000+00:00,ATP-bound ADP-Glucose Pyrophosphorylase
9XVC,EMD-67286,3.2,2026-01-21T00:00:00.000+00:00,Cryo-EM Helical Structure of the dITP-KomBC(H146N) Complex with NAD Fragments
9XVE,EMD-67287,2.36,2026-04-08T00:00:00.000+00:00,Arabidopsis ISA1-ISA1 homodimer
9XVG,EMD-67288,2.49,2026-04-08T00:00:00.000+00:00,Maltoheptaose-incubated Arabidopsis ISA1-ISA1 homodimer
9XVI,EMD-67289,3.65,2026-04-08T00:00:00.000+00:00,Arabidopsis ISA2-ISA1-ISA1-ISA2 heterotetramer
9XVP,EMD-67296,3.38,2026-04-08T00:00:00.000+00:00,Arabidopsis ISA2-ISA1-ISA1 heterotrimer
9XVR,EMD-67300,3.34,2026-08-12T00:00:00.000+00:00,Cryo-EM structure of the RU15-1 spike trimer
9XVV,EMD-67303,2.49,2026-04-08T00:00:00.000+00:00,Maltoheptaose-bound Arabidopsis ISA2-ISA1-ISA1 heterotrimer
9XW5,EMD-67325,3.31,2026-09-23T00:00:00.000+00:00,Cryo-EM structure of PI3Kalpha H1047R mutation in complex with STX-478
9XW7,EMD-67327,3.01,2026-09-23T00:00:00.000+00:00,Cryo-EM structure of PI3Kalpha E545K mutation in complex with STX-478
9XW8,EMD-67328,2.86,2026-09-23T00:00:00.000+00:00,Cryo-EM structure of PI3Kalpha E542K mutation in complex with STX-478
9XWA,EMD-67330,3.41,2026-08-12T00:00:00.000+00:00,E.amu APN in complex with RU15-1 RBD
9XWG,EMD-67335,3.38,2026-07-08T00:00:00.000+00:00,Cryo-EM structure of MexK from Pseudomonas aeruginosa
9XWM,EMD-67337,3.79,2026-08-12T00:00:00.000+00:00,MO1 RBD in complex with Fab BD23-0027 and Fab BD23-0087
9XWN,EMD-67338,3.84,2026-08-12T00:00:00.000+00:00,RU15-1 RBD in complex with Fab BD23-0177 and Fab BD23-0152
9XWO,EMD-67339,2.89,2026-06-17T00:00:00.000+00:00,Cryo-EM structure of SecM-arrested 70S ribosome (short SecM)
9XXT,EMD-67374,2.0,2026-04-15T00:00:00.000+00:00,Cryo-EM structure of lysophosphatidylserine (18:0)-bound GPR174-Gs complex
9XY4,EMD-72322,3.12,2026-04-01T00:00:00.000+00:00,Zymogen ADAM17- iRhom1 Cytoplasmic Deletion (370) Complex Bound by the MEDI3622 Fab
9XYC,EMD-72325,3.5,2026-03-18T00:00:00.000+00:00,Pol II-DSIF-SPT6-PAF1c-TFIIS-IWS1-ELOF1-LEDGF-nucleosome LEDGF+nucleosome map Q
9XYE,EMD-72330,3.18,2026-03-04T00:00:00.000+00:00,Two CAP-1 Bound to the Pointed End of F-actin
9XYU,EMD-72341,3.5,2026-02-18T00:00:00.000+00:00,NER complex - C7CAD.ATP
9XZG,EMD-72353,2.7,2026-08-05T00:00:00.000+00:00,Cryo-EM structure of ALK in complex with CRBN/DDB1 and TRI-611
9XZJ,EMD-72358,3.13,2026-01-28T00:00:00.000+00:00,Cryo-EM structure of F-box helicase 1 (FBH1) bound to an SCF ubiquitin ligase complex and a 3-way DNA fork (consensus structure)
9XZK,EMD-72359,3.91,2026-01-28T00:00:00.000+00:00,Cryo-EM structure of F-box helicase 1 (FBH1) bound to an SCF ubiquitin ligase complex and a 3-way DNA fork (head structure)
9XZL,EMD-72361,3.0,2026-01-28T00:00:00.000+00:00,Cryo-EM structure of F-box helicase 1 (FBH1) bound to an SCF ubiquitin ligase complex and a 3-way DNA fork (body structure)
9XZN,EMD-72367,3.63,2026-04-29T00:00:00.000+00:00,Teichoic acid flippase TacF from Streptococcus pneumoniae
9XZQ,EMD-72368,3.63,2026-01-14T00:00:00.000+00:00,Trm10-tRNA complex (closed conformation)
9XZR,EMD-72369,3.37,2026-01-14T00:00:00.000+00:00,Trm10-tRNA complex (open conformation)
9XZS,EMD-72370,3.89,2026-01-14T00:00:00.000+00:00,Trm10-tRNA complex (Two Trm10 monomers bound to one tRNA)
9XZX,EMD-72377,3.1,2026-05-06T00:00:00.000+00:00,Staphylococcal Enterotoxin C in complex with NB C107 and NB C112
9XZY,EMD-72378,3.8,2026-02-11T00:00:00.000+00:00,DEPDC5 dimer (tandem DEPDC5) focused map
9Y03,EMD-72383,2.53,2026-04-29T00:00:00.000+00:00,Cryo-EM structure of human VCP/p97-R89W mutant bound to ADP
9Y04,EMD-72384,2.55,2026-04-29T00:00:00.000+00:00,Cryo-EM structure of human VCP/p97-R89W mutant bound to ATPgammaS
9Y05,EMD-72385,2.58,2026-04-29T00:00:00.000+00:00,Cryo-EM structure of human VCP/p97-R89W mutant bound to CB-5083
9Y06,EMD-72386,2.74,2026-04-29T00:00:00.000+00:00,Cryo-EM structure of human VCP/p97-T122P mutant bound to ADP
9Y07,EMD-72387,2.41,2026-04-29T00:00:00.000+00:00,Cryo-EM structure of human VCP/p97-T122P mutant bound to ATPgammaS
9Y08,EMD-72388,2.78,2026-04-29T00:00:00.000+00:00,Cryo-EM structure of human VCP/p97-G128D mutant bound to ADP
9Y09,EMD-72389,2.4,2026-04-29T00:00:00.000+00:00,Cryo-EM structure of human VCP/p97-G128D mutant bound to ATPgS
9Y0B,EMD-72390,2.61,2026-04-29T00:00:00.000+00:00,Cryo-EM structure of human VCP/p97-G156D mutant bound to ADP
9Y0C,EMD-72391,2.61,2026-04-29T00:00:00.000+00:00,Cryo-EM structure of human VCP/p97-G156D mutant bound to ATPgammaS
9Y1Q,EMD-72403,3.86,2026-09-09T00:00:00.000+00:00,"Alternative NBD1-binding geometry in channel-formed, ATP-bound, VX809-bound, T2a-nanobody-bound wild-type human CFTR (Composite map from PHENIX)"
9Y1V,EMD-72404,3.4,2026-09-09T00:00:00.000+00:00,"Cryo-EM structure of designed Orb2 amyloid (FIMMF, polymorph 2)"
9Y2A,EMD-72405,3.3,2026-02-04T00:00:00.000+00:00,Cryo-EM structure of the human TRPM4 channel in complex with calcium and DAB at 37 degrees Celsius
9Y2B,EMD-72406,3.2,2026-02-04T00:00:00.000+00:00,Cryo-EM structure of the human TRPM4 channel in complex with EGTA and DAB at 37 degrees Celsius
9Y2C,EMD-72407,3.4,2026-02-04T00:00:00.000+00:00,Cryo-EM structure of the human TRPM4 channel subunit in complex with calcium and DAB at 37 degrees Celsius
9Y3P,EMD-72462,2.9,2026-06-24T00:00:00.000+00:00,Eukaryotic translation initiation factor 2-B in its apo form (active-state)
9Y3Q,EMD-72463,3.3,2026-06-24T00:00:00.000+00:00,Eukaryotic translation initiation factor 2-B in its apo form (inactive-state)
9Y3T,EMD-72466,2.5,2026-06-24T00:00:00.000+00:00,Eukaryotic translation initiation factor 2-B (eIF2B) with a truncation in the beta subunit (active-like-state)
9Y3U,EMD-72467,2.4,2026-06-24T00:00:00.000+00:00,Eukaryotic translation initiation factor 2-B (eIF2B) with a truncation in the beta subunit (inactive state)
9Y3V,EMD-72468,2.9,2026-06-24T00:00:00.000+00:00,Eukaryotic translation initiation factor 2-B (eIF2B) bound to the viral effector AcP10
9Y49,EMD-72475,3.4,2026-02-18T00:00:00.000+00:00,Structure of tuco-tuco ribosome with P/E tRNA and eEF2 (rotated)
9Y4A,EMD-72476,3.1,2026-04-01T00:00:00.000+00:00,His-tagged Glutamine Synthetase on a Ni-NTA lipid monolayer grid
9Y4B,EMD-72477,2.1,2026-06-24T00:00:00.000+00:00,Eukaryotic translation initiation factor 2-B (eIF2B) with a truncation in the beta subunit (active-like-state) bound to the viral effector AcP10
9Y4C,EMD-72478,3.23,2026-02-18T00:00:00.000+00:00,Strand displacement state I of Human mitochondrial DNA polymerase gamma ternary complex
9Y4D,EMD-72479,2.94,2026-02-18T00:00:00.000+00:00,Strand displacement state II of Human mitochondrial DNA polymerase gamma ternary complex
9Y4E,EMD-72480,3.05,2026-02-18T00:00:00.000+00:00,Strand displacement state III of Human mitochondrial DNA polymerase gamma ternary complex
9Y4F,EMD-72481,2.62,2026-02-18T00:00:00.000+00:00,Strand displacement state IV of Human mitochondrial DNA polymerase gamma ternary complex
9Y4G,EMD-72482,3.3,2026-02-18T00:00:00.000+00:00,"Structure of tuco-tuco ribosome (rotated, tRNAs, and mRNA)"
9Y4J,EMD-72484,2.81,2026-09-09T00:00:00.000+00:00,CryoEM Structure of human MDA5 with dsRNA (one protein subunit on dsRNA)
9Y4L,EMD-72485,2.96,2026-09-09T00:00:00.000+00:00,CryoEM Structure of human MDA5 in complex with dsRNA (two protein subunits on dsRNA)
9Y4P,EMD-72487,3.84,2026-02-18T00:00:00.000+00:00,Cryo-EM structure of DNMT3A2/3B3 in complex with H3K36me2 di-nucleosome with eight base pair linker
9Y4T,EMD-72497,3.14,2026-09-16T00:00:00.000+00:00,"V-shaped (channel-formed), ATP-bound, VX809-bound conformation of wild-type human CFTR (composite map from PHENIX based on consensus and local refinement maps from cryoSPARC)"
9Y4W,EMD-72499,2.4,2026-06-24T00:00:00.000+00:00,Eukaryotic translation initiation factor 2-B (eIF2B) with a truncation in the beta subunit (active-like-state) asymmetrically bound to the viral effector AcP10
9Y52,EMD-72506,3.46,2026-03-04T00:00:00.000+00:00,One CAP-1 Bound to the Pointed End of Cofilin F-actin
9Y5I,EMD-72509,3.22,2026-09-09T00:00:00.000+00:00,"Cryo-EM structure of apo full-length mouse TRPML2 channel in lipid nanodisc, closed II"
9Y5J,EMD-72510,3.09,2026-09-09T00:00:00.000+00:00,"Cryo-EM structure of apo full-length mouse TRPML2 channel in lipid nanodisc, closed III"
9Y5K,EMD-72511,3.5,2026-09-16T00:00:00.000+00:00,CryoEM structure of SufR from Mycobacterium tuberculosis bound to the promoter of the suf operon
9Y5L,EMD-72512,2.91,2026-09-09T00:00:00.000+00:00,The spike protein of HCoV-OC43 obtained from data collected on 300 kV Krios with Gatan K3 detector
9Y5M,EMD-72513,2.92,2026-08-12T00:00:00.000+00:00,LONP1 C3-state
9Y5N,EMD-72514,3.35,2026-08-12T00:00:00.000+00:00,LONP1 C2-state
9Y5O,EMD-72515,3.47,2026-08-12T00:00:00.000+00:00,LONP1 C2-state
9Y5R,EMD-72520,3.01,2026-07-08T00:00:00.000+00:00,Eukaryotic translation initiation factor 2-B (eIF2B) bound to phosphorylated eIF2alpha (NTD)
9Y5S,EMD-72521,3.1,2026-07-08T00:00:00.000+00:00,eIF2B lacking the latch helix bound to ISRACT-01 (Inactive state)
9Y5T,EMD-72522,2.78,2026-07-08T00:00:00.000+00:00,eIF2B lacking the latch helix bound to ISRACT-02 (Active state)
9Y5U,EMD-72523,2.9,2026-07-08T00:00:00.000+00:00,eIF2B lacking the latch helix bound to ISRACT-02 (Inactive state)
9Y61,EMD-72526,3.1,2026-07-15T00:00:00.000+00:00,"Cryo-EM structure of ternary complex NSD2-PWWP1:CRBN:DDB1 in complex with NSD2-LDD, an LDD degrader"
9Y63,EMD-72539,2.3,2026-07-22T00:00:00.000+00:00,Extracellular domain of human FAM171A1
9Y66,EMD-72552,3.31,2026-02-04T00:00:00.000+00:00,attLsym bound serine integrase complex in the dimeric state
9Y67,EMD-72555,3.72,2026-08-12T00:00:00.000+00:00,Full length LRRK2 after symmetry expansion
9Y68,EMD-72556,3.25,2026-08-12T00:00:00.000+00:00,Full length LRRK2 (G2019S) after symmetry expansion
9Y6F,EMD-72560,3.9,2026-09-16T00:00:00.000+00:00,Tubulin dimer bound to ST-403
9Y6G,EMD-72561,3.83,2026-09-23T00:00:00.000+00:00,The spike protein of HCoV-OC43 obtained from data collected on 100 kV Tundra at 230 kX magnification with Falcon C detector
9Y6N,EMD-72623,2.68,2026-07-22T00:00:00.000+00:00,Extracellular domain of human FAM171A2
9Y6O,EMD-72625,3.2,2026-09-02T00:00:00.000+00:00,Structure of fimbriae-like lipoprotein by Cryo Electron Microscopy
9Y6P,EMD-72626,3.88,2026-09-16T00:00:00.000+00:00,"Cryo-EM structure of PI(3,5)P2-bound full-length mouse TRPML2 channel in lipid nanodisc II"
9Y6T,EMD-72630,2.65,2026-02-25T00:00:00.000+00:00,Structure of Mycobacterium tuberculosis pyruvate dehydrogenase complex E2p core subunit DlaT in a hexamer state
9Y70,EMD-72637,3.16,2026-09-16T00:00:00.000+00:00,"Cryo-EM structure of ML-SA1-bound full-length mouse TRPML2 channel in lipid nanodisc, closed I"
9Y71,EMD-72638,3.4,2026-09-16T00:00:00.000+00:00,"Cryo-EM structure of ML-SA1-bound full-length mouse TRPML2 channel in lipid nanodisc, closed II"
9Y72,EMD-72639,2.51,2026-02-25T00:00:00.000+00:00,Structure of Mycobacterium tuberculosis pyruvate dehydrogenase complex E2p core subunit DlaT in a two-hexamer state
9Y73,EMD-72642,3.28,2026-09-16T00:00:00.000+00:00,"Cryo-EM structure of ML-SA1-bound full-length mouse TRPML2 channel in lipid nanodisc, closed III"
9Y75,EMD-72643,3.47,2026-09-16T00:00:00.000+00:00,"Cryo-EM structure of ML-SA1-bound full-length mouse TRPML2 channel in lipid nanodisc, closed IV"
9Y79,EMD-72646,3.2,2026-06-10T00:00:00.000+00:00,"Escherichia coli transcription-translation loosely coupled complex (TTC-LC^walked) containing mRNA with a 39 nt long spacer, NusG, NusA, and fMet-tRNAs in E-site and P-site"
9Y7B,EMD-72650,3.9,2026-09-02T00:00:00.000+00:00,Composite map of IF-3a transposase complex with paired transposon ends
9Y7C,EMD-72651,3.4,2026-09-23T00:00:00.000+00:00,HB3VAR03 CIDRa1.4 in complex with B57 and C50 fabs
9Y7I,EMD-72656,3.73,2026-08-19T00:00:00.000+00:00,Leucine Rich Repeat Kinase 2 bound to GMP-PNP (active)
9Y7J,EMD-72657,2.83,2026-02-25T00:00:00.000+00:00,"HIV-1 CA hexamer from purified viral cores bound to lenacapavir, C6 symmetry"
9Y7L,EMD-72658,2.7,2026-05-27T00:00:00.000+00:00,HCMV Protease in complex with Fab5 - Class 1
9Y7M,EMD-72659,2.57,2026-05-27T00:00:00.000+00:00,HCMV Protease in complex with Fab5 - Class 2
9Y7N,EMD-72660,2.69,2026-05-27T00:00:00.000+00:00,HCMV Protease in complex with Fab5 - Class 3
9Y7O,EMD-72662,3.01,2026-09-16T00:00:00.000+00:00,"Cryo-EM structure of PI(3,5)P2 and ML-SA1 bound full-length mouse TRPML2 channel in lipid nanodisc, closed I"
9Y7P,EMD-72665,2.5,2026-03-18T00:00:00.000+00:00,Homomeric Glycine Receptor alpha2 with 1 mM Glycine in a Desensitized State
9Y7W,EMD-72668,3.19,2026-03-18T00:00:00.000+00:00,Homomeric Glycine Receptor alpha2 with 1 mM Glycine in an Open State
9Y7X,EMD-72674,3.55,2026-03-18T00:00:00.000+00:00,Homomeric Glycine Receptor alpha2 with 0.1 mM Glycine in an Open State
9Y7Z,EMD-72675,2.78,2026-03-18T00:00:00.000+00:00,Homomeric Glycine Receptor alpha2 with 0.1 mM Glycine in a Desensitized State
9Y80,EMD-72676,3.55,2026-03-18T00:00:00.000+00:00,Homomeric Glycine Receptor alpha2 with PTX in a Desensitized State
9Y8Z,EMD-72683,2.5,2026-03-18T00:00:00.000+00:00,Homomeric Glycine Receptor alpha2 with 0.1 mM Glycine in an Apo State
9Y90,EMD-72686,3.43,2026-08-05T00:00:00.000+00:00,Cryo-EM structure of Broadly neutralizing antibody VRC48.02 in complex with HIV-1 Env BG505 DS-SOSIP trimer
9Y93,EMD-72687,2.42,2026-01-21T00:00:00.000+00:00,Tetrameric InvE from Salmonella Typhimurium
9Y94,EMD-72688,3.6,2026-03-18T00:00:00.000+00:00,Homomeric Glycine Receptor alpha2 with PTX in an Open State
9Y95,EMD-72689,3.45,2026-03-18T00:00:00.000+00:00,Homomeric Glycine Receptor alpha2 with PTX in an Apo State
9Y96,EMD-72690,3.36,2026-03-18T00:00:00.000+00:00,Homomeric Glycine Receptor alpha2 with 1 mM Glycine in a Closed State
9Y9D,EMD-72694,3.48,2026-07-29T00:00:00.000+00:00,Cryo-EM structure of wild-type human CNNM4 tetramer with Magnesium and MgATP in outward-facing state
9Y9F,EMD-72696,3.69,2026-07-29T00:00:00.000+00:00,Cryo-EM structure of human CNNM4(D262C) tetramer with Magnesium and MgATP in occluded state
9Y9G,EMD-72697,3.89,2026-07-29T00:00:00.000+00:00,Cryo-EM structure of human CNNM4(K113A/R140A/R141A) tetramer with Magnesium and MgATP in outward-facing state
9Y9J,EMD-72703,3.58,2026-03-04T00:00:00.000+00:00,Two CAP-1 Bound to the Pointed End of Cofilin F-actin
9Y9L,EMD-72707,3.06,2026-03-04T00:00:00.000+00:00,CP at the barbed end with one cofilin on second-to-last subunit
9Y9M,EMD-72711,3.06,2026-03-04T00:00:00.000+00:00,Capping protein bound to the barbed end of cofilactin
9Y9P,EMD-72712,2.06,2026-03-04T00:00:00.000+00:00,Cofilactin filament
9Y9V,EMD-72713,2.98,2026-05-27T00:00:00.000+00:00,THE CRYOEM STRUCTURE OF RHESUS MACAQUE 1A8 AND PGT121 FABS IN COMPLEX WITH BG505 SOSIP.664.
9Y9X,EMD-72714,3.35,2026-09-23T00:00:00.000+00:00,"Cryo-EM structure of designed Orb2 amyloid (FIMMF, polymorph 3)"
9YA5,EMD-72721,2.95,2026-04-22T00:00:00.000+00:00,KIF1A R350G bound to microtubules in two-heads-bound state with AMP-PNP
9YA7,EMD-72723,3.29,2026-04-22T00:00:00.000+00:00,KIF1A R350G bound to microtubules in the apo state
9YA9,EMD-72725,3.09,2026-02-18T00:00:00.000+00:00,"Cryo-EM structure of ternary complex BCL6-CRBN-DDB1 with BMS-986458 (local refined), a potent and selective BCL6 ligand directed degrader (LDD)"
9YAB,EMD-72726,3.21,2026-04-22T00:00:00.000+00:00,KIF1A R350W bound to microtubules in the apo state
9YAI,EMD-72728,3.12,2026-04-22T00:00:00.000+00:00,KIF1A R350W bound to microtubules in two-heads-bound state with AMP-PNP
9YAZ,EMD-72743,3.8,2026-05-27T00:00:00.000+00:00,Localized reconstruction of the asymmetric unit of SINV/EEEV in complex with Fab EEEV-179 at 40C sample.
9YB3,EMD-72747,3.6,2026-05-27T00:00:00.000+00:00,Localized reconstruction of the asymmetric unit of SINV/EEEV.
9YB4,EMD-72748,3.1,2026-05-27T00:00:00.000+00:00,Localized reconstruction of the asymmetric unit of the low pH treated back neutralized SINV/EEEV.
9YBL,EMD-72751,3.44,2026-08-19T00:00:00.000+00:00,LRRK2 asymmetric dimer
9YBM,EMD-72752,2.62,2026-03-04T00:00:00.000+00:00,2.62A cryo-EM structure of RNA-directed RNA polymerase L of Crimean-Congo hemorrhagic fever virus (Apo state)
9YBN,EMD-72753,2.53,2026-03-04T00:00:00.000+00:00,2.53A cryo-EM structure of RNA-directed RNA polymerase L of Crimean-Congo hemorrhagic fever virus (RNA bound)
9YBP,EMD-72756,4.0,2026-08-19T00:00:00.000+00:00,Leucine Rich Repeat Kinase 2 activate state (Apo ROC state 2)
9YBY,EMD-72759,2.9,2026-09-02T00:00:00.000+00:00,Structure of Measles virus fusion protein in pre-fusion in complex with neutralizing Fabs MeV-15 and MeV-104
9YC5,EMD-72760,2.94,2026-02-04T00:00:00.000+00:00,Human uPAR bound to the Fab fragment of targeted cancer therapeutic antibody FL1
9YCD,EMD-72768,3.63,2026-08-19T00:00:00.000+00:00,Leucine Rich Repeat Kinase 2 R1441C mutant (active)
9YCH,EMD-72772,3.7,2026-07-01T00:00:00.000+00:00,"Structure of the Adenovirus-7 VLP, Class 4"
9YCI,EMD-72773,3.9,2026-07-01T00:00:00.000+00:00,"Structure of the Adenovirus-7 VLP, Class 3"
9YCJ,EMD-72774,3.7,2026-07-01T00:00:00.000+00:00,"Structure of the Adenovirus-7 VLP, Class 2"
9YCX,EMD-72790,2.1,2026-09-23T00:00:00.000+00:00,Neurotensin Receptor 1 (NTSR1) bound to Octotensin in complex with Gi3 in the Non-Canonical Orientation
9YCY,EMD-72791,2.2,2026-09-23T00:00:00.000+00:00,Neurotensin Receptor 1 (NTSR1) bound to Octotensin in complex with Gi3 in the Canonical Orientation
9YCZ,EMD-72792,2.9,2026-09-23T00:00:00.000+00:00,RNA polymerase II on Super pause sequence in the sidetracked state
9YD0,EMD-72793,3.8,2026-07-01T00:00:00.000+00:00,"Structure of the Adenovirus-7 VLP, Class 1"
9YD5,EMD-72795,2.8,2026-09-23T00:00:00.000+00:00,RNA polymerase II on Super pause sequence in the pre-translocated state
9YDO,EMD-72815,2.69,2026-06-10T00:00:00.000+00:00,"LPHT-ring in Vibrio cholerae at assembled, opened state"
9YDS,EMD-72833,3.45,2026-06-10T00:00:00.000+00:00,"H-ring subunit FlgO and FlgP in Vibrio cholerae at assembled, opened state"
9YDT,EMD-72834,2.75,2026-06-10T00:00:00.000+00:00,"LPHT-ring in Vibrio cholerae at disassembled, closed state"
9YDW,EMD-72839,3.34,2026-08-05T00:00:00.000+00:00,Cryo-EM structure of single-bound FDG antibody VRC49.01 in complex with HIV-1 Env BG505 DS-SOSIP trimer
9YDX,EMD-72840,3.75,2026-06-10T00:00:00.000+00:00,RBM3 domain of FliF protein in MS-ring of flagellar motor in Vibrio cholerae
9YE6,EMD-72844,2.47,2026-08-05T00:00:00.000+00:00,Human muscle nAChR FCCMS eP121L ACh-bound
9YE7,EMD-72845,2.44,2026-08-05T00:00:00.000+00:00,"Human muscle nAChR FCCMS eP121L ACh, XG-590 bound"
9YE8,EMD-72846,2.22,2026-08-05T00:00:00.000+00:00,Human muscle nAChR SCCMS eL269F ACh bound
9YEC,EMD-72847,3.57,2026-06-10T00:00:00.000+00:00,"LPHT-ring in Vibrio cholerae at disassembled, closed state"
9YEE,EMD-72849,3.44,2026-06-10T00:00:00.000+00:00,"Rod-hook protein in Vibrio cholerae at assembled, opened state"
9YEH,EMD-72850,2.46,2026-08-05T00:00:00.000+00:00,"Human muscle nAChR SCCMS eL269F ACh, Reboxetine bound (upper)"
9YEI,EMD-72851,2.36,2026-08-05T00:00:00.000+00:00,"Human muscle nAChR SCCMS eL269F ACh, Reboxetine bound (lower 1)"
9YEK,EMD-72853,2.68,2026-08-05T00:00:00.000+00:00,"Human muscle nAChR SCCMS eL269F ACh, Reboxetine bound (lower 2)"
9YEL,EMD-72854,2.48,2026-08-05T00:00:00.000+00:00,"Human muscle nAChR SCCMS eL269F ACh, Fluoxetine bound"
9YEM,EMD-72855,3.81,2026-08-05T00:00:00.000+00:00,Cryo-EM structure of triple-bound FDG antibody VRC49.01 in complex with HIV-1 Env BG505 DS-SOSIP trimer
9YEO,EMD-72857,3.64,2026-08-05T00:00:00.000+00:00,Cryo-EM structure of double-bound FDG antibody VRC49.01 in complex with HIV-1 Env BG505 DS-SOSIP trimer
9YER,EMD-72860,2.19,2026-08-05T00:00:00.000+00:00,Human muscle nAChR SCCMS eT264P ACh bound
9YET,EMD-72862,2.36,2026-08-05T00:00:00.000+00:00,"Human muscle nAChR SCCMS eT264P ACh, Reboxetine bound"
9YEU,EMD-72863,2.39,2026-08-05T00:00:00.000+00:00,Human muscle nAChR SCCMS bV266M ACh bound
9YEX,EMD-72866,2.47,2026-08-05T00:00:00.000+00:00,"Human muscle nAChR SCCMS bV266M ACh, Quinidine bound"
9YF0,EMD-72868,2.79,2026-08-05T00:00:00.000+00:00,"Human muscle nAChR SCCMS aV249F ACh, Fluoxetine bound"
9YF4,EMD-72876,3.28,2026-06-10T00:00:00.000+00:00,N4 Full Virion C6 Tail
9YF9,EMD-72881,3.24,2026-06-10T00:00:00.000+00:00,N4 Empty Particle Portal
9YFD,EMD-72883,2.6,2026-06-03T00:00:00.000+00:00,Defense-associated reverse transcriptase 1 (DRT1) filament
9YFG,EMD-72891,3.55,2026-06-10T00:00:00.000+00:00,"Flagellar outer membrane complex in Vibrio cholerae at disassembled, closed state"
9YFT,EMD-72905,3.61,2026-06-10T00:00:00.000+00:00,N4 Bacteriophage Asymmetric Tail Gating Complex
9YFU,EMD-72906,3.08,2026-03-25T00:00:00.000+00:00,Structure of GPR61 bound to inverse agonist compound 15
9YFW,EMD-72909,3.21,2026-06-10T00:00:00.000+00:00,VPS13A central bridge domain
9YG4,EMD-72912,3.38,2026-06-10T00:00:00.000+00:00,VPS13A/Nt-CaM
9YG5,EMD-72913,3.41,2026-06-10T00:00:00.000+00:00,VPS13A/Ct-XKR1
9YGF,EMD-72922,3.46,2026-07-29T00:00:00.000+00:00,Cryo-EM structure of L9-11 in complex with Plasmodium falciparum circumsporozoite protein (PfCSP)
9YGH,EMD-72924,3.83,2026-08-05T00:00:00.000+00:00,Cryo-EM structure of L9-F4 in complex with Plasmodium falciparum circumsporozoite protein (PfCSP)
9YGI,EMD-72925,3.98,2026-07-29T00:00:00.000+00:00,Cryo-EM structure of L9-21 in complex with Plasmodium falciparum circumsporozoite protein (PfCSP)
9YGJ,EMD-72927,3.7,2026-07-01T00:00:00.000+00:00,"Plasmodium falciparum moving junction staple - PfAMA1, PfRON2, PfRON4, PfRON5"
9YGM,EMD-72933,2.7,2026-06-24T00:00:00.000+00:00,"Babesia divergens ribosome structure by single-particle cryo-EM (3D class3, E-site tRNA)"
9YGN,EMD-72935,3.4,2026-07-01T00:00:00.000+00:00,"HuCoV-HKU1 C S 2P in complex with H501-018 Fab (State 1, global cryoEM)"
9YGO,EMD-72936,3.4,2026-07-01T00:00:00.000+00:00,"HuCoV-HKU1 C S 2P in complex with H501-018 Fab (State 2, global cryoEM)"
9YGP,EMD-72937,3.2,2026-07-01T00:00:00.000+00:00,HCoV-HKU1 C S 2P in complex with H501-018 Fab (local cryoEM)
9YGQ,EMD-72938,3.6,2026-07-01T00:00:00.000+00:00,HCoV-HKU1 C S 2P in complex with H501-022 Fab (global cryoEM)
9YGR,EMD-72939,3.8,2026-07-01T00:00:00.000+00:00,HCoV-HKU1 C S 2P in complex with H501-022 Fab (local cryoEM)
9YGT,EMD-72941,3.42,2026-08-19T00:00:00.000+00:00,Leucine Rich Repeat Kinase 2 bound to GDP (from GMPPNP data)
9YGU,EMD-72942,2.88,2026-02-25T00:00:00.000+00:00,Flagella filament structure in H. pylori composed of flagellin FlaA
9YGV,EMD-72770,2.47,2026-06-17T00:00:00.000+00:00,Photosystem I FCP Supercomplex from Macrocystis pyrifera
9YGZ,EMD-72946,3.04,2026-05-20T00:00:00.000+00:00,Cryo-EM structure of active mutant human green cone opsin (E129Q) in complex with chimeric G protein (miniGist)
9YH0,EMD-72947,3.6,2026-06-10T00:00:00.000+00:00,LPHT-ring subunit with C13 MotX in Vibrio cholerae at assembled state
9YH1,EMD-72948,3.22,2026-02-25T00:00:00.000+00:00,Structure of flagellin FlaB filament in H. pylori
9YH6,EMD-72961,3.6,2026-06-10T00:00:00.000+00:00,Composite structure of the sheathed flagellar motor in Vibrio cholerae adopting a lower FOMC conformation
9YH7,EMD-72963,3.6,2026-06-10T00:00:00.000+00:00,Composite structure of the sheathed flagellar motor in Vibrio cholerae adopting a higher FOMC conformation
9YHA,EMD-72964,2.69,2026-02-04T00:00:00.000+00:00,Cryo-EM structure of IDH1 R132H
9YHB,EMD-72965,2.85,2026-02-04T00:00:00.000+00:00,Cryo-EM structure of IDH1 R132H C269S
9YHO,EMD-72969,3.2,2026-05-27T00:00:00.000+00:00,AJ09-21 Fab in complex with HIV-1 Env 5MUT-3fill SOSIP
9YHQ,EMD-72970,3.0,2026-05-27T00:00:00.000+00:00,AJ09-83 Fab in complex with HIV-1 Env 5MUT-3fill SOSIP
9YHR,EMD-72971,3.1,2026-05-27T00:00:00.000+00:00,AJ09-110 Fab in complex with HIV-1 Env 5MUT-3fill SOSIP
9YI2,EMD-72976,3.6,2026-04-15T00:00:00.000+00:00,Human EEPD1 EEP domain dimer
9YI4,EMD-72977,2.8,2026-04-01T00:00:00.000+00:00,Octopus sensory receptor CRT1 bound to Progesterone
9YIF,EMD-72988,3.8,2026-05-27T00:00:00.000+00:00,NN39-171 Fab in complex with HIV-1 Env 5MUT-3fill SOSIP
9YIG,EMD-72989,3.4,2026-05-27T00:00:00.000+00:00,V634-136 Fab in complex with HIV-1 Env 5MUT-3fill SOSIP
9YIK,EMD-72993,3.9,2026-05-27T00:00:00.000+00:00,HIV-1 Env del4-3fill SOSIP
9YIM,EMD-72998,2.62,2026-03-04T00:00:00.000+00:00,Capping protein bound to the barbed end of F-actin
9YIX,EMD-73001,3.43,2026-08-26T00:00:00.000+00:00,Cryo-EM structure of SeAvs7 MCP EFTu1 tetrameric complex
9YJZ,EMD-73040,2.76,2026-03-18T00:00:00.000+00:00,cryoEM structure of Apo Aspergillus fumigatus acetolactate synthase (ALS)
9YK0,EMD-73041,2.36,2026-03-18T00:00:00.000+00:00,cryoEM structure of Aspergillus fumigatus acetolactate synthase (ALS) in complex with a novel inhibitor
9YKK,EMD-73054,2.95,2026-07-01T00:00:00.000+00:00,Human type 2 IP3 receptor in apo state
9YKV,EMD-73059,2.73,2026-08-12T00:00:00.000+00:00,Cryo-EM structure of double-loaded human UBA6-UBE2Z-FAT10(t)/FAT10(a) thioester mimetic complex.
9YKW,EMD-73060,3.86,2026-08-12T00:00:00.000+00:00,Cryo-EM structure of double-loaded human UBA6-UBE2Z-Ub(t)/Ub(a) thioester mimetic complex.
9YKY,EMD-73067,3.31,2026-07-01T00:00:00.000+00:00,IP3/ATP-bound human type 2 IP3 receptor in the resting state
9YL3,EMD-73071,3.5,2026-06-03T00:00:00.000+00:00,State 1 MLL4FC bound to a nucleosome premodified with H2BK120ub and H4K16ac
9YLB,EMD-73079,3.24,2026-08-12T00:00:00.000+00:00,Cryo-EM structure of single-loaded human UBA6-UBE2Z/FAT10(a) adenylate complex.
9YLE,EMD-73080,3.63,2026-06-03T00:00:00.000+00:00,State 3 MLL4FC bound to a nucleosome premodified with H2BK120ub and H4K16ac
9YLF,EMD-73081,3.14,2026-08-12T00:00:00.000+00:00,Cryo-EM structure of single-loaded human UBA6-UBE2Z/Ub(a) adenylate complex.
9YLI,EMD-73088,3.33,2026-07-01T00:00:00.000+00:00,IP3/ATP-bound human type 2 IP3 receptor in the preactivated state
9YLU,EMD-73093,2.65,2026-04-29T00:00:00.000+00:00,cryoEM structure of CbCash filament with cA4 and tRNA Ile CAU
9YLV,EMD-73094,2.86,2026-04-29T00:00:00.000+00:00,Cryo-EM structure of apo CbCash dodecamer
9YLX,EMD-73096,2.45,2026-04-29T00:00:00.000+00:00,Cryo-EM structure of the CbCash filament bound to cA4
9YLY,EMD-73097,3.77,2026-06-03T00:00:00.000+00:00,MLL4FC bound to a nucleosome with p53 RE
9YM8,EMD-73098,3.43,2026-06-03T00:00:00.000+00:00,State 2 focused on PHD FYR of MLL4FC bound to a nucleosome premodified with H2BK120ub and H4K16ac
9YM9,EMD-73099,3.79,2026-06-03T00:00:00.000+00:00,Structure of AGO2 primary RISC (pri-RISC)
9YMA,EMD-73100,3.87,2026-06-03T00:00:00.000+00:00,Structure of AGO2 vise-RISC
9YMB,EMD-73101,3.77,2026-06-03T00:00:00.000+00:00,Structure of AGO2 wedging RISC (wedg-RISC)
9YMC,EMD-73102,3.28,2026-06-03T00:00:00.000+00:00,Structure of AGO2 passenger-ejecting RISC (ej-RISC)
9YMD,EMD-73103,3.45,2026-06-03T00:00:00.000+00:00,Structure of AGO2 mature RISC (mat-RISC)
9YMF,EMD-73105,3.45,2026-06-03T00:00:00.000+00:00,State 2 focused on H3 N terminal tail of MLL4FC bound to a nucleosome premodified with H2BK120ub and H4K16ac
9YMJ,EMD-73108,3.4,2026-07-08T00:00:00.000+00:00,RQd20_wk56_28 Fab in complex with V703-0537_L14 SOSIP and 3BNC117 Fab
9YMK,EMD-73109,2.7,2026-07-08T00:00:00.000+00:00,RVz20_wk72_08 Fab in complex with BG505 MD39 SOSIP and RM20A3 Fab
9YML,EMD-73110,3.2,2026-07-08T00:00:00.000+00:00,RRr20_wk72_07 Fab in complex with BG505 MD39 SOSIP and RM20A3 Fab
9YMU,EMD-73122,2.7,2026-04-29T00:00:00.000+00:00,De novo initial transcribing RNA polymerase with 2-mer RNA and bound CTP / Michaelis complex (RPitc2+CTP)
9YMV,EMD-73123,2.6,2026-04-29T00:00:00.000+00:00,De novo initial transcribing RNA polymerase with pretranslocated 3-mer RNA / product complex (RPitc3)
9YMW,EMD-73124,2.7,2026-04-29T00:00:00.000+00:00,De novo initial transcribing RNA polymerase with 5-mer RNA CCAUC (RPitc5a)
9YMX,EMD-73125,2.7,2026-04-29T00:00:00.000+00:00,De novo initial transcribing RNA polymerase with 5-mer RNA AUCUA (RPitc5b)
9YMY,EMD-73126,3.1,2026-04-29T00:00:00.000+00:00,De novo initial transcribing RNA polymerase with 9-mer RNA (RPitc9)
9YMZ,EMD-73129,3.14,2026-07-01T00:00:00.000+00:00,Human type 2 IP3 receptor in the inactive-like state (IP3/ATP)
9YN0,EMD-73131,2.9,2026-04-29T00:00:00.000+00:00,De novo initial transcribing RNA polymerase with sigma 70 region 1.1 bound (RPitc-s70_1.1)
9YNB,EMD-73168,3.4,2026-06-10T00:00:00.000+00:00,Structure of the T6SS effector protein PdpC
9YNC,EMD-73173,3.93,2026-01-28T00:00:00.000+00:00,Motor domains of phi-like human dynein-1 bound to dynactin-p150glued and LIS1
9YNF,EMD-73176,3.92,2026-01-28T00:00:00.000+00:00,Motor domain of human dynein-1 in post1 state
9YNK,EMD-73210,3.42,2026-07-01T00:00:00.000+00:00,Human type 2 IP3 receptor in the inactive-like state (IP3/ATP/Ca2+)
9YNP,EMD-73220,3.06,2026-04-08T00:00:00.000+00:00,Cryo-EM structure of Escherichia coli transcription initiation complex with GpA and pseudouridimycin (PUM)
9YNQ,EMD-73221,3.32,2026-04-08T00:00:00.000+00:00,Cryo-EM structure of Escherichia coli transcription initiation complex with GpA and des-hydroxy pseudouridimycin (des-hydroxy PUM)
9YNR,EMD-73228,3.55,2026-03-18T00:00:00.000+00:00,"Local refinement of Fab-14/SARS-CoV-2 D614G spike complex, Mode I"
9YOK,EMD-73260,3.56,2026-03-18T00:00:00.000+00:00,"Fab-14/SARS-CoV-2 D614G spike complex, Mode I conformation"
9YOP,EMD-73268,3.5,2026-04-08T00:00:00.000+00:00,Cryo-EM structure of human beta-cardiac myosin in the interacting-heads motif and S2-FH docked state
9YOR,EMD-73275,2.9,2026-07-29T00:00:00.000+00:00,Cryo-EM structure of a preformed dimer of the C. elegans EGFR (LET-23) extracellular region
9YOS,EMD-73276,2.37,2026-07-29T00:00:00.000+00:00,Cryo-EM structure of an active dimer of the C. elegans EGFR (LET-23) extracellular region bound to LIN-3
9YOT,EMD-73277,2.81,2026-07-29T00:00:00.000+00:00,Cryo-EM structure of an inactive dimer of the C. elegans EGFR (LET-23) extracellular region bound to LIN-3.
9YOU,EMD-73278,4.0,2026-07-29T00:00:00.000+00:00,Cryo-EM structure of a weak dimer of the C. elegans EGFR (LET-23) extracellular region with a domain IV loop deletion
9YOV,EMD-73279,3.36,2026-07-29T00:00:00.000+00:00,Cryo-EM structure of an active dimer of the C. elegans EGFR (LET-23) extracellular region with a domain IV loop deletion bound to LIN-3.
9YP6,EMD-73285,2.8,2026-03-18T00:00:00.000+00:00,Structure of human VCP/p97 hexamer bound to ADP and UTE-156
9YP8,EMD-73287,2.4,2026-03-18T00:00:00.000+00:00,Structure of human VCP/p97 dodecamer bound to ADP and UTE-156
9YP9,EMD-73288,3.0,2026-04-08T00:00:00.000+00:00,Cryo-EM structure of human beta-cardiac myosin bound to mavacamten in the interacting-heads motif and S2-FH docked state
9YPB,EMD-73292,3.5,2026-03-18T00:00:00.000+00:00,"Fab-14/SARS-CoV-2 D614G spike complex, Mode IV, subgroup II conformation"
9YPE,EMD-73295,3.2,2026-06-10T00:00:00.000+00:00,"S. aureus YhaM D193A hexamer, 2 NTDs, hairpin RNA substrate"
9YPF,EMD-73296,3.5,2026-06-10T00:00:00.000+00:00,"S. aureus YhaM D193A hexamer, 3 NTDs, hairpin RNA substrate"
9YPR,EMD-73306,3.46,2026-03-18T00:00:00.000+00:00,"Fab-14/SARS-CoV-2 D614G spike complex, Mode IV, subgroup I conformation"
9YQ6,EMD-73325,2.95,2026-06-10T00:00:00.000+00:00,Cryo-EM structure of the parainfluenza virus hemagglutinin-neuraminidase protein in complex with the human antibodies PIV3HN-09 and PIV3HN-13
9YQ8,EMD-73327,3.84,2026-05-20T00:00:00.000+00:00,"Cryo-EM complex of meizothrombinDESF1, factor Xa, and factor Va"
9YQK,EMD-73338,3.6,2026-08-12T00:00:00.000+00:00,C-terminal LRRK2 bound to C12 DARPin
9YQL,EMD-73339,3.57,2026-06-24T00:00:00.000+00:00,Cryo-EM structure of human Tom70
9YQO,EMD-73342,3.26,2026-01-21T00:00:00.000+00:00,AMC008 v4.2 SOSIP Env trimer in complex with PGT121 and VRC01 Fabs
9YQQ,EMD-73344,3.8,2026-06-10T00:00:00.000+00:00,Cryo-EM structure of the VPS13C C-terminal region
9YR4,EMD-73359,3.64,2026-06-24T00:00:00.000+00:00,Cryo-EM structure of human Tom70 in complex with Hsp90 C-terminal EEVD peptide
9YR7,EMD-73362,3.0,2026-04-08T00:00:00.000+00:00,Cryo-EM structure of human beta-cardiac myosin bound to mavacamten in the interacting-heads motif and S2-FH undocked state
9YRB,EMD-73364,3.06,2026-06-24T00:00:00.000+00:00,Factor XIa in complex with Fab fragment of REGN7508-Cat
9YRC,EMD-73365,2.97,2026-03-25T00:00:00.000+00:00,p97Ufd1-Npl4 complex processing poly-ubiquitinated substrate in the presence of ATP
9YRG,EMD-73367,3.2,2026-04-08T00:00:00.000+00:00,Cryo-EM structure of human beta-cardiac myosin in the interacting-heads motif and S2-FH undocked state
9YRH,EMD-73368,3.8,2026-04-08T00:00:00.000+00:00,Cryo-EM structure of human beta-cardiac myosin bound to omecamtiv mecarbil in the interacting-heads motif and S2-FH undocked state
9YRK,EMD-73369,3.1,2026-01-28T00:00:00.000+00:00,"Cryo-EM structure of SARS-CoV-2 nsp10-nsp14 (E191A) in complex with T20P14-B complex, dimeric form"
9YRL,EMD-73370,2.9,2026-01-28T00:00:00.000+00:00,"Cryo-EM structure of SARS-CoV-2 nsp10-nsp14 (E191A) in complex with T20P14-B complex, protomer A focused refinement"
9YRM,EMD-21113,3.75,2026-06-10T00:00:00.000+00:00,"CryoEM Structure of VPS13 protein, 1-1390 from C. thermophilum, in complex with calmodulin"
9YRN,EMD-73371,2.4,2026-01-28T00:00:00.000+00:00,"Cryo-EM structure of SARS-CoV-2 nsp10-nsp14 (E191A) in complex with T20P14-S complex, tetrameric form"
9YRO,EMD-73372,2.55,2026-01-28T00:00:00.000+00:00,"Cryo-EM structure of SARS-CoV-2 nsp10-nsp14 (E191A) in complex with T20P14-S complex, monomeric form"
9YRQ,EMD-73374,3.2,2026-06-24T00:00:00.000+00:00,Factor XIa in complex with Fab fragment of REGN9933-A2
9YSG,EMD-73392,3.0,2026-07-29T00:00:00.000+00:00,Cryo-EM structure of SARS-CoV-2 Omicron neutralizing antibody AB2-122 with BA.5 RBD and SP1-77 Fab complex
9YSJ,EMD-73393,2.62,2026-06-17T00:00:00.000+00:00,"SARS-CoV-2 BA.3.2.1 spike, 3-RBD-down"
9YSK,EMD-73394,2.46,2026-06-17T00:00:00.000+00:00,"SARS-CoV-2 LP.8.1 spike, 3-RBD-down"
9YSR,EMD-73426,3.63,2026-06-17T00:00:00.000+00:00,"Local refinement of hACE2/SARS-CoV-2 BA.3.2.1 spike, conformation 1"
9YSS,EMD-73429,3.67,2026-06-17T00:00:00.000+00:00,"Local refinement of hACE2/SARS-CoV-2 LP.8.1 spike, conformation 1"
9YT4,EMD-73441,2.81,2026-06-17T00:00:00.000+00:00,"Local refinement of LP.8.1 spike (3-RBD-down), RBD-A and NTD-C"
9YT6,EMD-73443,2.79,2026-06-17T00:00:00.000+00:00,"Local refinement of LP.8.1 spike (3-RBD-down), RBD-B and NTD-A"
9YT7,EMD-73444,2.76,2026-06-17T00:00:00.000+00:00,"Local refinement of LP.8.1 spike (3-RBD-down), RBD-C and NTD-B"
9YTA,EMD-73447,3.27,2026-07-29T00:00:00.000+00:00,Cryo-EM structure of SARS-CoV-2 Omicron neutralizing antibody L52 with BA.5 RBD and SP1-77 Fab complex
9YTC,EMD-73457,2.68,2026-07-29T00:00:00.000+00:00,Cryo-EM structure of SARS-CoV-2 Omicron neutralizing antibody S212 with BA.5 RBD and SP1-77 Fab complex
9YTS,EMD-73493,3.29,2026-06-10T00:00:00.000+00:00,Cryo-EM structure of the parainfluenza virus hemagglutinin-neuraminidase protein in complex with the human antibodies 5217-2 and PIV3HN-09
9YUQ,EMD-73506,3.11,2026-08-26T00:00:00.000+00:00,A Bundled Antiparallel Cytochrome Nanowire Produced by Desulfuromonas soudanensis WTL
9YUY,EMD-73509,2.7,2026-04-15T00:00:00.000+00:00,Structure of the Plasmodium falciparum 20S proteasome in complex with a beta5-selective covalent syringolin analogue inhibitor.
9YUZ,EMD-73510,2.6,2026-04-15T00:00:00.000+00:00,Structure of the human 20S proteasome in complex with a beta5-selective covalent syringolin analogue inhibitor.
9YVG,EMD-73523,3.15,2026-08-26T00:00:00.000+00:00,"Cryo-EM structure of BA.5 spike, Open conformation"
9YVH,EMD-73524,2.83,2026-08-26T00:00:00.000+00:00,"Cryo-EM structure of BA.5 spike, Closed conformation"
9YVI,EMD-73525,2.66,2026-08-26T00:00:00.000+00:00,Cryo-EM structure of BA.5 spike in complex with S22
9YVK,EMD-73526,2.69,2026-07-01T00:00:00.000+00:00,Cryo-EM structure of the human TRPM4 channel bound to NC1 in the presence of EGTA.
9YVL,EMD-73527,2.78,2026-07-01T00:00:00.000+00:00,"Cryo-EM structure of the human TRPM4 channel in an open state bound to NC1 and PI(4,5)P2."
9YVM,EMD-73528,2.73,2026-07-01T00:00:00.000+00:00,"Cryo-EM structure of the human TRPM4 channel in an open state bound to NC1 and PI(4,5)P2 in the presence of EGTA."
9YVN,EMD-73529,3.42,2026-07-01T00:00:00.000+00:00,Cryo-EM structure of the mouse TRPM4 channel bound to NC1.
9YVO,EMD-73530,2.91,2026-07-01T00:00:00.000+00:00,"Cryo-EM structure of the mouse TRPM4 channel bound to NC1 and PI(4,5)P2."
9YVP,EMD-73531,2.81,2026-07-01T00:00:00.000+00:00,"Cryo-EM structure of the L900V;R993P;S1060R mutant mouse TRPM4 channel in an open state bound to NC1 and PI(4,5)P2."
9YW0,EMD-73535,2.5,2026-06-17T00:00:00.000+00:00,"SARS-CoV-2 LP.8.1 spike, 1-RBD-up"
9YW2,EMD-73536,3.27,2026-04-22T00:00:00.000+00:00,Complex structure of human p97 bound to Faf1 and Ufd1 (NTD focused)
9YWQ,EMD-73556,3.2,2026-09-02T00:00:00.000+00:00,the structure of ERMA complex with ATPrS and Mg++
9YWS,EMD-73558,3.1,2026-07-22T00:00:00.000+00:00,Human Sec61 complex bound to coibamide A
9YX6,EMD-73395,3.03,2026-06-17T00:00:00.000+00:00,"SARS-CoV-2 BA.3.2.1 spike, flexible conformation"
9YX7,EMD-73597,2.9,2026-06-17T00:00:00.000+00:00,"Local refinement of BA.3.2.1 spike (3-RBD-down), RBD-A and NTD-C"
9YX8,EMD-73599,2.85,2026-06-17T00:00:00.000+00:00,"Local refinement of BA.3.2.1 spike (3-RBD-down), RBD-A, RBD-C and NTD-B"
9YXB,EMD-73602,3.1,2026-06-24T00:00:00.000+00:00,"Babesia divergens ribosome structure by single-particle cryo-EM (3D class1, A-, P-, and E-site tRNAs and mRNA)"
9YXQ,EMD-73614,3.39,2026-02-04T00:00:00.000+00:00,Cryo-EM structure of the Xenopus laevis mitotic centromere-associated kinesin (MCAK) bound to the paclitaxel-stabilized microtubule
9YXV,EMD-73618,2.9,2026-05-27T00:00:00.000+00:00,Cryo-EM structure of the core region of cIL-U1A-Fab1R-PGA1-sfFab quaternary complex at 2.9 A resolution
9YXX,EMD-73619,3.01,2026-06-17T00:00:00.000+00:00,"Local refinement of BA.3.2.1 spike (3-RBD-down), RBD-B and NTD-A"
9YYD,EMD-73630,2.8,2026-09-02T00:00:00.000+00:00,the structure of ERMA Mg2+ bound form
9YYG,EMD-73644,2.8,2026-07-15T00:00:00.000+00:00,AI-generated RNA-guided nuclease TAM-bound state
9YYH,EMD-73645,2.8,2026-07-15T00:00:00.000+00:00,AI-generated RNA-guided nuclease R-loop formed state
9YYU,EMD-73656,3.3,2026-05-13T00:00:00.000+00:00,SARS-CoV-2 spike trimer in the early fusion intermediate conformation bound to the VN01H1 Fab (Fab local refinement)
9YYV,EMD-73657,3.3,2026-05-13T00:00:00.000+00:00,SARS-CoV-2 spike trimer in the early fusion intermediate conformation bound to the VN01H1 Fab (S2 local refinement)
9Z03,EMD-73688,3.03,2026-08-19T00:00:00.000+00:00,Cryo-EM structure of VVD-908 NLRP3 complex
9Z04,EMD-73693,2.99,2026-04-29T00:00:00.000+00:00,Structure of human lymphoid-specific helicase HELLS in its auto-inhibitory state
9Z05,EMD-73694,2.86,2026-04-29T00:00:00.000+00:00,Structure of human lymphoid-specific helicase HELLS in its auto-inhibitory state (D3)
9Z06,EMD-73695,3.39,2026-04-29T00:00:00.000+00:00,Structure of human lymphoid-specific helicase HELLS in its auto-inhibitory state
9Z07,EMD-73698,3.19,2026-09-09T00:00:00.000+00:00,Cryo-EM structure of DNMT1 in complex with unmethylated nucleosome core particle
9Z0E,EMD-73699,3.7,2026-01-14T00:00:00.000+00:00,Structure of disulfide-crosslinked S. cerevisiae Hrd1 dimer bound to one copy of Hrd3 in MSP1D1 nanodisc
9Z0H,EMD-73706,2.79,2026-07-22T00:00:00.000+00:00,"Trypanosoma brucei mitochondrial RNA-editing catalytic complex 2, U-insertion (RECC2)"
9Z0P,EMD-73720,2.56,2026-06-24T00:00:00.000+00:00,Mitochondrial Creatine Kinase in complex with uncompetitive inhibitor uci
9Z12,EMD-73730,3.2,2026-07-08T00:00:00.000+00:00,SARS-CoV-2 spike S2 in complex with antibody B3-1
9Z18,EMD-73732,2.9,2026-07-08T00:00:00.000+00:00,SARS-CoV-2 spike S2 in complex with antibody N6-2
9Z1M,EMD-73749,3.06,2026-05-13T00:00:00.000+00:00,Cryo-EM structure of KP.3 spike in complex with Nb9B
9Z1N,EMD-73750,3.44,2026-05-13T00:00:00.000+00:00,Structure of KP.3 spike in complex with Nanosota-9B (local refinement)
9Z1W,EMD-73754,2.86,2026-06-10T00:00:00.000+00:00,Cryo-EM structure of human TRPM4 channel in complex with calcium and TPPO at 37 degrees Celsius (consensus)
9Z1X,EMD-73755,3.0,2026-06-17T00:00:00.000+00:00,Cryo-EM structure of human TRPM4 channel in the warm conformation in complex with calcium and TPPO at 37 degrees Celsius (monomeric TMD-focused map with best-resolved TPPO density)
9Z1Y,EMD-73756,3.26,2026-06-17T00:00:00.000+00:00,Cryo-EM structure of human TRPM4 channel in the cold conformation in complex with calcium and TPPO at 37 degrees Celsius (monomeric TMD-focused map with best-resolved TPPO density)
9Z1Z,EMD-73757,2.63,2026-06-10T00:00:00.000+00:00,Cryo-EM structure of human TRPM4 channel in complex with calcium and TPPO at 18 degrees Celsius (consensus)
9Z20,EMD-73758,2.51,2026-06-10T00:00:00.000+00:00,Cryo-EM structure of human TRPM4 channel in complex with EGTA and TPPO at 37 degrees Celsius (consensus)
9Z21,EMD-73759,2.83,2026-06-10T00:00:00.000+00:00,Cryo-EM structure of human TRPM4 channel in complex with calcium and NC1 at 37 degrees Celsius (consensus)
9Z22,EMD-73760,2.58,2026-06-10T00:00:00.000+00:00,Cryo-EM structure of human TRPM4 channel in complex with EGTA and NC1 at 37 degrees Celsius (consensus)
9Z23,EMD-73761,2.59,2026-06-10T00:00:00.000+00:00,Cryo-EM structure of human TRPM4 channel in complex with calcium and CBA at 37 degrees Celsius (consensus)
9Z24,EMD-73762,3.1,2026-06-10T00:00:00.000+00:00,Cryo-EM structure of human TRPM4 channel in complex with calcium and CBA at 37 degrees Celsius (monomeric TMD-focused map with best-resolved CBA density)
9Z25,EMD-73763,2.64,2026-06-10T00:00:00.000+00:00,Cryo-EM structure of human TRPM4 channel in complex with calcium and NBA at 37 degrees Celsius (consensus)
9Z26,EMD-73764,2.9,2026-06-10T00:00:00.000+00:00,Cryo-EM structure of human TRPM4 channel in complex with calcium and NBA at 37 degrees Celsius (monomeric TMD-focused map with best-resolved NBA density)
9Z27,EMD-73765,2.76,2026-06-10T00:00:00.000+00:00,Cryo-EM structure of human TRPM4 channel in complex with calcium and CBA and DVT at 37 degrees Celsius (consensus)
9Z2D,EMD-73766,2.6,2026-01-28T00:00:00.000+00:00,"Mitochondrial Creatine Kinase in complex with ADP, creatine, and uncompetitive inhibitor uci"
9Z2F,EMD-73767,2.59,2026-01-28T00:00:00.000+00:00,Mitochondrial Creatine Kinase in complex with ADP and uncompetitive inhibitor uci
9Z2M,EMD-73771,3.4,2026-04-29T00:00:00.000+00:00,Ca2+-bound MthK WT in lipid nanodiscs composed of 14:1PC (75%) and POPG (25%)
9Z2N,EMD-73772,2.57,2026-06-03T00:00:00.000+00:00,CryoEM structure of human NSUN2(C271A) with SAH cross-linked to tRNA Lys(CTT) (D-arm conformation)
9Z2O,EMD-73773,2.66,2026-06-03T00:00:00.000+00:00,CryoEM structure of human NSUN2(C271A) with SAH cross-linked to tRNA Lys(CTT) (No D-arm conformation)
9Z2P,EMD-73774,2.91,2026-06-03T00:00:00.000+00:00,CryoEM structure of human NSUN2 with tRNA Lys(CTT) (Conformation 1)
9Z2Q,EMD-73775,2.88,2026-06-03T00:00:00.000+00:00,CryoEM structure of human NSUN2 with tRNA Lys(CTT) (Conformation 2)
9Z2R,EMD-73776,3.71,2026-06-03T00:00:00.000+00:00,CryoEM structure of human NSUN2 with tRNA Lys(CTT) and SFG (D-arm conformation)
9Z2T,EMD-73777,3.7,2026-06-03T00:00:00.000+00:00,CryoEM structure of human NSUN2 with tRNA Lys(CTT) and SFG (No D-arm conformation)
9Z2U,EMD-73778,3.0,2026-06-03T00:00:00.000+00:00,CryoEM structure of human NSUN2(C271A) with SAH cross-linked to tRNA Lys(TTT) (D-arm conformation)
9Z2V,EMD-73779,3.8,2026-04-29T00:00:00.000+00:00,Ca2+-bound MthK WT in lipid nanodiscs composed of 22:1PC (75%) and POPG (25%)
9Z2W,EMD-73780,3.1,2026-06-03T00:00:00.000+00:00,CryoEM structure of human NSUN2(C271A) with SAH cross-linked to tRNA Lys(TTT) (No D-arm conformation)
9Z32,EMD-73782,2.83,2026-03-18T00:00:00.000+00:00,The structure of short splice variant (Q9UBL9-2) of human P2X2 receptor channel in lipid nanodiscs with Mg-ATP
9Z3D,EMD-73784,2.96,2026-06-03T00:00:00.000+00:00,CryoEM structure of human NSUN2(C271A) with SAH cross-linked to a pre-tRNA Leu(CAA) intron
9Z3J,EMD-73786,2.8,2026-05-13T00:00:00.000+00:00,HCoV-NL63 S2' peptide bound to TMPRSS2 S441A (complexed with the H1H7 Fab and an anti-kappa-nanobody)
9Z3K,EMD-73787,3.3,2026-05-13T00:00:00.000+00:00,SARS-CoV-2 S2 trimer stabilized in the early fusion intermediate conformation by circular permutation and clamping by gp41 (E-FICs-v1)
9Z3Y,EMD-73795,2.99,2026-06-17T00:00:00.000+00:00,Local refinement of BA.3.2.1 spike (3-RBD-down) NTD-B
9Z49,EMD-73799,3.08,2026-09-16T00:00:00.000+00:00,Cryo-EM structure of the human PRMT5:MEP50:pICln complex at a 4:4:4 stoichiometric ratio
9Z4A,EMD-73801,3.84,2026-09-16T00:00:00.000+00:00,Cryo-EM structure of the human PRMT5:MEP50:pICln complex at a 4:3:4 stoichiometric ratio
9Z4H,EMD-73803,2.64,2026-06-10T00:00:00.000+00:00,Cryo-EM structure of human Wntless in complex with Wnt5a at 1:1 stoichiometry
9Z4I,EMD-73804,3.62,2026-07-15T00:00:00.000+00:00,Cryo-EM structure of the mitochondrial NCLX in its monomeric state
9Z4J,EMD-73805,3.15,2026-07-15T00:00:00.000+00:00,Cryo-EM structure of the mitochondrial NCLX in its trimeric state
9Z4O,EMD-73810,2.63,2026-06-10T00:00:00.000+00:00,Cryo-EM structure of human Wntless in its apo state
9Z4W,EMD-73814,2.4,2026-01-21T00:00:00.000+00:00,Cryo-EM structure of rabbit major vault protein complex
9Z5I,EMD-73816,3.34,2026-08-26T00:00:00.000+00:00,cryoEM structure of human SLC33A1 transporter
9Z5N,EMD-73819,2.25,2026-01-21T00:00:00.000+00:00,Cryo-EM structure of rabbit vault cap
9Z5U,EMD-73824,3.06,2026-07-01T00:00:00.000+00:00,Cryo-EM structure of a soluble HCV E1E2 antigen in complex with AT1211 fab
9Z60,EMD-73829,3.53,2026-07-29T00:00:00.000+00:00,"Structure of the sodium-dependent phosphate importer SLC34A2, apo"
9Z61,EMD-73830,3.68,2026-07-29T00:00:00.000+00:00,"Structure of the sodium-dependent phosphate importer SLC34A2, Na+-bound"
9Z62,EMD-73831,3.1,2026-07-29T00:00:00.000+00:00,"Structure of the sodium-dependent phosphate importer SLC34A2, Pi- and Na+-bound"
9Z63,EMD-73832,3.02,2026-07-29T00:00:00.000+00:00,"Structure of the sodium-dependent phosphate importer SLC34A2, PFA- and Na+-bound"
9Z64,EMD-73833,3.11,2026-07-29T00:00:00.000+00:00,"Structure of the sodium-dependent phosphate importer SLC34A2 S135C, apo"
9Z66,EMD-73834,3.31,2026-07-29T00:00:00.000+00:00,"Structure of the sodium-dependent phosphate importer SLC34A2 S135C, Pi- and Na+-bound"
9Z67,EMD-73838,3.32,2026-06-10T00:00:00.000+00:00,Cryo-EM structure of human Wntless-Wnt5a 2:2 complex - Composite map
9Z6N,EMD-73843,3.7,2026-07-29T00:00:00.000+00:00,Human NIPA2 transporter in the presence of EDTA
9Z6T,EMD-73857,2.6,2026-05-20T00:00:00.000+00:00,Human HCN1 in complex with cAMP in nanodisc
9Z6U,EMD-73861,2.87,2026-02-04T00:00:00.000+00:00,The structure of TMD with 2 TARPs and 2 CNIHs from all native AMPA receptor subtypes
9Z6V,EMD-73862,3.0,2026-02-04T00:00:00.000+00:00,The structure of TMD with 3 TARPs and 1 CNIH from all native AMPA receptor subtypes
9Z6W,EMD-73863,2.99,2026-02-04T00:00:00.000+00:00,The structure of TMD with 4 TARPs from all native AMPA receptor subtypes
9Z6Y,EMD-73864,2.6,2026-04-29T00:00:00.000+00:00,Structure of the elongating EcDRT3 reverse transcriptase in complex with its non-coding RNA
9Z6Z,EMD-73865,2.6,2026-04-29T00:00:00.000+00:00,Structure of the resting EcDRT3 reverse transcriptase in complex with its non-coding RNA
9Z76,EMD-73869,3.32,2026-06-03T00:00:00.000+00:00,Cryo-EM structure of Enterotoxigenic Escherichia coli autotransporter A (EatA) complexed with the fragment antigen binding domain of monoclonal antibody 25
9Z77,EMD-73870,3.7,2026-06-03T00:00:00.000+00:00,Cryo-EM structure of Enterotoxigenic Escherichia coli autotransporter A (EatA) complexed with the fragment antigen binding domain of monoclonal antibody G12
9Z78,EMD-73871,2.64,2026-06-03T00:00:00.000+00:00,Cryo-EM structure of Enterotoxigenic Escherichia coli autotransporter A (EatA) complexed with the fragment antigen binding domain of monoclonal antibody 15
9Z79,EMD-73872,2.66,2026-06-03T00:00:00.000+00:00,Cryo-EM structure of Enterotoxigenic Escherichia coli autotransporter A (EatA) complexed with the fragment antigen binding domain of monoclonal antibody 40
9Z7A,EMD-73873,1.99,2026-06-03T00:00:00.000+00:00,Cryo-EM structure of Secreted extracellular protein A (SepA) from Shigella flexneri complexed with the fragment antigen binding domain of monoclonal antibody 40
9Z7B,EMD-73874,2.69,2026-06-03T00:00:00.000+00:00,Cryo-EM structure of Protein involved in colonization (Pic) from Enteroaggregative Escherichia coli complexed with the fragment antigen binding domain of monoclonal antibody 40
9Z7P,EMD-73876,2.7,2026-01-28T00:00:00.000+00:00,Stable open sheep connexin-46 in amphipol at low pH
9Z7Q,EMD-73877,3.0,2026-07-15T00:00:00.000+00:00,Cryo-EM Structure of the Type III-Bv CRISPR Complex from Dissulfurispira thermophila bound to a crRNA
9Z7R,EMD-73878,3.5,2026-07-29T00:00:00.000+00:00,Human NIPA2 with magnesium
9Z7S,EMD-73879,3.5,2026-07-29T00:00:00.000+00:00,Human NIPA2 mutant A75T
9Z7T,EMD-73880,3.9,2026-07-29T00:00:00.000+00:00,Human NIPA2 with ATP
9Z7U,EMD-73881,2.0,2026-02-25T00:00:00.000+00:00,Human Stomatin - C8 Symmetry
9Z7V,EMD-73882,3.0,2026-07-15T00:00:00.000+00:00,Cryo-EM Structure of the Type III-Bv CRISPR Complex from Dissulfurispira thermophila bound to target RNA with complementary PFS
9Z7W,EMD-73876,2.7,2026-01-28T00:00:00.000+00:00,Stable open sheep connexin-50 in amphipol at low pH
9Z7X,EMD-73883,2.9,2026-07-15T00:00:00.000+00:00,Cryo-EM Structure of the Type III-Bv CRISPR Complex from Dissulfurispira thermophila bound to target RNA with non-complementary PFS
9Z80,EMD-73884,3.17,2026-03-11T00:00:00.000+00:00,SARS-CoV-2 S2 in complex with polyclonal Fab_Donor1
9Z81,EMD-73885,2.0,2026-01-28T00:00:00.000+00:00,Stable open state sheep connexin-46 in DMPC nanodiscs at neutral pH
9Z82,EMD-73885,2.0,2026-01-28T00:00:00.000+00:00,Stable open state sheep connexin-50 in DMPC nanodiscs at neutral pH
9Z8F,EMD-73896,2.2,2026-01-28T00:00:00.000+00:00,Destabilized open state sheep connexin-46 in DMPC nanodiscs at neutral pH
9Z8L,EMD-73896,2.2,2026-01-28T00:00:00.000+00:00,Destabilized open state sheep connexin-50 in DMPC nanodiscs at neutral pH
9Z8M,EMD-73900,2.7,2026-01-28T00:00:00.000+00:00,Gated state sheep connexin-46 in DMPC nanodiscs at neutral pH
9Z9B,EMD-73900,2.7,2026-01-28T00:00:00.000+00:00,Gated state sheep connexin-50 in DMPC nanodiscs at neutral pH
9Z9G,EMD-73942,2.5,2026-01-28T00:00:00.000+00:00,Stable open state sheep connexin-46 in DMPC nanodiscs at low pH
9Z9H,EMD-73942,2.5,2026-01-28T00:00:00.000+00:00,Stable open state sheep connexin-50 in DMPC nanodiscs at low pH
9Z9L,EMD-73949,3.49,2026-04-22T00:00:00.000+00:00,Q23.MD39 in Complex with Fabs from antibodies CH01 and 35O22
9Z9S,EMD-73957,2.2,2026-01-28T00:00:00.000+00:00,Destabilized open state sheep connexin-46 in DMPC nanodiscs at low pH
9Z9W,EMD-73957,2.2,2026-01-28T00:00:00.000+00:00,Destabilized open state sheep connexin-50 in DMPC nanodiscs at low pH
9Z9X,EMD-73962,2.3,2026-01-28T00:00:00.000+00:00,Gated state sheep connexin-46 in DMPC nanodiscs at low pH
9Z9Y,EMD-7396,2.3,2026-01-28T00:00:00.000+00:00,Gated state sheep connexin-50 in DMPC nanodiscs at low pH
9ZA1,EMD-73963,3.4,2026-06-10T00:00:00.000+00:00,cryoEM structure of COMMD-like protein S4Y171 octamer
9ZA3,EMD-73965,2.4,2026-01-28T00:00:00.000+00:00,Asymmetrically gated state sheep connexin-46 in DMPC nanodiscs at low pH
9ZA4,EMD-73965,2.4,2026-01-28T00:00:00.000+00:00,Asymmetrically gated state sheep connexin-50 in DMPC nanodiscs at low pH
9ZAW,EMD-73971,2.29,2026-05-27T00:00:00.000+00:00,HMG-CoA synthase 1 (HMGCS1) bound to inhibitor compound CNP7
9ZB5,EMD-73975,3.29,2026-06-10T00:00:00.000+00:00,Cryo-EM structure of the parainfluenza virus hemagglutinin-neuraminidase protein in complex with the human antibodies PIV3HN-05 and PIV3HN-13
9ZB9,EMD-73979,1.95,2026-09-09T00:00:00.000+00:00,Cryo-EM Structure of Human GGPPS Bound to Selective Inhibitor CML-07-119
9ZBA,EMD-73980,2.15,2026-09-09T00:00:00.000+00:00,Human GGPPS Bound to Selective Inhibitor CML-07-119 in theShielded Binding Site Conformation
9ZBB,EMD-73981,2.27,2026-09-09T00:00:00.000+00:00,Human GGPPS Bound to Selective Inhibitor CML-07-119 in the Exposed Binding Site Conformation
9ZBC,EMD-73982,2.25,2026-09-09T00:00:00.000+00:00,Human GGPPS in the Open Hexamer Conformation
9ZBD,EMD-73983,2.36,2026-09-09T00:00:00.000+00:00,Human GGPPS in the Closed Hexamer Conformation
9ZBI,EMD-73989,3.0,2026-04-15T00:00:00.000+00:00,The cryo-EM structure of Pakpunavirus P7-1 head(capsid:decoration protein)
9ZBJ,EMD-73991,3.2,2026-04-15T00:00:00.000+00:00,Cryo-EM structure of human apo mTORC2
9ZBK,EMD-73992,2.6,2026-04-15T00:00:00.000+00:00,mTORC2 in complex with Akt1
9ZBL,EMD-73993,2.79,2026-01-14T00:00:00.000+00:00,Helical Reconstruction of the Human Cardiac F-Actin-Tropomyosin Complex
9ZBP,EMD-73996,3.12,2026-01-14T00:00:00.000+00:00,Helical Reconstruction of the Complex of Pseudo-Acetylated Human Cardiac Actin (K326/328Q) and Tropomyosin
9ZBS,EMD-73999,3.6,2026-04-15T00:00:00.000+00:00,The cryo-EM structure of Pakpunavirus P7-1 neck (portal:H-t-T:collar:gateway)
9ZBT,EMD-74008,3.22,2026-05-27T00:00:00.000+00:00,Visualization of PriA/PriB/DnaT complexes reveals mechanisms governing structure-specific assembly of the DNA replication restart primosome
9ZBU,EMD-74009,3.6,2026-05-27T00:00:00.000+00:00,Visualization of PriA/PriB/DnaT complexes reveals mechanisms governing structure-specific assembly of the DNA replication restart primosome
9ZBV,EMD-74011,3.2,2026-01-21T00:00:00.000+00:00,Human TTR-C10A at pH 7.4
9ZCD,EMD-74034,2.7,2026-04-15T00:00:00.000+00:00,Flavobacterium johnsoniae 30S ribosomal subunit.
9ZCN,EMD-74036,3.5,2026-03-25T00:00:00.000+00:00,"Avian TRPM8 (Parus major) fully-swapped, closed, ligand-free in the presence of calcium, structure resolved in cell vesicles"
9ZCO,EMD-74037,3.45,2026-03-25T00:00:00.000+00:00,"Avian TRPM8 (Parus major) semi-swapped, closed, ligand-free in the presence of calcium, structure resolved in cell vesicles"
9ZCP,EMD-74038,3.55,2026-03-25T00:00:00.000+00:00,"Avian TRPM8 (Parus major) fully swapped closed, calcium free, in the presence of menthol, resolved in cell vesicles"
9ZCQ,EMD-74039,3.57,2026-03-25T00:00:00.000+00:00,"Avian TRPM8 (Parus major) semi-swapped, closed, calcium free, menthol bound structure resolved in cell vesicles"
9ZCR,EMD-74040,3.07,2026-03-25T00:00:00.000+00:00,"Parus major TRPM8 with a chimeric human outer pore loops, semi-swapped, ligand-free, cold, structure resolved in GDN"
9ZCU,EMD-74041,2.86,2026-03-25T00:00:00.000+00:00,"Human TRPM8 V915Y fully-swapped, closed, ligand-free structure resolved in GDN"
9ZCV,EMD-74042,3.65,2026-03-25T00:00:00.000+00:00,"Human TRPM8 fully-swapped, desensitized, ligand-free structure at 4 degrees Celsius resolved in cell vesicles"
9ZCW,EMD-74043,1.9,2026-04-01T00:00:00.000+00:00,Cryo-EM structure of the engineered vector AAV2.ATX002
9ZCY,EMD-74045,2.5,2026-08-05T00:00:00.000+00:00,Cryo-EM structure of apo-ATR-ATRIP
9ZCZ,EMD-74046,2.3,2026-02-25T00:00:00.000+00:00,C4 local refinement of stomatin-bound aquaporin (human)
9ZD0,EMD-74047,2.8,2026-02-25T00:00:00.000+00:00,C3 local refinement of Urea Transporter B (SLC14A1) bound to human stomatin oligomer
9ZD1,EMD-74048,3.2,2026-08-05T00:00:00.000+00:00,Cryo-EM structure of ATR-ATRIP-TOPBP1 AAD
9ZD2,EMD-74049,3.1,2026-02-25T00:00:00.000+00:00,C1 local refinement of aquaporin 1 bound to endogenous human stomatin
9ZD3,EMD-74050,3.0,2026-08-05T00:00:00.000+00:00,Cryo-EM structure of ATR-ATRIP-ETAA1 AAD
9ZD4,EMD-74051,3.3,2026-08-05T00:00:00.000+00:00,Cryo-EM structure of symmetric class of ATR-ATRIP-ETAA1 AAD
9ZD5,EMD-74052,2.2,2026-03-04T00:00:00.000+00:00,Human Stomatin - intramembrane region
9ZD8,EMD-74057,3.6,2026-04-15T00:00:00.000+00:00,The cryo-EM structure of Pakpunavirus P7-1 baseplate in extended status
9ZDQ,EMD-74071,2.51,2026-09-16T00:00:00.000+00:00,Cryo-EM structure of ARAF-MEK1 complex with GDC-0879 and a covalent MEK inhibitor TWG-07-148
9ZDW,EMD-74075,3.6,2026-01-21T00:00:00.000+00:00,"Pseudomonas phage DEV delta-gp53 mutant neck and tail (portal, head-to-tail and tail tube proteins)"
9ZDX,EMD-74076,2.95,2026-04-08T00:00:00.000+00:00,Dimer of ATPase BrxC containing a Walker B mutation and bound to ATP from the Acinetobacter BREX system
9ZDY,EMD-74078,3.9,2026-09-16T00:00:00.000+00:00,Human TTR-C10A at pH 4
9ZE0,EMD-74082,3.43,2026-04-15T00:00:00.000+00:00,Cryo-EM structure of the endogenous U2/branchpoint spliceosomal complex (Proximal DHX15 state)
9ZE2,EMD-74089,3.26,2026-04-15T00:00:00.000+00:00,Cryo-EM structure of the endogenous U2/branchpoint spliceosomal complex (core)
9ZE3,EMD-74090,3.93,2026-04-15T00:00:00.000+00:00,Cryo-EM structure of the endogenous U2/branchpoint spliceosomal complex (Distal DHX15 state)
9ZEC,EMD-74099,3.61,2026-04-15T00:00:00.000+00:00,Cryo-EM structure of the endogenous U2/branchpoint spliceosomal complex (SF3A state 1)
9ZED,EMD-74100,3.94,2026-04-15T00:00:00.000+00:00,Cryo-EM structure of the endogenous U2/branchpoint spliceosomal complex (SF3A state 2)
9ZEN,EMD-74113,3.17,2026-03-04T00:00:00.000+00:00,Competition for different elements of the nucleosome acidic patch yields distinct functional outcomes. VHH 1B2
9ZEO,EMD-74114,3.1,2026-03-04T00:00:00.000+00:00,Competition for different elements of the nucleosome acidic patch yields distinct functional outcomes. VHH 1G1
9ZEZ,EMD-74123,3.41,2026-04-08T00:00:00.000+00:00,"Avian TRPM8 (Parus major) semi-swapped, calcium free, menthol bound structure resolved in cell vesicles"
9ZF0,EMD-74124,3.71,2026-03-25T00:00:00.000+00:00,"Human TRPM8 fully-swapped, ligand-free structure in the absence of calcium at 4 degrees Celsius resolved in cell vesicles"
9ZFO,EMD-74146,3.05,2026-03-18T00:00:00.000+00:00,Cryo-EM Structure of Human STAT2-USP18-ISG15 Complex
9ZFY,EMD-74165,3.55,2026-05-27T00:00:00.000+00:00,7160 Fab in complex with Plasmodium falciparum rsCSP
9ZFZ,EMD-74167,3.3,2026-05-27T00:00:00.000+00:00,7118 Fab in complex with Plasmodium falciparum rsCSP
9ZGF,EMD-74190,3.1,2026-06-10T00:00:00.000+00:00,The complex of HSV-1 proteins UL9 and ICP8 with forked DNA
9ZHH,EMD-74236,3.4,2026-07-29T00:00:00.000+00:00,"Cryo-EM structure of IGFBP7 dodecamer. The 3D refinement was focused on the central part of the dodecamer, which contains 12 IgC2 domains."
9ZI8,EMD-74265,3.18,2026-05-13T00:00:00.000+00:00,"Cryo-EM structure of Geobacillus stearothermophilus RNase P holoenzyme in 1 mM Mg2+, conformer 1"
9ZI9,EMD-74266,3.2,2026-05-13T00:00:00.000+00:00,"Cryo-EM structure of Geobacillus stearothermophilus RNase P holoenzyme in 1 mM Mg2+, conformer 2"
9ZIB,EMD-74268,3.1,2026-05-13T00:00:00.000+00:00,"Cryo-EM structure of Geobacillus stearothermophilus RNase P holoenzyme in 1 mM Mg2+, conformer 3"
9ZIC,EMD-74269,3.2,2026-05-13T00:00:00.000+00:00,"Cryo-EM structure of Geobacillus stearothermophilus RNase P holoenzyme in 1 mM Mg2+, conformer 4"
9ZID,EMD-74270,3.4,2026-05-13T00:00:00.000+00:00,"Cryo-EM structure of Geobacillus stearothermophilus RNase P holoenzyme in 1 mM Mg2+, conformer 5"
9ZIE,EMD-74271,3.16,2026-05-13T00:00:00.000+00:00,"Cryo-EM structure of Geobacillus stearothermophilus RNase P holoenzyme in 1 mM Mg2+, conformer 6"
9ZIF,EMD-74272,3.0,2026-05-13T00:00:00.000+00:00,"Cryo-EM structure of Geobacillus stearothermophilus RNase P holoenzyme in 1 mM Mg2+, conformer 7"
9ZIG,EMD-74273,3.44,2026-05-13T00:00:00.000+00:00,"Cryo-EM structure of Geobacillus stearothermophilus RNase P holoenzyme in 1 mM Mg2+, conformer 8"
9ZIH,EMD-74274,3.07,2026-05-13T00:00:00.000+00:00,"Cryo-EM structure of Geobacillus stearothermophilus RNase P holoenzyme in 1 mM Mg2+, conformer 9"
9ZII,EMD-74275,3.09,2026-05-13T00:00:00.000+00:00,"Cryo-EM structure of Geobacillus stearothermophilus RNase P holoenzyme in 1 mM Mg2+, conformer 10"
9ZIJ,EMD-74276,3.35,2026-05-13T00:00:00.000+00:00,"Cryo-EM structure of Geobacillus stearothermophilus RNase P holoenzyme in 1 mM Mg2+, conformer 11"
9ZIK,EMD-74277,3.33,2026-05-13T00:00:00.000+00:00,"Cryo-EM structure of Geobacillus stearothermophilus RNase P holoenzyme in 1 mM Mg2+, conformer 12"
9ZIL,EMD-74278,3.1,2026-05-13T00:00:00.000+00:00,"Cryo-EM structure of Geobacillus stearothermophilus RNase P holoenzyme in 1 mM Mg2+, conformer 13"
9ZIM,EMD-74279,3.21,2026-05-13T00:00:00.000+00:00,"Cryo-EM structure of Geobacillus stearothermophilus RNase P holoenzyme in 1 mM Mg2+, conformer 14"
9ZIN,EMD-74280,3.25,2026-05-13T00:00:00.000+00:00,"Cryo-EM structure of Geobacillus stearothermophilus RNase P holoenzyme in 1 mM Mg2+, conformer 15"
9ZIU,EMD-74284,3.45,2026-05-13T00:00:00.000+00:00,"Cryo-EM structure of Geobacillus stearothermophilus RNase P holoenzyme in 1 mM Mg2+, conformer 16"
9ZIV,EMD-74285,3.5,2026-05-13T00:00:00.000+00:00,"Cryo-EM structure of Geobacillus stearothermophilus RNase P holoenzyme in 1 mM Mg2+, conformer 17"
9ZIW,EMD-74286,3.4,2026-05-13T00:00:00.000+00:00,"Cryo-EM structure of Geobacillus stearothermophilus RNase P holoenzyme in 1 mM Mg2+, conformer 18"
9ZIX,EMD-74287,3.68,2026-05-13T00:00:00.000+00:00,"Cryo-EM structure of Geobacillus stearothermophilus RNase P holoenzyme in 1 mM Mg2+, conformer 20"
9ZIY,EMD-74288,3.3,2026-05-13T00:00:00.000+00:00,"Cryo-EM structure of Geobacillus stearothermophilus RNase P holoenzyme in 1 mM Mg2+, conformer 21"
9ZIZ,EMD-74289,3.24,2026-05-13T00:00:00.000+00:00,"Cryo-EM structure of Geobacillus stearothermophilus RNase P holoenzyme in 1 mM Mg2+, conformer 19"
9ZJN,EMD-74329,3.2,2026-07-29T00:00:00.000+00:00,Cryo-EM structure of the Arabidopsis salicylic acid-bound NPR1-MED15 complex
9ZJR,EMD-74339,2.53,2026-02-25T00:00:00.000+00:00,"Human sterile alpha motif domain-containing protein 9 (SAMD9), monomer"
9ZJS,EMD-74340,3.04,2026-02-25T00:00:00.000+00:00,"Human sterile alpha motif domain-containing protein 9 (SAMD9), asymmetric dimer ""shell"" shape"
9ZJT,EMD-74341,2.22,2026-06-24T00:00:00.000+00:00,PSI-IsiA Complex from Anabaena 7120
9ZJU,EMD-74342,2.6,2026-02-25T00:00:00.000+00:00,"Human sterile alpha motif domain-containing protein 9 (SAMD9), symmetric dimer"
9ZJV,EMD-74343,3.13,2026-02-25T00:00:00.000+00:00,"Human sterile alpha motif domain-containing protein 9 (SAMD9), asymmetric dimer ""wing"" shape"
9ZJW,EMD-74344,2.8,2026-02-25T00:00:00.000+00:00,"Human sterile alpha motif domain-containing protein 9 (SAMD9), loss-of-function mutant R837A"
9ZJZ,EMD-74347,2.87,2026-02-25T00:00:00.000+00:00,"Human sterile alpha motif domain-containing protein 9 (SAMD9), loss-of-function mutant R685Q/G686C/I968C"
9ZK8,EMD-74353,3.18,2026-09-16T00:00:00.000+00:00,Structure of RY12 domain of rabbit RyR1 complexed with ADP and Mg2+ (mimicking physiological conditions; bound and closed RY12)
9ZK9,EMD-74357,3.09,2026-09-16T00:00:00.000+00:00,Structure of RY12 domain of rabbit RyR1 in the presence of dantrolene and Mg2+ (open RY12 conformation)
9ZKA,EMD-74359,2.64,2026-09-16T00:00:00.000+00:00,"Structure of RY12 domain of rabbit RyR1 in the presence of ATP, Mg2+, and Ca2+ (open RY12 conformation)"
9ZKC,EMD-74362,2.66,2026-09-16T00:00:00.000+00:00,"Structure of RY12 domain of rabbit RyR1 in the presence of ATP, ADP, and Mg2+ (mimicking physiological conditions; unbound and open RY12)"
9ZKD,EMD-74364,2.32,2026-09-16T00:00:00.000+00:00,Structure of RY12 domain of rabbit RyR1 complexed with ADP and Mg2+ (mimicking muscle fatigue)
9ZKE,EMD-74365,2.96,2026-09-16T00:00:00.000+00:00,Structure of RY12 domain of rabbit RyR1 complexed with ARM210 and ATP
9ZKM,EMD-74377,3.13,2026-04-29T00:00:00.000+00:00,The LBD-TMD structure of native mouse AMPAR with 4 TARPs
9ZKN,EMD-74378,2.8,2026-04-29T00:00:00.000+00:00,The TMD structure of native mouse AMPAR with 4 TARPs
9ZKO,EMD-74379,3.04,2026-04-29T00:00:00.000+00:00,The LBD-TMD structure of native mouse AMPAR with 2 TARPs 2 CNIHs
9ZKP,EMD-74380,2.87,2026-04-29T00:00:00.000+00:00,The TMD structure of native mouse AMPAR with 2 TARPs 2 CNIHs
9ZKQ,EMD-74381,3.36,2026-04-29T00:00:00.000+00:00,The LBD-TMD structure of native mouse AMPAR with 3 TARPs 1 CNIH
9ZKR,EMD-74382,3.08,2026-04-29T00:00:00.000+00:00,The TMD structure of native mouse AMPAR with 3 TARPs 1 CNIH
9ZKS,EMD-74383,3.36,2026-04-29T00:00:00.000+00:00,The LBD-TMD structure of native mouse AMPAR with 2 TARPs 2 CNIHs and PRRT1/SynDIG4
9ZKT,EMD-74384,3.04,2026-04-29T00:00:00.000+00:00,The TMD structure of native mouse AMPAR with 2 TARPs 2 CNIHs and PRRT1/SynDIG4
9ZKU,EMD-74385,3.75,2026-04-29T00:00:00.000+00:00,The LBD-TMD structure of native mouse AMPAR with 3 TARPs 1 CNIH and PRRT1/SynDIG4
9ZKV,EMD-74386,3.45,2026-04-29T00:00:00.000+00:00,The LBD-TMD structure of native mouse AMPAR with 2 TARPs
9ZKW,EMD-74387,3.33,2026-04-29T00:00:00.000+00:00,The LBD-TMD structure of native mouse AMPAR with 3 TARPs
9ZL7,EMD-74394,2.77,2026-09-16T00:00:00.000+00:00,Structure of RY12 domain of rabbit RyR1 complexed with ATP and 4-chloro-m-cresol
9ZLA,EMD-74396,3.1,2026-08-12T00:00:00.000+00:00,Unbound 106-N-32 nucleosome from SRCAP-CFDP1-nucleosome binding reaction
9ZLC,EMD-74398,2.52,2026-09-16T00:00:00.000+00:00,Structure of rabbit RyR1 RY12 domain complexed with ADP and Mg2+
9ZLD,EMD-74399,2.9,2026-04-15T00:00:00.000+00:00,"Cryo-EM structure of hepatic amyloid fibril from a variant ATTRV122delta, single filament morphology"
9ZLF,EMD-74402,2.71,2026-09-16T00:00:00.000+00:00,Structure of RY12 domain of rabbit RyR1 complexed with dantrolene and ATP
9ZLH,EMD-74403,2.14,2026-09-16T00:00:00.000+00:00,Structure of RY12 domain of rabbit RyR1 complexed with dantrolene and ADP
9ZLK,EMD-74405,2.79,2026-06-10T00:00:00.000+00:00,Cryo-EM structure of MgtA with bound AMPPCP and magnesium
9ZLY,EMD-74415,3.07,2026-07-01T00:00:00.000+00:00,HSV-1 UL32 tripentamer
9ZM2,EMD-74419,3.29,2026-07-01T00:00:00.000+00:00,Human cytomegalovirus UL52 4-mer
9ZMM,EMD-74422,3.89,2026-09-16T00:00:00.000+00:00,CryoEM structure of Ku heterodimer bound to N7 nucleosome
9ZN6,EMD-74436,2.58,2026-09-16T00:00:00.000+00:00,"Structure of rabbit RyR1 complexed with FKBP12.6 and calmodulin in the presence of dantrolene, ADP, 4-chloro-m-cresol, caffeine, and Mg2+"
9ZN7,EMD-74437,2.23,2026-09-16T00:00:00.000+00:00,"Structure of rabbit RyR1 complexed with FKBP12.6 and calmodulin in the presence of ATP, ADP, and Mg2+ (mimicking muscle fatigue)"
9ZN8,EMD-74438,2.57,2026-09-16T00:00:00.000+00:00,"Structure of rabbit RyR1 complexed with FKBP12.6 and calmodulin in the presence of ATP, ADP, and Mg2+ (mimicking physiological conditions)"
9ZN9,EMD-74439,2.77,2026-09-16T00:00:00.000+00:00,"Structure of rabbit RyR1 complexed with FKBP12.6, calmodulin, ATP, 4-chloro-m-cresol, and caffeine"
9ZNA,EMD-74441,2.37,2026-09-16T00:00:00.000+00:00,"Structure of rabbit RyR1 complexed with FKBP12.6, calmodulin, ADP, 4-chloro-m-cresol, caffeine, and Mg2+"
9ZNC,EMD-74444,3.93,2026-09-16T00:00:00.000+00:00,CryoEM structure of the DNA-PK complex bound to N20 nucleosome
9ZND,EMD-74445,3.09,2026-09-16T00:00:00.000+00:00,"Structure of rabbit RyR1 complexed with FKBP12.6 and calmodulin in the presence of dantrolene, ATP, 4-chloro-m-cresol, caffeine, and Mg2+"
9ZNF,EMD-74446,2.03,2026-01-28T00:00:00.000+00:00,Cryo-EM structure of the Methanosarcina acetivorans 70S ribosome in complex with SriA and SriB
9ZNG,EMD-74447,2.06,2026-01-28T00:00:00.000+00:00,Cryo-EM structure of the Methanosarcina acetivorans 70S ribosome in complex with SriD
9ZNI,EMD-74448,2.89,2026-01-28T00:00:00.000+00:00,Cryo-EM structure of the Methanosarcina acetivorans 70S ribosome in complex with SriC and SriD
9ZNN,EMD-74451,2.9,2026-02-04T00:00:00.000+00:00,Cryo-EM structure of human UDP-N-acetylglucosamine-dolichyl-phosphate N-acetylglucosaminephosphotransferase (DPAGT1) in complex with APPB
9ZNO,EMD-74452,2.91,2026-02-04T00:00:00.000+00:00,Cryo-EM structure of Hydrogenivirga sp. MraY in complex with APPB
9ZNP,EMD-74453,3.0,2026-08-05T00:00:00.000+00:00,Sub-tomogram averaged structure of E. Coli DNA protection during starvation protein (DPS)
9ZOB,EMD-74481,3.8,2026-09-16T00:00:00.000+00:00,"CryoEM structure of DNA-PK bound to N7 nucleosome, state 2"
9ZOF,EMD-74490,3.37,2026-08-05T00:00:00.000+00:00,Cryo-EM structure of the complete Sulfolobus acidocaldarius RNA polymerase in closed clamp conformation
9ZOH,EMD-74496,3.87,2026-08-05T00:00:00.000+00:00,Cryo-EM structure of the complete Sulfolobus acidocaldarius RNA polymerase in open clamp conformation
9ZP1,EMD-74513,2.6,2026-07-29T00:00:00.000+00:00,E. coli RNA polymerase elongation complex containing the unnatural dP:Z*TP base pair in a trigger-loop-open conformation (a)
9ZP2,EMD-74514,2.64,2026-07-29T00:00:00.000+00:00,E. coli RNA polymerase elongation complex containing the unnatural dP:Z*TP base pair in a trigger-loop-open conformation (b)
9ZP3,EMD-74515,2.75,2026-07-29T00:00:00.000+00:00,E. coli RNA polymerase elongation complex containing the unnatural dP:Z*TP base pair in a trigger-loop-closed conformation
9ZP4,EMD-74516,2.42,2026-09-02T00:00:00.000+00:00,E. coli RNA polymerase elongation complex containing the unnatural dZ:PTP base pair in a trigger-loop-closed conformation
9ZP9,EMD-74524,3.88,2026-09-16T00:00:00.000+00:00,"CryoEM structure of DNA-PK bound to N7 nucleosome, state 1"
9ZPK,EMD-74528,3.31,2026-08-05T00:00:00.000+00:00,Cryo-EM structure of the complete Saccharomyces cerevisiae RNA polymerase II in closed clamp conformation
9ZPL,EMD-74529,3.75,2026-08-05T00:00:00.000+00:00,Cryo-EM structure of the complete Saccharomyces cerevisiae RNA polymerase II in open clamp conformation
9ZPO,EMD-74531,3.67,2026-01-14T00:00:00.000+00:00,Cryo-EM structure of KCa3.1_I/calmodulin channel in complex with SKA31.
9ZPT,EMD-74533,3.39,2026-01-14T00:00:00.000+00:00,Cryo-EM structure of KCa3.1_II/calmodulin channel in complex with SKA31.
9ZPV,EMD-74534,2.07,2026-01-14T00:00:00.000+00:00,CNGA1 channel closed state in nanodisc cGMP-free
9ZPW,EMD-74535,2.47,2026-01-14T00:00:00.000+00:00,CNGA1 channel intermediate state in nanodisc cGMP-bound
9ZPX,EMD-74536,2.64,2026-01-14T00:00:00.000+00:00,CNGA1 channel open state in nanodisc cGMP-bound
9ZPY,EMD-74537,2.48,2026-01-14T00:00:00.000+00:00,CNGA1 channel closed state in nanodisc with brain PIP2 cGMP-free
9ZPZ,EMD-74538,2.64,2026-01-14T00:00:00.000+00:00,CNGA1 channel intermediate state in nanodisc with brain PIP2 cGMP-bound
9ZQ0,EMD-74539,2.11,2026-01-14T00:00:00.000+00:00,CNGA1 channel closed state in nanodisc with diC8-PIP2 cGMP-free
9ZQ1,EMD-74540,2.22,2026-01-14T00:00:00.000+00:00,CNGA1 channel intermediate state in nanodisc with diC8-PIP2 cGMP-bound
9ZQ6,EMD-74542,2.98,2026-02-04T00:00:00.000+00:00,Structure of SpyCas9 in complex with the anti-CRISPR protein AcrIIA26
9ZQ9,EMD-74561,3.3,2026-03-25T00:00:00.000+00:00,"Nucleosome with an SSB at SHL -2.8 in complex with the WGR domain of human PARP2, Class 1"
9ZQA,EMD-74562,3.28,2026-03-25T00:00:00.000+00:00,"Nucleosome with an SSB at SHL -2.8 in complex with the WGR domain of human PARP2, Class 2"
9ZQB,EMD-74563,2.1,2026-03-25T00:00:00.000+00:00,"Nucleosome with an SSB at SHL -2.8 in complex with human PARP2 and HPF1, Class 1"
9ZQC,EMD-74564,2.37,2026-03-25T00:00:00.000+00:00,"Nucleosome with an SSB at SHL -2.8 in complex with human PARP2 and HPF1, Class 2"
9ZQR,EMD-74576,2.9,2026-07-29T00:00:00.000+00:00,Composite map of the bGDH di-hexamer in apo form
9ZQS,EMD-74577,2.52,2026-07-29T00:00:00.000+00:00,Mono-hexameric bGDH map in apo form
9ZQT,EMD-74581,3.5,2026-07-29T00:00:00.000+00:00,Composite map of the bGDH di-hexamer in liganded form
9ZQU,EMD-74582,2.18,2026-07-29T00:00:00.000+00:00,Mono-hexameric bGDH map in liganded form
9ZQY,EMD-74584,3.09,2026-09-09T00:00:00.000+00:00,Structural insights into the exosite-mediated activation of Factor IX by Factor XIa using cryoEM
9ZR7,EMD-74594,3.28,2026-06-10T00:00:00.000+00:00,Cryo-EM structure of NRAS(Q61K)-BRIL fusion in complex with Fab(BAG2) and Monobody(Mb24)
9ZRG,EMD-74615,3.1,2026-02-18T00:00:00.000+00:00,Structure of naked mole-rat ribosome (non-rotated)
9ZRJ,EMD-74618,3.4,2026-06-17T00:00:00.000+00:00,cryoEM structure of hexametric HtrA from Borrelia burgdorferi with bound peptides in the active sites
9ZRK,EMD-74625,2.99,2026-01-14T00:00:00.000+00:00,Cryo-EM structure of KCa3.1_I/calmodulin channel in complex with SKA111.
9ZRL,EMD-74626,3.38,2026-01-14T00:00:00.000+00:00,Cryo-EM structure of KCa3.1_II/calmodulin channel in complex with SKA111.
9ZRQ,EMD-74627,2.77,2026-01-14T00:00:00.000+00:00,Cryo-EM structure of KCa2.2/calmodulin channel in complex with SKA31.
9ZRR,EMD-74628,3.31,2026-05-27T00:00:00.000+00:00,Cryo-EM structure of KCa2.2/calmodulin channel in complex with SKA111.
9ZRS,EMD-74629,3.4,2026-09-16T00:00:00.000+00:00,Shigella flexneri type III secretion system (T3SS) protein IpaD bound to hemolysis blocking Fab D02-F2 and hemolysis enhancing Fab D02-E4
9ZRT,EMD-74630,3.3,2026-09-16T00:00:00.000+00:00,Shigella flexneri type III secretion system (T3SS) protein IpaD bound to hemolysis blocking antibody fragment D13r-34
9ZRX,EMD-74654,3.3,2026-06-03T00:00:00.000+00:00,Cryo-EM structure of SHIV-elicited CE79-1571 Fab in complex with HIV Env trimer Q23-SCT27
9ZRY,EMD-74655,2.9,2026-06-03T00:00:00.000+00:00,Cryo-EM structure of SHIV-elicited CN81-2029 Fab in complex with HIV Env trimer Q23-SCT27
9ZRZ,EMD-74656,2.9,2026-06-03T00:00:00.000+00:00,Cryo-EM structure of SHIV-elicited CI93-1365 Fab in complex with HIV Env trimer Q23-SCT27
9ZS4,EMD-74688,3.8,2026-05-13T00:00:00.000+00:00,S. marcescens Cas10-Csm bound to target RNA
9ZS7,EMD-74699,3.4,2026-08-05T00:00:00.000+00:00,"CryoEM structure of Shaker ILT (V369I,I372L,S376T)"
9ZT5,EMD-74737,3.21,2026-03-11T00:00:00.000+00:00,SARS-CoV-2 S2 in complex with polyclonal Fab-B_Donor3
9ZT6,EMD-74738,2.83,2026-03-11T00:00:00.000+00:00,SARS-CoV-2 S2 in complex with polyclonal Fab-B_Donor8
9ZT7,EMD-74739,3.11,2026-03-11T00:00:00.000+00:00,SARS-CoV-2 S2 in complex with COV2-2509
9ZT8,EMD-74740,2.75,2026-03-11T00:00:00.000+00:00,Stabilized SARS-CoV-2 S2 apo
9ZTC,EMD-74746,3.5,2026-04-22T00:00:00.000+00:00,"Beta-1,3-glucan synthase Fks1 S643P from Saccharomyces Cerevisiae"
9ZTJ,EMD-74755,3.08,2026-08-19T00:00:00.000+00:00,CryoEM structure of H5N1 A/Texas/37/2024 HA bound to Fab H91
9ZTK,EMD-74756,3.7,2026-09-09T00:00:00.000+00:00,Structural insights into the exosite-mediated activation of Factor IX by Factor XIa using cryoEM
9ZTL,EMD-74757,2.91,2026-04-01T00:00:00.000+00:00,Single Particle Cryo EM Analysis of a Ribosome Nascent Globin Complex
9ZUB,EMD-74802,3.65,2026-09-09T00:00:00.000+00:00,Structural insights into the exosite-mediated activation of Factor IX by Factor XIa using cryoEM
9ZUN,EMD-74822,3.55,2026-09-09T00:00:00.000+00:00,Structural insights into the exosite-mediated activation of Factor IX by Factor XIa using cryoEM
9ZV0,EMD-74842,3.24,2026-05-27T00:00:00.000+00:00,CryoEM structure of H5N1 A/Texas/37/2024 HA bound to Fab H70
9ZV1,EMD-74844,2.7,2026-05-27T00:00:00.000+00:00,CryoEM structure of H5N1 A/Texas/37/2024 HA bound to Fab H51
9ZV4,EMD-74855,3.15,2026-06-10T00:00:00.000+00:00,CryoEM structure of H5N1 A/Texas/37/2024 HA bound to Fab H20
9ZV9,EMD-74865,2.79,2026-05-27T00:00:00.000+00:00,CryoEM structure of H5N1 A/Texas/37/2024 HA bound to Fab H77
9ZVH,EMD-74873,2.93,2026-05-27T00:00:00.000+00:00,CryoEM structure of H5N1 A/Texas/37/2024 HA bound to Fab H33
9ZVL,EMD-74879,3.48,2026-05-27T00:00:00.000+00:00,CryoEM structure of H5N1 A/Texas/37/2024 HA bound to Fab H83
9ZVM,EMD-74880,2.85,2026-04-08T00:00:00.000+00:00,Dimer structure of Thlaspi arvense plastid biotin carboxylase
9ZVV,EMD-74892,2.4,2026-07-01T00:00:00.000+00:00,Quasibacillus thermotolerans T=4 encapsulin pore mutant variant Glass 9
9ZVX,EMD-74894,3.4,2026-09-09T00:00:00.000+00:00,Structural insights into the exosite-mediated activation of Factor IX by Factor XIa using cryoEM
9ZW3,EMD-74904,2.4,2026-07-01T00:00:00.000+00:00,Quasibacillus thermotolerans T=4 encapsulin pore mutant variant Letter11
9ZW4,EMD-74905,2.42,2026-07-01T00:00:00.000+00:00,Quasibacillus thermotolerans T=3 encapsulin pore mutant variant Letter11
9ZWE,EMD-74907,2.75,2026-02-04T00:00:00.000+00:00,Soluble ectodomain of Herpes simplex virus 2 (HSV-2) glycoprotein B (gB) in the prefusion conformation in complex with 2c and D48 Fabs
9ZWK,EMD-74910,2.34,2026-04-01T00:00:00.000+00:00,High-resolution cryo-EM structure of KdpFABC in the E1 state in lipid nanodisc
9ZWL,EMD-74911,2.28,2026-04-01T00:00:00.000+00:00,High-resolution cryo-EM structure of KdpFABC in the E1-ATP state in lipid nanodisc
9ZWM,EMD-74912,2.25,2026-04-01T00:00:00.000+00:00,High-resolution cryo-EM structure of KdpFABC in the E1P state in lipid nanodisc
9ZWN,EMD-74913,2.58,2026-04-01T00:00:00.000+00:00,High-resolution cryo-EM structure of KdpFABC in the E2P state in lipid nanodisc
9ZWO,EMD-74914,2.72,2026-04-01T00:00:00.000+00:00,High-resolution cryo-EM structure of KdpFABC in the E2 state in lipid nanodisc
9ZXC,EMD-74919,3.4,2026-07-29T00:00:00.000+00:00,Structure of AT118-R nanobody in complex with the angiotensin II type I receptor bound to losartan
9ZXD,EMD-74920,3.2,2026-07-29T00:00:00.000+00:00,"Structure of AT118-R nanobody in complex with the angiotensin II type I receptor bound to L-162,313"
9ZY0,EMD-74939,3.2,2026-07-15T00:00:00.000+00:00,Cryo-EM structure of the monomeric HIV-2 Vif-human APOBEC3H-CBFbeta complex
9ZY1,EMD-74940,3.2,2026-07-15T00:00:00.000+00:00,Cryo-EM structure of the dimeric HIV-2 Vif-human APOBEC3H-CBFbeta complex
9ZYS,EMD-74964,3.7,2026-07-15T00:00:00.000+00:00,Icosahedral Capsid assembly of phage Oekolampad (Bas18)
9ZZI,EMD-74998,2.06,2026-06-24T00:00:00.000+00:00,Cryo-EM structure of F-actin in the ADP state
9ZZJ,EMD-75003,3.28,2026-06-24T00:00:00.000+00:00,One Lmod2 at the pointed end of F-actin
9ZZM,EMD-75010,3.56,2026-06-24T00:00:00.000+00:00,Two Lmod2s and incoming actin at the pointed end of F-actin
9ZZO,EMD-75011,2.6,2026-06-17T00:00:00.000+00:00,MP1104-bound Kappa Opioid Receptor in complex with beta-arrestin1
9ZZR,EMD-75014,2.95,2026-04-01T00:00:00.000+00:00,Cryo-EM Structure of a RAD51 filament bound by ssDNA and the XRCC3-RAD51C-RAD51D-XRCC2 paralog complex
9ZZY,EMD-75020,3.45,2026-04-29T00:00:00.000+00:00,ssRNA phage PRR1 virion with 3' gRNA
