9W0J_1|Chain	6V4N_2|Chains	27.000	37	238	244	6.603E+00	24
9W0J_1|Chain	6M0S_1|Chain	25.900	52	238	825	1.161E+01	23
9W0J_1|Chain	6C6L_7|Chain	25.900	52	238	840	1.161E+01	23
9W0J_1|Chain	6U59_3|Chains	36.600	30	238	112	1.540E+01	23
9W0J_1|Chain	7STB_1|Chain	26.400	34	238	696	6.310E+01	21
9W0J_1|Chain	7UI6_1|Chains	31.500	19	238	770	8.365E+01	20
9R0N_1|Chain	7UWL_1|Chains	88.800	18	663	188	2.661E-04	40
9R0N_1|Chain	7DKJ_1|Chains	59.300	32	663	599	3.508E-04	40
9R0N_1|Chain	8F6C_2|Chains	30.600	73	663	260	1.063E+00	28
9R0N_1|Chain	7LZJ_1|Chains	32.200	60	663	907	1.684E+01	24
9R0N_1|Chain	7KVF_1|Chain	25.400	51	663	2196	1.684E+01	24
9R0N_1|Chain	7KVE_1|Chain	25.400	51	663	2196	1.684E+01	24
9R0N_1|Chain	6KLC_1|Chain	33.900	53	663	2218	3.858E+01	23
9R0N_1|Chain	7M2Z_2|Chain	33.300	36	663	846	5.085E+01	23
9T3X_1|Chain	6URG_1|Chain	100.000	1443	1443	1443	0.000E+00	2929
9T3X_1|Chain	6BM0_1|Chain	100.000	1443	1443	1443	0.000E+00	2929
9T3X_1|Chain	6BLY_1|Chain	100.000	1443	1443	1443	0.000E+00	2929
9T3X_1|Chain	8G46_1|Chain	24.100	316	1443	864	4.472E-19	90
9T3X_1|Chain	5NV3_1|Chains	29.400	68	1443	467	7.429E+00	27
9T3X_1|Chain	7MFF_1|Chains	42.100	38	1443	245	1.694E+01	25
9T3X_1|Chain	7L7B_3|Chain	28.200	46	1443	1161	1.694E+01	25
9T3X_1|Chain	6SYT_1|Chain	44.700	38	1443	3712	2.230E+01	25
9T3X_1|Chain	6AUI_1|Chains	32.600	51	1443	812	2.935E+01	25
9T3X_1|Chain	7MFF_2|Chains	25.500	89	1443	766	3.862E+01	24
9T3X_1|Chain	6UAN_2|Chains	25.500	89	1443	768	3.862E+01	24
9T3X_1|Chain	6VXK_2|Chains	21.300	73	1443	1545	3.862E+01	24
9T3X_1|Chain	6DBU_1|Chains	45.000	20	1443	1159	5.084E+01	24
9T3X_1|Chain	7WLR_4|Chains	32.500	43	1443	99	6.691E+01	23
9T3X_1|Chain	7M74_3|Chain	32.400	72	1443	306	6.691E+01	23
9T3X_1|Chain	7JHH_3|Chain	32.400	72	1443	306	6.691E+01	23
9T3X_1|Chain	7KA3_1|Chains	27.700	52	1443	363	6.691E+01	23
9T3X_1|Chain	7KA2_1|Chains	27.700	52	1443	363	6.691E+01	23
9T3X_1|Chain	7K9X_1|Chains	27.700	52	1443	363	6.691E+01	23
9T3X_1|Chain	7KA4_1|Chains	27.700	52	1443	363	6.691E+01	23
9T3X_1|Chain	7VDC_1|Chains	27.700	52	1443	364	6.691E+01	23
9T3X_1|Chain	8EHG_1|Chains	27.700	52	1443	364	6.691E+01	23
9T3X_1|Chain	7LZJ_1|Chains	27.100	57	1443	907	6.691E+01	23
9T3X_1|Chain	6T2U_3|Chain	41.000	39	1443	608	8.807E+01	23
9T3X_1|Chain	8B1T_3|Chain	41.000	39	1443	608	8.807E+01	23
9T3X_1|Chain	7MR0_3|Chain	41.000	39	1443	608	8.807E+01	23
9T3X_1|Chain	6SJG_3|Chain	41.000	39	1443	608	8.807E+01	23
9T3X_1|Chain	8B1U_3|Chain	41.000	39	1443	608	8.807E+01	23
9T3X_1|Chain	6T2V_3|Chain	41.000	39	1443	608	8.807E+01	23
9T3X_1|Chain	7MKP_3|Chain	35.400	31	1443	1363	8.807E+01	23
9T3X_1|Chain	7MKD_3|Chain	35.400	31	1443	1407	8.807E+01	23
9T3X_1|Chain	7MKI_4|Chain	35.400	31	1443	1407	8.807E+01	23
9T3X_1|Chain	7MKJ_3|Chain	35.400	31	1443	1407	8.807E+01	23
9T3X_1|Chain	6OMF_3|Chain	35.400	31	1443	1407	8.807E+01	23
9T3X_1|Chain	7MKE_3|Chain	35.400	31	1443	1407	8.807E+01	23
9T3X_1|Chain	7SZJ_3|Chain	35.400	31	1443	1407	8.807E+01	23
9T3X_1|Chain	7KVF_1|Chain	27.900	81	1443	2196	8.807E+01	23
9T3X_1|Chain	7KVE_1|Chain	27.900	81	1443	2196	8.807E+01	23
9SGO_1|Chains	7AG8_1|Chains	99.800	740	772	740	0.000E+00	1556
9SGO_1|Chains	7A7A_1|Chains	99.700	740	772	740	0.000E+00	1551
9SGO_1|Chains	7QET_1|Chains	28.700	65	772	230	3.173E-01	30
9SGO_1|Chains	7QEQ_1|Chains	28.700	65	772	230	3.173E-01	30
9SGO_1|Chains	7QER_1|Chains	28.700	65	772	230	3.173E-01	30
9SGO_1|Chains	6VRS_1|Chains	35.000	40	772	388	5.007E+00	26
9SGO_1|Chains	7UFR_1|Chains	42.800	35	772	1062	5.007E+00	26
9SGO_1|Chains	7UFU_1|Chains	42.800	35	772	1062	5.007E+00	26
9SGO_1|Chains	6Y5A_1|Chains	54.100	24	772	538	6.598E+00	26
9SGO_1|Chains	6Y5B_1|Chains	54.100	24	772	538	6.598E+00	26
9SGO_1|Chains	6Y59_1|Chains	54.100	24	772	538	6.598E+00	26
9SGO_1|Chains	7N8N_2|Chains	40.000	36	772	297	8.694E+00	25
9SGO_1|Chains	7N8N_1|Chains	41.600	32	772	244	1.509E+01	25
9SGO_1|Chains	7JHH_7|Chain	38.800	36	772	159	2.621E+01	24
9SGO_1|Chains	8DR4_1|Chain	45.000	20	772	918	2.621E+01	24
9SGO_1|Chains	8DR6_1|Chain	45.000	20	772	918	2.621E+01	24
9SGO_1|Chains	7LG6_5|Chains	41.600	24	772	214	3.453E+01	23
9SGO_1|Chains	8EOB_1|Chains	45.900	36	772	756	3.453E+01	23
9SGO_1|Chains	6ZOY_1|Chains	75.000	12	772	1247	3.453E+01	23
9SGO_1|Chains	6ZP0_1|Chains	75.000	12	772	1247	3.453E+01	23
9SGO_1|Chains	6ZOZ_1|Chains	75.000	12	772	1247	3.453E+01	23
9SGO_1|Chains	6KLC_1|Chain	26.600	30	772	2218	3.453E+01	23
9SGO_1|Chains	7W84_1|Chain	36.300	33	772	1131	4.550E+01	23
9SGO_1|Chains	6DBU_1|Chains	22.000	130	772	1159	4.550E+01	23
9SGO_1|Chains	7NZM_5|Chain	34.200	37	772	444	5.995E+01	23
9SGO_1|Chains	7P1H_1|Chain	34.200	37	772	827	5.995E+01	23
9SGO_1|Chains	6YSN_1|Chains	34.200	37	772	1146	5.995E+01	23
9SGO_1|Chains	7U65_1|Chains	29.500	57	772	505	7.899E+01	22
9SGO_1|Chains	7U66_1|Chains	29.500	57	772	505	7.899E+01	22
9SGO_1|Chains	7U67_1|Chains	29.500	57	772	505	7.899E+01	22
9SGO_1|Chains	7ZPM_2|Chains	21.600	109	772	757	7.899E+01	22
9SGO_1|Chains	7YHQ_1|Chain	32.300	34	772	757	7.899E+01	22
9OS7_2|Chain	6D05_3|Chains	21.300	221	506	820	1.214E-02	34
9OS7_2|Chain	6D04_3|Chains	21.300	221	506	820	1.214E-02	34
9OS7_2|Chain	7KDT_1|Chain	25.700	70	506	500	1.118E-01	31
9OS7_2|Chain	6T2V_2|Chain	27.100	140	506	1122	1.028E+00	28
9OS7_2|Chain	6T2U_2|Chain	27.100	140	506	1122	1.028E+00	28
9OS7_2|Chain	8B1T_2|Chain	27.100	140	506	1122	1.028E+00	28
9OS7_2|Chain	7MR0_2|Chain	27.100	140	506	1122	1.028E+00	28
9OS7_2|Chain	6SJG_2|Chain	27.100	140	506	1122	1.028E+00	28
9OS7_2|Chain	8B1U_2|Chain	27.100	140	506	1122	1.028E+00	28
9OS7_2|Chain	7USD_1|Chain	29.400	66	506	1253	1.356E+00	27
9OS7_2|Chain	7TFI_4|Chain	27.600	47	506	353	2.362E+00	27
9OS7_2|Chain	8DR4_4|Chain	27.600	47	506	353	2.362E+00	27
9OS7_2|Chain	8DR6_4|Chain	27.600	47	506	353	2.362E+00	27
9OS7_2|Chain	7STB_4|Chain	27.600	47	506	353	2.362E+00	27
9OS7_2|Chain	6U8S_1|Chains	32.100	28	506	514	3.116E+00	26
9OS7_2|Chain	6UA5_1|Chains	32.100	28	506	519	3.116E+00	26
9OS7_2|Chain	6UDP_1|Chains	32.100	28	506	519	3.116E+00	26
9OS7_2|Chain	6UAJ_1|Chains	32.100	28	506	519	3.116E+00	26
9OS7_2|Chain	6U8E_1|Chains	32.100	28	506	519	3.116E+00	26
9OS7_2|Chain	7L7I_2|Chains	22.800	175	506	732	4.112E+00	26
9OS7_2|Chain	7OCF_2|Chains	52.100	23	506	860	4.112E+00	26
9OS7_2|Chain	6J5W_2|Chain	24.600	76	506	852	5.425E+00	25
9OS7_2|Chain	6SYT_1|Chain	28.000	80	506	3712	5.425E+00	25
9OS7_2|Chain	5NV3_1|Chains	26.300	103	506	467	7.158E+00	25
9OS7_2|Chain	7STB_6|Chain	32.000	78	506	401	1.246E+01	24
9OS7_2|Chain	7MKD_5|Chain	21.400	84	506	613	1.246E+01	24
9OS7_2|Chain	7MKI_6|Chain	21.400	84	506	613	1.246E+01	24
9OS7_2|Chain	7MKJ_5|Chain	21.400	84	506	613	1.246E+01	24
9OS7_2|Chain	7MKE_5|Chain	21.400	84	506	613	1.246E+01	24
9OS7_2|Chain	7SZJ_5|Chain	21.400	84	506	613	1.246E+01	24
9OS7_2|Chain	7PPJ_1|Chain	26.500	79	506	919	1.246E+01	24
9OS7_2|Chain	7L7B_1|Chains	40.700	27	506	315	3.776E+01	23
9OS7_2|Chain	7U65_1|Chains	38.700	31	506	505	3.776E+01	23
9OS7_2|Chain	7U66_1|Chains	38.700	31	506	505	3.776E+01	23
9OS7_2|Chain	7U67_1|Chains	38.700	31	506	505	3.776E+01	23
9OS7_2|Chain	7MFF_2|Chains	24.600	69	506	766	3.776E+01	23
9OS7_2|Chain	6UAN_2|Chains	24.600	69	506	768	3.776E+01	23
9OS7_2|Chain	7MKP_3|Chain	27.600	47	506	1363	3.776E+01	23
9OS7_2|Chain	7MKD_3|Chain	27.600	47	506	1407	3.776E+01	23
9OS7_2|Chain	7MKI_4|Chain	27.600	47	506	1407	3.776E+01	23
9OS7_2|Chain	7MKJ_3|Chain	27.600	47	506	1407	3.776E+01	23
9OS7_2|Chain	6OMF_3|Chain	27.600	47	506	1407	3.776E+01	23
9OS7_2|Chain	7MKE_3|Chain	27.600	47	506	1407	3.776E+01	23
9OS7_2|Chain	7SZJ_3|Chain	27.600	47	506	1407	3.776E+01	23
9OS7_2|Chain	6VXK_2|Chains	23.200	56	506	1545	3.776E+01	23
9OS7_2|Chain	7OCF_1|Chains	43.400	23	506	915	4.981E+01	22
9OS7_2|Chain	7L7B_3|Chain	28.800	51	506	1161	4.981E+01	22
9OS7_2|Chain	6KLC_1|Chain	23.400	136	506	2218	4.981E+01	22
9OS7_2|Chain	7RFE_1|Chains	31.200	32	506	504	6.572E+01	22
9OS7_2|Chain	7L1Q_1|Chains	23.500	51	506	510	6.572E+01	22
9OS7_2|Chain	7L1S_1|Chains	23.500	51	506	510	6.572E+01	22
9OS7_2|Chain	7L1R_1|Chains	23.500	51	506	510	6.572E+01	22
9OS7_2|Chain	7RFG_1|Chains	31.200	32	506	514	6.572E+01	22
9OS7_2|Chain	7RGQ_1|Chains	31.200	32	506	546	6.572E+01	22
9OS7_2|Chain	6OWT_2|Chain	30.400	69	506	591	6.572E+01	22
9OS7_2|Chain	6O6B_1|Chains	27.800	61	506	835	6.572E+01	22
9OS7_2|Chain	7M2Z_2|Chain	18.700	47	506	846	8.670E+01	21
9OS7_2|Chain	6LZ1_1|Chains	37.900	29	506	1133	8.670E+01	21
9OS7_2|Chain	7VF2_1|Chain	21.600	60	506	1812	8.670E+01	21
9OS7_2|Chain	7OTP_1|Chain	28.500	42	506	4148	8.670E+01	21
9OS7_2|Chain	7OTW_1|Chain	28.500	42	506	4148	8.670E+01	21
9OS7_2|Chain	7OTM_1|Chain	28.500	42	506	4148	8.670E+01	21
9OS7_2|Chain	6ZH6_1|Chain	28.500	42	506	4156	8.670E+01	21
9OS7_2|Chain	6ZFP_1|Chain	28.500	42	506	4156	8.670E+01	21
9OS7_2|Chain	6ZH2_1|Chain	28.500	42	506	4156	8.670E+01	21
9OS7_2|Chain	6ZH4_1|Chain	28.500	42	506	4156	8.670E+01	21
21JU_1|Chains	7PTV_1|Chains	22.700	628	664	702	1.189E-21	97
21JU_1|Chains	6XDG_4|Chain	22.300	186	664	225	3.526E-01	30
21JU_1|Chains	7MSX_1|Chain	20.400	156	664	638	1.404E+00	28
21JU_1|Chains	6SXA_1|Chain	21.200	146	664	916	1.851E+00	27
21JU_1|Chains	7UDS_1|Chains	24.000	146	664	226	2.440E+00	27
21JU_1|Chains	7M74_6|Chain	22.300	186	664	228	2.440E+00	27
21JU_1|Chains	7JHH_6|Chain	22.300	186	664	237	2.440E+00	27
21JU_1|Chains	6CVM_1|Chains	27.700	50	664	1021	2.440E+00	27
21JU_1|Chains	6DRV_1|Chains	27.700	50	664	1024	2.440E+00	27
21JU_1|Chains	6XDG_3|Chain	21.700	186	664	226	3.216E+00	27
21JU_1|Chains	6UKT_2|Chain	50.000	24	664	323	3.216E+00	27
21JU_1|Chains	7USD_1|Chain	27.300	82	664	1253	4.239E+00	26
21JU_1|Chains	8CVX_1|Chains	28.800	52	664	634	5.588E+00	26
21JU_1|Chains	7Q13_1|Chains	28.800	52	664	737	5.588E+00	26
21JU_1|Chains	7ZBN_2|Chains	28.800	52	664	737	5.588E+00	26
21JU_1|Chains	7Q12_1|Chains	28.800	52	664	737	5.588E+00	26
21JU_1|Chains	7ZBN_1|Chains	28.800	52	664	737	5.588E+00	26
21JU_1|Chains	7Q0B_2|Chains	28.800	52	664	737	5.588E+00	26
21JU_1|Chains	7Q0B_1|Chains	28.800	52	664	737	5.588E+00	26
21JU_1|Chains	7OJ5_1|Chains	52.300	21	664	207	7.367E+00	25
21JU_1|Chains	7A7A_1|Chains	22.800	114	664	740	7.367E+00	25
21JU_1|Chains	7AG8_1|Chains	22.800	114	664	740	7.367E+00	25
21JU_1|Chains	8F6C_2|Chains	34.500	53	664	260	1.280E+01	25
21JU_1|Chains	7ZYY_1|Chains	26.100	65	664	1143	1.280E+01	25
21JU_1|Chains	6EZJ_1|Chains	55.500	18	664	205	1.687E+01	24
21JU_1|Chains	6PZZ_3|Chains	21.300	114	664	224	1.687E+01	24
21JU_1|Chains	6JQN_1|Chains	34.400	29	664	688	1.687E+01	24
21JU_1|Chains	6JQL_1|Chains	34.400	29	664	688	1.687E+01	24
21JU_1|Chains	7DMP_1|Chains	24.300	78	664	716	1.687E+01	24
21JU_1|Chains	7PC2_5|Chains	24.100	118	664	226	2.224E+01	24
21JU_1|Chains	7LG6_6|Chains	27.300	84	664	225	2.932E+01	23
21JU_1|Chains	7LL2_3|Chains	27.300	84	664	225	2.932E+01	23
21JU_1|Chains	6DFH_3|Chains	27.300	84	664	233	2.932E+01	23
21JU_1|Chains	7UCG_2|Chains	27.300	84	664	234	2.932E+01	23
21JU_1|Chains	7UCG_5|Chains	27.300	84	664	243	2.932E+01	23
21JU_1|Chains	6V4N_2|Chains	27.300	84	664	244	2.932E+01	23
21JU_1|Chains	6VTT_2|Chain	27.300	84	664	257	2.932E+01	23
21JU_1|Chains	7U9G_3|Chains	27.300	84	664	265	2.932E+01	23
21JU_1|Chains	6FAY_1|Chain	25.800	80	664	1876	2.932E+01	23
21JU_1|Chains	6OZC_4|Chains	27.300	84	664	224	3.864E+01	23
21JU_1|Chains	6OPO_5|Chains	26.700	86	664	229	3.864E+01	23
21JU_1|Chains	6OPQ_5|Chains	26.700	86	664	229	3.864E+01	23
21JU_1|Chains	6X5B_5|Chains	26.700	86	664	229	3.864E+01	23
21JU_1|Chains	6OPP_5|Chains	26.700	86	664	229	3.864E+01	23
21JU_1|Chains	6LZ1_1|Chains	29.100	70	664	1133	3.864E+01	23
21JU_1|Chains	7OTP_1|Chain	36.000	25	664	4148	3.864E+01	23
21JU_1|Chains	7OTW_1|Chain	36.000	25	664	4148	3.864E+01	23
21JU_1|Chains	7OTM_1|Chain	36.000	25	664	4148	3.864E+01	23
21JU_1|Chains	6ZH6_1|Chain	36.000	25	664	4156	3.864E+01	23
21JU_1|Chains	6ZFP_1|Chain	36.000	25	664	4156	3.864E+01	23
21JU_1|Chains	6ZH2_1|Chain	36.000	25	664	4156	3.864E+01	23
21JU_1|Chains	6ZH4_1|Chain	36.000	25	664	4156	3.864E+01	23
21JU_1|Chains	8A6T_2|Chains	46.400	28	664	630	5.094E+01	23
21JU_1|Chains	7KVF_1|Chain	25.800	103	664	2196	5.094E+01	23
21JU_1|Chains	7KVE_1|Chain	25.800	103	664	2196	5.094E+01	23
21JU_1|Chains	6NQD_3|Chains	26.700	86	664	244	6.714E+01	22
21JU_1|Chains	7OUH_2|Chains	20.600	83	664	697	6.714E+01	22
21JU_1|Chains	7OUG_2|Chains	20.600	83	664	697	6.714E+01	22
21JU_1|Chains	7OUF_2|Chains	20.600	83	664	697	6.714E+01	22
21JU_1|Chains	7LL1_3|Chains	26.800	82	664	229	8.850E+01	22
21JU_1|Chains	7LG6_2|Chains	26.800	82	664	231	8.850E+01	22
21JU_1|Chains	7B5P_1|Chains	24.200	140	664	1051	8.850E+01	22
21JU_1|Chains	6SYT_1|Chain	21.900	91	664	3712	8.850E+01	22
9YMZ_1|Chains	6SP2_1|Chains	88.200	34	2745	513	2.347E-11	66
9YMZ_1|Chains	6NQD_2|Chains	96.700	31	2745	184	4.062E-11	65
9YMZ_1|Chains	8AG6_2|Chain	62.200	53	2745	1414	9.247E-11	64
9YMZ_1|Chains	7UDS_4|Chains	93.300	30	2745	206	1.600E-10	63
9YMZ_1|Chains	7U9G_3|Chains	93.300	30	2745	265	1.600E-10	63
9YMZ_1|Chains	6Y5A_1|Chains	82.300	34	2745	538	2.105E-10	63
9YMZ_1|Chains	6Y5B_1|Chains	82.300	34	2745	538	2.105E-10	63
9YMZ_1|Chains	6Y59_1|Chains	82.300	34	2745	538	2.105E-10	63
9YMZ_1|Chains	7L7B_2|Chain	100.000	28	2745	1266	2.105E-10	63
9YMZ_1|Chains	6R6B_2|Chain	92.800	28	2745	295	1.435E-09	60
9YMZ_1|Chains	6S3R_2|Chain	92.800	28	2745	300	1.435E-09	60
9YMZ_1|Chains	6R69_2|Chain	92.800	28	2745	303	1.435E-09	60
9YMZ_1|Chains	6X29_1|Chains	96.500	29	2745	1273	4.299E-09	58
9YMZ_1|Chains	7UB6_1|Chains	96.500	29	2745	1285	4.299E-09	58
9YMZ_1|Chains	8DZI_1|Chains	96.500	29	2745	1285	4.299E-09	58
9YMZ_1|Chains	7TPH_1|Chains	96.500	29	2745	1286	4.299E-09	58
9YMZ_1|Chains	7TP7_1|Chains	96.500	29	2745	1286	4.299E-09	58
9YMZ_1|Chains	7KE7_1|Chains	96.500	29	2745	1288	4.299E-09	58
9YMZ_1|Chains	7KEC_1|Chains	96.500	29	2745	1288	4.299E-09	58
9YMZ_1|Chains	7KEA_1|Chains	96.500	29	2745	1288	4.299E-09	58
9YMZ_1|Chains	6VSB_1|Chains	96.500	29	2745	1288	4.299E-09	58
9YMZ_1|Chains	7KE9_1|Chains	96.500	29	2745	1288	4.299E-09	58
9YMZ_1|Chains	7RA8_1|Chains	96.500	29	2745	1288	4.299E-09	58
9YMZ_1|Chains	7KDH_1|Chains	96.500	29	2745	1288	4.299E-09	58
9YMZ_1|Chains	7KKL_1|Chains	96.500	29	2745	1288	4.299E-09	58
9YMZ_1|Chains	6XKL_1|Chains	96.500	29	2745	1288	4.299E-09	58
9YMZ_1|Chains	7KEB_1|Chains	96.500	29	2745	1288	4.299E-09	58
9YMZ_1|Chains	6XEY_1|Chains	96.500	29	2745	1288	4.299E-09	58
9YMZ_1|Chains	7LYL_1|Chains	96.500	29	2745	1288	4.299E-09	58
9YMZ_1|Chains	8CSA_1|Chains	96.500	29	2745	1288	4.299E-09	58
9YMZ_1|Chains	6ZP5_1|Chains	96.500	29	2745	1288	4.299E-09	58
9YMZ_1|Chains	7MY3_1|Chains	96.500	29	2745	1288	4.299E-09	58
9YMZ_1|Chains	7LYM_1|Chains	96.500	29	2745	1288	4.299E-09	58
9YMZ_1|Chains	7KDJ_1|Chains	96.500	29	2745	1288	4.299E-09	58
9YMZ_1|Chains	7N1T_1|Chains	96.500	29	2745	1305	4.299E-09	58
9YMZ_1|Chains	7N1U_1|Chains	96.500	29	2745	1305	4.299E-09	58
9YMZ_1|Chains	7N1Q_1|Chains	96.500	29	2745	1305	4.299E-09	58
9YMZ_1|Chains	7SBL_1|Chains	96.500	29	2745	1308	4.299E-09	58
9YMZ_1|Chains	7SBK_1|Chains	96.500	29	2745	1308	4.299E-09	58
9YMZ_1|Chains	7SBS_1|Chains	96.500	29	2745	1310	4.299E-09	58
9YMZ_1|Chains	7SBP_1|Chains	96.500	29	2745	1310	4.299E-09	58
9YMZ_1|Chains	7KRS_1|Chains	96.500	29	2745	1310	4.299E-09	58
9YMZ_1|Chains	7WKS_1|Chains	89.200	28	2745	680	1.519E-07	53
9YMZ_1|Chains	7RUA_2|Chains	26.900	149	2745	333	3.114E-01	32
9YMZ_1|Chains	7RU9_2|Chains	26.900	149	2745	333	3.114E-01	32
9YMZ_1|Chains	7M74_3|Chain	21.500	150	2745	306	5.388E-01	31
9YMZ_1|Chains	7JHH_3|Chain	21.500	150	2745	306	5.388E-01	31
9YMZ_1|Chains	6VAK_1|Chains	72.200	18	2745	334	2.123E+00	29
9YMZ_1|Chains	7SNF_1|Chains	22.000	219	2745	523	2.123E+00	29
9YMZ_1|Chains	7TOE_1|Chains	22.000	219	2745	523	2.123E+00	29
9YMZ_1|Chains	7SNG_1|Chains	22.000	219	2745	523	2.123E+00	29
9YMZ_1|Chains	7SNI_1|Chains	22.000	219	2745	523	2.123E+00	29
9YMZ_1|Chains	7UC2_1|Chains	22.000	219	2745	523	2.123E+00	29
9YMZ_1|Chains	7UAL_1|Chains	22.000	219	2745	523	2.123E+00	29
9YMZ_1|Chains	7SNH_1|Chains	22.000	219	2745	523	2.123E+00	29
9YMZ_1|Chains	6EE8_2|Chain	25.200	112	2745	1134	3.673E+00	29
9YMZ_1|Chains	6VVY_2|Chain	25.200	112	2745	1179	3.673E+00	29
9YMZ_1|Chains	6VW0_2|Chain	25.200	112	2745	1179	3.673E+00	29
9YMZ_1|Chains	6EEC_2|Chain	25.200	112	2745	1179	3.673E+00	29
9YMZ_1|Chains	6VVX_2|Chain	25.200	112	2745	1179	3.673E+00	29
9YMZ_1|Chains	6VVZ_2|Chain	25.200	112	2745	1179	3.673E+00	29
9YMZ_1|Chains	6PK4_1|Chains	30.000	40	2745	586	4.832E+00	28
9YMZ_1|Chains	7VF2_1|Chain	25.000	84	2745	1812	4.832E+00	28
9YMZ_1|Chains	7PCH_3|Chains	100.000	10	2745	372	8.362E+00	27
9YMZ_1|Chains	7U9G_1|Chains	34.000	42	2745	439	8.362E+00	27
9YMZ_1|Chains	6QXF_2|Chains	90.000	10	2745	302	1.447E+01	27
9YMZ_1|Chains	6D05_3|Chains	26.600	108	2745	820	1.447E+01	27
9YMZ_1|Chains	6D04_3|Chains	26.600	108	2745	820	1.447E+01	27
9YMZ_1|Chains	8DTI_1|Chains	30.100	63	2745	946	1.447E+01	27
9YMZ_1|Chains	6VD7_1|Chains	90.000	10	2745	344	1.903E+01	26
9YMZ_1|Chains	7MK2_1|Chains	100.000	9	2745	606	1.903E+01	26
9YMZ_1|Chains	7LUC_1|Chains	21.800	55	2745	527	4.333E+01	25
9YMZ_1|Chains	7WAC_1|Chains	23.500	260	2745	910	4.333E+01	25
9YMZ_1|Chains	7WAD_1|Chains	23.500	260	2745	910	4.333E+01	25
9YMZ_1|Chains	7UFR_1|Chains	22.700	88	2745	1062	4.333E+01	25
9YMZ_1|Chains	7UFU_1|Chains	22.700	88	2745	1062	4.333E+01	25
9YMZ_1|Chains	7L7B_3|Chain	29.500	71	2745	1161	4.333E+01	25
9YMZ_1|Chains	7RFE_1|Chains	24.500	53	2745	504	5.700E+01	25
9YMZ_1|Chains	7RFG_1|Chains	24.500	53	2745	514	5.700E+01	25
9YMZ_1|Chains	6MRD_1|Chains	28.300	53	2745	528	5.700E+01	25
9YMZ_1|Chains	7RGQ_1|Chains	24.500	53	2745	546	5.700E+01	25
9YMZ_1|Chains	7ZPM_1|Chains	26.400	86	2745	717	5.700E+01	25
9YMZ_1|Chains	7L7I_2|Chains	27.000	48	2745	732	5.700E+01	25
9YMZ_1|Chains	8EOB_1|Chains	27.000	48	2745	756	5.700E+01	25
9YMZ_1|Chains	7CN4_1|Chains	100.000	8	2745	1267	5.700E+01	25
9YMZ_1|Chains	7MEY_1|Chain	25.500	86	2745	1950	5.700E+01	25
9YMZ_1|Chains	7MEX_4|Chain	25.500	86	2745	1950	5.700E+01	25
9YMZ_1|Chains	7U65_1|Chains	26.000	69	2745	505	7.498E+01	24
9YMZ_1|Chains	7U66_1|Chains	26.000	69	2745	505	7.498E+01	24
9YMZ_1|Chains	7U67_1|Chains	26.000	69	2745	505	7.498E+01	24
9YMZ_1|Chains	7CTE_2|Chain	22.900	217	2745	711	7.498E+01	24
9YMZ_1|Chains	6QXF_1|Chains	25.200	85	2745	219	9.863E+01	24
9YMZ_1|Chains	8CY8_1|Chains	41.600	24	2745	328	9.863E+01	24
9YMZ_1|Chains	7EG0_1|Chains	34.300	32	2745	434	9.863E+01	24
9YMZ_1|Chains	7EG4_1|Chains	34.300	32	2745	434	9.863E+01	24
9YMZ_1|Chains	7EG1_1|Chains	34.300	32	2745	434	9.863E+01	24
9YMZ_1|Chains	6J5W_2|Chain	40.000	25	2745	852	9.863E+01	24
9YMZ_1|Chains	6DBU_1|Chains	26.100	82	2745	1159	9.863E+01	24
9YMZ_1|Chains	6VXK_2|Chains	25.900	54	2745	1545	9.863E+01	24
9YMZ_1|Chains	7OTP_1|Chain	22.200	69	2745	4148	9.863E+01	24
9YMZ_1|Chains	7OTW_1|Chain	22.200	69	2745	4148	9.863E+01	24
9YMZ_1|Chains	7OTM_1|Chain	22.200	69	2745	4148	9.863E+01	24
9YMZ_1|Chains	6ZH6_1|Chain	22.200	69	2745	4156	9.863E+01	24
9YMZ_1|Chains	6ZFP_1|Chain	22.200	69	2745	4156	9.863E+01	24
9YMZ_1|Chains	6ZH2_1|Chain	22.200	69	2745	4156	9.863E+01	24
9YMZ_1|Chains	6ZH4_1|Chain	22.200	69	2745	4156	9.863E+01	24
9W0J_2|Chain	7V4H_1|Chains	30.300	56	247	356	1.219E+01	23
9W0J_2|Chain	7V4L_1|Chains	28.500	56	247	356	1.615E+01	23
9W0J_2|Chain	7V4I_1|Chains	28.500	56	247	356	1.615E+01	23
9W0J_2|Chain	7OCF_1|Chains	57.100	14	247	915	1.615E+01	23
9W0J_2|Chain	7WVF_4|Chain	66.600	9	247	261	4.984E+01	21
9W0J_2|Chain	6WUN_2|Chains	32.300	34	247	512	8.752E+01	20
9W0J_2|Chain	8AG6_1|Chain	30.900	41	247	934	8.752E+01	20
9W0J_2|Chain	6URG_1|Chain	30.700	26	247	1443	8.752E+01	20
9W0J_2|Chain	6BM0_1|Chain	30.700	26	247	1443	8.752E+01	20
9W0J_2|Chain	6BLY_1|Chain	30.700	26	247	1443	8.752E+01	20
32QB_2|Chain	7Q4W_3|Chains	43.400	23	549	156	2.594E+00	27
32QB_2|Chain	8F6C_1|Chains	39.200	28	549	658	1.802E+01	24
32QB_2|Chain	7KVF_1|Chain	24.600	74	549	2196	2.377E+01	23
32QB_2|Chain	7KVE_1|Chain	24.600	74	549	2196	2.377E+01	23
32QB_2|Chain	8A6T_3|Chains	36.300	22	549	170	4.134E+01	23
32QB_2|Chain	8AG6_2|Chain	40.900	22	549	1414	4.134E+01	23
32QB_2|Chain	7FJE_6|Chain	34.800	41	549	312	7.192E+01	22
32QB_2|Chain	6KQ4_1|Chains	46.600	15	549	333	7.192E+01	22
32QB_2|Chain	6KPK_1|Chains	46.600	15	549	333	7.192E+01	22
32QB_2|Chain	6KQJ_1|Chains	46.600	15	549	333	7.192E+01	22
32QB_2|Chain	6KQ8_1|Chains	46.600	15	549	333	7.192E+01	22
32QB_2|Chain	6KPJ_1|Chains	46.600	15	549	333	7.192E+01	22
32QB_2|Chain	6KPI_1|Chains	46.600	15	549	333	7.192E+01	22
32QB_2|Chain	6KPA_1|Chains	46.600	15	549	333	7.192E+01	22
32QB_2|Chain	6JCW_1|Chains	46.600	15	549	333	7.192E+01	22
32QB_2|Chain	6KOU_1|Chains	46.600	15	549	333	7.192E+01	22
32QB_2|Chain	6JCV_1|Chains	46.600	15	549	333	7.192E+01	22
32QB_2|Chain	7Q4W_1|Chains	45.400	22	549	583	9.486E+01	21
9MZE_6|Chain	6AUI_1|Chains	35.400	31	37	812	1.523E+01	18
11NJ_1|Chains	7KA3_1|Chains	100.000	343	343	363	1.611E-231	704
11NJ_1|Chains	7KA2_1|Chains	100.000	343	343	363	1.611E-231	704
11NJ_1|Chains	7K9X_1|Chains	100.000	343	343	363	1.611E-231	704
11NJ_1|Chains	7KA4_1|Chains	100.000	343	343	363	1.611E-231	704
11NJ_1|Chains	7VDC_1|Chains	100.000	343	343	364	1.611E-231	704
11NJ_1|Chains	8EHG_1|Chains	100.000	343	343	364	1.611E-231	704
11NJ_1|Chains	8D44_1|Chains	71.800	341	343	364	4.518E-164	509
11NJ_1|Chains	6VW0_5|Chain	23.100	69	343	531	1.382E+01	23
11NJ_1|Chains	6EE8_5|Chain	23.100	69	343	531	1.382E+01	23
11NJ_1|Chains	6EEC_5|Chain	23.100	69	343	531	1.382E+01	23
11NJ_1|Chains	6VVX_5|Chain	23.100	69	343	531	1.382E+01	23
11NJ_1|Chains	6VVY_5|Chain	23.100	69	343	531	1.382E+01	23
11NJ_1|Chains	6VVZ_5|Chain	23.100	69	343	531	1.382E+01	23
11NJ_1|Chains	7KVF_1|Chain	34.200	38	343	2196	1.828E+01	23
11NJ_1|Chains	7KVE_1|Chain	34.200	38	343	2196	1.828E+01	23
11NJ_1|Chains	7YYO_2|Chains	47.000	17	343	113	5.581E+01	21
11NJ_1|Chains	5NV3_1|Chains	34.100	81	343	467	5.581E+01	21
11NJ_1|Chains	7LGJ_1|Chains	50.000	16	343	879	7.377E+01	21
11NJ_1|Chains	7LGQ_1|Chains	50.000	16	343	879	7.377E+01	21
11NJ_1|Chains	7LG5_1|Chains	50.000	16	343	879	7.377E+01	21
11NJ_1|Chains	7TXV_1|Chains	50.000	16	343	879	7.377E+01	21
11NJ_1|Chains	7WAC_1|Chains	50.000	16	343	910	7.377E+01	21
11NJ_1|Chains	7WAD_1|Chains	50.000	16	343	910	7.377E+01	21
11NJ_1|Chains	7USD_1|Chain	50.000	20	343	1253	7.377E+01	21
11NJ_1|Chains	6URG_1|Chain	27.700	52	343	1443	7.377E+01	21
11NJ_1|Chains	6BM0_1|Chain	27.700	52	343	1443	7.377E+01	21
11NJ_1|Chains	6BLY_1|Chain	27.700	52	343	1443	7.377E+01	21
11NJ_1|Chains	7MFF_2|Chains	27.500	80	343	766	9.750E+01	21
11NJ_1|Chains	6UAN_2|Chains	27.500	80	343	768	9.750E+01	21
9OS7_1|Chains	7KVF_1|Chain	28.000	89	555	2196	3.464E+00	26
9OS7_1|Chains	7KVE_1|Chain	28.000	89	555	2196	3.464E+00	26
9OS7_1|Chains	7OTP_1|Chain	20.100	156	555	4148	4.570E+00	26
9OS7_1|Chains	7OTW_1|Chain	20.100	156	555	4148	4.570E+00	26
9OS7_1|Chains	7OTM_1|Chain	20.100	156	555	4148	4.570E+00	26
9OS7_1|Chains	6ZH6_1|Chain	20.100	156	555	4156	4.570E+00	26
9OS7_1|Chains	6ZFP_1|Chain	20.100	156	555	4156	4.570E+00	26
9OS7_1|Chains	6ZH2_1|Chain	20.100	156	555	4156	4.570E+00	26
9OS7_1|Chains	6ZH4_1|Chain	20.100	156	555	4156	4.570E+00	26
9OS7_1|Chains	7USD_1|Chain	26.500	93	555	1253	6.027E+00	25
9OS7_1|Chains	7R06_1|Chains	28.800	110	555	601	7.950E+00	25
9OS7_1|Chains	7Z0Z_1|Chains	28.800	110	555	601	7.950E+00	25
9OS7_1|Chains	6YSN_1|Chains	47.800	23	555	1146	1.049E+01	25
9OS7_1|Chains	7MKP_3|Chain	35.000	40	555	1363	2.406E+01	23
9OS7_1|Chains	7MKD_3|Chain	35.000	40	555	1407	2.406E+01	23
9OS7_1|Chains	7MKI_4|Chain	35.000	40	555	1407	2.406E+01	23
9OS7_1|Chains	7MKJ_3|Chain	35.000	40	555	1407	2.406E+01	23
9OS7_1|Chains	6OMF_3|Chain	35.000	40	555	1407	2.406E+01	23
9OS7_1|Chains	7MKE_3|Chain	35.000	40	555	1407	2.406E+01	23
9OS7_1|Chains	7SZJ_3|Chain	35.000	40	555	1407	2.406E+01	23
9OS7_1|Chains	7MSX_1|Chain	18.100	134	555	638	9.599E+01	21
9OS7_1|Chains	6VXK_2|Chains	27.500	69	555	1545	9.599E+01	21
9OVN_1|Chains	7CN4_1|Chains	34.200	1068	1326	1267	7.554E-165	553
9OVN_1|Chains	6ZOY_1|Chains	33.900	1068	1326	1247	1.022E-164	553
9OVN_1|Chains	6ZOZ_1|Chains	33.900	1068	1326	1247	1.022E-164	553
9OVN_1|Chains	8DZI_1|Chains	34.200	1068	1326	1285	1.022E-164	553
9OVN_1|Chains	6VSB_1|Chains	33.800	1068	1326	1288	1.383E-164	552
9OVN_1|Chains	7RA8_1|Chains	33.800	1068	1326	1288	1.383E-164	552
9OVN_1|Chains	7KKL_1|Chains	33.800	1068	1326	1288	1.383E-164	552
9OVN_1|Chains	6XKL_1|Chains	33.800	1068	1326	1288	1.383E-164	552
9OVN_1|Chains	6XEY_1|Chains	33.800	1068	1326	1288	1.383E-164	552
9OVN_1|Chains	6ZP5_1|Chains	33.800	1068	1326	1288	1.383E-164	552
9OVN_1|Chains	7MY3_1|Chains	33.800	1068	1326	1288	1.383E-164	552
9OVN_1|Chains	6ZGF_1|Chains	34.400	1068	1326	1283	3.426E-164	551
9OVN_1|Chains	6ZP0_1|Chains	33.800	1068	1326	1247	4.635E-164	551
9OVN_1|Chains	7TPH_1|Chains	33.800	1068	1326	1286	4.635E-164	551
9OVN_1|Chains	7TP7_1|Chains	33.800	1068	1326	1286	4.635E-164	551
9OVN_1|Chains	7KDJ_1|Chains	34.000	1068	1326	1288	1.553E-163	549
9OVN_1|Chains	7EB0_1|Chains	33.900	1057	1326	1283	2.843E-163	548
9OVN_1|Chains	6X29_1|Chains	33.700	1068	1326	1273	5.202E-163	548
9OVN_1|Chains	7UB6_1|Chains	34.000	1068	1326	1285	7.037E-163	547
9OVN_1|Chains	7LYL_1|Chains	33.700	1068	1326	1288	1.742E-162	546
9OVN_1|Chains	7LYM_1|Chains	33.700	1068	1326	1288	1.742E-162	546
9OVN_1|Chains	7KDH_1|Chains	33.600	1068	1326	1288	2.356E-162	546
9OVN_1|Chains	7KE7_1|Chains	33.600	1068	1326	1288	3.187E-162	545
9OVN_1|Chains	7KEC_1|Chains	33.600	1068	1326	1288	3.187E-162	545
9OVN_1|Chains	7KEA_1|Chains	33.600	1068	1326	1288	3.187E-162	545
9OVN_1|Chains	7KE9_1|Chains	33.600	1068	1326	1288	3.187E-162	545
9OVN_1|Chains	7KEB_1|Chains	33.600	1068	1326	1288	3.187E-162	545
9OVN_1|Chains	8CSA_1|Chains	33.600	1068	1326	1288	3.187E-162	545
9OVN_1|Chains	7X27_1|Chains	31.000	1188	1326	1212	7.610E-148	502
9OVN_1|Chains	7YQT_1|Chains	33.000	1033	1326	1270	1.386E-147	501
9OVN_1|Chains	8CYJ_5|Chain	32.600	1033	1326	1273	2.056E-146	497
9OVN_1|Chains	7SBP_1|Chains	32.300	1033	1326	1310	1.240E-145	495
9OVN_1|Chains	7JJI_1|Chains	32.200	1033	1326	1273	1.672E-145	495
9OVN_1|Chains	7SBL_1|Chains	32.300	1033	1326	1308	1.672E-145	495
9OVN_1|Chains	7SBK_1|Chains	32.300	1033	1326	1308	1.672E-145	495
9OVN_1|Chains	7SBS_1|Chains	30.400	1267	1326	1310	4.105E-145	494
9OVN_1|Chains	7E7D_1|Chains	32.200	1034	1326	1520	2.472E-144	491
9OVN_1|Chains	7WEC_3|Chains	32.700	1033	1326	1270	3.334E-144	491
9OVN_1|Chains	7N1T_1|Chains	32.400	1033	1326	1305	3.334E-144	491
9OVN_1|Chains	7N1Q_1|Chains	32.400	1033	1326	1305	3.334E-144	491
9OVN_1|Chains	7N1U_1|Chains	32.300	1033	1326	1305	4.497E-144	490
9OVN_1|Chains	7KRS_1|Chains	32.400	1033	1326	1310	4.497E-144	490
9OVN_1|Chains	7WS5_1|Chains	32.600	1024	1326	1205	1.103E-143	489
9OVN_1|Chains	7XO5_1|Chains	32.600	1024	1326	1205	1.103E-143	489
9OVN_1|Chains	7TLB_1|Chains	32.100	1024	1326	1208	5.371E-142	484
9OVN_1|Chains	7TLA_1|Chains	32.100	1024	1326	1208	5.371E-142	484
9OVN_1|Chains	7Y42_1|Chains	31.900	946	1326	1121	2.065E-127	439
9OVN_1|Chains	7XU2_1|Chains	31.700	946	1326	1127	7.147E-126	435
9OVN_1|Chains	7XU4_1|Chains	31.700	946	1326	1127	9.600E-126	434
9OVN_1|Chains	7XU5_1|Chains	31.700	946	1326	1127	9.600E-126	434
9OVN_1|Chains	7DKJ_1|Chains	68.600	51	1326	599	7.246E-14	73
9OVN_1|Chains	7MFG_2|Chains	86.800	38	1326	222	9.541E-14	72
9OVN_1|Chains	7LUC_1|Chains	96.600	30	1326	527	2.589E-12	68
9OVN_1|Chains	7WSF_2|Chain	28.400	102	1326	190	5.165E-08	53
9OVN_1|Chains	7U9G_1|Chains	35.000	54	1326	439	4.824E-02	34
9OVN_1|Chains	6TFK_1|Chains	25.300	155	1326	789	2.510E-01	31
9OVN_1|Chains	6WXH_1|Chains	23.800	103	1326	493	7.538E-01	30
9OVN_1|Chains	8E4N_1|Chains	30.000	40	1326	1135	2.263E+00	28
9OVN_1|Chains	8E4M_1|Chains	30.000	40	1326	1135	2.263E+00	28
9OVN_1|Chains	8E4L_1|Chains	30.000	40	1326	1135	2.263E+00	28
9OVN_1|Chains	7STB_1|Chain	21.200	148	1326	696	2.979E+00	28
9OVN_1|Chains	6YRF_1|Chains	28.100	101	1326	803	5.163E+00	27
9OVN_1|Chains	7OTP_1|Chain	21.300	98	1326	4148	6.796E+00	27
9OVN_1|Chains	7OTW_1|Chain	21.300	98	1326	4148	6.796E+00	27
9OVN_1|Chains	7OTM_1|Chain	21.300	98	1326	4148	6.796E+00	27
9OVN_1|Chains	6ZH6_1|Chain	21.300	98	1326	4156	6.796E+00	27
9OVN_1|Chains	6ZFP_1|Chain	21.300	98	1326	4156	6.796E+00	27
9OVN_1|Chains	6ZH2_1|Chain	21.300	98	1326	4156	6.796E+00	27
9OVN_1|Chains	6ZH4_1|Chain	21.300	98	1326	4156	6.796E+00	27
9OVN_1|Chains	6Q2O_3|Chains	26.600	87	1326	617	1.178E+01	26
9OVN_1|Chains	7UCG_3|Chains	34.400	29	1326	205	1.550E+01	25
9OVN_1|Chains	6O6A_1|Chains	30.000	40	1326	1098	2.041E+01	25
9OVN_1|Chains	6O6R_1|Chains	30.000	40	1326	1098	2.041E+01	25
9OVN_1|Chains	8AG6_2|Chain	34.800	61	1326	1414	2.041E+01	25
9OVN_1|Chains	6KLC_1|Chain	35.700	42	1326	2218	2.041E+01	25
9OVN_1|Chains	7SZ0_1|Chains	28.700	64	1326	1210	2.686E+01	25
9OVN_1|Chains	6TYS_1|Chains	22.500	101	1326	538	3.536E+01	24
9OVN_1|Chains	7USD_2|Chain	23.500	66	1326	1128	3.536E+01	24
9OVN_1|Chains	7MGE_2|Chain	25.800	91	1326	937	4.654E+01	24
9OVN_1|Chains	8DZF_1|Chains	40.000	25	1326	534	8.065E+01	23
9OVN_1|Chains	7ZPM_1|Chains	39.100	23	1326	717	8.065E+01	23
9OVN_1|Chains	7MFF_2|Chains	56.200	16	1326	766	8.065E+01	23
9OVN_1|Chains	6UAN_2|Chains	56.200	16	1326	768	8.065E+01	23
9OVN_1|Chains	7L2N_1|Chains	37.900	29	1326	842	8.065E+01	23
9OVN_1|Chains	7L2O_1|Chains	37.900	29	1326	842	8.065E+01	23
9OVN_1|Chains	6SYT_1|Chain	25.000	96	1326	3712	8.065E+01	23
11MT_1|Chains	7DKJ_1|Chains	42.600	559	565	599	9.425E-146	467
11MT_1|Chains	7MFG_2|Chains	56.400	222	565	222	8.671E-78	269
11MT_1|Chains	7MFG_1|Chains	35.800	325	565	326	3.488E-65	231
11MT_1|Chains	6X29_1|Chains	81.200	48	565	1273	3.646E-18	85
11MT_1|Chains	7UB6_1|Chains	81.200	48	565	1285	3.646E-18	85
11MT_1|Chains	8DZI_1|Chains	81.200	48	565	1285	3.646E-18	85
11MT_1|Chains	7TPH_1|Chains	81.200	48	565	1286	3.646E-18	85
11MT_1|Chains	7TP7_1|Chains	81.200	48	565	1286	3.646E-18	85
11MT_1|Chains	7KE7_1|Chains	81.200	48	565	1288	3.646E-18	85
11MT_1|Chains	7KEC_1|Chains	81.200	48	565	1288	3.646E-18	85
11MT_1|Chains	7KEA_1|Chains	81.200	48	565	1288	3.646E-18	85
11MT_1|Chains	6VSB_1|Chains	81.200	48	565	1288	3.646E-18	85
11MT_1|Chains	7KE9_1|Chains	81.200	48	565	1288	3.646E-18	85
11MT_1|Chains	7RA8_1|Chains	81.200	48	565	1288	3.646E-18	85
11MT_1|Chains	7KDH_1|Chains	81.200	48	565	1288	3.646E-18	85
11MT_1|Chains	7KKL_1|Chains	81.200	48	565	1288	3.646E-18	85
11MT_1|Chains	6XKL_1|Chains	81.200	48	565	1288	3.646E-18	85
11MT_1|Chains	7KEB_1|Chains	81.200	48	565	1288	3.646E-18	85
11MT_1|Chains	6XEY_1|Chains	81.200	48	565	1288	3.646E-18	85
11MT_1|Chains	7LYL_1|Chains	81.200	48	565	1288	3.646E-18	85
11MT_1|Chains	8CSA_1|Chains	81.200	48	565	1288	3.646E-18	85
11MT_1|Chains	6ZP5_1|Chains	81.200	48	565	1288	3.646E-18	85
11MT_1|Chains	7MY3_1|Chains	81.200	48	565	1288	3.646E-18	85
11MT_1|Chains	7LYM_1|Chains	81.200	48	565	1288	3.646E-18	85
11MT_1|Chains	7KDJ_1|Chains	81.200	48	565	1288	3.646E-18	85
11MT_1|Chains	6ZOY_1|Chains	76.000	46	565	1247	5.194E-15	75
11MT_1|Chains	6ZP0_1|Chains	76.000	46	565	1247	5.194E-15	75
11MT_1|Chains	6ZOZ_1|Chains	76.000	46	565	1247	5.194E-15	75
11MT_1|Chains	7CN4_1|Chains	76.000	46	565	1267	5.194E-15	75
11MT_1|Chains	6ZGF_1|Chains	76.000	46	565	1283	5.194E-15	75
11MT_1|Chains	7LUC_1|Chains	88.500	35	565	527	6.384E-14	71
11MT_1|Chains	7EB0_1|Chains	50.000	70	565	1283	3.150E-12	66
11MT_1|Chains	8DTI_1|Chains	90.400	21	565	946	1.361E-05	44
11MT_1|Chains	7OCF_3|Chains	100.000	9	565	188	3.536E+00	26
11MT_1|Chains	7UWF_1|Chains	100.000	9	565	447	3.536E+00	26
11MT_1|Chains	8EOB_1|Chains	100.000	9	565	756	3.536E+00	26
11MT_1|Chains	7STB_1|Chain	25.300	116	565	696	6.150E+00	25
11MT_1|Chains	7E5Z_1|Chain	28.500	56	565	995	6.150E+00	25
11MT_1|Chains	7WEC_3|Chains	20.900	173	565	1270	6.150E+00	25
11MT_1|Chains	7XO5_2|Chain	23.000	63	565	805	1.070E+01	25
11MT_1|Chains	6TGA_1|Chains	34.600	26	565	958	1.070E+01	25
11MT_1|Chains	6TG9_1|Chains	34.600	26	565	958	1.070E+01	25
11MT_1|Chains	7MEY_1|Chain	26.500	64	565	1950	1.861E+01	24
11MT_1|Chains	7MEX_4|Chain	26.500	64	565	1950	1.861E+01	24
11MT_1|Chains	7WVF_4|Chain	45.400	22	565	261	2.454E+01	23
11MT_1|Chains	7CYE_1|Chains	33.300	30	565	374	2.454E+01	23
11MT_1|Chains	7CYF_1|Chains	33.300	30	565	374	2.454E+01	23
11MT_1|Chains	7WS5_1|Chains	20.400	173	565	1205	2.454E+01	23
11MT_1|Chains	7XO5_1|Chains	20.400	173	565	1205	2.454E+01	23
11MT_1|Chains	7MKP_2|Chain	22.600	116	565	1340	2.454E+01	23
11MT_1|Chains	7MKD_2|Chain	22.600	116	565	1342	2.454E+01	23
11MT_1|Chains	7SZJ_2|Chain	22.600	116	565	1342	2.454E+01	23
11MT_1|Chains	7MKI_3|Chain	22.600	116	565	1342	2.454E+01	23
11MT_1|Chains	7MKJ_2|Chain	22.600	116	565	1342	2.454E+01	23
11MT_1|Chains	6OMF_2|Chain	22.600	116	565	1342	2.454E+01	23
11MT_1|Chains	7MKE_2|Chain	22.600	116	565	1342	2.454E+01	23
11MT_1|Chains	6L42_1|Chain	43.300	30	565	2109	2.454E+01	23
11MT_1|Chains	7RLB_1|Chains	90.000	10	565	821	3.236E+01	23
11MT_1|Chains	7RLG_1|Chains	90.000	10	565	821	3.236E+01	23
11MT_1|Chains	7RLD_1|Chains	90.000	10	565	821	3.236E+01	23
11MT_1|Chains	6EE8_2|Chain	28.500	56	565	1134	3.236E+01	23
11MT_1|Chains	6VVY_2|Chain	28.500	56	565	1179	3.236E+01	23
11MT_1|Chains	6VW0_2|Chain	28.500	56	565	1179	3.236E+01	23
11MT_1|Chains	6EEC_2|Chain	28.500	56	565	1179	3.236E+01	23
11MT_1|Chains	6VVX_2|Chain	28.500	56	565	1179	3.236E+01	23
11MT_1|Chains	6VVZ_2|Chain	28.500	56	565	1179	3.236E+01	23
11MT_1|Chains	7TU6_1|Chains	66.600	12	565	464	4.268E+01	23
11MT_1|Chains	7TU7_1|Chains	66.600	12	565	464	4.268E+01	23
11MT_1|Chains	7TU5_1|Chains	66.600	12	565	464	4.268E+01	23
11MT_1|Chains	7TU8_1|Chains	66.600	12	565	464	4.268E+01	23
11MT_1|Chains	7ZPM_1|Chains	25.800	60	565	717	4.268E+01	23
11MT_1|Chains	7UI6_1|Chains	25.600	70	565	770	4.268E+01	23
11MT_1|Chains	6XOT_1|Chain	23.000	109	565	1014	4.268E+01	23
11MT_1|Chains	6XOS_1|Chain	23.000	109	565	1014	4.268E+01	23
11MT_1|Chains	6XEY_3|Chains	53.300	15	565	110	5.629E+01	22
11MT_1|Chains	8DBJ_1|Chains	24.300	37	565	318	5.629E+01	22
11MT_1|Chains	8DBK_1|Chains	24.300	37	565	318	5.629E+01	22
11MT_1|Chains	8DBN_1|Chains	24.300	37	565	318	5.629E+01	22
11MT_1|Chains	8DBI_1|Chains	24.300	37	565	318	5.629E+01	22
11MT_1|Chains	7XU4_1|Chains	30.000	40	565	1127	5.629E+01	22
11MT_1|Chains	7XU5_1|Chains	30.000	40	565	1127	5.629E+01	22
11MT_1|Chains	7XU2_1|Chains	30.000	40	565	1127	5.629E+01	22
11MT_1|Chains	6D05_1|Chains	31.600	56	565	659	7.423E+01	22
11MT_1|Chains	6D04_1|Chains	31.600	56	565	659	7.423E+01	22
11MT_1|Chains	6ZBD_1|Chain	27.300	91	565	717	9.789E+01	21
11MT_1|Chains	6ZBC_1|Chain	27.300	91	565	717	9.789E+01	21
11MT_1|Chains	6ZBH_1|Chain	27.300	91	565	717	9.789E+01	21
11MT_1|Chains	6ZBF_1|Chain	27.300	91	565	717	9.789E+01	21
11MT_1|Chains	6ZBG_1|Chain	27.300	91	565	717	9.789E+01	21
11MT_1|Chains	6D05_3|Chains	29.000	31	565	820	9.789E+01	21
11MT_1|Chains	6D04_3|Chains	29.000	31	565	820	9.789E+01	21
11MT_1|Chains	6ZBJ_1|Chains	27.300	91	565	891	9.789E+01	21
11MT_1|Chains	6ZBL_1|Chains	27.300	91	565	891	9.789E+01	21
9MZE_4|Chain	8CYJ_3|Chain	71.700	128	128	128	7.147E-54	179
9MZE_4|Chain	6XDG_3|Chain	71.000	128	128	226	8.948E-53	176
9MZE_4|Chain	7WS5_3|Chains	70.300	128	128	123	8.168E-52	173
9MZE_4|Chain	6XDG_4|Chain	70.300	128	128	225	2.638E-50	169
9MZE_4|Chain	7UDS_1|Chains	64.800	128	128	226	1.169E-48	164
9MZE_4|Chain	7JHH_7|Chain	68.700	128	128	159	3.016E-48	163
9MZE_4|Chain	6UKT_4|Chain	67.900	128	128	134	4.136E-48	162
9MZE_4|Chain	7M74_7|Chain	68.500	127	128	120	1.067E-47	161
9MZE_4|Chain	6TYS_2|Chains	66.400	128	128	120	1.463E-47	161
9MZE_4|Chain	7KKL_2|Chains	67.400	128	128	125	1.336E-46	158
9MZE_4|Chain	7M74_6|Chain	65.600	128	128	228	4.727E-46	156
9MZE_4|Chain	7JHH_6|Chain	65.600	128	128	237	4.727E-46	156
9MZE_4|Chain	8CYJ_2|Chain	66.900	127	128	125	6.483E-46	156
9MZE_4|Chain	7L5J_3|Chains	61.500	128	128	221	1.673E-45	155
9MZE_4|Chain	7PC2_1|Chains	60.100	132	128	240	1.527E-44	152
9MZE_4|Chain	8CYJ_4|Chain	64.800	128	128	127	5.402E-44	151
9MZE_4|Chain	6VTT_2|Chain	73.400	98	128	257	1.016E-43	150
9MZE_4|Chain	6UKT_6|Chain	66.400	128	128	134	3.596E-43	148
9MZE_4|Chain	6UKT_3|Chain	63.200	128	128	124	4.501E-42	145
9MZE_4|Chain	8CYJ_1|Chain	61.000	128	128	127	6.174E-42	145
9MZE_4|Chain	6UKT_5|Chain	65.100	128	128	131	1.454E-40	141
9MZE_4|Chain	7DKJ_2|Chains	55.300	128	128	203	4.694E-39	136
9MZE_4|Chain	7MY3_2|Chains	57.000	128	128	127	3.124E-38	134
9MZE_4|Chain	6OZC_4|Chains	52.700	127	128	224	2.374E-35	126
9MZE_4|Chain	6PZZ_3|Chains	47.600	128	128	224	4.073E-34	122
9MZE_4|Chain	7LUC_2|Chains	46.800	128	128	121	7.660E-34	121
9MZE_4|Chain	8DZI_2|Chains	48.400	128	128	118	1.199E-31	115
9MZE_4|Chain	6XEY_2|Chains	45.000	128	128	122	1.199E-31	115
9MZE_4|Chain	7MFG_3|Chains	47.600	128	128	120	2.254E-31	114
9MZE_4|Chain	6U59_4|Chains	51.100	125	128	119	5.812E-31	113
9MZE_4|Chain	7UCG_5|Chains	48.800	132	128	243	1.093E-30	112
9MZE_4|Chain	7WVF_4|Chain	50.300	128	128	261	1.093E-30	112
9MZE_4|Chain	6DFH_3|Chains	51.100	130	128	233	2.055E-30	111
9MZE_4|Chain	6VO1_3|Chains	50.300	128	128	118	9.966E-30	109
9MZE_4|Chain	7RA8_2|Chains	43.300	128	128	126	3.524E-29	108
9MZE_4|Chain	7LUC_4|Chains	44.100	129	128	129	4.832E-29	108
9MZE_4|Chain	7U9G_3|Chains	48.100	128	128	265	1.708E-28	106
9MZE_4|Chain	6V4N_2|Chains	45.300	128	128	244	2.134E-27	103
9MZE_4|Chain	6OPO_5|Chains	42.900	128	128	229	7.544E-27	101
9MZE_4|Chain	6OPQ_5|Chains	42.900	128	128	229	7.544E-27	101
9MZE_4|Chain	6X5B_5|Chains	42.900	128	128	229	7.544E-27	101
9MZE_4|Chain	6OPP_5|Chains	42.900	128	128	229	7.544E-27	101
9MZE_4|Chain	7UCG_2|Chains	42.300	128	128	234	2.666E-26	100
9MZE_4|Chain	7LL2_3|Chains	41.400	128	128	225	9.422E-26	98
9MZE_4|Chain	7WEC_1|Chains	43.400	127	128	123	1.292E-25	98
9MZE_4|Chain	7LG6_6|Chains	44.900	128	128	225	3.329E-25	96
9MZE_4|Chain	7PC2_5|Chains	40.100	128	128	226	4.155E-24	93
9MZE_4|Chain	7LL1_3|Chains	33.000	128	128	229	1.882E-19	80
9MZE_4|Chain	7LG6_2|Chains	33.000	128	128	231	1.882E-19	80
9MZE_4|Chain	6NQD_3|Chains	34.200	132	128	244	3.255E-15	68
9MZE_4|Chain	6PZZ_2|Chains	37.800	90	128	214	8.098E-09	49
9MZE_4|Chain	8DZI_3|Chains	38.100	96	128	109	2.816E-08	48
9MZE_4|Chain	7FJE_6|Chain	32.100	87	128	312	9.777E-08	46
9MZE_4|Chain	7WEC_2|Chains	33.500	126	128	107	1.334E-07	46
9MZE_4|Chain	6XDG_5|Chain	33.300	83	128	216	3.388E-07	44
9MZE_4|Chain	6OPQ_2|Chains	38.100	96	128	214	8.593E-07	43
9MZE_4|Chain	6OPO_2|Chains	38.100	96	128	214	8.593E-07	43
9MZE_4|Chain	6X5B_3|Chains	38.100	96	128	214	8.593E-07	43
9MZE_4|Chain	6OPP_1|Chains	38.100	96	128	214	8.593E-07	43
9MZE_4|Chain	7WS5_2|Chains	33.000	95	128	108	4.042E-06	41
9MZE_4|Chain	6XEY_3|Chains	30.600	84	128	110	5.506E-06	41
9MZE_4|Chain	7U9G_2|Chains	30.000	97	128	217	5.506E-06	41
9MZE_4|Chain	7JHH_5|Chain	31.400	125	128	215	7.500E-06	40
9MZE_4|Chain	6XDG_2|Chain	31.300	95	128	214	1.391E-05	40
9MZE_4|Chain	7LG6_5|Chains	33.700	85	128	214	1.391E-05	40
9MZE_4|Chain	7LUC_5|Chains	33.300	95	128	107	1.893E-05	39
9MZE_4|Chain	7UCG_3|Chains	27.100	115	128	205	1.893E-05	39
9MZE_4|Chain	7M74_5|Chain	32.700	112	128	211	1.893E-05	39
9MZE_4|Chain	7L5J_2|Chains	29.800	93	128	211	1.893E-05	39
9MZE_4|Chain	7PC2_2|Chains	35.200	85	128	215	6.489E-05	38
9MZE_4|Chain	7MFG_4|Chains	34.000	96	128	108	1.631E-04	36
9MZE_4|Chain	7LL2_4|Chains	27.200	95	128	217	1.631E-04	36
9MZE_4|Chain	6VO1_4|Chains	31.300	82	128	107	2.217E-04	36
9MZE_4|Chain	6V4N_3|Chains	31.600	93	128	214	2.217E-04	36
9MZE_4|Chain	7DKJ_3|Chains	29.800	95	128	189	3.012E-04	36
9MZE_4|Chain	6U59_3|Chains	30.200	82	128	112	4.092E-04	35
9MZE_4|Chain	7PC2_6|Chains	27.200	95	128	206	4.092E-04	35
9MZE_4|Chain	7UDS_2|Chains	29.100	95	128	209	4.092E-04	35
9MZE_4|Chain	6DFH_4|Chains	27.100	115	128	214	4.092E-04	35
9MZE_4|Chain	6TYS_3|Chains	30.700	90	128	107	3.467E-03	33
9MZE_4|Chain	7RA8_3|Chains	28.700	83	128	113	3.467E-03	33
9MZE_4|Chain	6MHQ_1|Chains	52.100	23	128	348	1.055E+00	25
9MZE_4|Chain	7L7B_5|Chain	53.300	15	128	390	4.638E+00	23
9MZE_4|Chain	6VW0_5|Chain	53.300	15	128	531	4.638E+00	23
9MZE_4|Chain	6EE8_5|Chain	53.300	15	128	531	4.638E+00	23
9MZE_4|Chain	6EEC_5|Chain	53.300	15	128	531	4.638E+00	23
9MZE_4|Chain	6VVX_5|Chain	53.300	15	128	531	4.638E+00	23
9MZE_4|Chain	6VVY_5|Chain	53.300	15	128	531	4.638E+00	23
9MZE_4|Chain	6VVZ_5|Chain	53.300	15	128	531	4.638E+00	23
9MZE_4|Chain	7MKD_5|Chain	53.300	15	128	613	4.638E+00	23
9MZE_4|Chain	7MKI_6|Chain	53.300	15	128	613	4.638E+00	23
9MZE_4|Chain	7MKJ_5|Chain	53.300	15	128	613	4.638E+00	23
9MZE_4|Chain	7MKE_5|Chain	53.300	15	128	613	4.638E+00	23
9MZE_4|Chain	7SZJ_5|Chain	53.300	15	128	613	4.638E+00	23
9MZE_4|Chain	6OMF_5|Chain	57.100	14	128	331	6.229E+00	23
9MZE_4|Chain	7SZ0_1|Chains	38.000	21	128	1210	3.627E+01	20
9MZE_4|Chain	7MFF_2|Chains	47.800	23	128	766	8.710E+01	19
9MZE_4|Chain	6UAN_2|Chains	47.800	23	128	768	8.710E+01	19
9Y5R_3|Chains	7UWF_2|Chains	34.200	38	523	652	1.410E+00	27
9Y5R_3|Chains	7M2Z_3|Chain	31.800	44	523	823	1.860E+00	27
9Y5R_3|Chains	8DR4_5|Chain	27.000	46	523	354	6.817E+01	22
9Y5R_3|Chains	8DR6_5|Chain	27.000	46	523	354	6.817E+01	22
9Y5R_3|Chains	7STB_5|Chain	27.000	46	523	354	6.817E+01	22
9Y5R_3|Chains	7TFI_5|Chain	27.000	46	523	354	6.817E+01	22
9Y5R_3|Chains	7OTP_1|Chain	20.400	120	523	4148	8.993E+01	21
9Y5R_3|Chains	7OTW_1|Chain	20.400	120	523	4148	8.993E+01	21
9Y5R_3|Chains	7OTM_1|Chain	20.400	120	523	4148	8.993E+01	21
9Y5R_3|Chains	6ZH6_1|Chain	20.400	120	523	4156	8.993E+01	21
9Y5R_3|Chains	6ZFP_1|Chain	20.400	120	523	4156	8.993E+01	21
9Y5R_3|Chains	6ZH2_1|Chain	20.400	120	523	4156	8.993E+01	21
9Y5R_3|Chains	6ZH4_1|Chain	20.400	120	523	4156	8.993E+01	21
9SHM_1|Chains	7RFE_1|Chains	18.700	133	510	504	6.480E-02	32
9SHM_1|Chains	7RFG_1|Chains	18.700	133	510	514	6.480E-02	32
9SHM_1|Chains	7RGQ_1|Chains	18.700	133	510	546	6.480E-02	32
9SHM_1|Chains	6NTS_1|Chain	26.400	114	510	589	2.383E+00	27
9SHM_1|Chains	7SOY_1|Chain	26.400	114	510	589	2.383E+00	27
9SHM_1|Chains	7VF2_1|Chain	28.700	71	510	1812	1.659E+01	24
9SHM_1|Chains	7MFG_1|Chains	42.800	28	510	326	2.887E+01	23
9SHM_1|Chains	6URG_4|Chain	23.700	93	510	782	2.887E+01	23
9SHM_1|Chains	7TFI_3|Chain	47.600	21	510	340	3.809E+01	23
9SHM_1|Chains	8DR4_3|Chain	47.600	21	510	340	3.809E+01	23
9SHM_1|Chains	8DR6_3|Chain	47.600	21	510	340	3.809E+01	23
9SHM_1|Chains	7STB_3|Chain	47.600	21	510	340	3.809E+01	23
9SHM_1|Chains	7UFR_1|Chains	25.000	69	510	1062	3.809E+01	23
9SHM_1|Chains	7UFU_1|Chains	25.000	69	510	1062	3.809E+01	23
9SHM_1|Chains	7P1H_1|Chain	27.100	58	510	827	5.025E+01	22
9SHM_1|Chains	6T2U_3|Chain	29.500	61	510	608	6.630E+01	22
9SHM_1|Chains	8B1T_3|Chain	29.500	61	510	608	6.630E+01	22
9SHM_1|Chains	7MR0_3|Chain	29.500	61	510	608	6.630E+01	22
9SHM_1|Chains	6SJG_3|Chain	29.500	61	510	608	6.630E+01	22
9SHM_1|Chains	8B1U_3|Chain	29.500	61	510	608	6.630E+01	22
9SHM_1|Chains	6T2V_3|Chain	29.500	61	510	608	6.630E+01	22
9SHM_1|Chains	6YRF_1|Chains	28.300	51	510	803	6.630E+01	22
9SHM_1|Chains	7ZYY_1|Chains	40.900	22	510	1143	6.630E+01	22
9SHM_1|Chains	7WTA_1|Chains	37.200	42	510	1178	6.630E+01	22
9XGW_2|Chain	8DZI_3|Chains	95.400	109	109	109	1.846E-63	205
9XGW_2|Chain	7WEC_2|Chains	87.900	108	109	107	1.615E-58	191
9XGW_2|Chain	7MFG_4|Chains	86.200	109	109	108	5.226E-57	187
9XGW_2|Chain	6OPQ_2|Chains	77.200	109	109	214	3.052E-51	170
9XGW_2|Chain	6OPO_2|Chains	77.200	109	109	214	3.052E-51	170
9XGW_2|Chain	6X5B_3|Chains	77.200	109	109	214	3.052E-51	170
9XGW_2|Chain	6OPP_1|Chains	77.200	109	109	214	3.052E-51	170
9XGW_2|Chain	7LG6_5|Chains	78.700	108	109	214	6.590E-49	164
9XGW_2|Chain	6PZZ_2|Chains	71.500	109	109	214	2.135E-47	159
9XGW_2|Chain	7WS5_2|Chains	68.800	109	109	108	1.423E-46	157
9XGW_2|Chain	7PC2_2|Chains	69.700	109	109	215	1.302E-45	154
9XGW_2|Chain	7JHH_5|Chain	70.600	109	109	215	8.681E-45	152
9XGW_2|Chain	7M74_5|Chain	71.600	106	109	211	3.075E-44	150
9XGW_2|Chain	6XDG_2|Chain	66.000	109	109	214	4.219E-44	150
9XGW_2|Chain	6VO1_4|Chains	65.100	109	109	107	7.942E-44	149
9XGW_2|Chain	7LUC_5|Chains	66.000	109	109	107	2.051E-43	148
9XGW_2|Chain	6OZC_3|Chains	63.300	109	109	213	1.251E-41	143
9XGW_2|Chain	6V4N_3|Chains	64.200	109	109	214	8.345E-41	140
9XGW_2|Chain	7L5J_2|Chains	63.300	109	109	211	1.145E-40	140
9XGW_2|Chain	7UDS_2|Chains	62.900	108	109	209	2.155E-40	139
9XGW_2|Chain	7LL1_4|Chains	62.300	109	109	214	2.957E-40	139
9XGW_2|Chain	7LG6_3|Chains	62.300	109	109	214	2.957E-40	139
9XGW_2|Chain	6NQD_4|Chains	57.700	109	109	215	1.972E-39	136
9XGW_2|Chain	6TYS_3|Chains	59.600	109	109	107	6.395E-38	132
9XGW_2|Chain	7LL2_4|Chains	59.200	110	109	217	4.266E-37	130
9XGW_2|Chain	7LUC_3|Chains	56.600	112	109	112	1.102E-36	128
9XGW_2|Chain	7DKJ_3|Chains	55.000	109	109	189	5.357E-36	126
9XGW_2|Chain	6U59_3|Chains	56.200	112	109	112	3.271E-34	121
9XGW_2|Chain	7RA8_3|Chains	52.200	112	109	113	1.117E-29	108
9XGW_2|Chain	7WVF_4|Chain	51.800	106	109	261	2.103E-29	108
9XGW_2|Chain	7U9G_2|Chains	52.700	107	109	217	2.886E-29	107
9XGW_2|Chain	6DFH_4|Chains	52.800	105	109	214	7.454E-29	106
9XGW_2|Chain	6XEY_3|Chains	49.500	106	109	110	1.403E-28	105
9XGW_2|Chain	6VTT_3|Chain	49.500	106	109	217	9.364E-28	103
9XGW_2|Chain	7PC2_6|Chains	44.900	109	109	206	2.419E-27	102
9XGW_2|Chain	6XDG_5|Chain	47.600	106	109	216	2.215E-26	99
9XGW_2|Chain	7UCG_3|Chains	46.600	105	109	205	2.928E-22	87
9XGW_2|Chain	7UCG_6|Chains	44.600	102	109	216	1.303E-20	82
9XGW_2|Chain	7FJE_6|Chain	33.000	110	109	312	1.791E-13	62
9XGW_2|Chain	6XDG_4|Chain	33.600	118	109	225	3.481E-10	52
9XGW_2|Chain	6UKT_4|Chain	30.000	122	109	134	8.959E-10	51
9XGW_2|Chain	7MFG_3|Chains	36.700	105	109	120	1.682E-09	50
9XGW_2|Chain	8CYJ_4|Chain	32.500	125	109	127	4.326E-09	49
9XGW_2|Chain	6UKT_5|Chain	31.600	119	109	131	4.326E-09	49
9XGW_2|Chain	7FJE_5|Chain	34.600	99	109	272	4.326E-09	49
9XGW_2|Chain	7M74_7|Chain	31.600	119	109	120	8.118E-09	48
9XGW_2|Chain	6UKT_3|Chain	31.300	112	109	124	8.118E-09	48
9XGW_2|Chain	7JHH_7|Chain	31.600	119	109	159	8.118E-09	48
9XGW_2|Chain	7KKL_2|Chains	32.700	117	109	125	1.523E-08	48
9XGW_2|Chain	6XDG_3|Chain	31.000	118	109	226	2.086E-08	47
9XGW_2|Chain	6TYS_2|Chains	33.300	116	109	120	5.358E-08	46
9XGW_2|Chain	7DKJ_2|Chains	32.200	118	109	203	7.337E-08	46
9XGW_2|Chain	7M74_6|Chain	35.000	99	109	228	1.375E-07	45
9XGW_2|Chain	7JHH_6|Chain	35.000	99	109	237	1.375E-07	45
9XGW_2|Chain	6XEY_2|Chains	29.900	107	109	122	4.830E-07	43
9XGW_2|Chain	6UKT_6|Chain	32.200	122	109	134	4.830E-07	43
9XGW_2|Chain	6VO1_3|Chains	29.500	115	109	118	6.610E-07	43
9XGW_2|Chain	8DZI_2|Chains	31.600	116	109	118	9.045E-07	42
9XGW_2|Chain	8CYJ_2|Chain	32.200	95	109	125	9.045E-07	42
9XGW_2|Chain	7RA8_2|Chains	30.100	83	109	126	9.045E-07	42
9XGW_2|Chain	7PC2_5|Chains	29.000	121	109	226	1.694E-06	42
9XGW_2|Chain	7PC2_1|Chains	31.900	96	109	240	1.694E-06	42
9XGW_2|Chain	8CYJ_3|Chain	31.900	96	109	128	3.169E-06	41
9XGW_2|Chain	7MY3_2|Chains	30.200	86	109	127	5.929E-06	40
9XGW_2|Chain	6VTT_2|Chain	34.000	96	109	257	8.109E-06	40
9XGW_2|Chain	6OZC_4|Chains	29.500	121	109	224	1.109E-05	39
9XGW_2|Chain	7WS5_3|Chains	29.200	121	109	123	2.833E-05	38
9XGW_2|Chain	7L5J_3|Chains	32.900	96	109	221	3.871E-05	38
9XGW_2|Chain	6PZZ_3|Chains	29.200	106	109	224	7.228E-05	37
9XGW_2|Chain	7UCG_2|Chains	29.600	108	109	234	7.228E-05	37
9XGW_2|Chain	7UCG_5|Chains	30.500	94	109	243	7.228E-05	37
9XGW_2|Chain	7LL2_3|Chains	25.600	109	109	225	1.349E-04	36
9XGW_2|Chain	8CYJ_1|Chain	31.000	99	109	127	3.434E-04	35
9XGW_2|Chain	7UDS_1|Chains	31.600	96	109	226	3.434E-04	35
9XGW_2|Chain	6V4N_2|Chains	25.400	110	109	244	3.434E-04	35
9XGW_2|Chain	7WEC_1|Chains	32.700	109	109	123	1.191E-03	33
9XGW_2|Chain	6NQD_3|Chains	33.000	99	109	244	3.019E-03	32
9XGW_2|Chain	7ZPM_1|Chains	41.300	29	109	717	7.596E-01	25
9XGW_2|Chain	7YQT_1|Chains	27.300	82	109	1270	8.501E+00	22
9XGW_2|Chain	7E7D_1|Chains	27.800	60	109	1520	1.147E+01	21
9XGW_2|Chain	6ACF_1|Chains	34.600	26	109	367	2.086E+01	21
9XGW_2|Chain	6ACH_1|Chains	34.600	26	109	367	2.086E+01	21
9XGW_2|Chain	6TYS_1|Chains	66.600	12	109	538	2.086E+01	21
9XGW_2|Chain	7WEC_3|Chains	26.100	82	109	1270	2.086E+01	21
9XGW_2|Chain	7Y42_1|Chains	26.100	82	109	1121	2.810E+01	20
9XGW_2|Chain	8CYJ_5|Chain	26.100	82	109	1273	2.810E+01	20
9XGW_2|Chain	7JJI_1|Chains	26.100	82	109	1273	2.810E+01	20
9XGW_2|Chain	7KDJ_1|Chains	26.100	82	109	1288	2.810E+01	20
9XGW_2|Chain	7SBL_1|Chains	26.100	82	109	1308	2.810E+01	20
9XGW_2|Chain	7SBK_1|Chains	26.100	82	109	1308	2.810E+01	20
9XGW_2|Chain	7SBS_1|Chains	26.100	82	109	1310	2.810E+01	20
9XGW_2|Chain	7SBP_1|Chains	26.100	82	109	1310	2.810E+01	20
9XGW_2|Chain	7KRS_1|Chains	26.100	82	109	1310	2.810E+01	20
9XGW_2|Chain	7PPJ_1|Chain	41.900	31	109	919	5.092E+01	19
9XGW_2|Chain	7N1U_1|Chains	26.100	82	109	1305	5.092E+01	19
9XGW_2|Chain	7XU4_1|Chains	25.600	76	109	1127	6.850E+01	19
9XGW_2|Chain	7XU5_1|Chains	25.600	76	109	1127	6.850E+01	19
9XGW_2|Chain	7XU2_1|Chains	25.600	76	109	1127	6.850E+01	19
9XGW_2|Chain	6ZOY_1|Chains	25.600	76	109	1247	6.850E+01	19
9XGW_2|Chain	6ZP0_1|Chains	25.600	76	109	1247	6.850E+01	19
9XGW_2|Chain	6ZOZ_1|Chains	25.600	76	109	1247	6.850E+01	19
9XGW_2|Chain	7CN4_1|Chains	25.600	76	109	1267	6.850E+01	19
9XGW_2|Chain	6ZGF_1|Chains	25.600	76	109	1283	6.850E+01	19
9XGW_2|Chain	7N1T_1|Chains	25.000	82	109	1305	9.211E+01	19
9XGW_2|Chain	7N1Q_1|Chains	25.000	82	109	1305	9.211E+01	19
9MZE_2|Chain	6URG_2|Chain	24.600	282	350	587	4.652E-18	83
9MZE_2|Chain	6BM0_2|Chain	24.600	282	350	587	4.652E-18	83
9MZE_2|Chain	6BLY_2|Chain	24.600	282	350	587	4.652E-18	83
9MZE_2|Chain	7VGG_1|Chain	23.700	202	350	704	2.752E-13	68
9MZE_2|Chain	7UWF_1|Chains	25.000	193	350	447	2.586E-10	58
9MZE_2|Chain	6UHC_3|Chain	25.600	121	350	372	6.733E-06	44
9MZE_2|Chain	7JPN_3|Chain	25.600	121	350	372	1.181E-05	43
9MZE_2|Chain	7MGE_1|Chain	20.500	198	350	459	2.592E-04	39
9MZE_2|Chain	7L1Q_1|Chains	48.200	29	350	510	6.131E+00	25
9MZE_2|Chain	7L1S_1|Chains	48.200	29	350	510	6.131E+00	25
9MZE_2|Chain	7L1R_1|Chains	48.200	29	350	510	6.131E+00	25
9MZE_2|Chain	7Q4W_2|Chains	34.300	61	350	470	1.872E+01	23
9MZE_2|Chain	7RLB_1|Chains	88.800	9	350	821	1.872E+01	23
9MZE_2|Chain	7RLG_1|Chains	88.800	9	350	821	1.872E+01	23
9MZE_2|Chain	7RLD_1|Chains	88.800	9	350	821	1.872E+01	23
9MZE_2|Chain	6Q2O_1|Chains	36.300	22	350	102	2.474E+01	23
9MZE_2|Chain	6SYT_1|Chain	40.600	32	350	3712	2.474E+01	23
9MZE_2|Chain	8AG6_1|Chain	35.000	20	350	934	3.271E+01	22
9MZE_2|Chain	6DBU_1|Chains	66.600	12	350	1159	3.271E+01	22
9MZE_2|Chain	6M0S_5|Chain	88.800	9	350	198	4.323E+01	22
9MZE_2|Chain	6C6L_2|Chain	88.800	9	350	213	4.323E+01	22
9MZE_2|Chain	7OTP_1|Chain	31.000	29	350	4148	5.714E+01	21
9MZE_2|Chain	7OTW_1|Chain	31.000	29	350	4148	5.714E+01	21
9MZE_2|Chain	7OTM_1|Chain	31.000	29	350	4148	5.714E+01	21
9MZE_2|Chain	6ZH6_1|Chain	31.000	29	350	4156	5.714E+01	21
9MZE_2|Chain	6ZFP_1|Chain	31.000	29	350	4156	5.714E+01	21
9MZE_2|Chain	6ZH2_1|Chain	31.000	29	350	4156	5.714E+01	21
9MZE_2|Chain	6ZH4_1|Chain	31.000	29	350	4156	5.714E+01	21
9MZE_2|Chain	7QUC_1|Chain	100.000	7	350	475	7.551E+01	21
9MZE_2|Chain	7MSX_1|Chain	45.000	20	350	638	7.551E+01	21
9W35_2|Chains	7JK5_2|Chain	28.200	77	410	721	3.214E+00	26
9W35_2|Chains	7QUC_2|Chain	38.800	18	410	447	9.046E+01	21
9W35_2|Chains	7L7B_2|Chain	72.700	11	410	1266	9.046E+01	21
9OSU_4|Chains	6PZZ_2|Chains	86.900	107	107	214	2.011E-58	191
9OSU_4|Chains	7WS5_2|Chains	86.100	108	107	108	6.510E-57	186
9OSU_4|Chains	7JHH_5|Chain	84.100	107	107	215	7.465E-55	181
9OSU_4|Chains	6XDG_2|Chain	82.200	107	107	214	1.405E-54	180
9OSU_4|Chains	7M74_5|Chain	85.500	104	107	211	2.644E-54	179
9OSU_4|Chains	6V4N_3|Chains	82.200	107	107	214	6.826E-54	178
9OSU_4|Chains	7LUC_5|Chains	80.300	107	107	107	9.364E-54	177
9OSU_4|Chains	6VO1_4|Chains	81.300	107	107	107	6.242E-53	175
9OSU_4|Chains	6OZC_3|Chains	77.500	107	107	213	1.849E-50	168
9OSU_4|Chains	7UDS_2|Chains	77.300	106	107	209	5.991E-49	164
9OSU_4|Chains	8DZI_3|Chains	69.400	108	107	109	4.196E-45	153
9OSU_4|Chains	6TYS_3|Chains	69.100	107	107	107	2.040E-44	151
9OSU_4|Chains	7LL2_4|Chains	72.000	110	107	217	1.866E-43	148
9OSU_4|Chains	7DKJ_3|Chains	65.400	107	107	189	2.561E-43	147
9OSU_4|Chains	7WEC_2|Chains	66.300	107	107	107	6.613E-43	146
9OSU_4|Chains	7LG6_5|Chains	66.000	106	107	214	2.343E-42	145
9OSU_4|Chains	6OPQ_2|Chains	63.300	109	107	214	8.303E-42	143
9OSU_4|Chains	6OPO_2|Chains	63.300	109	107	214	8.303E-42	143
9OSU_4|Chains	6X5B_3|Chains	63.300	109	107	214	8.303E-42	143
9OSU_4|Chains	6OPP_1|Chains	63.300	109	107	214	8.303E-42	143
9OSU_4|Chains	6NQD_4|Chains	66.600	108	107	215	8.303E-42	143
9OSU_4|Chains	7LL1_4|Chains	58.800	107	107	214	5.069E-40	138
9OSU_4|Chains	7LG6_3|Chains	58.800	107	107	214	5.069E-40	138
9OSU_4|Chains	7L5J_2|Chains	60.700	107	107	211	1.309E-39	137
9OSU_4|Chains	7PC2_2|Chains	62.000	108	107	215	3.382E-39	136
9OSU_4|Chains	7MFG_4|Chains	60.100	108	107	108	1.198E-38	134
9OSU_4|Chains	6U59_3|Chains	60.700	112	107	112	5.335E-37	129
9OSU_4|Chains	7PC2_6|Chains	60.100	107	107	206	5.618E-34	121
9OSU_4|Chains	7LUC_3|Chains	52.600	112	107	112	2.732E-33	119
9OSU_4|Chains	6XEY_3|Chains	50.400	106	107	110	6.581E-25	94
9OSU_4|Chains	6VTT_3|Chain	48.600	108	107	217	1.239E-24	94
9OSU_4|Chains	6DFH_4|Chains	49.500	101	107	214	1.700E-24	93
9OSU_4|Chains	7RA8_3|Chains	49.100	112	107	113	1.557E-23	91
9OSU_4|Chains	6XDG_5|Chain	47.500	103	107	216	1.557E-23	91
9OSU_4|Chains	7U9G_2|Chains	50.400	107	107	217	2.137E-23	90
9OSU_4|Chains	7WVF_4|Chain	47.100	104	107	261	1.426E-22	88
9OSU_4|Chains	7UCG_3|Chains	47.000	99	107	205	5.818E-20	80
9OSU_4|Chains	7UCG_6|Chains	37.200	102	107	216	1.054E-15	68
9OSU_4|Chains	7FJE_5|Chain	37.500	103	107	272	2.592E-11	55
9OSU_4|Chains	7FJE_6|Chain	30.300	110	107	312	2.666E-08	47
9OSU_4|Chains	6UKT_4|Chain	29.600	108	107	134	6.852E-08	46
9OSU_4|Chains	6U59_4|Chains	34.800	82	107	119	1.760E-07	44
9OSU_4|Chains	7KKL_2|Chains	32.700	103	107	125	2.411E-07	44
9OSU_4|Chains	6UKT_3|Chain	30.300	98	107	124	4.519E-07	43
9OSU_4|Chains	6UKT_5|Chain	28.500	105	107	131	2.973E-06	41
9OSU_4|Chains	7UCG_5|Chains	32.000	97	107	243	4.068E-06	40
9OSU_4|Chains	7M74_7|Chain	29.600	105	107	120	2.665E-05	38
9OSU_4|Chains	8CYJ_4|Chain	29.700	111	107	127	2.665E-05	38
9OSU_4|Chains	7MY3_2|Chains	28.400	109	107	127	2.665E-05	38
9OSU_4|Chains	7JHH_7|Chain	29.600	105	107	159	2.665E-05	38
9OSU_4|Chains	6UKT_6|Chain	28.700	108	107	134	9.308E-05	36
9OSU_4|Chains	7LUC_4|Chains	29.200	113	107	129	1.738E-04	36
9OSU_4|Chains	8CYJ_2|Chain	26.600	109	107	125	1.127E-03	33
9OSU_4|Chains	7UDS_1|Chains	29.300	105	107	226	1.127E-03	33
9OSU_4|Chains	7UCG_2|Chains	26.100	107	107	234	1.127E-03	33
9OSU_4|Chains	7PC2_1|Chains	29.200	82	107	240	1.538E-03	33
9OSU_4|Chains	8CYJ_3|Chain	26.700	112	107	128	2.863E-03	32
9OSU_4|Chains	6VTT_2|Chain	30.500	82	107	257	7.257E-03	31
9OSU_4|Chains	8CYJ_1|Chain	38.000	42	107	127	1.165E-01	27
9OSU_4|Chains	8ENO_1|Chains	23.800	42	107	477	6.082E+00	22
9OSU_4|Chains	8ENN_1|Chains	23.800	42	107	477	6.082E+00	22
9OSU_4|Chains	8CRS_1|Chains	23.800	42	107	480	6.082E+00	22
9OSU_4|Chains	8ENM_1|Chains	23.800	42	107	492	6.082E+00	22
9OSU_4|Chains	7E4X_1|Chains	72.700	11	107	436	4.944E+01	19
9PB5_1|Chains	8E4N_1|Chains	93.700	1103	1111	1135	0.000E+00	2137
9PB5_1|Chains	8E4M_1|Chains	93.700	1103	1111	1135	0.000E+00	2137
9PB5_1|Chains	8E4L_1|Chains	93.700	1103	1111	1135	0.000E+00	2137
9PB5_1|Chains	6O6A_1|Chains	82.500	1097	1111	1098	0.000E+00	1901
9PB5_1|Chains	6O6R_1|Chains	82.500	1097	1111	1098	0.000E+00	1901
9PB5_1|Chains	6NR3_1|Chains	81.000	1075	1111	1135	0.000E+00	1821
9PB5_1|Chains	5ZX5_1|Chains	26.200	1214	1111	1229	5.787E-115	396
9PB5_1|Chains	7VQ2_1|Chains	46.400	352	1111	354	5.659E-89	316
9PB5_1|Chains	6BWD_1|Chains	24.500	629	1111	955	1.324E-49	190
9PB5_1|Chains	6YSN_1|Chains	24.300	435	1111	1146	3.143E-19	90
9PB5_1|Chains	7L2N_1|Chains	41.600	36	1111	842	2.539E-03	38
9PB5_1|Chains	7L2O_1|Chains	41.600	36	1111	842	2.539E-03	38
9PB5_1|Chains	7T6L_1|Chains	31.400	35	1111	739	2.468E+00	28
9PB5_1|Chains	7JK5_3|Chain	27.400	61	1111	462	5.633E+00	27
9PB5_1|Chains	7MKP_3|Chain	25.900	125	1111	1363	5.633E+00	27
9PB5_1|Chains	7MKD_3|Chain	25.900	125	1111	1407	5.633E+00	27
9PB5_1|Chains	7MKI_4|Chain	25.900	125	1111	1407	5.633E+00	27
9PB5_1|Chains	7MKJ_3|Chain	25.900	125	1111	1407	5.633E+00	27
9PB5_1|Chains	6OMF_3|Chain	25.900	125	1111	1407	5.633E+00	27
9PB5_1|Chains	7MKE_3|Chain	25.900	125	1111	1407	5.633E+00	27
9PB5_1|Chains	7SZJ_3|Chain	25.900	125	1111	1407	5.633E+00	27
9PB5_1|Chains	6TGA_1|Chains	26.700	85	1111	958	7.417E+00	26
9PB5_1|Chains	6TG9_1|Chains	26.700	85	1111	958	7.417E+00	26
9PB5_1|Chains	6M0S_1|Chain	29.400	51	1111	825	9.766E+00	26
9PB5_1|Chains	6C6L_7|Chain	29.400	51	1111	840	9.766E+00	26
9PB5_1|Chains	6LZ1_1|Chains	20.700	77	1111	1133	1.286E+01	25
9PB5_1|Chains	7WGR_1|Chains	33.300	42	1111	895	2.935E+01	24
9PB5_1|Chains	6O6B_1|Chains	31.200	32	1111	835	3.865E+01	24
9PB5_1|Chains	6XOT_1|Chain	23.100	117	1111	1014	5.089E+01	23
9PB5_1|Chains	6XOS_1|Chain	23.100	117	1111	1014	5.089E+01	23
9PB5_1|Chains	7SZ0_1|Chains	24.600	65	1111	1210	5.089E+01	23
9PB5_1|Chains	7MKP_2|Chain	34.200	35	1111	1340	5.089E+01	23
9PB5_1|Chains	7MKD_2|Chain	34.200	35	1111	1342	5.089E+01	23
9PB5_1|Chains	7SZJ_2|Chain	34.200	35	1111	1342	5.089E+01	23
9PB5_1|Chains	7MKI_3|Chain	34.200	35	1111	1342	5.089E+01	23
9PB5_1|Chains	7MKJ_2|Chain	34.200	35	1111	1342	5.089E+01	23
9PB5_1|Chains	6OMF_2|Chain	34.200	35	1111	1342	5.089E+01	23
9PB5_1|Chains	7MKE_2|Chain	34.200	35	1111	1342	5.089E+01	23
9PB5_1|Chains	6KLC_1|Chain	26.100	81	1111	2218	5.089E+01	23
9PB5_1|Chains	6V4N_1|Chains	31.900	46	1111	448	6.701E+01	23
9PB5_1|Chains	7VD9_1|Chains	21.900	187	1111	527	6.701E+01	23
9PB5_1|Chains	7P8W_1|Chains	21.900	187	1111	527	6.701E+01	23
9PB5_1|Chains	7R06_1|Chains	21.800	157	1111	601	6.701E+01	23
9PB5_1|Chains	7Z0Z_1|Chains	21.800	157	1111	601	6.701E+01	23
9PB5_1|Chains	6URG_1|Chain	23.900	68	1111	1443	6.701E+01	23
9PB5_1|Chains	6BM0_1|Chain	23.900	68	1111	1443	6.701E+01	23
9PB5_1|Chains	6BLY_1|Chain	23.900	68	1111	1443	6.701E+01	23
9PB5_1|Chains	7D3E_1|Chains	29.500	44	1111	1551	6.701E+01	23
9PB5_1|Chains	7D3F_1|Chains	29.500	44	1111	1551	6.701E+01	23
9PB5_1|Chains	7VDA_1|Chains	25.800	55	1111	558	8.823E+01	23
9PB5_1|Chains	6KA4_1|Chains	40.700	27	1111	701	8.823E+01	23
9PB5_1|Chains	7W84_1|Chain	22.600	83	1111	1131	8.823E+01	23
9PB5_1|Chains	7OTP_1|Chain	24.300	185	1111	4148	8.823E+01	23
9PB5_1|Chains	7OTW_1|Chain	24.300	185	1111	4148	8.823E+01	23
9PB5_1|Chains	7OTM_1|Chain	24.300	185	1111	4148	8.823E+01	23
9PB5_1|Chains	6ZH6_1|Chain	24.300	185	1111	4156	8.823E+01	23
9PB5_1|Chains	6ZFP_1|Chain	24.300	185	1111	4156	8.823E+01	23
9PB5_1|Chains	6ZH2_1|Chain	24.300	185	1111	4156	8.823E+01	23
9PB5_1|Chains	6ZH4_1|Chain	24.300	185	1111	4156	8.823E+01	23
9XBY_5|Chain	6O6B_1|Chains	26.000	50	123	835	3.412E+01	20
9XBY_5|Chain	6U8S_1|Chains	34.000	50	123	514	4.576E+01	20
9XBY_5|Chain	6UA5_1|Chains	34.000	50	123	519	4.576E+01	20
9XBY_5|Chain	6UDP_1|Chains	34.000	50	123	519	4.576E+01	20
9XBY_5|Chain	6UAJ_1|Chains	34.000	50	123	519	4.576E+01	20
9XBY_5|Chain	6U8E_1|Chains	34.000	50	123	519	4.576E+01	20
9XBY_5|Chain	7XU4_1|Chains	23.800	57	123	1127	4.576E+01	20
9XBY_5|Chain	7XU5_1|Chains	23.800	57	123	1127	4.576E+01	20
9XBY_5|Chain	7XU2_1|Chains	23.800	57	123	1127	4.576E+01	20
9XBY_5|Chain	6ZOY_1|Chains	23.800	57	123	1247	4.576E+01	20
9XBY_5|Chain	6ZP0_1|Chains	23.800	57	123	1247	4.576E+01	20
9XBY_5|Chain	6ZOZ_1|Chains	23.800	57	123	1247	4.576E+01	20
9XBY_5|Chain	6OPQ_1|Chains	63.600	11	123	524	6.134E+01	19
9XBY_5|Chain	6OPO_1|Chains	63.600	11	123	524	6.134E+01	19
9XBY_5|Chain	6U59_1|Chains	63.600	11	123	524	6.134E+01	19
9XBY_5|Chain	6X5B_1|Chains	63.600	11	123	524	6.134E+01	19
9XBY_5|Chain	6OPP_3|Chains	63.600	11	123	524	6.134E+01	19
9OI3_3|Chains	7U9G_3|Chains	75.100	134	134	265	7.623E-62	202
9OI3_3|Chains	6V4N_2|Chains	74.400	134	134	244	2.460E-60	198
9OI3_3|Chains	6DFH_3|Chains	71.200	137	134	233	5.789E-59	194
9OI3_3|Chains	7UCG_5|Chains	68.300	139	134	243	2.562E-57	189
9OI3_3|Chains	7LL2_3|Chains	62.600	134	134	225	1.230E-49	167
9OI3_3|Chains	7LG6_6|Chains	66.900	134	134	225	8.181E-49	165
9OI3_3|Chains	6VO1_3|Chains	67.400	127	134	118	2.640E-47	160
9OI3_3|Chains	7WVF_4|Chain	56.400	127	134	261	1.152E-38	136
9OI3_3|Chains	6XDG_3|Chain	54.000	134	134	226	1.580E-38	135
9OI3_3|Chains	7M74_6|Chain	53.500	134	134	228	5.094E-37	131
9OI3_3|Chains	7JHH_6|Chain	53.500	134	134	237	5.094E-37	131
9OI3_3|Chains	6XDG_4|Chain	52.200	134	134	225	9.578E-37	130
9OI3_3|Chains	7UDS_1|Chains	50.700	134	134	226	5.803E-35	125
9OI3_3|Chains	6PZZ_3|Chains	46.300	134	134	224	6.605E-33	119
9OI3_3|Chains	7PC2_1|Chains	46.400	138	134	240	1.242E-32	118
9OI3_3|Chains	7L5J_3|Chains	47.400	134	134	221	2.126E-31	115
9OI3_3|Chains	7WS5_3|Chains	46.800	127	134	123	3.997E-31	114
9OI3_3|Chains	8DZI_2|Chains	44.500	127	134	118	3.639E-30	111
9OI3_3|Chains	6XEY_2|Chains	45.300	127	134	122	4.989E-30	111
9OI3_3|Chains	7DKJ_2|Chains	43.100	129	134	203	4.989E-30	111
9OI3_3|Chains	8CYJ_3|Chain	45.700	128	134	128	6.840E-30	110
9OI3_3|Chains	7LUC_4|Chains	44.900	129	134	129	1.763E-29	109
9OI3_3|Chains	6U59_4|Chains	47.500	124	134	119	4.542E-29	108
9OI3_3|Chains	6TYS_2|Chains	44.600	129	134	120	2.199E-28	106
9OI3_3|Chains	6VTT_2|Chain	42.800	152	134	257	2.199E-28	106
9OI3_3|Chains	6UKT_4|Chain	47.600	127	134	134	1.065E-27	104
9OI3_3|Chains	7MFG_3|Chains	41.400	127	134	120	1.460E-27	104
9OI3_3|Chains	7JHH_7|Chain	46.800	127	134	159	2.743E-27	103
9OI3_3|Chains	6OZC_4|Chains	44.400	134	134	224	3.760E-27	102
9OI3_3|Chains	7UCG_2|Chains	40.700	134	134	234	5.154E-27	102
9OI3_3|Chains	7M74_7|Chain	46.400	126	134	120	9.684E-27	101
9OI3_3|Chains	8CYJ_2|Chain	44.800	126	134	125	6.424E-26	99
9OI3_3|Chains	6OPO_5|Chains	40.700	135	134	229	1.654E-25	98
9OI3_3|Chains	6OPQ_5|Chains	40.700	135	134	229	1.654E-25	98
9OI3_3|Chains	6X5B_5|Chains	40.700	135	134	229	1.654E-25	98
9OI3_3|Chains	6OPP_5|Chains	40.700	135	134	229	1.654E-25	98
9OI3_3|Chains	7LUC_2|Chains	40.600	127	134	121	2.267E-25	97
9OI3_3|Chains	7RA8_2|Chains	41.400	127	134	126	2.267E-25	97
9OI3_3|Chains	8CYJ_4|Chain	43.400	127	134	127	3.108E-25	97
9OI3_3|Chains	7PC2_5|Chains	39.700	134	134	226	8.002E-25	96
9OI3_3|Chains	6UKT_5|Chain	42.500	127	134	131	3.870E-24	94
9OI3_3|Chains	6UKT_3|Chain	40.900	127	134	124	1.871E-23	92
9OI3_3|Chains	8CYJ_1|Chain	41.100	127	134	127	1.124E-21	87
9OI3_3|Chains	7WEC_1|Chains	37.500	126	134	123	7.439E-21	84
9OI3_3|Chains	7KKL_2|Chains	42.100	127	134	125	7.439E-21	84
9OI3_3|Chains	6UKT_6|Chain	40.400	127	134	134	1.396E-20	83
9OI3_3|Chains	7LL1_3|Chains	36.800	134	134	229	6.738E-20	81
9OI3_3|Chains	7LG6_2|Chains	36.800	134	134	231	6.738E-20	81
9OI3_3|Chains	7MY3_2|Chains	38.500	127	134	127	1.144E-18	78
9OI3_3|Chains	6NQD_3|Chains	33.100	139	134	244	3.280E-16	71
9OI3_3|Chains	7FJE_5|Chain	33.600	122	134	272	3.554E-11	56
9OI3_3|Chains	6XEY_3|Chains	30.000	112	134	110	1.874E-06	42
9OI3_3|Chains	7FJE_6|Chain	29.000	86	134	312	1.874E-06	42
9OI3_3|Chains	6XDG_5|Chain	28.600	121	134	216	7.484E-05	38
9OI3_3|Chains	7PC2_2|Chains	32.100	84	134	215	4.674E-04	35
9OI3_3|Chains	7U9G_2|Chains	30.100	83	134	217	4.674E-04	35
9OI3_3|Chains	8DZI_3|Chains	28.500	98	134	109	8.589E-04	34
9OI3_3|Chains	6U59_3|Chains	31.700	82	134	112	8.589E-04	34
9OI3_3|Chains	6VTT_3|Chain	26.500	83	134	217	1.164E-03	34
9OI3_3|Chains	7WEC_2|Chains	27.600	94	134	107	2.891E-03	33
9OI3_3|Chains	6TYS_3|Chains	28.400	87	134	107	3.912E-03	33
9OI3_3|Chains	6OPQ_2|Chains	29.100	95	134	214	5.293E-03	32
9OI3_3|Chains	6OPO_2|Chains	29.100	95	134	214	5.293E-03	32
9OI3_3|Chains	6X5B_3|Chains	29.100	95	134	214	5.293E-03	32
9OI3_3|Chains	6OPP_1|Chains	29.100	95	134	214	5.293E-03	32
9OI3_3|Chains	7LUC_3|Chains	30.900	71	134	112	7.159E-03	32
9OI3_3|Chains	7UCG_3|Chains	24.700	121	134	205	2.611E-01	27
9OI3_3|Chains	7B5P_1|Chains	40.900	22	134	1051	2.903E+01	21
9Y5R_1|Chains	7D72_2|Chains	19.100	402	721	420	6.156E-06	46
9Y5R_1|Chains	7D73_1|Chains	19.100	402	721	420	6.156E-06	46
9Y5R_1|Chains	7D74_1|Chains	19.100	402	721	420	6.156E-06	46
9Y5R_1|Chains	6O6A_1|Chains	25.800	58	721	1098	1.540E+00	28
9Y5R_1|Chains	6O6R_1|Chains	25.800	58	721	1098	1.540E+00	28
9Y5R_1|Chains	6NR3_1|Chains	25.800	58	721	1135	1.540E+00	28
9Y5R_1|Chains	6VXK_2|Chains	23.300	98	721	1545	2.674E+00	27
9Y5R_1|Chains	7MEY_1|Chain	46.600	30	721	1950	6.121E+00	26
9Y5R_1|Chains	7MEX_4|Chain	46.600	30	721	1950	6.121E+00	26
9Y5R_1|Chains	6YRF_1|Chains	20.600	97	721	803	1.401E+01	25
9Y5R_1|Chains	5ZX5_1|Chains	25.000	71	721	1229	1.846E+01	24
9Y5R_1|Chains	6ZBL_2|Chains	21.500	88	721	792	2.433E+01	24
9Y5R_1|Chains	6ZBJ_2|Chains	21.500	88	721	792	2.433E+01	24
9Y5R_1|Chains	6ZBJ_1|Chains	21.000	137	721	891	2.433E+01	24
9Y5R_1|Chains	6ZBL_1|Chains	21.000	137	721	891	2.433E+01	24
9Y5R_1|Chains	6EE8_2|Chain	29.000	55	721	1134	2.433E+01	24
9Y5R_1|Chains	6VVY_2|Chain	29.000	55	721	1179	2.433E+01	24
9Y5R_1|Chains	6VW0_2|Chain	29.000	55	721	1179	2.433E+01	24
9Y5R_1|Chains	6EEC_2|Chain	29.000	55	721	1179	2.433E+01	24
9Y5R_1|Chains	6VVX_2|Chain	29.000	55	721	1179	2.433E+01	24
9Y5R_1|Chains	6VVZ_2|Chain	29.000	55	721	1179	2.433E+01	24
9Y5R_1|Chains	6SYT_1|Chain	25.000	85	721	3712	3.207E+01	23
9Y5R_1|Chains	7WS5_1|Chains	21.200	94	721	1205	4.226E+01	23
9Y5R_1|Chains	7XO5_1|Chains	21.200	94	721	1205	4.226E+01	23
9Y5R_1|Chains	7WEC_3|Chains	21.200	94	721	1270	4.226E+01	23
9Y5R_1|Chains	8DZI_1|Chains	21.200	94	721	1285	4.226E+01	23
9Y5R_1|Chains	6ACF_1|Chains	19.000	99	721	367	7.339E+01	22
9Y5R_1|Chains	6ACH_1|Chains	19.000	99	721	367	7.339E+01	22
9Y5R_1|Chains	7L7B_2|Chain	27.000	149	721	1266	9.672E+01	22
9Y5R_1|Chains	7YQT_1|Chains	23.000	97	721	1270	9.672E+01	22
9Y5R_1|Chains	7UB6_1|Chains	23.000	97	721	1285	9.672E+01	22
9Y5R_1|Chains	7LYL_1|Chains	42.300	26	721	1288	9.672E+01	22
9Y5R_1|Chains	7LYM_1|Chains	42.300	26	721	1288	9.672E+01	22
9Y5R_1|Chains	7N1T_1|Chains	42.300	26	721	1305	9.672E+01	22
9Y5R_1|Chains	7N1Q_1|Chains	42.300	26	721	1305	9.672E+01	22
9ZD5_1|Chains	6K1H_1|Chains	52.900	17	194	283	4.869E+01	21
9ZD5_1|Chains	7RJE_9|Chains	43.300	30	194	213	6.470E+01	20
9ZD5_1|Chains	7PCH_3|Chains	42.800	14	194	372	8.596E+01	20
9ZD5_1|Chains	7OTP_1|Chain	60.000	10	194	4148	8.596E+01	20
9ZD5_1|Chains	7OTW_1|Chain	60.000	10	194	4148	8.596E+01	20
9ZD5_1|Chains	7OTM_1|Chain	60.000	10	194	4148	8.596E+01	20
9ZD5_1|Chains	6ZH6_1|Chain	60.000	10	194	4156	8.596E+01	20
9ZD5_1|Chains	6ZFP_1|Chain	60.000	10	194	4156	8.596E+01	20
9ZD5_1|Chains	6ZH2_1|Chain	60.000	10	194	4156	8.596E+01	20
9ZD5_1|Chains	6ZH4_1|Chain	60.000	10	194	4156	8.596E+01	20
9NI3_2|Chain	7UPI_1|Chain	56.000	166	189	183	1.618E-53	181
9NI3_2|Chain	7USD_6|Chain	30.300	176	189	188	1.749E-19	83
9NI3_2|Chain	7L2Z_1|Chains	42.300	26	189	762	4.804E+00	24
9NI3_2|Chain	7L1Q_2|Chains	45.400	22	189	484	6.393E+00	23
9NI3_2|Chain	7L1S_2|Chains	45.400	22	189	484	6.393E+00	23
9NI3_2|Chain	7L1R_2|Chains	45.400	22	189	484	6.393E+00	23
9NI3_2|Chain	7L7I_2|Chains	41.900	31	189	732	2.002E+01	22
9NI3_2|Chain	6VVY_3|Chain	24.000	155	189	1326	3.539E+01	21
9NI3_2|Chain	6VW0_3|Chain	24.000	155	189	1326	3.539E+01	21
9NI3_2|Chain	6EEC_3|Chain	24.000	155	189	1326	3.539E+01	21
9NI3_2|Chain	6EE8_3|Chain	24.000	155	189	1326	3.539E+01	21
9NI3_2|Chain	6VVX_3|Chain	24.000	155	189	1326	3.539E+01	21
9NI3_2|Chain	6VVZ_3|Chain	24.000	155	189	1326	3.539E+01	21
9NI3_2|Chain	7YIM_1|Chain	31.300	51	189	609	4.705E+01	21
9NI3_2|Chain	8AG6_2|Chain	54.500	11	189	1414	6.254E+01	20
9NI3_2|Chain	7RJE_7|Chains	41.100	17	189	135	8.313E+01	20
9NI3_2|Chain	7PF1_1|Chains	37.500	16	189	174	8.313E+01	20
9NI3_2|Chain	7CTE_3|Chain	23.200	115	189	436	8.313E+01	20
9NI3_2|Chain	8EOB_1|Chains	47.600	21	189	756	8.313E+01	20
9NI3_2|Chain	6J5W_2|Chain	24.000	25	189	852	8.313E+01	20
9NI3_2|Chain	7OCF_1|Chains	32.100	28	189	915	8.313E+01	20
10ZL_2|Chains	8ENO_1|Chains	71.400	480	499	477	1.219E-239	736
10ZL_2|Chains	8ENN_1|Chains	71.400	480	499	477	1.219E-239	736
10ZL_2|Chains	8CRS_1|Chains	71.400	480	499	480	1.219E-239	736
10ZL_2|Chains	8ENM_1|Chains	71.400	480	499	492	1.219E-239	736
10ZL_2|Chains	7MSX_1|Chain	27.200	134	499	638	5.807E-01	29
10ZL_2|Chains	6ACF_1|Chains	24.400	45	499	367	9.296E+00	25
10ZL_2|Chains	6ACH_1|Chains	24.400	45	499	367	9.296E+00	25
10ZL_2|Chains	7Q4W_1|Chains	27.300	114	499	583	1.227E+01	24
10ZL_2|Chains	6ZBJ_1|Chains	25.000	64	499	891	2.135E+01	23
10ZL_2|Chains	6ZBL_1|Chains	25.000	64	499	891	2.135E+01	23
10ZL_2|Chains	7X27_1|Chains	22.900	160	499	1212	2.817E+01	23
10ZL_2|Chains	6URG_4|Chain	35.000	39	499	782	3.717E+01	23
10ZL_2|Chains	7MKD_5|Chain	28.000	79	499	613	4.905E+01	22
10ZL_2|Chains	7MKI_6|Chain	28.000	79	499	613	4.905E+01	22
10ZL_2|Chains	7MKJ_5|Chain	28.000	79	499	613	4.905E+01	22
10ZL_2|Chains	7MKE_5|Chain	28.000	79	499	613	4.905E+01	22
10ZL_2|Chains	7SZJ_5|Chain	28.000	79	499	613	4.905E+01	22
10ZL_2|Chains	7QUC_2|Chain	35.200	34	499	447	6.471E+01	22
10ZL_2|Chains	7R06_1|Chains	61.500	13	499	601	6.471E+01	22
10ZL_2|Chains	7Z0Z_1|Chains	61.500	13	499	601	6.471E+01	22
10ZL_2|Chains	7RUA_1|Chains	24.100	29	499	343	8.538E+01	21
10ZL_2|Chains	7RU9_1|Chains	24.100	29	499	343	8.538E+01	21
10ZL_2|Chains	7MGE_3|Chain	31.400	35	499	481	8.538E+01	21
10ZL_2|Chains	7WS5_1|Chains	50.000	18	499	1205	8.538E+01	21
10ZL_2|Chains	7XO5_1|Chains	50.000	18	499	1205	8.538E+01	21
10ZL_2|Chains	7WEC_3|Chains	50.000	18	499	1270	8.538E+01	21
10ZL_2|Chains	7YQT_1|Chains	50.000	18	499	1270	8.538E+01	21
10ZL_2|Chains	7UB6_1|Chains	50.000	18	499	1285	8.538E+01	21
10ZL_2|Chains	8DZI_1|Chains	50.000	18	499	1285	8.538E+01	21
9XH2_1|Chain	6UKT_2|Chain	54.400	322	352	323	4.334E-104	336
9XH2_1|Chain	7MGE_4|Chain	25.200	95	352	166	1.257E-06	46
9XH2_1|Chain	7KVF_1|Chain	27.200	121	352	2196	8.161E+00	24
9XH2_1|Chain	7KVE_1|Chain	27.200	121	352	2196	8.161E+00	24
9XH2_1|Chain	6GVE_3|Chains	26.200	118	352	334	2.491E+01	23
9XH2_1|Chain	6LVE_1|Chains	30.500	36	352	775	2.491E+01	23
9XH2_1|Chain	7W8J_1|Chains	30.500	36	352	775	2.491E+01	23
9XH2_1|Chain	6LVB_1|Chains	30.500	36	352	775	2.491E+01	23
9XH2_1|Chain	6LVC_1|Chains	30.500	36	352	775	2.491E+01	23
9XH2_1|Chain	6LVD_1|Chains	30.500	36	352	775	2.491E+01	23
9XH2_1|Chain	7JK5_3|Chain	55.500	18	352	462	4.352E+01	22
9XH2_1|Chain	6J5W_2|Chain	27.700	81	352	852	5.751E+01	21
9XH2_1|Chain	7T8T_1|Chain	26.600	72	352	1196	7.601E+01	21
9Z8L_1|Chains	6MHQ_1|Chains	68.400	246	440	348	6.067E-107	349
9Z8L_1|Chains	7F94_1|Chains	52.800	244	440	257	3.669E-77	262
9Z8L_1|Chains	7XQG_1|Chains	52.800	244	440	257	3.669E-77	262
9Z8L_1|Chains	7QET_1|Chains	49.300	248	440	230	8.106E-69	237
9Z8L_1|Chains	7QEQ_1|Chains	49.300	248	440	230	8.106E-69	237
9Z8L_1|Chains	7QER_1|Chains	49.300	248	440	230	8.106E-69	237
9Z8L_1|Chains	7XNH_1|Chains	38.200	314	440	332	7.600E-62	217
9Z8L_1|Chains	6L3V_1|Chains	37.700	231	440	279	1.346E-36	141
9Z8L_1|Chains	7L7B_2|Chain	26.400	94	440	1266	8.043E+00	25
9Z8L_1|Chains	7RJE_1|Chains	21.300	87	440	387	1.062E+01	24
9Z8L_1|Chains	6Q2O_2|Chains	38.200	34	440	349	1.851E+01	23
9Z8L_1|Chains	7MGE_2|Chain	39.400	38	440	937	1.851E+01	23
9Z8L_1|Chains	7LGJ_1|Chains	58.300	12	440	879	7.419E+01	21
9Z8L_1|Chains	7LGQ_1|Chains	58.300	12	440	879	7.419E+01	21
9Z8L_1|Chains	7LG5_1|Chains	58.300	12	440	879	7.419E+01	21
9Z8L_1|Chains	7TXV_1|Chains	58.300	12	440	879	7.419E+01	21
9Z8L_1|Chains	7MKP_2|Chain	25.000	84	440	1340	9.794E+01	21
9Z8L_1|Chains	7MKD_2|Chain	25.000	84	440	1342	9.794E+01	21
9Z8L_1|Chains	7SZJ_2|Chain	25.000	84	440	1342	9.794E+01	21
9Z8L_1|Chains	7MKI_3|Chain	25.000	84	440	1342	9.794E+01	21
9Z8L_1|Chains	7MKJ_2|Chain	25.000	84	440	1342	9.794E+01	21
9Z8L_1|Chains	6OMF_2|Chain	25.000	84	440	1342	9.794E+01	21
9Z8L_1|Chains	7MKE_2|Chain	25.000	84	440	1342	9.794E+01	21
9XTI_1|Chains	7SZ0_1|Chains	23.100	178	1542	1210	1.293E-01	33
9XTI_1|Chains	8AG6_2|Chain	35.400	47	1542	1414	2.017E+00	29
9XTI_1|Chains	7EG0_2|Chains	21.900	107	1542	567	6.051E+00	27
9XTI_1|Chains	7EG4_2|Chains	21.900	107	1542	567	6.051E+00	27
9XTI_1|Chains	7EG1_2|Chains	21.900	107	1542	567	6.051E+00	27
9XTI_1|Chains	7OTP_1|Chain	45.800	24	1542	4148	7.964E+00	27
9XTI_1|Chains	7OTW_1|Chain	45.800	24	1542	4148	7.964E+00	27
9XTI_1|Chains	7OTM_1|Chain	45.800	24	1542	4148	7.964E+00	27
9XTI_1|Chains	6ZH6_1|Chain	45.800	24	1542	4156	7.964E+00	27
9XTI_1|Chains	6ZFP_1|Chain	45.800	24	1542	4156	7.964E+00	27
9XTI_1|Chains	6ZH2_1|Chain	45.800	24	1542	4156	7.964E+00	27
9XTI_1|Chains	6ZH4_1|Chain	45.800	24	1542	4156	7.964E+00	27
9XTI_1|Chains	6SYT_1|Chain	25.600	79	1542	3712	1.816E+01	25
9XTI_1|Chains	6SXA_1|Chain	23.000	91	1542	916	2.389E+01	25
9XTI_1|Chains	7M9B_1|Chains	22.800	70	1542	276	4.139E+01	24
9XTI_1|Chains	7RJE_2|Chains	50.000	26	1542	439	5.447E+01	24
9XTI_1|Chains	7VF2_2|Chain	21.900	90	1542	563	5.447E+01	24
9XTI_1|Chains	7D0I_1|Chains	27.700	36	1542	710	5.447E+01	24
9XTI_1|Chains	7DNI_3|Chains	30.400	46	1542	97	7.169E+01	23
9XTI_1|Chains	7M2Z_2|Chain	31.600	59	1542	846	7.169E+01	23
9XTI_1|Chains	7L7B_3|Chain	29.500	44	1542	1161	7.169E+01	23
9XTI_1|Chains	7PC2_5|Chains	34.800	43	1542	226	9.435E+01	23
9XTI_1|Chains	7RUA_1|Chains	31.200	48	1542	343	9.435E+01	23
9XTI_1|Chains	7RU9_1|Chains	31.200	48	1542	343	9.435E+01	23
9XTI_1|Chains	6ZBG_4|Chain	26.400	53	1542	376	9.435E+01	23
9XTI_1|Chains	6ZBD_4|Chain	26.400	53	1542	376	9.435E+01	23
9XTI_1|Chains	6ZBC_4|Chain	26.400	53	1542	376	9.435E+01	23
9XTI_1|Chains	6ZBF_4|Chain	26.400	53	1542	376	9.435E+01	23
9XTI_1|Chains	6ZBH_4|Chain	26.400	53	1542	376	9.435E+01	23
9XTI_1|Chains	7QH2_3|Chains	40.000	20	1542	467	9.435E+01	23
9XTI_1|Chains	8ENO_1|Chains	40.900	22	1542	477	9.435E+01	23
9XTI_1|Chains	8ENN_1|Chains	40.900	22	1542	477	9.435E+01	23
9XTI_1|Chains	8CRS_1|Chains	40.900	22	1542	480	9.435E+01	23
9XTI_1|Chains	8ENM_1|Chains	40.900	22	1542	492	9.435E+01	23
9XTI_1|Chains	7KDT_1|Chain	27.700	67	1542	500	9.435E+01	23
9XTI_1|Chains	6URG_4|Chain	35.700	54	1542	782	9.435E+01	23
9XTI_1|Chains	6ZBL_2|Chains	26.400	53	1542	792	9.435E+01	23
9XTI_1|Chains	6ZBJ_2|Chains	26.400	53	1542	792	9.435E+01	23
9OVK_1|Chain	7CN4_1|Chains	33.700	1092	1344	1267	1.673E-171	574
9OVK_1|Chain	8DZI_1|Chains	33.700	1094	1344	1285	4.152E-171	572
9OVK_1|Chain	6VSB_1|Chains	33.500	1094	1344	1288	5.621E-171	572
9OVK_1|Chain	7RA8_1|Chains	33.500	1094	1344	1288	5.621E-171	572
9OVK_1|Chain	7KKL_1|Chains	33.500	1094	1344	1288	5.621E-171	572
9OVK_1|Chain	6XKL_1|Chains	33.500	1094	1344	1288	5.621E-171	572
9OVK_1|Chain	6XEY_1|Chains	33.500	1094	1344	1288	5.621E-171	572
9OVK_1|Chain	6ZP5_1|Chains	33.500	1094	1344	1288	5.621E-171	572
9OVK_1|Chain	7MY3_1|Chains	33.500	1094	1344	1288	5.621E-171	572
9OVK_1|Chain	6ZGF_1|Chains	33.900	1092	1344	1283	7.610E-171	572
9OVK_1|Chain	7TPH_1|Chains	33.500	1094	1344	1286	1.030E-170	571
9OVK_1|Chain	7TP7_1|Chains	33.500	1094	1344	1286	1.030E-170	571
9OVK_1|Chain	6ZOY_1|Chains	33.600	1092	1344	1247	1.888E-170	571
9OVK_1|Chain	6ZOZ_1|Chains	33.600	1092	1344	1247	1.888E-170	571
9OVK_1|Chain	6ZP0_1|Chains	33.500	1092	1344	1247	8.579E-170	569
9OVK_1|Chain	7EB0_1|Chains	33.200	1092	1344	1283	8.579E-170	569
9OVK_1|Chain	6X29_1|Chains	33.400	1094	1344	1273	2.127E-169	567
9OVK_1|Chain	7UB6_1|Chains	33.500	1094	1344	1285	5.274E-169	566
9OVK_1|Chain	7KDJ_1|Chains	33.600	1094	1344	1288	5.274E-169	566
9OVK_1|Chain	7KDH_1|Chains	33.300	1094	1344	1288	9.661E-169	565
9OVK_1|Chain	7KE7_1|Chains	33.300	1094	1344	1288	1.307E-168	565
9OVK_1|Chain	7KEC_1|Chains	33.300	1094	1344	1288	1.307E-168	565
9OVK_1|Chain	7KEA_1|Chains	33.300	1094	1344	1288	1.307E-168	565
9OVK_1|Chain	7KE9_1|Chains	33.300	1094	1344	1288	1.307E-168	565
9OVK_1|Chain	7KEB_1|Chains	33.300	1094	1344	1288	1.307E-168	565
9OVK_1|Chain	7LYL_1|Chains	33.800	1074	1344	1288	1.307E-168	565
9OVK_1|Chain	8CSA_1|Chains	33.600	1094	1344	1288	1.307E-168	565
9OVK_1|Chain	7LYM_1|Chains	33.800	1074	1344	1288	1.307E-168	565
9OVK_1|Chain	7YQT_1|Chains	32.400	1057	1344	1270	7.427E-152	514
9OVK_1|Chain	8CYJ_5|Chain	32.300	1057	1344	1273	2.466E-151	513
9OVK_1|Chain	7SBL_1|Chains	32.200	1057	1344	1308	2.013E-150	510
9OVK_1|Chain	7SBK_1|Chains	32.200	1057	1344	1308	2.013E-150	510
9OVK_1|Chain	7SBP_1|Chains	32.200	1057	1344	1310	2.717E-150	510
9OVK_1|Chain	7JJI_1|Chains	32.000	1057	1344	1273	6.679E-150	509
9OVK_1|Chain	7SBS_1|Chains	30.500	1231	1344	1310	6.679E-150	509
9OVK_1|Chain	7E7D_1|Chains	32.000	1058	1344	1520	2.989E-149	507
9OVK_1|Chain	7WS5_1|Chains	32.200	1048	1344	1205	4.033E-149	506
9OVK_1|Chain	7XO5_1|Chains	32.200	1048	1344	1205	4.033E-149	506
9OVK_1|Chain	7WEC_3|Chains	32.300	1057	1344	1270	5.442E-149	506
9OVK_1|Chain	7N1U_1|Chains	32.200	1057	1344	1305	5.442E-149	506
9OVK_1|Chain	7KRS_1|Chains	32.100	1057	1344	1310	5.442E-149	506
9OVK_1|Chain	7N1T_1|Chains	32.500	1037	1344	1305	9.908E-149	505
9OVK_1|Chain	7N1Q_1|Chains	32.500	1037	1344	1305	9.908E-149	505
9OVK_1|Chain	7TLB_1|Chains	31.900	1048	1344	1208	1.979E-147	501
9OVK_1|Chain	7TLA_1|Chains	31.900	1048	1344	1208	1.979E-147	501
9OVK_1|Chain	7X27_1|Chains	33.500	965	1344	1212	2.168E-146	498
9OVK_1|Chain	7Y42_1|Chains	31.600	970	1344	1121	4.871E-132	454
9OVK_1|Chain	7XU2_1|Chains	31.400	970	1344	1127	1.699E-130	449
9OVK_1|Chain	7XU4_1|Chains	31.400	970	1344	1127	2.284E-130	449
9OVK_1|Chain	7XU5_1|Chains	31.400	970	1344	1127	2.284E-130	449
9OVK_1|Chain	7DKJ_1|Chains	76.700	56	1344	599	3.095E-19	91
9OVK_1|Chain	7MFG_2|Chains	31.600	192	1344	222	8.159E-15	76
9OVK_1|Chain	7LUC_1|Chains	59.300	57	1344	527	1.518E-12	68
9OVK_1|Chain	7WSF_2|Chain	24.200	132	1344	190	1.935E-09	58
9OVK_1|Chain	6XDG_1|Chain	27.700	118	1344	251	1.008E-08	56
9OVK_1|Chain	7UWL_1|Chains	94.400	18	1344	188	1.523E-04	42
9OVK_1|Chain	7U9G_1|Chains	27.700	103	1344	439	7.146E-03	36
9OVK_1|Chain	6TFK_1|Chains	24.600	155	1344	789	4.413E-01	31
9OVK_1|Chain	6WXH_1|Chains	22.800	103	1344	493	2.296E+00	28
9OVK_1|Chain	7STB_1|Chain	21.200	148	1344	696	2.296E+00	28
9OVK_1|Chain	8AG6_2|Chain	28.200	95	1344	1414	3.978E+00	27
9OVK_1|Chain	6YRF_1|Chains	28.100	101	1344	803	9.074E+00	26
9OVK_1|Chain	7UCG_3|Chains	34.400	29	1344	205	1.194E+01	26
9OVK_1|Chain	8DR4_6|Chains	66.600	12	1344	277	1.194E+01	26
9OVK_1|Chain	8DR6_6|Chains	66.600	12	1344	277	1.194E+01	26
9OVK_1|Chain	6PK4_1|Chains	30.700	39	1344	586	1.194E+01	26
9OVK_1|Chain	6URG_2|Chain	66.600	12	1344	587	1.194E+01	26
9OVK_1|Chain	6BM0_2|Chain	66.600	12	1344	587	1.194E+01	26
9OVK_1|Chain	6BLY_2|Chain	66.600	12	1344	587	1.194E+01	26
9OVK_1|Chain	7P1H_1|Chain	66.600	12	1344	827	1.194E+01	26
9OVK_1|Chain	7UFS_1|Chains	66.600	12	1344	1069	1.194E+01	26
9OVK_1|Chain	7OTP_1|Chain	21.300	98	1344	4148	1.194E+01	26
9OVK_1|Chain	7OTW_1|Chain	21.300	98	1344	4148	1.194E+01	26
9OVK_1|Chain	7OTM_1|Chain	21.300	98	1344	4148	1.194E+01	26
9OVK_1|Chain	6ZH6_1|Chain	21.300	98	1344	4156	1.194E+01	26
9OVK_1|Chain	6ZFP_1|Chain	21.300	98	1344	4156	1.194E+01	26
9OVK_1|Chain	6ZH2_1|Chain	21.300	98	1344	4156	1.194E+01	26
9OVK_1|Chain	6ZH4_1|Chain	21.300	98	1344	4156	1.194E+01	26
9OVK_1|Chain	6SYT_2|Chain	32.400	73	1344	991	2.070E+01	25
9OVK_1|Chain	6KLC_1|Chain	35.700	42	1344	2218	2.070E+01	25
9OVK_1|Chain	7MFG_1|Chains	42.400	32	1344	326	2.724E+01	25
9OVK_1|Chain	6OIS_2|Chains	21.300	235	1344	449	3.586E+01	24
9OVK_1|Chain	7MFF_2|Chains	31.300	50	1344	766	3.586E+01	24
9OVK_1|Chain	6UAN_2|Chains	31.300	50	1344	768	3.586E+01	24
9OVK_1|Chain	7OCF_1|Chains	32.400	37	1344	915	3.586E+01	24
9OVK_1|Chain	7L7B_3|Chain	37.500	40	1344	1161	3.586E+01	24
9OVK_1|Chain	6VXK_2|Chains	22.300	127	1344	1545	3.586E+01	24
9OVK_1|Chain	7M74_2|Chain	30.600	62	1344	198	4.720E+01	24
9OVK_1|Chain	7JHH_2|Chain	30.600	62	1344	198	4.720E+01	24
9OVK_1|Chain	7MGE_2|Chain	25.800	91	1344	937	4.720E+01	24
9OVK_1|Chain	7USD_2|Chain	23.400	62	1344	1128	4.720E+01	24
9OVK_1|Chain	7FEQ_1|Chains	30.500	36	1344	202	6.214E+01	23
9OVK_1|Chain	7FEP_1|Chains	30.500	36	1344	202	6.214E+01	23
9OVK_1|Chain	7FES_1|Chains	30.500	36	1344	202	6.214E+01	23
9OVK_1|Chain	7FER_1|Chains	30.500	36	1344	202	6.214E+01	23
9OVK_1|Chain	7OQZ_1|Chains	29.200	65	1344	281	6.214E+01	23
9OVK_1|Chain	7XO5_2|Chain	22.300	82	1344	805	6.214E+01	23
9OVK_1|Chain	6QXF_1|Chains	24.500	53	1344	219	8.179E+01	23
9OVK_1|Chain	8DZF_1|Chains	40.000	25	1344	534	8.179E+01	23
9OVK_1|Chain	6TYS_1|Chains	19.800	236	1344	538	8.179E+01	23
9OVK_1|Chain	7DPW_1|Chains	27.700	36	1344	556	8.179E+01	23
9OVK_1|Chain	7DPT_1|Chains	27.700	36	1344	627	8.179E+01	23
9OVK_1|Chain	6SYT_1|Chain	25.000	96	1344	3712	8.179E+01	23
11TL_2|Chain	7JHH_6|Chain	90.100	231	229	237	3.725E-128	399
11TL_2|Chain	7M74_6|Chain	90.000	228	229	228	2.244E-126	394
11TL_2|Chain	6XDG_3|Chain	84.000	226	229	226	1.780E-117	368
11TL_2|Chain	6XDG_4|Chain	84.000	226	229	225	1.335E-114	360
11TL_2|Chain	7UDS_1|Chains	80.500	226	229	226	4.837E-111	349
11TL_2|Chain	6VTT_2|Chain	74.400	247	229	257	4.966E-108	341
11TL_2|Chain	6PZZ_3|Chains	74.700	226	229	224	2.988E-106	336
11TL_2|Chain	6OZC_4|Chains	76.300	225	229	224	3.376E-104	330
11TL_2|Chain	7UCG_2|Chains	72.000	226	229	234	2.082E-99	316
11TL_2|Chain	7LG6_6|Chains	74.000	226	229	225	2.853E-99	316
11TL_2|Chain	6DFH_3|Chains	73.800	232	229	233	1.715E-97	310
11TL_2|Chain	6OPO_5|Chains	70.500	229	229	229	3.220E-97	310
11TL_2|Chain	6OPQ_5|Chains	70.500	229	229	229	3.220E-97	310
11TL_2|Chain	6X5B_5|Chains	70.500	229	229	229	3.220E-97	310
11TL_2|Chain	6OPP_5|Chains	70.500	229	229	229	3.220E-97	310
11TL_2|Chain	7U9G_3|Chains	73.400	226	229	265	1.556E-96	308
11TL_2|Chain	7PC2_5|Chains	68.600	226	229	226	4.005E-96	306
11TL_2|Chain	6V4N_2|Chains	71.400	227	229	244	7.520E-96	306
11TL_2|Chain	7UCG_5|Chains	69.300	234	229	243	1.593E-93	299
11TL_2|Chain	7LL2_3|Chains	70.300	226	229	225	6.983E-92	294
11TL_2|Chain	7LL1_3|Chains	63.900	229	229	229	1.216E-87	282
11TL_2|Chain	7LG6_2|Chains	63.500	229	229	231	3.128E-87	281
11TL_2|Chain	6NQD_3|Chains	63.900	234	229	244	8.213E-84	271
11TL_2|Chain	7L5J_3|Chains	60.100	226	229	221	2.154E-80	261
11TL_2|Chain	7PC2_1|Chains	51.900	221	229	240	2.895E-61	206
11TL_2|Chain	7WS5_3|Chains	75.200	124	229	123	2.619E-51	177
11TL_2|Chain	6TYS_2|Chains	69.000	126	229	120	8.171E-47	164
11TL_2|Chain	8CYJ_3|Chain	63.500	128	229	128	2.813E-43	154
11TL_2|Chain	8CYJ_2|Chain	64.600	124	229	125	1.644E-41	149
11TL_2|Chain	7JHH_7|Chain	61.900	125	229	159	7.857E-41	147
11TL_2|Chain	7DKJ_2|Chains	61.200	126	229	203	1.074E-40	146
11TL_2|Chain	7KKL_2|Chains	65.600	124	229	125	3.753E-40	145
11TL_2|Chain	7M74_7|Chain	61.200	123	229	120	7.013E-40	144
11TL_2|Chain	6UKT_4|Chain	63.700	124	229	134	7.013E-40	144
11TL_2|Chain	8CYJ_4|Chain	60.400	127	229	127	3.347E-39	142
11TL_2|Chain	8CYJ_1|Chain	62.500	127	229	127	2.098E-35	131
11TL_2|Chain	8DZI_2|Chains	54.800	124	229	118	2.865E-35	130
11TL_2|Chain	6UKT_3|Chain	59.600	124	229	124	9.975E-35	129
11TL_2|Chain	6UKT_6|Chain	61.600	124	229	134	9.975E-35	129
11TL_2|Chain	6XEY_2|Chains	50.000	124	229	122	1.362E-34	128
11TL_2|Chain	7MFG_3|Chains	52.400	124	229	120	3.471E-34	127
11TL_2|Chain	7RA8_2|Chains	52.700	126	229	126	6.475E-34	126
11TL_2|Chain	6UKT_5|Chain	62.000	124	229	131	1.207E-33	126
11TL_2|Chain	6VO1_3|Chains	54.400	124	229	118	3.075E-33	124
11TL_2|Chain	7MY3_2|Chains	56.600	124	229	127	5.732E-33	124
11TL_2|Chain	7LUC_2|Chains	48.300	124	229	121	1.459E-32	123
11TL_2|Chain	6U59_4|Chains	57.300	121	229	119	5.068E-32	121
11TL_2|Chain	7WVF_4|Chain	55.100	124	229	261	6.918E-32	121
11TL_2|Chain	7LUC_4|Chains	49.600	129	229	129	2.890E-30	116
11TL_2|Chain	7WEC_1|Chains	49.100	123	229	123	6.454E-29	112
11TL_2|Chain	7UCG_3|Chains	33.600	211	229	205	2.120E-21	90
11TL_2|Chain	6OPQ_2|Chains	33.100	212	229	214	6.206E-20	85
11TL_2|Chain	6OPO_2|Chains	33.100	212	229	214	6.206E-20	85
11TL_2|Chain	6X5B_3|Chains	33.100	212	229	214	6.206E-20	85
11TL_2|Chain	6OPP_1|Chains	33.100	212	229	214	6.206E-20	85
11TL_2|Chain	6XDG_5|Chain	32.700	211	229	216	7.188E-19	82
11TL_2|Chain	7PC2_2|Chains	32.600	201	229	215	1.798E-18	81
11TL_2|Chain	7U9G_2|Chains	32.600	199	229	217	2.441E-18	81
11TL_2|Chain	7LG6_5|Chains	33.600	201	229	214	1.123E-17	79
11TL_2|Chain	6DFH_4|Chains	32.100	213	229	214	3.799E-17	77
11TL_2|Chain	6VTT_3|Chain	29.900	211	229	217	6.983E-17	76
11TL_2|Chain	6NQD_4|Chains	30.400	212	229	215	1.971E-15	72
11TL_2|Chain	6PZZ_2|Chains	31.600	198	229	214	2.669E-15	72
11TL_2|Chain	7JHH_5|Chain	30.700	213	229	215	4.890E-15	71
11TL_2|Chain	7LL1_4|Chains	30.200	201	229	214	6.618E-15	70
11TL_2|Chain	7LG6_3|Chains	30.200	201	229	214	6.618E-15	70
11TL_2|Chain	7M74_5|Chain	31.100	198	229	211	5.481E-14	68
11TL_2|Chain	7LL2_4|Chains	28.700	212	229	217	1.829E-13	66
11TL_2|Chain	6V4N_3|Chains	30.700	191	229	214	2.471E-13	66
11TL_2|Chain	6XDG_2|Chain	28.500	212	229	214	6.088E-13	64
11TL_2|Chain	7UDS_2|Chains	28.200	211	229	209	1.498E-12	63
11TL_2|Chain	7L5J_2|Chains	26.800	207	229	211	2.728E-12	63
11TL_2|Chain	7UCG_6|Chains	28.000	198	229	216	4.964E-12	62
11TL_2|Chain	7PC2_6|Chains	26.700	212	229	206	5.408E-11	59
11TL_2|Chain	7FJE_6|Chain	31.100	172	229	312	8.316E-09	52
11TL_2|Chain	8DZI_3|Chains	34.900	122	229	109	4.850E-08	49
11TL_2|Chain	7WEC_2|Chains	35.700	122	229	107	1.168E-07	48
11TL_2|Chain	7DKJ_3|Chains	30.400	126	229	189	5.034E-07	46
11TL_2|Chain	7X13_1|Chains	32.500	80	229	245	2.158E-06	44
11TL_2|Chain	7RA8_3|Chains	30.900	109	229	113	5.155E-06	43
11TL_2|Chain	6XEY_3|Chains	36.400	84	229	110	6.889E-06	43
11TL_2|Chain	6TYS_3|Chains	35.300	82	229	107	1.229E-05	42
11TL_2|Chain	7MFG_4|Chains	31.700	122	229	108	5.212E-05	40
11TL_2|Chain	7WS5_2|Chains	29.800	96	229	108	2.932E-04	38
11TL_2|Chain	7LUC_3|Chains	30.800	103	229	112	2.182E-03	35
11TL_2|Chain	6VO1_4|Chains	31.700	82	229	107	5.147E-03	34
11TL_2|Chain	7LUC_5|Chains	30.900	96	229	107	5.147E-03	34
11TL_2|Chain	7E5Z_2|Chain	46.600	15	229	572	7.977E+01	20
9RGD_1|Chains	7M6S_1|Chains	38.400	400	409	444	1.856E-80	270
9RGD_1|Chains	6Y5A_1|Chains	23.600	287	409	538	9.642E-13	66
9RGD_1|Chains	6Y5B_1|Chains	23.600	287	409	538	9.642E-13	66
9RGD_1|Chains	6Y59_1|Chains	23.600	287	409	538	9.642E-13	66
9RGD_1|Chains	7EKI_1|Chains	20.600	226	409	502	4.227E-08	51
9RGD_1|Chains	7ZPM_2|Chains	26.300	69	409	757	1.837E+00	27
9RGD_1|Chains	7R06_1|Chains	21.600	83	409	601	1.288E+01	24
9RGD_1|Chains	7Z0Z_1|Chains	21.600	83	409	601	1.288E+01	24
9RGD_1|Chains	7UFS_1|Chains	22.000	50	409	1069	2.967E+01	23
9RGD_1|Chains	6XDG_1|Chain	40.000	29	409	251	5.174E+01	22
9RGD_1|Chains	7Y42_1|Chains	40.000	29	409	1121	5.174E+01	22
9RGD_1|Chains	7XU4_1|Chains	40.000	29	409	1127	5.174E+01	22
9RGD_1|Chains	7XU5_1|Chains	40.000	29	409	1127	5.174E+01	22
9RGD_1|Chains	7XU2_1|Chains	40.000	29	409	1127	5.174E+01	22
9RGD_1|Chains	7TLB_1|Chains	40.000	29	409	1208	5.174E+01	22
9RGD_1|Chains	7TLA_1|Chains	40.000	29	409	1208	5.174E+01	22
9RGD_1|Chains	6ZOY_1|Chains	40.000	29	409	1247	5.174E+01	22
9RGD_1|Chains	6ZP0_1|Chains	40.000	29	409	1247	5.174E+01	22
9RGD_1|Chains	6ZOZ_1|Chains	40.000	29	409	1247	5.174E+01	22
9RGD_1|Chains	6X29_1|Chains	40.000	29	409	1273	5.174E+01	22
9RGD_1|Chains	8CYJ_5|Chain	40.000	29	409	1273	5.174E+01	22
9RGD_1|Chains	7JJI_1|Chains	40.000	29	409	1273	5.174E+01	22
9RGD_1|Chains	7EB0_1|Chains	40.000	29	409	1283	5.174E+01	22
9RGD_1|Chains	7TPH_1|Chains	40.000	29	409	1286	5.174E+01	22
9RGD_1|Chains	7TP7_1|Chains	40.000	29	409	1286	5.174E+01	22
9RGD_1|Chains	7KE7_1|Chains	40.000	29	409	1288	5.174E+01	22
9RGD_1|Chains	7KEC_1|Chains	40.000	29	409	1288	5.174E+01	22
9RGD_1|Chains	7KEA_1|Chains	40.000	29	409	1288	5.174E+01	22
9RGD_1|Chains	6VSB_1|Chains	40.000	29	409	1288	5.174E+01	22
9RGD_1|Chains	7KE9_1|Chains	40.000	29	409	1288	5.174E+01	22
9RGD_1|Chains	7RA8_1|Chains	40.000	29	409	1288	5.174E+01	22
9RGD_1|Chains	7KDH_1|Chains	40.000	29	409	1288	5.174E+01	22
9RGD_1|Chains	7KKL_1|Chains	40.000	29	409	1288	5.174E+01	22
9RGD_1|Chains	6XKL_1|Chains	40.000	29	409	1288	5.174E+01	22
9RGD_1|Chains	7KEB_1|Chains	40.000	29	409	1288	5.174E+01	22
9RGD_1|Chains	6XEY_1|Chains	40.000	29	409	1288	5.174E+01	22
9RGD_1|Chains	7LYL_1|Chains	40.000	29	409	1288	5.174E+01	22
9RGD_1|Chains	8CSA_1|Chains	40.000	29	409	1288	5.174E+01	22
9RGD_1|Chains	6ZP5_1|Chains	40.000	29	409	1288	5.174E+01	22
9RGD_1|Chains	7MY3_1|Chains	40.000	29	409	1288	5.174E+01	22
9RGD_1|Chains	7LYM_1|Chains	40.000	29	409	1288	5.174E+01	22
9RGD_1|Chains	7KDJ_1|Chains	40.000	29	409	1288	5.174E+01	22
9RGD_1|Chains	7N1T_1|Chains	40.000	29	409	1305	5.174E+01	22
9RGD_1|Chains	7N1U_1|Chains	40.000	29	409	1305	5.174E+01	22
9RGD_1|Chains	7N1Q_1|Chains	40.000	29	409	1305	5.174E+01	22
9RGD_1|Chains	7SBL_1|Chains	40.000	29	409	1308	5.174E+01	22
9RGD_1|Chains	7SBK_1|Chains	40.000	29	409	1308	5.174E+01	22
9RGD_1|Chains	7SBS_1|Chains	40.000	29	409	1310	5.174E+01	22
9RGD_1|Chains	7SBP_1|Chains	40.000	29	409	1310	5.174E+01	22
9RGD_1|Chains	7KRS_1|Chains	40.000	29	409	1310	5.174E+01	22
9RGD_1|Chains	7E7D_1|Chains	40.000	29	409	1520	5.174E+01	22
9RGD_1|Chains	7L7B_5|Chain	23.800	64	409	390	6.832E+01	21
9RGD_1|Chains	6SYT_1|Chain	29.700	37	409	3712	9.021E+01	21
9XBY_4|Chain	7MEY_1|Chain	22.500	62	245	1950	4.935E+01	21
9XBY_4|Chain	7MEX_4|Chain	22.500	62	245	1950	4.935E+01	21
9XBY_4|Chain	6T2U_3|Chain	24.200	70	245	608	6.540E+01	21
9XBY_4|Chain	8B1T_3|Chain	24.200	70	245	608	6.540E+01	21
9XBY_4|Chain	7MR0_3|Chain	24.200	70	245	608	6.540E+01	21
9XBY_4|Chain	6SJG_3|Chain	24.200	70	245	608	6.540E+01	21
9XBY_4|Chain	8B1U_3|Chain	24.200	70	245	608	6.540E+01	21
9XBY_4|Chain	6T2V_3|Chain	24.200	70	245	608	6.540E+01	21
9XBY_4|Chain	7VGG_1|Chain	29.300	75	245	704	6.540E+01	21
9XBY_4|Chain	7WGR_1|Chains	32.600	52	245	895	6.540E+01	21
9XBY_4|Chain	6T2V_2|Chain	31.200	62	245	1122	8.666E+01	20
9XBY_4|Chain	6T2U_2|Chain	31.200	62	245	1122	8.666E+01	20
9XBY_4|Chain	8B1T_2|Chain	31.200	62	245	1122	8.666E+01	20
9XBY_4|Chain	7MR0_2|Chain	31.200	62	245	1122	8.666E+01	20
9XBY_4|Chain	6SJG_2|Chain	31.200	62	245	1122	8.666E+01	20
9XBY_4|Chain	8B1U_2|Chain	31.200	62	245	1122	8.666E+01	20
9OI3_2|Chains	7MFG_2|Chains	98.200	176	222	222	2.491E-114	359
9OI3_2|Chains	7DKJ_1|Chains	81.800	176	222	599	2.351E-97	310
9OI3_2|Chains	7TPH_1|Chains	20.900	43	222	1286	6.015E+00	24
9OI3_2|Chains	7TP7_1|Chains	20.900	43	222	1286	6.015E+00	24
9OI3_2|Chains	7SBL_1|Chains	20.900	43	222	1308	6.015E+00	24
9OI3_2|Chains	7SBK_1|Chains	20.900	43	222	1308	6.015E+00	24
9OI3_2|Chains	7UB6_1|Chains	18.600	43	222	1285	1.867E+01	22
9OI3_2|Chains	6LVE_1|Chains	34.300	32	222	775	2.477E+01	22
9OI3_2|Chains	7W8J_1|Chains	34.300	32	222	775	2.477E+01	22
9OI3_2|Chains	6LVB_1|Chains	34.300	32	222	775	2.477E+01	22
9OI3_2|Chains	6LVC_1|Chains	34.300	32	222	775	2.477E+01	22
9OI3_2|Chains	6LVD_1|Chains	34.300	32	222	775	2.477E+01	22
9OI3_2|Chains	6ZP0_1|Chains	18.600	43	222	1247	2.477E+01	22
9OI3_2|Chains	7KE7_1|Chains	18.600	43	222	1288	2.477E+01	22
9OI3_2|Chains	7KEC_1|Chains	18.600	43	222	1288	2.477E+01	22
9OI3_2|Chains	7KEA_1|Chains	18.600	43	222	1288	2.477E+01	22
9OI3_2|Chains	7KE9_1|Chains	18.600	43	222	1288	2.477E+01	22
9OI3_2|Chains	7KDH_1|Chains	18.600	43	222	1288	2.477E+01	22
9OI3_2|Chains	7KEB_1|Chains	18.600	43	222	1288	2.477E+01	22
9OI3_2|Chains	7LYL_1|Chains	18.600	43	222	1288	2.477E+01	22
9OI3_2|Chains	8CSA_1|Chains	18.600	43	222	1288	2.477E+01	22
9OI3_2|Chains	7LYM_1|Chains	18.600	43	222	1288	2.477E+01	22
9OI3_2|Chains	7KDJ_1|Chains	18.600	43	222	1288	2.477E+01	22
9OI3_2|Chains	7N1T_1|Chains	18.600	43	222	1305	2.477E+01	22
9OI3_2|Chains	7N1U_1|Chains	18.600	43	222	1305	2.477E+01	22
9OI3_2|Chains	7N1Q_1|Chains	18.600	43	222	1305	2.477E+01	22
9OI3_2|Chains	7SBS_1|Chains	18.600	43	222	1310	2.477E+01	22
9OI3_2|Chains	7KRS_1|Chains	18.600	43	222	1310	2.477E+01	22
9OI3_2|Chains	7E7D_1|Chains	18.600	43	222	1520	2.477E+01	22
9OI3_2|Chains	6X17_1|Chains	42.800	21	222	422	4.361E+01	21
9OI3_2|Chains	7XU4_1|Chains	18.600	43	222	1127	4.361E+01	21
9OI3_2|Chains	7XU5_1|Chains	18.600	43	222	1127	4.361E+01	21
9OI3_2|Chains	7XU2_1|Chains	18.600	43	222	1127	4.361E+01	21
9XI7_4|Chains	6XDG_5|Chain	83.400	217	217	216	2.463E-113	355
9XI7_4|Chains	6VTT_3|Chain	82.500	217	217	217	5.765E-112	351
9XI7_4|Chains	6DFH_4|Chains	80.800	214	217	214	1.388E-107	339
9XI7_4|Chains	7UCG_3|Chains	79.700	217	217	205	1.728E-106	336
9XI7_4|Chains	7U9G_2|Chains	57.700	217	217	217	4.248E-73	239
9XI7_4|Chains	7RA8_3|Chains	92.000	113	217	113	5.009E-62	207
9XI7_4|Chains	7L5J_2|Chains	47.500	206	217	211	3.053E-51	176
9XI7_4|Chains	7UCG_6|Chains	46.400	206	217	216	2.477E-49	171
9XI7_4|Chains	6XDG_2|Chain	44.400	213	217	214	1.071E-47	166
9XI7_4|Chains	6OPQ_2|Chains	44.100	201	217	214	1.805E-46	162
9XI7_4|Chains	6OPO_2|Chains	44.100	201	217	214	1.805E-46	162
9XI7_4|Chains	6X5B_3|Chains	44.100	201	217	214	1.805E-46	162
9XI7_4|Chains	6OPP_1|Chains	44.100	201	217	214	1.805E-46	162
9XI7_4|Chains	6PZZ_2|Chains	45.400	214	217	214	2.470E-46	162
9XI7_4|Chains	7JHH_5|Chain	44.900	213	217	215	4.626E-46	161
9XI7_4|Chains	7M74_5|Chain	45.500	201	217	211	1.185E-45	160
9XI7_4|Chains	7UDS_2|Chains	44.600	201	217	209	2.220E-45	159
9XI7_4|Chains	6XEY_3|Chains	70.200	111	217	110	1.065E-44	157
9XI7_4|Chains	7PC2_2|Chains	42.000	214	217	215	4.586E-43	153
9XI7_4|Chains	6NQD_4|Chains	43.100	213	217	215	1.174E-42	151
9XI7_4|Chains	7LG6_5|Chains	41.500	213	217	214	3.007E-42	150
9XI7_4|Chains	6V4N_3|Chains	42.400	213	217	214	4.113E-42	150
9XI7_4|Chains	6OZC_3|Chains	42.400	202	217	213	5.627E-42	149
9XI7_4|Chains	7WVF_4|Chain	67.800	112	217	261	6.899E-41	146
9XI7_4|Chains	7LL1_4|Chains	40.200	216	217	214	9.437E-41	146
9XI7_4|Chains	7LG6_3|Chains	40.200	216	217	214	9.437E-41	146
9XI7_4|Chains	7LL2_4|Chains	41.800	214	217	217	9.437E-41	146
9XI7_4|Chains	7PC2_6|Chains	40.300	213	217	206	6.760E-38	138
9XI7_4|Chains	8DZI_3|Chains	51.300	108	217	109	2.302E-24	98
9XI7_4|Chains	7PC2_5|Chains	32.100	213	217	226	5.086E-23	94
9XI7_4|Chains	7JHH_6|Chain	32.700	216	217	237	9.440E-23	93
9XI7_4|Chains	7WEC_2|Chains	49.500	108	217	107	8.205E-22	91
9XI7_4|Chains	7M74_6|Chain	32.700	213	217	228	8.205E-22	91
9XI7_4|Chains	6VO1_4|Chains	47.700	108	217	107	1.521E-21	90
9XI7_4|Chains	6TYS_3|Chains	48.100	107	217	107	1.521E-21	90
9XI7_4|Chains	7WS5_2|Chains	51.300	107	217	108	3.838E-21	89
9XI7_4|Chains	6XDG_4|Chain	32.500	210	217	225	5.224E-21	88
9XI7_4|Chains	7UCG_2|Chains	32.100	213	217	234	5.224E-21	88
9XI7_4|Chains	6XDG_3|Chain	32.500	210	217	226	7.110E-21	88
9XI7_4|Chains	7LUC_5|Chains	48.600	107	217	107	1.317E-20	87
9XI7_4|Chains	7UDS_1|Chains	31.100	211	217	226	1.792E-20	87
9XI7_4|Chains	7DKJ_3|Chains	47.200	107	217	189	2.438E-20	86
9XI7_4|Chains	7MFG_4|Chains	47.600	106	217	108	6.140E-20	85
9XI7_4|Chains	6U59_3|Chains	47.700	109	217	112	1.136E-19	84
9XI7_4|Chains	7LG6_6|Chains	29.900	211	217	225	2.101E-19	83
9XI7_4|Chains	6PZZ_3|Chains	29.700	211	217	224	3.885E-19	83
9XI7_4|Chains	6V4N_2|Chains	30.500	215	217	244	3.885E-19	83
9XI7_4|Chains	6NQD_3|Chains	31.400	222	217	244	5.283E-19	82
9XI7_4|Chains	6VTT_2|Chain	29.700	235	217	257	3.331E-18	80
9XI7_4|Chains	6DFH_3|Chains	30.000	220	217	233	4.527E-18	79
9XI7_4|Chains	7LG6_2|Chains	28.000	217	217	231	8.356E-18	79
9XI7_4|Chains	7LL2_3|Chains	29.800	212	217	225	3.862E-17	77
9XI7_4|Chains	7FJE_6|Chain	31.700	201	217	312	5.244E-17	76
9XI7_4|Chains	7LL1_3|Chains	27.900	214	217	229	7.119E-17	76
9XI7_4|Chains	7LUC_3|Chains	43.700	109	217	112	1.312E-16	75
9XI7_4|Chains	6OPO_5|Chains	28.700	215	217	229	1.312E-16	75
9XI7_4|Chains	6OPQ_5|Chains	28.700	215	217	229	1.312E-16	75
9XI7_4|Chains	6X5B_5|Chains	28.700	215	217	229	1.312E-16	75
9XI7_4|Chains	6OPP_5|Chains	28.700	215	217	229	1.312E-16	75
9XI7_4|Chains	7UCG_5|Chains	28.100	222	217	243	4.449E-16	74
9XI7_4|Chains	7U9G_3|Chains	29.000	213	217	265	4.449E-16	74
9XI7_4|Chains	7L5J_3|Chains	29.200	205	217	221	3.754E-15	71
9XI7_4|Chains	6OZC_4|Chains	29.500	209	217	224	6.898E-15	70
9XI7_4|Chains	7X13_1|Chains	34.700	92	217	245	3.970E-12	62
9XI7_4|Chains	7PC2_1|Chains	28.100	208	217	240	3.254E-11	59
9XI7_4|Chains	6XEY_2|Chains	31.100	107	217	122	3.240E-07	47
9XI7_4|Chains	7M74_7|Chain	32.700	106	217	120	8.093E-06	42
9XI7_4|Chains	7JHH_7|Chain	32.700	106	217	159	8.093E-06	42
9XI7_4|Chains	7WS5_3|Chains	31.100	108	217	123	1.083E-05	42
9XI7_4|Chains	6UKT_4|Chain	29.300	108	217	134	1.449E-05	42
9XI7_4|Chains	6VO1_3|Chains	30.700	103	217	118	1.938E-05	41
9XI7_4|Chains	6UKT_3|Chain	31.700	99	217	124	1.938E-05	41
9XI7_4|Chains	6U59_4|Chains	32.600	103	217	119	2.591E-05	41
9XI7_4|Chains	6UKT_5|Chain	28.300	105	217	131	6.187E-05	40
9XI7_4|Chains	6TYS_2|Chains	26.900	103	217	120	8.266E-05	39
9XI7_4|Chains	7LUC_2|Chains	26.100	106	217	121	8.266E-05	39
9XI7_4|Chains	7MFG_3|Chains	26.400	105	217	120	3.508E-04	37
9XI7_4|Chains	7WEC_1|Chains	28.400	109	217	123	3.508E-04	37
9XI7_4|Chains	7KKL_2|Chains	30.400	103	217	125	3.508E-04	37
9XI7_4|Chains	8CYJ_2|Chain	28.100	109	217	125	6.246E-04	36
9XI7_4|Chains	8CYJ_4|Chain	25.800	111	217	127	8.332E-04	36
9XI7_4|Chains	7DKJ_2|Chains	28.700	85	217	203	3.509E-03	34
9XI7_4|Chains	8CYJ_1|Chain	25.000	111	217	127	8.298E-03	33
9XI7_4|Chains	8CYJ_3|Chain	27.100	113	217	128	6.147E-02	30
9XI7_4|Chains	6UKT_6|Chain	28.000	87	217	134	8.177E-02	30
9XI7_4|Chains	7LZJ_1|Chains	36.100	36	217	907	1.812E+01	22
9UWW_1|Chains	7M9B_1|Chains	37.500	32	471	276	3.484E+01	23
9UWW_1|Chains	6LZ1_1|Chains	43.400	23	471	1133	3.484E+01	23
9UWW_1|Chains	5ZX5_1|Chains	25.000	96	471	1229	4.598E+01	22
9UWW_1|Chains	7VO9_3|Chains	22.900	87	471	159	6.067E+01	22
9UWW_1|Chains	7X0X_1|Chains	70.000	10	471	612	6.067E+01	22
9UWW_1|Chains	7CTE_2|Chain	44.000	25	471	711	6.067E+01	22
9NI3_1|Chain	6OF4_1|Chains	100.000	29	1096	391	2.691E-12	67
9NI3_1|Chain	6OF3_1|Chains	100.000	29	1096	391	2.691E-12	67
9NI3_1|Chain	6OF2_1|Chains	100.000	29	1096	391	2.691E-12	67
9NI3_1|Chain	6L42_1|Chain	100.000	26	1096	2109	1.676E-10	61
9NI3_1|Chain	7VFE_1|Chains	91.600	24	1096	569	3.136E-08	54
9NI3_1|Chain	7ZZY_1|Chains	82.100	28	1096	183	4.131E-08	53
9NI3_1|Chain	7OTP_1|Chain	23.800	245	1096	4148	2.155E-07	51
9NI3_1|Chain	7OTW_1|Chain	23.800	245	1096	4148	2.155E-07	51
9NI3_1|Chain	7OTM_1|Chain	23.800	245	1096	4148	2.155E-07	51
9NI3_1|Chain	6ZH6_1|Chain	23.800	245	1096	4156	2.155E-07	51
9NI3_1|Chain	6ZFP_1|Chain	23.800	245	1096	4156	2.155E-07	51
9NI3_1|Chain	6ZH2_1|Chain	23.800	245	1096	4156	2.155E-07	51
9NI3_1|Chain	6ZH4_1|Chain	23.800	245	1096	4156	2.155E-07	51
9NI3_1|Chain	6SYT_1|Chain	32.800	63	1096	3712	2.501E-03	38
9NI3_1|Chain	7RLB_1|Chains	66.600	24	1096	821	1.717E-02	35
9NI3_1|Chain	7RLG_1|Chains	66.600	24	1096	821	1.717E-02	35
9NI3_1|Chain	7RLD_1|Chains	66.600	24	1096	821	1.717E-02	35
9NI3_1|Chain	7N8N_1|Chains	57.100	28	1096	244	6.798E-02	33
9NI3_1|Chain	7N8N_2|Chains	57.100	28	1096	297	6.798E-02	33
9NI3_1|Chain	6OWT_2|Chain	20.200	78	1096	591	4.666E-01	30
9NI3_1|Chain	6DBU_1|Chains	66.600	18	1096	1159	4.666E-01	30
9NI3_1|Chain	8B8J_1|Chains	26.300	71	1096	975	1.403E+00	29
9NI3_1|Chain	7DKJ_3|Chains	50.000	22	1096	189	3.202E+00	27
9NI3_1|Chain	7DKJ_2|Chains	50.000	22	1096	203	3.202E+00	27
9NI3_1|Chain	7USD_3|Chain	31.600	79	1096	323	5.552E+00	27
9NI3_1|Chain	6OWT_1|Chain	23.600	137	1096	939	5.552E+00	27
9NI3_1|Chain	7SNI_1|Chains	23.800	112	1096	523	9.626E+00	26
9NI3_1|Chain	7UC2_1|Chains	23.800	112	1096	523	9.626E+00	26
9NI3_1|Chain	7UAL_1|Chains	23.800	112	1096	523	9.626E+00	26
9NI3_1|Chain	7M2Z_2|Chain	25.000	98	1096	846	9.626E+00	26
9NI3_1|Chain	6ZGF_1|Chains	43.300	30	1096	1283	9.626E+00	26
9NI3_1|Chain	6ZOY_1|Chains	50.000	24	1096	1247	1.268E+01	25
9NI3_1|Chain	6ZP0_1|Chains	50.000	24	1096	1247	1.268E+01	25
9NI3_1|Chain	6ZOZ_1|Chains	50.000	24	1096	1247	1.268E+01	25
9NI3_1|Chain	6ZGL_1|Chains	38.700	31	1096	167	2.894E+01	24
9NI3_1|Chain	7DKJ_1|Chains	32.300	34	1096	599	2.894E+01	24
9NI3_1|Chain	6XOT_1|Chain	45.800	24	1096	1014	2.894E+01	24
9NI3_1|Chain	6XOS_1|Chain	45.800	24	1096	1014	2.894E+01	24
9NI3_1|Chain	6R6B_2|Chain	81.800	11	1096	295	3.810E+01	24
9NI3_1|Chain	6S3R_2|Chain	81.800	11	1096	300	3.810E+01	24
9NI3_1|Chain	6R69_2|Chain	81.800	11	1096	303	3.810E+01	24
9NI3_1|Chain	7SNF_1|Chains	25.300	78	1096	523	3.810E+01	24
9NI3_1|Chain	7TOE_1|Chains	25.300	78	1096	523	3.810E+01	24
9NI3_1|Chain	7SNG_1|Chains	25.300	78	1096	523	3.810E+01	24
9NI3_1|Chain	7SNH_1|Chains	25.300	78	1096	523	3.810E+01	24
9NI3_1|Chain	7UFR_1|Chains	42.800	21	1096	1062	3.810E+01	24
9NI3_1|Chain	7UFU_1|Chains	42.800	21	1096	1062	3.810E+01	24
9NI3_1|Chain	6URG_3|Chain	46.100	26	1096	250	5.017E+01	23
9NI3_1|Chain	7KCB_1|Chains	35.000	40	1096	347	5.017E+01	23
9NI3_1|Chain	7KC2_1|Chains	35.000	40	1096	347	5.017E+01	23
9NI3_1|Chain	7NTM_1|Chains	35.000	40	1096	347	5.017E+01	23
9NI3_1|Chain	7KCQ_1|Chains	35.000	40	1096	348	5.017E+01	23
9NI3_1|Chain	7KJY_1|Chains	35.000	40	1096	348	5.017E+01	23
9NI3_1|Chain	7VF2_1|Chain	21.700	114	1096	1812	5.017E+01	23
9NI3_1|Chain	6VYI_1|Chains	25.000	89	1096	488	6.605E+01	23
9NI3_1|Chain	6AUI_1|Chains	28.500	49	1096	812	6.605E+01	23
9NI3_1|Chain	8G46_2|Chain	28.500	57	1096	220	8.697E+01	23
9NI3_1|Chain	8FEI_1|Chain	33.300	50	1096	705	8.697E+01	23
9NI3_1|Chain	6LZ1_1|Chains	36.300	22	1096	1133	8.697E+01	23
9NI3_1|Chain	7MEY_1|Chain	20.000	99	1096	1950	8.697E+01	23
9NI3_1|Chain	7MEX_4|Chain	20.000	99	1096	1950	8.697E+01	23
9QGU_1|Chains	6AUI_1|Chains	100.000	11	307	812	1.701E+00	26
9QGU_1|Chains	6OF4_2|Chains	29.600	54	307	640	1.599E+01	23
9QGU_1|Chains	6OF3_2|Chains	29.600	54	307	640	1.599E+01	23
9QGU_1|Chains	6OF2_2|Chains	29.600	54	307	640	1.599E+01	23
9QGU_1|Chains	7D3E_1|Chains	37.500	24	307	1551	4.898E+01	21
9QGU_1|Chains	7D3F_1|Chains	37.500	24	307	1551	4.898E+01	21
9QGU_1|Chains	7E5Z_2|Chain	28.500	49	307	572	8.571E+01	21
9VQQ_1|Chains	6YSN_1|Chains	49.200	772	1128	1146	1.422E-231	743
9VQQ_1|Chains	6O6A_1|Chains	23.100	433	1128	1098	8.589E-15	76
9VQQ_1|Chains	6O6R_1|Chains	23.100	433	1128	1098	8.589E-15	76
9VQQ_1|Chains	6NR3_1|Chains	22.700	433	1128	1135	2.585E-14	74
9VQQ_1|Chains	7VQ2_1|Chains	24.400	286	1128	354	9.276E-13	69
9VQQ_1|Chains	8E4N_1|Chains	22.200	395	1128	1135	3.676E-12	67
9VQQ_1|Chains	8E4M_1|Chains	22.200	395	1128	1135	3.676E-12	67
9VQQ_1|Chains	8E4L_1|Chains	22.200	395	1128	1135	3.676E-12	67
9VQQ_1|Chains	7T6L_1|Chains	22.000	150	1128	739	1.447E+00	29
9VQQ_1|Chains	8DEP_1|Chain	23.500	119	1128	678	4.348E+00	27
9VQQ_1|Chains	7TX7_1|Chain	23.500	119	1128	678	4.348E+00	27
9VQQ_1|Chains	7VF2_1|Chain	35.100	37	1128	1812	1.721E+01	25
9VQQ_1|Chains	6TGA_3|Chains	44.800	29	1128	150	3.927E+01	24
9VQQ_1|Chains	6TG9_3|Chains	44.800	29	1128	150	3.927E+01	24
9VQQ_1|Chains	7MGE_3|Chain	33.300	40	1128	481	6.808E+01	23
9VQQ_1|Chains	7W84_1|Chain	26.000	95	1128	1131	6.808E+01	23
9VQQ_1|Chains	6OMF_5|Chain	27.900	62	1128	331	8.964E+01	23
9VQQ_1|Chains	7QUC_1|Chain	27.500	40	1128	475	8.964E+01	23
9VQQ_1|Chains	6WXH_1|Chains	32.500	43	1128	493	8.964E+01	23
9VQQ_1|Chains	7XO5_2|Chain	50.000	20	1128	805	8.964E+01	23
9VQQ_1|Chains	7M2Z_2|Chain	28.500	35	1128	846	8.964E+01	23
9Y5R_5|Chains	7WHR_1|Chains	23.300	432	452	379	1.196E-12	66
9Y5R_5|Chains	7WHS_1|Chains	23.300	432	452	379	1.196E-12	66
9Y5R_5|Chains	7D72_1|Chains	20.600	446	452	360	8.717E-08	51
9Y5R_5|Chains	7D73_2|Chains	20.600	446	452	360	8.717E-08	51
9Y5R_5|Chains	7D74_2|Chains	20.600	446	452	360	8.717E-08	51
9Y5R_5|Chains	7D72_2|Chains	22.900	127	452	420	1.137E-03	37
9Y5R_5|Chains	7D73_1|Chains	22.900	127	452	420	1.137E-03	37
9Y5R_5|Chains	7D74_1|Chains	22.900	127	452	420	1.137E-03	37
9Y5R_5|Chains	6SI8_1|Chains	32.600	52	452	431	5.160E-01	29
9Y5R_5|Chains	6SHN_1|Chains	32.600	52	452	431	5.160E-01	29
9Y5R_5|Chains	6R8U_1|Chains	32.600	52	452	431	5.160E-01	29
9Y5R_5|Chains	6SHJ_1|Chains	32.600	52	452	431	5.160E-01	29
9Y5R_5|Chains	6R8B_1|Chains	32.600	52	452	431	5.160E-01	29
9Y5R_5|Chains	6SHQ_1|Chains	32.600	52	452	431	5.160E-01	29
9Y5R_5|Chains	6UHC_3|Chain	27.200	72	452	372	2.519E+01	23
9Y5R_5|Chains	7LUC_1|Chains	35.100	37	452	527	3.325E+01	23
9Y5R_5|Chains	7OTP_1|Chain	23.700	95	452	4148	3.325E+01	23
9Y5R_5|Chains	7OTW_1|Chain	23.700	95	452	4148	3.325E+01	23
9Y5R_5|Chains	7OTM_1|Chain	23.700	95	452	4148	3.325E+01	23
9Y5R_5|Chains	6ZH6_1|Chain	23.700	95	452	4156	3.325E+01	23
9Y5R_5|Chains	6ZFP_1|Chain	23.700	95	452	4156	3.325E+01	23
9Y5R_5|Chains	6ZH2_1|Chain	23.700	95	452	4156	3.325E+01	23
9Y5R_5|Chains	6ZH4_1|Chain	23.700	95	452	4156	3.325E+01	23
9Y5R_5|Chains	6PK4_1|Chains	28.100	32	452	586	4.389E+01	22
9Y5R_5|Chains	7ZYY_1|Chains	53.300	15	452	1143	4.389E+01	22
9Y5R_5|Chains	7DNI_3|Chains	32.100	28	452	97	5.794E+01	22
9Y5R_5|Chains	7DKJ_1|Chains	40.000	35	452	599	7.647E+01	21
9Y5R_5|Chains	7CTE_2|Chain	28.500	42	452	711	7.647E+01	21
9Y5R_5|Chains	7PPJ_1|Chain	25.600	39	452	919	7.647E+01	21
9XWM_1|Chain	7X27_1|Chains	38.600	205	210	1212	1.493E-38	139
9XWM_1|Chain	7FJE_2|Chain	50.000	18	210	171	7.406E+00	23
9XWM_1|Chain	7OY2_2|Chain	45.000	20	210	514	2.304E+01	22
9XWM_1|Chain	6XNZ_2|Chains	42.100	19	210	363	4.062E+01	21
9XWM_1|Chain	7MGE_1|Chain	28.800	45	210	459	4.062E+01	21
9XWM_1|Chain	6XOT_1|Chain	44.400	18	210	1014	4.062E+01	21
9XWM_1|Chain	6XOS_1|Chain	44.400	18	210	1014	4.062E+01	21
9XWM_1|Chain	7MEY_1|Chain	50.000	12	210	1950	4.062E+01	21
9XWM_1|Chain	7MEX_4|Chain	50.000	12	210	1950	4.062E+01	21
9XWM_1|Chain	7L6O_1|Chains	63.600	11	210	466	5.393E+01	21
9XWM_1|Chain	7U9G_3|Chains	38.800	18	210	265	7.159E+01	20
9XWM_1|Chain	7MGE_2|Chain	46.600	15	210	937	7.159E+01	20
9XWM_1|Chain	6V4N_2|Chains	38.800	18	210	244	9.502E+01	20
9QJY_4|Chains	6UKT_4|Chain	79.100	138	138	134	4.697E-65	212
9QJY_4|Chains	8CYJ_2|Chain	79.600	127	138	125	2.964E-60	198
9QJY_4|Chains	7KKL_2|Chains	76.200	134	138	125	1.972E-59	196
9QJY_4|Chains	6UKT_6|Chain	71.000	138	138	134	4.229E-57	189
9QJY_4|Chains	8CYJ_4|Chain	76.700	128	138	127	5.800E-57	188
9QJY_4|Chains	6UKT_5|Chain	71.000	138	138	131	5.800E-57	188
9QJY_4|Chains	8CYJ_3|Chain	73.600	128	138	128	1.364E-55	184
9QJY_4|Chains	7JHH_7|Chain	72.000	128	138	159	6.034E-54	180
9QJY_4|Chains	7M74_7|Chain	71.800	127	138	120	2.134E-53	178
9QJY_4|Chains	6UKT_3|Chain	70.200	138	138	124	2.134E-53	178
9QJY_4|Chains	8CYJ_1|Chain	70.400	128	138	127	3.659E-52	175
9QJY_4|Chains	6XDG_3|Chain	68.200	128	138	226	3.470E-48	163
9QJY_4|Chains	7MY3_2|Chains	61.100	134	138	127	2.307E-47	161
9QJY_4|Chains	6TYS_2|Chains	65.800	128	138	120	3.164E-47	160
9QJY_4|Chains	7WS5_3|Chains	64.300	128	138	123	8.157E-47	159
9QJY_4|Chains	6XDG_4|Chain	66.400	128	138	225	8.157E-47	159
9QJY_4|Chains	7M74_6|Chain	64.300	128	138	228	6.780E-45	154
9QJY_4|Chains	7JHH_6|Chain	64.300	128	138	237	6.780E-45	154
9QJY_4|Chains	7PC2_1|Chains	59.000	132	138	240	7.726E-43	148
9QJY_4|Chains	7UDS_1|Chains	60.000	128	138	226	5.136E-42	145
9QJY_4|Chains	6VTT_2|Chain	55.100	145	138	257	3.887E-39	137
9QJY_4|Chains	7L5J_3|Chains	55.000	128	138	221	1.716E-37	132
9QJY_4|Chains	6OZC_4|Chains	52.700	127	138	224	2.676E-35	126
9QJY_4|Chains	7DKJ_2|Chains	53.400	128	138	203	9.455E-35	124
9QJY_4|Chains	6DFH_3|Chains	49.200	130	138	233	5.901E-30	111
9QJY_4|Chains	6PZZ_3|Chains	45.700	128	138	224	1.109E-29	110
9QJY_4|Chains	8DZI_2|Chains	47.200	128	138	118	1.520E-29	109
9QJY_4|Chains	7MFG_3|Chains	45.700	128	138	120	1.520E-29	109
9QJY_4|Chains	7LUC_4|Chains	45.000	129	138	129	2.083E-29	109
9QJY_4|Chains	6VO1_3|Chains	49.200	128	138	118	5.366E-29	108
9QJY_4|Chains	6U59_4|Chains	49.600	125	138	119	1.008E-28	107
9QJY_4|Chains	7LUC_2|Chains	42.600	128	138	121	1.894E-28	106
9QJY_4|Chains	7WVF_4|Chain	48.400	128	138	261	4.877E-28	105
9QJY_4|Chains	7RA8_2|Chains	42.600	128	138	126	6.685E-28	105
9QJY_4|Chains	7UCG_5|Chains	42.400	132	138	243	8.324E-27	102
9QJY_4|Chains	6XEY_2|Chains	41.800	128	138	122	1.564E-26	101
9QJY_4|Chains	7U9G_3|Chains	44.600	128	138	265	2.937E-26	100
9QJY_4|Chains	7WEC_1|Chains	41.800	127	138	123	5.516E-26	99
9QJY_4|Chains	6OPO_5|Chains	40.000	128	138	229	1.946E-25	98
9QJY_4|Chains	6OPQ_5|Chains	40.000	128	138	229	1.946E-25	98
9QJY_4|Chains	6X5B_5|Chains	40.000	128	138	229	1.946E-25	98
9QJY_4|Chains	6OPP_5|Chains	40.000	128	138	229	1.946E-25	98
9QJY_4|Chains	7UCG_2|Chains	41.200	128	138	234	1.946E-25	98
9QJY_4|Chains	6V4N_2|Chains	42.900	128	138	244	3.654E-25	97
9QJY_4|Chains	7LG6_6|Chains	43.800	128	138	225	4.118E-23	91
9QJY_4|Chains	7LL2_3|Chains	38.200	128	138	225	4.118E-23	91
9QJY_4|Chains	7PC2_5|Chains	39.000	128	138	226	3.378E-21	85
9QJY_4|Chains	6NQD_3|Chains	34.500	132	138	244	1.641E-17	75
9QJY_4|Chains	7LL1_3|Chains	30.500	128	138	229	5.183E-16	70
9QJY_4|Chains	7LG6_2|Chains	30.500	128	138	231	5.183E-16	70
9QJY_4|Chains	7JHH_5|Chain	32.500	125	138	215	1.088E-08	49
9QJY_4|Chains	7M74_5|Chain	33.900	112	138	211	2.756E-08	48
9QJY_4|Chains	7WEC_2|Chains	31.400	126	138	107	1.762E-07	46
9QJY_4|Chains	8DZI_3|Chains	29.900	126	138	109	1.762E-07	46
9QJY_4|Chains	7UCG_3|Chains	28.000	114	138	205	1.121E-06	43
9QJY_4|Chains	7DKJ_3|Chains	30.500	94	138	189	2.821E-06	42
9QJY_4|Chains	7FJE_6|Chain	26.400	117	138	312	2.821E-06	42
9QJY_4|Chains	7WS5_2|Chains	29.300	125	138	108	3.835E-06	42
9QJY_4|Chains	6PZZ_2|Chains	30.700	112	138	214	5.214E-06	41
9QJY_4|Chains	6OPQ_2|Chains	30.800	126	138	214	9.629E-06	40
9QJY_4|Chains	6OPO_2|Chains	30.800	126	138	214	9.629E-06	40
9QJY_4|Chains	6X5B_3|Chains	30.800	126	138	214	9.629E-06	40
9QJY_4|Chains	6OPP_1|Chains	30.800	126	138	214	9.629E-06	40
9QJY_4|Chains	7LG6_5|Chains	28.900	107	138	214	8.189E-05	38
9QJY_4|Chains	6XDG_5|Chain	29.200	112	138	216	1.111E-04	37
9QJY_4|Chains	6TYS_3|Chains	30.800	81	138	107	1.506E-04	37
9QJY_4|Chains	6XEY_3|Chains	27.400	112	138	110	1.506E-04	37
9QJY_4|Chains	6NQD_4|Chains	27.500	125	138	215	1.506E-04	37
9QJY_4|Chains	7U9G_2|Chains	28.000	112	138	217	2.042E-04	36
9QJY_4|Chains	6VO1_4|Chains	31.700	81	138	107	2.768E-04	36
9QJY_4|Chains	6VTT_3|Chain	24.100	112	138	217	2.768E-04	36
9QJY_4|Chains	7LUC_5|Chains	32.900	94	138	107	5.081E-04	35
9QJY_4|Chains	6U59_3|Chains	26.400	112	138	112	5.081E-04	35
9QJY_4|Chains	7L5J_2|Chains	28.200	85	138	211	5.081E-04	35
9QJY_4|Chains	7RA8_3|Chains	27.400	112	138	113	6.882E-04	35
9QJY_4|Chains	7LL2_4|Chains	25.000	125	138	217	9.317E-04	34
9QJY_4|Chains	7MFG_4|Chains	30.600	95	138	108	1.261E-03	34
9QJY_4|Chains	6DFH_4|Chains	27.000	115	138	214	1.261E-03	34
9QJY_4|Chains	7PC2_2|Chains	30.900	84	138	215	1.261E-03	34
9QJY_4|Chains	6XDG_2|Chain	28.400	94	138	214	2.308E-03	33
9QJY_4|Chains	7UDS_2|Chains	26.100	125	138	209	3.122E-03	33
9QJY_4|Chains	7PC2_6|Chains	27.300	94	138	206	4.220E-03	33
9QJY_4|Chains	6V4N_3|Chains	25.000	96	138	214	2.558E-02	30
9QJY_4|Chains	6OZC_3|Chains	26.700	112	138	213	8.445E-02	29
9QJY_4|Chains	7L7B_5|Chain	66.600	12	138	390	9.458E+00	22
9QJY_4|Chains	6VW0_5|Chain	66.600	12	138	531	9.458E+00	22
9QJY_4|Chains	6EE8_5|Chain	66.600	12	138	531	9.458E+00	22
9QJY_4|Chains	6EEC_5|Chain	66.600	12	138	531	9.458E+00	22
9QJY_4|Chains	6VVX_5|Chain	66.600	12	138	531	9.458E+00	22
9QJY_4|Chains	6VVY_5|Chain	66.600	12	138	531	9.458E+00	22
9QJY_4|Chains	6VVZ_5|Chain	66.600	12	138	531	9.458E+00	22
9QJY_4|Chains	7MKD_5|Chain	66.600	12	138	613	9.458E+00	22
9QJY_4|Chains	7MKI_6|Chain	66.600	12	138	613	9.458E+00	22
9QJY_4|Chains	7MKJ_5|Chain	66.600	12	138	613	9.458E+00	22
9QJY_4|Chains	7MKE_5|Chain	66.600	12	138	613	9.458E+00	22
9QJY_4|Chains	7SZJ_5|Chain	66.600	12	138	613	9.458E+00	22
9QJY_4|Chains	7DKJ_1|Chains	39.200	28	138	599	1.266E+01	22
9QJY_4|Chains	7KVF_1|Chain	28.200	44	138	2196	1.266E+01	22
9QJY_4|Chains	7KVE_1|Chain	28.200	44	138	2196	1.266E+01	22
9QJY_4|Chains	6OMF_5|Chain	63.600	11	138	331	3.034E+01	21
9QJY_4|Chains	7KR2_1|Chains	24.500	57	138	204	5.425E+01	20
9VAV_4|Chain	6URG_2|Chain	24.600	282	358	587	5.108E-18	83
9VAV_4|Chain	6BM0_2|Chain	24.600	282	358	587	5.108E-18	83
9VAV_4|Chain	6BLY_2|Chain	24.600	282	358	587	5.108E-18	83
9VAV_4|Chain	7VGG_1|Chain	23.700	202	358	704	2.936E-13	68
9VAV_4|Chain	7UWF_1|Chains	25.000	193	358	447	2.720E-10	58
9VAV_4|Chain	6UHC_3|Chain	25.600	121	358	372	6.988E-06	44
9VAV_4|Chain	7JPN_3|Chain	25.600	121	358	372	1.226E-05	43
9VAV_4|Chain	7MGE_1|Chain	20.500	198	358	459	2.682E-04	39
9VAV_4|Chain	7ZZY_1|Chains	62.500	24	358	183	2.923E-01	29
9VAV_4|Chain	6SP2_1|Chains	92.300	13	358	513	2.923E-01	29
9VAV_4|Chain	7UWL_2|Chains	62.500	16	358	305	1.181E+00	27
9VAV_4|Chain	7UWL_3|Chains	62.500	16	358	319	1.181E+00	27
9VAV_4|Chain	7UWL_1|Chains	83.300	12	358	188	1.561E+00	27
9VAV_4|Chain	7STB_7|Chain	90.900	11	358	646	6.301E+00	25
9VAV_4|Chain	7STB_1|Chain	62.500	16	358	696	1.101E+01	24
9VAV_4|Chain	6DBU_1|Chains	61.100	18	358	1159	1.101E+01	24
9VAV_4|Chain	7RLB_1|Chains	44.400	27	358	821	1.455E+01	23
9VAV_4|Chain	7RLG_1|Chains	44.400	27	358	821	1.455E+01	23
9VAV_4|Chain	7RLD_1|Chains	44.400	27	358	821	1.455E+01	23
9VAV_4|Chain	7CN4_1|Chains	100.000	9	358	1267	1.455E+01	23
9VAV_4|Chain	6X29_1|Chains	100.000	9	358	1273	1.455E+01	23
9VAV_4|Chain	7UB6_1|Chains	100.000	9	358	1285	1.455E+01	23
9VAV_4|Chain	8DZI_1|Chains	100.000	9	358	1285	1.455E+01	23
9VAV_4|Chain	7TPH_1|Chains	100.000	9	358	1286	1.455E+01	23
9VAV_4|Chain	7TP7_1|Chains	100.000	9	358	1286	1.455E+01	23
9VAV_4|Chain	7KE7_1|Chains	100.000	9	358	1288	1.455E+01	23
9VAV_4|Chain	7KEC_1|Chains	100.000	9	358	1288	1.455E+01	23
9VAV_4|Chain	7KEA_1|Chains	100.000	9	358	1288	1.455E+01	23
9VAV_4|Chain	6VSB_1|Chains	100.000	9	358	1288	1.455E+01	23
9VAV_4|Chain	7KE9_1|Chains	100.000	9	358	1288	1.455E+01	23
9VAV_4|Chain	7RA8_1|Chains	100.000	9	358	1288	1.455E+01	23
9VAV_4|Chain	7KDH_1|Chains	100.000	9	358	1288	1.455E+01	23
9VAV_4|Chain	7KKL_1|Chains	100.000	9	358	1288	1.455E+01	23
9VAV_4|Chain	6XKL_1|Chains	100.000	9	358	1288	1.455E+01	23
9VAV_4|Chain	7KEB_1|Chains	100.000	9	358	1288	1.455E+01	23
9VAV_4|Chain	6XEY_1|Chains	100.000	9	358	1288	1.455E+01	23
9VAV_4|Chain	7LYL_1|Chains	100.000	9	358	1288	1.455E+01	23
9VAV_4|Chain	8CSA_1|Chains	100.000	9	358	1288	1.455E+01	23
9VAV_4|Chain	6ZP5_1|Chains	100.000	9	358	1288	1.455E+01	23
9VAV_4|Chain	7MY3_1|Chains	100.000	9	358	1288	1.455E+01	23
9VAV_4|Chain	7LYM_1|Chains	100.000	9	358	1288	1.455E+01	23
9VAV_4|Chain	7KDJ_1|Chains	100.000	9	358	1288	1.455E+01	23
9VAV_4|Chain	7Q4W_2|Chains	34.300	61	358	470	1.923E+01	23
9VAV_4|Chain	7QUC_1|Chain	47.800	23	358	475	1.923E+01	23
9VAV_4|Chain	6Q2O_1|Chains	36.300	22	358	102	2.541E+01	23
9VAV_4|Chain	7PPJ_1|Chain	62.500	16	358	919	2.541E+01	23
9VAV_4|Chain	6SYT_1|Chain	40.600	32	358	3712	2.541E+01	23
9VAV_4|Chain	8AG6_1|Chain	35.000	20	358	934	3.358E+01	22
9VAV_4|Chain	6M0S_5|Chain	88.800	9	358	198	4.438E+01	22
9VAV_4|Chain	6C6L_2|Chain	88.800	9	358	213	4.438E+01	22
9VAV_4|Chain	6L42_1|Chain	30.000	39	358	2109	4.438E+01	22
9VAV_4|Chain	7OTP_1|Chain	31.000	29	358	4148	5.865E+01	21
9VAV_4|Chain	7OTW_1|Chain	31.000	29	358	4148	5.865E+01	21
9VAV_4|Chain	7OTM_1|Chain	31.000	29	358	4148	5.865E+01	21
9VAV_4|Chain	6ZH6_1|Chain	31.000	29	358	4156	5.865E+01	21
9VAV_4|Chain	6ZFP_1|Chain	31.000	29	358	4156	5.865E+01	21
9VAV_4|Chain	6ZH2_1|Chain	31.000	29	358	4156	5.865E+01	21
9VAV_4|Chain	6ZH4_1|Chain	31.000	29	358	4156	5.865E+01	21
9VAV_4|Chain	7MSX_1|Chain	45.000	20	358	638	7.751E+01	21
9UNU_6|Chain	7L7B_3|Chain	30.300	56	184	1161	8.188E+00	23
9UNU_6|Chain	7TU6_1|Chains	23.700	93	184	464	1.930E+01	22
9UNU_6|Chain	7TU5_1|Chains	23.700	93	184	464	1.930E+01	22
9UNU_6|Chain	7RJE_4|Chains	26.900	74	184	288	3.414E+01	21
9UNU_6|Chain	7VF2_3|Chains	41.100	17	184	396	4.541E+01	21
9UNU_6|Chain	7UWQ_1|Chains	23.800	79	184	492	8.030E+01	20
38PA_1|Chains	6UKT_5|Chain	47.300	38	687	131	1.107E+00	28
38PA_1|Chains	8ENO_1|Chains	28.200	75	687	477	5.803E+00	26
38PA_1|Chains	8ENN_1|Chains	28.200	75	687	477	5.803E+00	26
38PA_1|Chains	8CRS_1|Chains	28.200	75	687	480	5.803E+00	26
38PA_1|Chains	8ENM_1|Chains	28.200	75	687	492	5.803E+00	26
38PA_1|Chains	6UKT_4|Chain	37.800	37	687	134	1.008E+01	25
38PA_1|Chains	6M0S_1|Chain	26.500	64	687	825	1.329E+01	25
38PA_1|Chains	6C6L_7|Chain	26.500	64	687	840	1.329E+01	25
38PA_1|Chains	6SYT_1|Chain	18.600	192	687	3712	1.752E+01	24
38PA_1|Chains	7OTP_1|Chain	25.600	82	687	4148	1.752E+01	24
38PA_1|Chains	7OTW_1|Chain	25.600	82	687	4148	1.752E+01	24
38PA_1|Chains	7OTM_1|Chain	25.600	82	687	4148	1.752E+01	24
38PA_1|Chains	6ZH6_1|Chain	25.600	82	687	4156	1.752E+01	24
38PA_1|Chains	6ZFP_1|Chain	25.600	82	687	4156	1.752E+01	24
38PA_1|Chains	6ZH2_1|Chain	25.600	82	687	4156	1.752E+01	24
38PA_1|Chains	6ZH4_1|Chain	25.600	82	687	4156	1.752E+01	24
38PA_1|Chains	8AG6_2|Chain	29.100	48	687	1414	2.309E+01	24
38PA_1|Chains	6UKT_3|Chain	38.000	42	687	124	3.043E+01	23
38PA_1|Chains	7M2Z_1|Chains	33.300	32	687	473	3.043E+01	23
38PA_1|Chains	7L1Q_1|Chains	60.000	15	687	510	4.010E+01	23
38PA_1|Chains	7L1S_1|Chains	60.000	15	687	510	4.010E+01	23
38PA_1|Chains	7L1R_1|Chains	60.000	15	687	510	4.010E+01	23
38PA_1|Chains	6DBU_2|Chains	28.000	51	687	533	6.966E+01	22
38PA_1|Chains	6LZ1_1|Chains	35.700	42	687	1133	6.966E+01	22
38PA_1|Chains	7L7B_5|Chain	21.200	126	687	390	9.182E+01	22
38PA_1|Chains	8DZF_1|Chains	45.000	20	687	534	9.182E+01	22
38PA_1|Chains	7OQH_1|Chains	23.800	84	687	622	9.182E+01	22
38PA_1|Chains	7MGE_2|Chain	27.800	61	687	937	9.182E+01	22
38PA_1|Chains	7UFR_1|Chains	32.000	50	687	1062	9.182E+01	22
38PA_1|Chains	7UFU_1|Chains	32.000	50	687	1062	9.182E+01	22
38PA_1|Chains	7D3E_1|Chains	23.300	77	687	1551	9.182E+01	22
38PA_1|Chains	7D3F_1|Chains	23.300	77	687	1551	9.182E+01	22
9Y52_1|Chains	7NZM_3|Chain	100.000	375	376	375	3.302E-255	774
9Y52_1|Chains	7P1H_2|Chain	94.000	372	376	372	7.709E-241	732
9Y52_1|Chains	6UHC_2|Chain	47.300	380	376	394	2.698E-114	367
9Y52_1|Chains	7JPN_2|Chain	48.100	372	376	377	3.321E-113	364
9Y52_1|Chains	7JPN_1|Chain	37.000	401	376	413	7.120E-75	252
9Y52_1|Chains	6UHC_1|Chain	37.000	401	376	418	7.120E-75	252
9Y52_1|Chains	6VVY_3|Chain	26.300	71	376	1326	3.828E+00	25
9Y52_1|Chains	6VW0_3|Chain	26.300	71	376	1326	3.828E+00	25
9Y52_1|Chains	6EEC_3|Chain	26.300	71	376	1326	3.828E+00	25
9Y52_1|Chains	6EE8_3|Chain	26.300	71	376	1326	3.828E+00	25
9Y52_1|Chains	6VVX_3|Chain	26.300	71	376	1326	3.828E+00	25
9Y52_1|Chains	6VVZ_3|Chain	26.300	71	376	1326	3.828E+00	25
9Y52_1|Chains	8DZF_1|Chains	21.900	176	376	534	5.058E+00	25
9Y52_1|Chains	7L7B_3|Chain	28.500	42	376	1161	8.831E+00	24
9Y52_1|Chains	6EZJ_1|Chains	34.000	47	376	205	3.556E+01	22
9Y52_1|Chains	6V4N_1|Chains	21.400	70	376	448	3.556E+01	22
9Y52_1|Chains	6URG_4|Chain	27.000	73	376	782	3.556E+01	22
9Y52_1|Chains	7JPN_3|Chain	34.300	31	376	372	4.698E+01	22
9Y52_1|Chains	7MSX_1|Chain	28.000	72	376	638	4.698E+01	22
9Y52_1|Chains	7L7I_1|Chain	28.500	35	376	457	6.206E+01	21
9Y52_1|Chains	7L2N_1|Chains	27.700	72	376	842	6.206E+01	21
9Y52_1|Chains	7L2O_1|Chains	27.700	72	376	842	6.206E+01	21
9Y52_1|Chains	7OTP_1|Chain	50.000	16	376	4148	6.206E+01	21
9Y52_1|Chains	7OTW_1|Chain	50.000	16	376	4148	6.206E+01	21
9Y52_1|Chains	7OTM_1|Chain	50.000	16	376	4148	6.206E+01	21
9Y52_1|Chains	6ZH6_1|Chain	50.000	16	376	4156	6.206E+01	21
9Y52_1|Chains	6ZFP_1|Chain	50.000	16	376	4156	6.206E+01	21
9Y52_1|Chains	6ZH2_1|Chain	50.000	16	376	4156	6.206E+01	21
9Y52_1|Chains	6ZH4_1|Chain	50.000	16	376	4156	6.206E+01	21
9Y52_1|Chains	6YRF_1|Chains	23.600	38	376	803	8.199E+01	21
9Y52_1|Chains	7UFS_1|Chains	32.400	36	376	1069	8.199E+01	21
32QA_2|Chain	7Q4W_3|Chains	43.400	23	549	156	2.594E+00	27
32QA_2|Chain	8F6C_1|Chains	39.200	28	549	658	1.802E+01	24
32QA_2|Chain	7KVF_1|Chain	24.600	74	549	2196	2.377E+01	23
32QA_2|Chain	7KVE_1|Chain	24.600	74	549	2196	2.377E+01	23
32QA_2|Chain	8A6T_3|Chains	36.300	22	549	170	4.134E+01	23
32QA_2|Chain	8AG6_2|Chain	40.900	22	549	1414	4.134E+01	23
32QA_2|Chain	7FJE_6|Chain	34.800	41	549	312	7.192E+01	22
32QA_2|Chain	6KQ4_1|Chains	46.600	15	549	333	7.192E+01	22
32QA_2|Chain	6KPK_1|Chains	46.600	15	549	333	7.192E+01	22
32QA_2|Chain	6KQJ_1|Chains	46.600	15	549	333	7.192E+01	22
32QA_2|Chain	6KQ8_1|Chains	46.600	15	549	333	7.192E+01	22
32QA_2|Chain	6KPJ_1|Chains	46.600	15	549	333	7.192E+01	22
32QA_2|Chain	6KPI_1|Chains	46.600	15	549	333	7.192E+01	22
32QA_2|Chain	6KPA_1|Chains	46.600	15	549	333	7.192E+01	22
32QA_2|Chain	6JCW_1|Chains	46.600	15	549	333	7.192E+01	22
32QA_2|Chain	6KOU_1|Chains	46.600	15	549	333	7.192E+01	22
32QA_2|Chain	6JCV_1|Chains	46.600	15	549	333	7.192E+01	22
32QA_2|Chain	7Q4W_1|Chains	45.400	22	549	583	9.486E+01	21
9OM7_1|Chains	6Q2O_2|Chains	41.900	31	376	349	6.683E+00	25
9OM7_1|Chains	6FAY_1|Chain	29.800	72	376	1876	1.542E+01	23
9OM7_1|Chains	7XO5_2|Chain	20.000	121	376	805	2.037E+01	23
9OM7_1|Chains	7CYE_1|Chains	72.700	11	376	374	4.698E+01	22
9OM7_1|Chains	7CYF_1|Chains	72.700	11	376	374	4.698E+01	22
9OM7_1|Chains	6URG_1|Chain	29.400	34	376	1443	4.698E+01	22
9OM7_1|Chains	6BM0_1|Chain	29.400	34	376	1443	4.698E+01	22
9OM7_1|Chains	6BLY_1|Chain	29.400	34	376	1443	4.698E+01	22
9W35_1|Chains	7Z19_5|Chain	35.100	199	224	258	2.285E-27	107
9W35_1|Chains	7D09_2|Chains	31.500	199	224	273	7.904E-27	106
9W35_1|Chains	7OSF_2|Chains	30.000	182	224	308	2.929E-18	80
9W35_1|Chains	7OSI_2|Chains	30.000	182	224	308	2.929E-18	80
9W35_1|Chains	7OSG_2|Chains	30.000	182	224	308	2.929E-18	80
9W35_1|Chains	7OSJ_2|Chains	30.000	182	224	308	2.929E-18	80
9W35_1|Chains	7O12_1|Chains	30.000	182	224	308	2.929E-18	80
9W35_1|Chains	7O11_2|Chains	30.000	182	224	308	2.929E-18	80
9W35_1|Chains	7OSH_2|Chains	30.000	182	224	308	2.929E-18	80
9W35_1|Chains	7Z19_3|Chains	30.400	68	224	354	2.750E-02	31
9W35_1|Chains	6NJO_1|Chains	34.200	73	224	449	2.020E-01	29
9W35_1|Chains	6NJP_1|Chains	34.200	73	224	449	2.020E-01	29
9W35_1|Chains	6FAY_1|Chain	37.700	43	224	1876	1.423E+01	23
9W35_1|Chains	6CVM_1|Chains	54.500	11	224	1021	3.325E+01	21
9W35_1|Chains	6DRV_1|Chains	54.500	11	224	1024	3.325E+01	21
9W35_1|Chains	6GVE_3|Chains	47.600	21	224	334	4.411E+01	21
9W35_1|Chains	7UWF_2|Chains	30.200	43	224	652	4.411E+01	21
9W35_1|Chains	6SYT_2|Chain	25.900	77	224	991	5.852E+01	21
9W35_1|Chains	6KLC_1|Chain	55.000	20	224	2218	5.852E+01	21
11TL_3|Chain	7JHH_5|Chain	96.700	214	214	215	1.680E-127	396
11TL_3|Chain	7M74_5|Chain	96.600	211	214	211	1.013E-125	391
11TL_3|Chain	6PZZ_2|Chains	91.000	213	214	214	1.475E-119	373
11TL_3|Chain	6XDG_2|Chain	89.200	213	214	214	3.140E-117	366
11TL_3|Chain	6V4N_3|Chains	88.700	213	214	214	5.363E-116	363
11TL_3|Chain	6OZC_3|Chains	87.300	213	214	213	7.351E-116	362
11TL_3|Chain	7UDS_2|Chains	87.200	212	214	209	6.682E-115	360
11TL_3|Chain	7LL2_4|Chains	86.100	215	214	217	1.141E-113	356
11TL_3|Chain	6NQD_4|Chains	84.500	213	214	215	1.772E-111	350
11TL_3|Chain	6OPQ_2|Chains	82.200	214	214	214	3.025E-110	346
11TL_3|Chain	6OPO_2|Chains	82.200	214	214	214	3.025E-110	346
11TL_3|Chain	6X5B_3|Chains	82.200	214	214	214	3.025E-110	346
11TL_3|Chain	6OPP_1|Chains	82.200	214	214	214	3.025E-110	346
11TL_3|Chain	7LG6_5|Chains	82.500	212	214	214	6.435E-108	340
11TL_3|Chain	7PC2_2|Chains	80.200	213	214	215	2.064E-106	335
11TL_3|Chain	7LL1_4|Chains	78.700	212	214	214	1.130E-103	327
11TL_3|Chain	7LG6_3|Chains	78.700	212	214	214	1.130E-103	327
11TL_3|Chain	7PC2_6|Chains	79.300	213	214	206	6.808E-102	322
11TL_3|Chain	7U9G_2|Chains	74.600	212	214	217	6.879E-89	285
11TL_3|Chain	7UCG_6|Chains	68.400	209	214	216	1.014E-79	258
11TL_3|Chain	7L5J_2|Chains	61.600	211	214	211	6.859E-76	247
11TL_3|Chain	7WS5_2|Chains	84.200	108	214	108	4.574E-50	173
11TL_3|Chain	6VO1_4|Chains	79.600	108	214	107	1.605E-46	162
11TL_3|Chain	7LUC_5|Chains	75.900	108	214	107	3.702E-45	158
11TL_3|Chain	6XDG_5|Chain	43.400	203	214	216	2.431E-44	156
11TL_3|Chain	6DFH_4|Chains	42.600	205	214	214	2.683E-42	150
11TL_3|Chain	7UCG_3|Chains	41.500	200	214	205	6.872E-42	149
11TL_3|Chain	8DZI_3|Chains	71.800	109	214	109	4.506E-41	147
11TL_3|Chain	6VTT_3|Chain	41.200	204	214	217	6.164E-41	146
11TL_3|Chain	6TYS_3|Chains	68.500	108	214	107	1.414E-39	142
11TL_3|Chain	7DKJ_3|Chains	64.800	108	214	189	1.549E-37	136
11TL_3|Chain	7WEC_2|Chains	67.500	107	214	107	2.896E-37	136
11TL_3|Chain	7MFG_4|Chains	63.300	108	214	108	1.236E-35	131
11TL_3|Chain	6U59_3|Chains	59.200	112	214	112	8.356E-30	114
11TL_3|Chain	7LUC_3|Chains	51.300	112	214	112	3.094E-27	106
11TL_3|Chain	6XEY_3|Chains	51.400	106	214	110	1.349E-23	96
11TL_3|Chain	7RA8_3|Chains	52.800	106	214	113	2.589E-21	89
11TL_3|Chain	7WVF_4|Chain	49.000	100	214	261	1.211E-20	87
11TL_3|Chain	6XDG_4|Chain	33.900	202	214	225	1.667E-18	81
11TL_3|Chain	6XDG_3|Chain	32.500	202	214	226	1.941E-17	78
11TL_3|Chain	7JHH_6|Chain	31.500	223	214	237	4.866E-17	76
11TL_3|Chain	7M74_6|Chain	31.200	222	214	228	1.219E-16	75
11TL_3|Chain	7FJE_6|Chain	30.000	215	214	312	1.404E-15	72
11TL_3|Chain	7UCG_5|Chains	30.400	193	214	243	6.442E-15	70
11TL_3|Chain	6PZZ_3|Chains	28.300	203	214	224	2.948E-14	68
11TL_3|Chain	7UDS_1|Chains	31.500	182	214	226	7.329E-14	67
11TL_3|Chain	6VTT_2|Chain	30.300	227	214	257	1.820E-13	66
11TL_3|Chain	7PC2_5|Chains	27.300	218	214	226	8.269E-13	64
11TL_3|Chain	7FJE_5|Chain	34.200	138	214	272	2.047E-12	63
11TL_3|Chain	7UCG_2|Chains	28.700	205	214	234	3.077E-11	59
11TL_3|Chain	6OZC_4|Chains	29.400	219	214	224	7.573E-11	58
11TL_3|Chain	7PC2_1|Chains	28.600	186	214	240	7.573E-11	58
11TL_3|Chain	7L5J_3|Chains	26.800	181	214	221	1.022E-10	57
11TL_3|Chain	6OPO_5|Chains	26.500	210	214	229	1.861E-10	57
11TL_3|Chain	6OPQ_5|Chains	26.500	210	214	229	1.861E-10	57
11TL_3|Chain	6X5B_5|Chains	26.500	210	214	229	1.861E-10	57
11TL_3|Chain	6OPP_5|Chains	26.500	210	214	229	1.861E-10	57
11TL_3|Chain	7X13_1|Chains	30.500	95	214	245	1.118E-09	54
11TL_3|Chain	7LL1_3|Chains	26.900	209	214	229	2.028E-09	53
11TL_3|Chain	7LG6_2|Chains	26.900	209	214	231	2.028E-09	53
11TL_3|Chain	6UKT_5|Chain	33.300	105	214	131	3.947E-08	49
11TL_3|Chain	8CYJ_4|Chain	33.600	124	214	127	1.286E-07	48
11TL_3|Chain	6UKT_4|Chain	33.300	108	214	134	1.286E-07	48
11TL_3|Chain	6UKT_3|Chain	35.000	98	214	124	3.255E-06	44
11TL_3|Chain	6UKT_6|Chain	32.700	108	214	134	5.839E-06	43
11TL_3|Chain	7JHH_7|Chain	32.200	120	214	159	1.401E-05	42
11TL_3|Chain	7M74_7|Chain	33.300	105	214	120	1.874E-05	41
11TL_3|Chain	7KKL_2|Chains	32.800	116	214	125	1.874E-05	41
11TL_3|Chain	7DKJ_2|Chains	36.300	83	214	203	2.553E-04	38
11TL_3|Chain	7LUC_4|Chains	28.100	127	214	129	4.551E-04	37
11TL_3|Chain	8CYJ_2|Chain	31.200	95	214	125	6.074E-04	36
11TL_3|Chain	6TYS_2|Chains	32.400	116	214	120	8.105E-04	36
11TL_3|Chain	8CYJ_3|Chain	36.500	82	214	128	1.442E-03	35
11TL_3|Chain	7MY3_2|Chains	32.100	84	214	127	4.558E-03	34
11TL_3|Chain	7WS5_3|Chains	28.600	121	214	123	6.075E-03	33
11TL_3|Chain	8DZI_2|Chains	29.900	116	214	118	8.094E-03	33
11TL_3|Chain	7MFG_3|Chains	29.900	104	214	120	8.094E-03	33
11TL_3|Chain	7RA8_2|Chains	24.500	110	214	126	3.391E-02	31
11TL_3|Chain	8CYJ_1|Chain	27.600	125	214	127	6.008E-02	30
11TL_3|Chain	7LUC_2|Chains	28.000	105	214	121	7.825E-01	27
11TL_3|Chain	7WEC_1|Chains	36.500	41	214	123	1.837E+00	25
11TL_3|Chain	5NV3_1|Chains	30.500	36	214	467	2.362E+01	22
11TL_3|Chain	6PZZ_1|Chains	34.700	23	214	429	7.331E+01	20
9RGD_2|Chains	7M6S_1|Chains	39.200	433	441	444	9.249E-84	281
9RGD_2|Chains	6Y5A_1|Chains	26.900	293	441	538	7.718E-17	80
9RGD_2|Chains	6Y5B_1|Chains	26.900	293	441	538	7.718E-17	80
9RGD_2|Chains	6Y59_1|Chains	26.900	293	441	538	7.718E-17	80
9RGD_2|Chains	7EKI_1|Chains	23.400	293	441	502	2.101E-13	69
9RGD_2|Chains	7MKP_2|Chain	25.800	58	441	1340	1.855E+01	23
9RGD_2|Chains	7MKD_2|Chain	25.800	58	441	1342	1.855E+01	23
9RGD_2|Chains	7SZJ_2|Chain	25.800	58	441	1342	1.855E+01	23
9RGD_2|Chains	7MKI_3|Chain	25.800	58	441	1342	1.855E+01	23
9RGD_2|Chains	7MKJ_2|Chain	25.800	58	441	1342	1.855E+01	23
9RGD_2|Chains	6OMF_2|Chain	25.800	58	441	1342	1.855E+01	23
9RGD_2|Chains	7MKE_2|Chain	25.800	58	441	1342	1.855E+01	23
9RGD_2|Chains	7WSF_1|Chain	27.300	72	441	739	4.269E+01	22
9RGD_2|Chains	6YRF_1|Chains	53.800	13	441	803	4.269E+01	22
9ZBK_4|Chain	7EG0_1|Chains	23.600	72	269	434	1.025E+01	23
9ZBK_4|Chain	7EG4_1|Chains	23.600	72	269	434	1.025E+01	23
9ZBK_4|Chain	7EG1_1|Chains	23.600	72	269	434	1.025E+01	23
9ZBK_4|Chain	6L42_1|Chain	23.400	64	269	2109	1.025E+01	23
9ZBK_4|Chain	6ZBG_3|Chain	38.400	26	269	416	4.178E+01	21
9ZBK_4|Chain	6ZBD_3|Chain	38.400	26	269	416	4.178E+01	21
9ZBK_4|Chain	6ZBC_3|Chain	38.400	26	269	416	4.178E+01	21
9ZBK_4|Chain	6ZBH_3|Chain	38.400	26	269	416	4.178E+01	21
9ZBK_4|Chain	6ZBF_3|Chain	38.400	26	269	416	4.178E+01	21
9ZBK_4|Chain	7F5V_1|Chains	62.500	16	269	776	4.178E+01	21
9ZBK_4|Chain	7F5X_1|Chains	62.500	16	269	776	4.178E+01	21
9ZBK_4|Chain	6ZBL_2|Chains	38.400	26	269	792	4.178E+01	21
9ZBK_4|Chain	6ZBJ_2|Chains	38.400	26	269	792	4.178E+01	21
9ZBK_4|Chain	7X27_1|Chains	34.400	29	269	1212	5.533E+01	21
9ZBK_4|Chain	7JY5_1|Chains	41.300	29	269	806	7.326E+01	21
9ZBK_4|Chain	7RLF_1|Chains	41.300	29	269	806	7.326E+01	21
9ZBK_4|Chain	7RLH_1|Chains	41.300	29	269	806	7.326E+01	21
9ZBK_4|Chain	7RLB_1|Chains	41.300	29	269	821	7.326E+01	21
9ZBK_4|Chain	7RLG_1|Chains	41.300	29	269	821	7.326E+01	21
9ZBK_4|Chain	7RLD_1|Chains	41.300	29	269	821	7.326E+01	21
9ZBK_4|Chain	6FAY_1|Chain	29.500	44	269	1876	9.700E+01	20
9ZRY_4|Chains	7PC2_4|Chains	88.800	153	153	153	1.098E-86	275
9ZRY_4|Chains	6OZC_2|Chains	88.800	153	153	153	1.098E-86	275
9ZRY_4|Chains	6VO1_2|Chains	88.200	153	153	153	3.880E-86	273
9ZRY_4|Chains	7LG6_4|Chains	88.200	153	153	153	3.880E-86	273
9ZRY_4|Chains	6DFH_2|Chains	87.500	153	153	162	1.372E-85	272
9ZRY_4|Chains	7LL1_2|Chains	88.200	153	153	153	2.579E-85	271
9ZRY_4|Chains	7LL2_2|Chains	88.200	153	153	153	2.579E-85	271
9ZRY_4|Chains	7L6O_2|Chains	89.500	144	153	146	8.306E-84	267
9ZRY_4|Chains	7UCG_1|Chains	84.300	153	153	153	1.139E-83	266
9ZRY_4|Chains	6OPO_3|Chains	82.300	153	153	153	4.177E-80	256
9ZRY_4|Chains	6OPQ_3|Chains	82.300	153	153	153	4.177E-80	256
9ZRY_4|Chains	6U59_2|Chains	82.300	153	153	153	4.177E-80	256
9ZRY_4|Chains	6X5B_2|Chains	82.300	153	153	153	4.177E-80	256
9ZRY_4|Chains	6OPP_2|Chains	82.300	153	153	153	4.177E-80	256
9ZRY_4|Chains	6VTT_4|Chains	80.900	152	153	154	1.345E-78	252
9ZRY_4|Chains	6NQD_2|Chains	79.000	153	153	184	6.520E-78	250
9ZRY_4|Chains	6O6B_1|Chains	29.000	31	153	835	4.704E+01	20
9S3Q_2|Chains	7OCF_2|Chains	75.300	837	863	860	0.000E+00	1345
9S3Q_2|Chains	7OCF_1|Chains	70.600	826	863	915	0.000E+00	1233
9S3Q_2|Chains	7V4L_1|Chains	25.500	92	863	356	4.292E+00	27
9S3Q_2|Chains	7V4I_1|Chains	25.500	92	863	356	4.292E+00	27
9S3Q_2|Chains	7DPT_1|Chains	52.900	17	863	627	4.292E+00	27
9S3Q_2|Chains	7YQT_1|Chains	20.600	253	863	1270	7.448E+00	26
9S3Q_2|Chains	6VYF_1|Chains	33.300	33	863	505	9.812E+00	25
9S3Q_2|Chains	6VYG_1|Chains	33.300	33	863	505	9.812E+00	25
9S3Q_2|Chains	6KLX_1|Chains	21.800	125	863	666	9.812E+00	25
9S3Q_2|Chains	7V4H_1|Chains	25.800	92	863	356	1.703E+01	25
9S3Q_2|Chains	7M74_1|Chain	31.500	36	863	484	1.703E+01	25
9S3Q_2|Chains	7JHH_1|Chain	31.500	36	863	484	1.703E+01	25
9S3Q_2|Chains	6PK4_1|Chains	33.300	30	863	586	2.243E+01	24
9S3Q_2|Chains	7STB_7|Chain	27.500	40	863	646	2.955E+01	24
9S3Q_2|Chains	7RA8_1|Chains	20.200	253	863	1288	2.955E+01	24
9S3Q_2|Chains	6XKL_1|Chains	20.200	253	863	1288	2.955E+01	24
9S3Q_2|Chains	7MY3_1|Chains	20.200	253	863	1288	2.955E+01	24
9S3Q_2|Chains	7PV4_1|Chains	44.400	18	863	301	3.892E+01	23
9S3Q_2|Chains	7XU4_1|Chains	19.800	225	863	1127	5.127E+01	23
9S3Q_2|Chains	7XU5_1|Chains	19.800	225	863	1127	5.127E+01	23
9S3Q_2|Chains	7XU2_1|Chains	19.800	225	863	1127	5.127E+01	23
9S3Q_2|Chains	6KNF_1|Chains	48.000	25	863	334	6.754E+01	23
9S3Q_2|Chains	6KNG_1|Chains	48.000	25	863	334	6.754E+01	23
9S3Q_2|Chains	7JK5_3|Chain	33.300	42	863	462	6.754E+01	23
9S3Q_2|Chains	8B8J_1|Chains	27.000	106	863	975	6.754E+01	23
9S3Q_2|Chains	6XOT_1|Chain	33.300	24	863	1014	6.754E+01	23
9S3Q_2|Chains	6XOS_1|Chain	33.300	24	863	1014	6.754E+01	23
9S3Q_2|Chains	7USD_2|Chain	26.200	61	863	1128	6.754E+01	23
9S3Q_2|Chains	6YSN_1|Chains	22.000	68	863	1146	6.754E+01	23
9S3Q_2|Chains	7ZPM_2|Chains	20.400	114	863	757	8.897E+01	22
9S3Q_2|Chains	7MEY_1|Chain	27.300	76	863	1950	8.897E+01	22
9S3Q_2|Chains	7MEX_4|Chain	27.300	76	863	1950	8.897E+01	22
9YW0_1|Chains	7UB6_1|Chains	96.000	1285	1283	1285	0.000E+00	2510
9YW0_1|Chains	8DZI_1|Chains	95.300	1285	1283	1285	0.000E+00	2500
9YW0_1|Chains	7RA8_1|Chains	94.400	1288	1283	1288	0.000E+00	2468
9YW0_1|Chains	6XKL_1|Chains	94.400	1288	1283	1288	0.000E+00	2468
9YW0_1|Chains	7MY3_1|Chains	94.400	1288	1283	1288	0.000E+00	2468
9YW0_1|Chains	8CSA_1|Chains	94.200	1288	1283	1288	0.000E+00	2457
9YW0_1|Chains	6VSB_1|Chains	94.100	1288	1283	1288	0.000E+00	2454
9YW0_1|Chains	7KKL_1|Chains	94.100	1288	1283	1288	0.000E+00	2454
9YW0_1|Chains	6XEY_1|Chains	94.100	1288	1283	1288	0.000E+00	2454
9YW0_1|Chains	6ZP5_1|Chains	94.100	1288	1283	1288	0.000E+00	2454
9YW0_1|Chains	7TPH_1|Chains	94.100	1286	1283	1286	0.000E+00	2452
9YW0_1|Chains	7TP7_1|Chains	94.100	1286	1283	1286	0.000E+00	2452
9YW0_1|Chains	7KE7_1|Chains	94.000	1288	1283	1288	0.000E+00	2450
9YW0_1|Chains	7KEC_1|Chains	94.000	1288	1283	1288	0.000E+00	2450
9YW0_1|Chains	7KEA_1|Chains	94.000	1288	1283	1288	0.000E+00	2450
9YW0_1|Chains	7KE9_1|Chains	94.000	1288	1283	1288	0.000E+00	2450
9YW0_1|Chains	7KEB_1|Chains	94.000	1288	1283	1288	0.000E+00	2450
9YW0_1|Chains	7KDH_1|Chains	93.900	1288	1283	1288	0.000E+00	2447
9YW0_1|Chains	7LYL_1|Chains	93.800	1288	1283	1288	0.000E+00	2445
9YW0_1|Chains	7LYM_1|Chains	93.800	1288	1283	1288	0.000E+00	2445
9YW0_1|Chains	7KDJ_1|Chains	93.700	1288	1283	1288	0.000E+00	2441
9YW0_1|Chains	6X29_1|Chains	94.100	1272	1283	1273	0.000E+00	2428
9YW0_1|Chains	7YQT_1|Chains	95.900	1205	1283	1270	0.000E+00	2353
9YW0_1|Chains	7EB0_1|Chains	91.300	1283	1283	1283	0.000E+00	2347
9YW0_1|Chains	7WS5_1|Chains	95.000	1205	1283	1205	0.000E+00	2330
9YW0_1|Chains	7CN4_1|Chains	90.300	1267	1283	1267	0.000E+00	2328
9YW0_1|Chains	6ZGF_1|Chains	91.100	1252	1283	1283	0.000E+00	2319
9YW0_1|Chains	7XO5_1|Chains	94.700	1205	1283	1205	0.000E+00	2316
9YW0_1|Chains	6ZOY_1|Chains	91.300	1244	1283	1247	0.000E+00	2312
9YW0_1|Chains	6ZOZ_1|Chains	91.300	1244	1283	1247	0.000E+00	2312
9YW0_1|Chains	6ZP0_1|Chains	91.300	1244	1283	1247	0.000E+00	2311
9YW0_1|Chains	7N1U_1|Chains	88.700	1305	1283	1305	0.000E+00	2310
9YW0_1|Chains	7SBL_1|Chains	88.500	1308	1283	1308	0.000E+00	2309
9YW0_1|Chains	7SBK_1|Chains	88.500	1308	1283	1308	0.000E+00	2309
9YW0_1|Chains	7KRS_1|Chains	88.300	1310	1283	1310	0.000E+00	2307
9YW0_1|Chains	7SBS_1|Chains	88.300	1310	1283	1310	0.000E+00	2305
9YW0_1|Chains	7WEC_3|Chains	94.200	1205	1283	1270	0.000E+00	2302
9YW0_1|Chains	7SBP_1|Chains	88.100	1310	1283	1310	0.000E+00	2301
9YW0_1|Chains	7N1T_1|Chains	88.400	1305	1283	1305	0.000E+00	2293
9YW0_1|Chains	7N1Q_1|Chains	88.400	1305	1283	1305	0.000E+00	2293
9YW0_1|Chains	7TLB_1|Chains	93.500	1208	1283	1208	0.000E+00	2278
9YW0_1|Chains	7TLA_1|Chains	93.500	1208	1283	1208	0.000E+00	2278
9YW0_1|Chains	7JJI_1|Chains	93.400	1208	1283	1273	0.000E+00	2278
9YW0_1|Chains	8CYJ_5|Chain	93.400	1208	1283	1273	0.000E+00	2277
9YW0_1|Chains	7E7D_1|Chains	93.300	1208	1283	1520	0.000E+00	2270
9YW0_1|Chains	7Y42_1|Chains	93.600	1121	1283	1121	0.000E+00	2132
9YW0_1|Chains	7XU4_1|Chains	92.800	1124	1283	1127	0.000E+00	2122
9YW0_1|Chains	7XU5_1|Chains	92.800	1124	1283	1127	0.000E+00	2122
9YW0_1|Chains	7XU2_1|Chains	92.700	1124	1283	1127	0.000E+00	2119
9YW0_1|Chains	7X27_1|Chains	32.400	972	1283	1212	1.695E-132	454
9YW0_1|Chains	6XDG_1|Chain	86.500	223	1283	251	7.360E-119	412
9YW0_1|Chains	7WSF_2|Chain	69.700	182	1283	190	2.247E-76	278
9YW0_1|Chains	7DKJ_1|Chains	73.500	53	1283	599	1.807E-17	85
9YW0_1|Chains	7MFG_2|Chains	76.500	47	1283	222	7.697E-15	76
9YW0_1|Chains	7LUC_1|Chains	62.900	61	1283	527	7.697E-15	76
9YW0_1|Chains	6SP2_1|Chains	74.500	55	1283	513	2.091E-13	71
9YW0_1|Chains	8AG6_2|Chain	80.900	41	1283	1414	6.284E-13	70
9YW0_1|Chains	6NQD_2|Chains	93.500	31	1283	184	6.098E-10	60
9YW0_1|Chains	7L7B_2|Chain	96.500	29	1283	1266	2.413E-09	58
9YW0_1|Chains	7UDS_4|Chains	83.800	31	1283	206	1.257E-08	55
9YW0_1|Chains	7U9G_3|Chains	83.800	31	1283	265	1.257E-08	55
9YW0_1|Chains	6R6B_2|Chain	86.600	30	1283	295	1.257E-08	55
9YW0_1|Chains	6S3R_2|Chain	86.600	30	1283	300	1.257E-08	55
9YW0_1|Chains	6R69_2|Chain	86.600	30	1283	303	1.257E-08	55
9YW0_1|Chains	6Y5A_1|Chains	86.600	30	1283	538	1.257E-08	55
9YW0_1|Chains	6Y5B_1|Chains	86.600	30	1283	538	1.257E-08	55
9YW0_1|Chains	6Y59_1|Chains	86.600	30	1283	538	1.257E-08	55
9YW0_1|Chains	7WKS_1|Chains	86.200	29	1283	680	1.494E-07	52
9YW0_1|Chains	7UWL_3|Chains	43.500	39	1283	319	8.942E-03	36
9YW0_1|Chains	8E4N_1|Chains	50.000	34	1283	1135	1.177E-02	36
9YW0_1|Chains	8E4M_1|Chains	50.000	34	1283	1135	1.177E-02	36
9YW0_1|Chains	8E4L_1|Chains	50.000	34	1283	1135	1.177E-02	36
9YW0_1|Chains	6NR3_1|Chains	65.300	26	1283	1135	2.040E-02	35
9YW0_1|Chains	7UWL_2|Chains	53.100	32	1283	305	4.655E-02	34
9YW0_1|Chains	7UWL_1|Chains	48.400	33	1283	188	5.528E-01	30
9YW0_1|Chains	6VAK_1|Chains	100.000	11	1283	334	1.261E+00	29
9YW0_1|Chains	7STB_1|Chain	84.600	13	1283	696	2.877E+00	28
9YW0_1|Chains	6BWD_1|Chains	29.800	67	1283	955	2.877E+00	28
9YW0_1|Chains	7PCH_3|Chains	100.000	10	1283	372	3.787E+00	27
9YW0_1|Chains	7U65_1|Chains	27.300	83	1283	505	4.986E+00	27
9YW0_1|Chains	7U66_1|Chains	27.300	83	1283	505	4.986E+00	27
9YW0_1|Chains	7U67_1|Chains	27.300	83	1283	505	4.986E+00	27
9YW0_1|Chains	7USD_1|Chain	22.500	98	1283	1253	4.986E+00	27
9YW0_1|Chains	6VD7_1|Chains	90.000	10	1283	344	8.640E+00	26
9YW0_1|Chains	7LZJ_1|Chains	23.000	169	1283	907	8.640E+00	26
9YW0_1|Chains	7SZ0_1|Chains	34.600	52	1283	1210	8.640E+00	26
9YW0_1|Chains	6SYT_1|Chain	36.200	58	1283	3712	8.640E+00	26
9YW0_1|Chains	6QXF_2|Chains	90.000	10	1283	302	1.137E+01	26
9YW0_1|Chains	7A7A_1|Chains	44.700	38	1283	740	1.137E+01	26
9YW0_1|Chains	7AG8_1|Chains	44.700	38	1283	740	1.137E+01	26
9YW0_1|Chains	6FAY_1|Chain	19.700	217	1283	1876	1.971E+01	25
9YW0_1|Chains	7R06_1|Chains	20.200	140	1283	601	2.595E+01	25
9YW0_1|Chains	7Z0Z_1|Chains	20.200	140	1283	601	2.595E+01	25
9YW0_1|Chains	7WGR_1|Chains	24.000	140	1283	895	2.595E+01	25
9YW0_1|Chains	7OTP_1|Chain	20.600	188	1283	4148	2.595E+01	25
9YW0_1|Chains	7OTW_1|Chain	20.600	188	1283	4148	2.595E+01	25
9YW0_1|Chains	7OTM_1|Chain	20.600	188	1283	4148	2.595E+01	25
9YW0_1|Chains	6ZH6_1|Chain	20.600	188	1283	4156	2.595E+01	25
9YW0_1|Chains	6ZFP_1|Chain	20.600	188	1283	4156	2.595E+01	25
9YW0_1|Chains	6ZH2_1|Chain	20.600	188	1283	4156	2.595E+01	25
9YW0_1|Chains	6ZH4_1|Chain	20.600	188	1283	4156	2.595E+01	25
9YW0_1|Chains	7U9G_1|Chains	20.400	111	1283	439	4.496E+01	24
9YW0_1|Chains	7STB_7|Chain	100.000	9	1283	646	4.496E+01	24
9YW0_1|Chains	6D05_3|Chains	26.900	52	1283	820	4.496E+01	24
9YW0_1|Chains	6D04_3|Chains	26.900	52	1283	820	4.496E+01	24
9YW0_1|Chains	7W84_1|Chain	25.900	81	1283	1131	4.496E+01	24
9YW0_1|Chains	6L42_1|Chain	24.500	99	1283	2109	4.496E+01	24
9YW0_1|Chains	7TFI_4|Chain	32.600	49	1283	353	5.919E+01	23
9YW0_1|Chains	8DR4_4|Chain	32.600	49	1283	353	5.919E+01	23
9YW0_1|Chains	8DR6_4|Chain	32.600	49	1283	353	5.919E+01	23
9YW0_1|Chains	7STB_4|Chain	32.600	49	1283	353	5.919E+01	23
9YW0_1|Chains	7L1Q_2|Chains	100.000	8	1283	484	5.919E+01	23
9YW0_1|Chains	7L1S_2|Chains	100.000	8	1283	484	5.919E+01	23
9YW0_1|Chains	7L1R_2|Chains	100.000	8	1283	484	5.919E+01	23
9YW0_1|Chains	7MSX_1|Chain	28.400	84	1283	638	5.919E+01	23
9YW0_1|Chains	6DBU_1|Chains	35.000	40	1283	1159	5.919E+01	23
9YW0_1|Chains	6VVY_3|Chain	100.000	8	1283	1326	5.919E+01	23
9YW0_1|Chains	6VW0_3|Chain	100.000	8	1283	1326	5.919E+01	23
9YW0_1|Chains	6EEC_3|Chain	100.000	8	1283	1326	5.919E+01	23
9YW0_1|Chains	6EE8_3|Chain	100.000	8	1283	1326	5.919E+01	23
9YW0_1|Chains	6VVX_3|Chain	100.000	8	1283	1326	5.919E+01	23
9YW0_1|Chains	6VVZ_3|Chain	100.000	8	1283	1326	5.919E+01	23
9YW0_1|Chains	7MKP_2|Chain	27.500	116	1283	1340	5.919E+01	23
9YW0_1|Chains	7MKD_2|Chain	27.500	116	1283	1342	5.919E+01	23
9YW0_1|Chains	7SZJ_2|Chain	27.500	116	1283	1342	5.919E+01	23
9YW0_1|Chains	7MKI_3|Chain	27.500	116	1283	1342	5.919E+01	23
9YW0_1|Chains	7MKJ_2|Chain	27.500	116	1283	1342	5.919E+01	23
9YW0_1|Chains	6OMF_2|Chain	27.500	116	1283	1342	5.919E+01	23
9YW0_1|Chains	7MKE_2|Chain	27.500	116	1283	1342	5.919E+01	23
9YW0_1|Chains	6LZ1_1|Chains	36.600	30	1283	1133	7.792E+01	23
9YW0_1|Chains	7KVF_1|Chain	26.200	94	1283	2196	7.792E+01	23
9YW0_1|Chains	7KVE_1|Chain	26.200	94	1283	2196	7.792E+01	23
9XI7_2|Chains	7XO5_2|Chain	83.800	600	602	805	0.000E+00	1080
9XI7_2|Chains	7WSF_1|Chain	82.600	600	602	739	0.000E+00	1060
9XI7_2|Chains	7WS5_1|Chains	29.000	55	602	1205	6.605E+00	25
9XI7_2|Chains	8DZI_1|Chains	29.000	55	602	1285	6.605E+00	25
9XI7_2|Chains	7STB_1|Chain	32.700	52	602	696	8.709E+00	25
9XI7_2|Chains	6D05_3|Chains	30.200	43	602	820	1.514E+01	24
9XI7_2|Chains	6D04_3|Chains	30.200	43	602	820	1.514E+01	24
9XI7_2|Chains	7QUC_1|Chain	26.600	86	602	475	2.632E+01	23
9XI7_2|Chains	7UFR_1|Chains	30.000	39	602	1062	3.471E+01	23
9XI7_2|Chains	7UFU_1|Chains	30.000	39	602	1062	3.471E+01	23
9XI7_2|Chains	7VF2_1|Chain	26.900	78	602	1812	3.471E+01	23
9XI7_2|Chains	6U8S_1|Chains	30.600	49	602	514	4.577E+01	23
9XI7_2|Chains	6UA5_1|Chains	30.600	49	602	519	4.577E+01	23
9XI7_2|Chains	6UDP_1|Chains	30.600	49	602	519	4.577E+01	23
9XI7_2|Chains	6UAJ_1|Chains	30.600	49	602	519	4.577E+01	23
9XI7_2|Chains	6U8E_1|Chains	30.600	49	602	519	4.577E+01	23
9XI7_2|Chains	6AUI_1|Chains	25.000	64	602	812	4.577E+01	23
9XI7_2|Chains	7XU4_1|Chains	27.200	55	602	1127	4.577E+01	23
9XI7_2|Chains	7XU5_1|Chains	27.200	55	602	1127	4.577E+01	23
9XI7_2|Chains	7XU2_1|Chains	27.200	55	602	1127	4.577E+01	23
9XI7_2|Chains	6ZOY_1|Chains	27.200	55	602	1247	4.577E+01	23
9XI7_2|Chains	6ZP0_1|Chains	27.200	55	602	1247	4.577E+01	23
9XI7_2|Chains	6ZOZ_1|Chains	27.200	55	602	1247	4.577E+01	23
9XI7_2|Chains	7SBP_1|Chains	27.200	55	602	1310	4.577E+01	23
9XI7_2|Chains	7OCF_1|Chains	19.600	101	602	915	6.034E+01	22
9XI7_2|Chains	6LZ1_1|Chains	30.600	48	602	1133	6.034E+01	22
9XI7_2|Chains	7XO5_1|Chains	27.200	55	602	1205	6.034E+01	22
9XI7_2|Chains	7WEC_3|Chains	27.200	55	602	1270	6.034E+01	22
9XI7_2|Chains	7UB6_1|Chains	27.200	55	602	1285	6.034E+01	22
9XI7_2|Chains	6MRD_1|Chains	21.800	62	602	528	7.956E+01	22
9XI7_2|Chains	8E8O_1|Chains	42.800	28	602	604	7.956E+01	22
9XI7_2|Chains	7OTP_1|Chain	26.000	60	602	4148	7.956E+01	22
9XI7_2|Chains	7OTW_1|Chain	26.000	60	602	4148	7.956E+01	22
9XI7_2|Chains	7OTM_1|Chain	26.000	60	602	4148	7.956E+01	22
9XI7_2|Chains	6ZH6_1|Chain	26.000	60	602	4156	7.956E+01	22
9XI7_2|Chains	6ZFP_1|Chain	26.000	60	602	4156	7.956E+01	22
9XI7_2|Chains	6ZH2_1|Chain	26.000	60	602	4156	7.956E+01	22
9XI7_2|Chains	6ZH4_1|Chain	26.000	60	602	4156	7.956E+01	22
9WMQ_3|Chain	6VO1_4|Chains	63.400	104	104	107	5.739E-43	146
9WMQ_3|Chain	7JHH_5|Chain	65.300	104	104	215	2.034E-42	145
9WMQ_3|Chain	6XDG_2|Chain	61.500	104	104	214	1.357E-41	142
9WMQ_3|Chain	7M74_5|Chain	65.300	101	104	211	2.554E-41	141
9WMQ_3|Chain	7PC2_2|Chains	62.800	105	104	215	8.289E-40	137
9WMQ_3|Chain	6PZZ_2|Chains	60.500	104	104	214	1.561E-39	136
9WMQ_3|Chain	7LG6_5|Chains	60.100	103	104	214	2.141E-39	136
9WMQ_3|Chain	6TYS_3|Chains	60.500	104	104	107	4.031E-39	135
9WMQ_3|Chain	7WS5_2|Chains	60.000	105	104	108	1.429E-38	134
9WMQ_3|Chain	8DZI_3|Chains	60.000	105	104	109	1.961E-38	133
9WMQ_3|Chain	6OPQ_2|Chains	57.500	106	104	214	1.961E-38	133
9WMQ_3|Chain	6OPO_2|Chains	57.500	106	104	214	1.961E-38	133
9WMQ_3|Chain	6X5B_3|Chains	57.500	106	104	214	1.961E-38	133
9WMQ_3|Chain	6OPP_1|Chains	57.500	106	104	214	1.961E-38	133
9WMQ_3|Chain	6OZC_3|Chains	56.700	104	104	213	9.537E-38	131
9WMQ_3|Chain	7DKJ_3|Chains	56.700	104	104	189	1.309E-37	131
9WMQ_3|Chain	7LUC_5|Chains	55.700	104	104	107	2.257E-36	127
9WMQ_3|Chain	7L5J_2|Chains	59.200	103	104	211	4.249E-36	126
9WMQ_3|Chain	6V4N_3|Chains	57.600	104	104	214	8.000E-36	126
9WMQ_3|Chain	7WEC_2|Chains	56.100	105	104	107	2.067E-35	124
9WMQ_3|Chain	7LL1_4|Chains	56.300	103	104	214	5.340E-35	123
9WMQ_3|Chain	7LG6_3|Chains	56.300	103	104	214	5.340E-35	123
9WMQ_3|Chain	6NQD_4|Chains	53.300	105	104	215	5.340E-35	123
9WMQ_3|Chain	7UDS_2|Chains	58.200	103	104	209	1.005E-34	123
9WMQ_3|Chain	7MFG_4|Chains	55.200	105	104	108	1.380E-34	122
9WMQ_3|Chain	7LL2_4|Chains	55.500	107	104	217	6.712E-34	120
9WMQ_3|Chain	6U59_3|Chains	55.400	109	104	112	5.634E-32	115
9WMQ_3|Chain	7LUC_3|Chains	47.700	109	104	112	1.998E-31	113
9WMQ_3|Chain	7U9G_2|Chains	50.000	105	104	217	4.580E-26	98
9WMQ_3|Chain	6XEY_3|Chains	51.500	95	104	110	8.625E-26	97
9WMQ_3|Chain	6DFH_4|Chains	51.000	96	104	214	8.625E-26	97
9WMQ_3|Chain	7RA8_3|Chains	50.000	96	104	113	7.906E-25	94
9WMQ_3|Chain	7WVF_4|Chain	48.000	102	104	261	7.906E-25	94
9WMQ_3|Chain	6VTT_3|Chain	43.900	106	104	217	3.527E-23	89
9WMQ_3|Chain	6XDG_5|Chain	47.900	98	104	216	4.841E-23	89
9WMQ_3|Chain	7PC2_6|Chains	47.200	91	104	206	1.251E-22	88
9WMQ_3|Chain	7UCG_3|Chains	42.700	96	104	205	1.443E-20	82
9WMQ_3|Chain	7UCG_6|Chains	41.500	100	104	216	1.322E-19	79
9WMQ_3|Chain	7FJE_5|Chain	35.100	91	104	272	2.980E-07	44
9WMQ_3|Chain	7FJE_6|Chain	29.300	108	104	312	4.082E-07	43
9WMQ_3|Chain	6UKT_3|Chain	32.000	96	104	124	1.968E-06	41
9WMQ_3|Chain	7MFG_3|Chains	30.000	100	104	120	1.296E-05	39
9WMQ_3|Chain	6UKT_5|Chain	28.100	103	104	131	1.296E-05	39
9WMQ_3|Chain	6U59_4|Chains	32.300	99	104	119	1.773E-05	38
9WMQ_3|Chain	6UKT_4|Chain	29.200	82	104	134	2.426E-05	38
9WMQ_3|Chain	7M74_6|Chain	31.600	92	104	228	3.320E-05	38
9WMQ_3|Chain	7JHH_6|Chain	31.600	92	104	237	3.320E-05	38
9WMQ_3|Chain	7LUC_2|Chains	27.700	82	104	121	1.589E-04	36
9WMQ_3|Chain	7KKL_2|Chains	28.700	101	104	125	2.173E-04	35
9WMQ_3|Chain	8CYJ_4|Chain	30.400	82	104	127	5.549E-04	34
9WMQ_3|Chain	6TYS_2|Chains	29.500	98	104	120	1.036E-03	33
9WMQ_3|Chain	6XDG_3|Chain	26.800	82	104	226	6.705E-03	31
9WMQ_3|Chain	6UKT_6|Chain	28.300	81	104	134	9.147E-03	31
9WMQ_3|Chain	7LL1_3|Chains	30.100	104	104	229	9.147E-03	31
9WMQ_3|Chain	7LG6_2|Chains	30.100	104	104	231	9.147E-03	31
9WMQ_3|Chain	7M74_7|Chain	29.400	82	104	120	2.319E-02	29
9WMQ_3|Chain	8CYJ_2|Chain	25.600	74	104	125	2.319E-02	29
9WMQ_3|Chain	7JHH_7|Chain	29.400	82	104	159	2.319E-02	29
9WMQ_3|Chain	7PC2_1|Chains	27.300	82	104	240	2.319E-02	29
9WMQ_3|Chain	8CYJ_3|Chain	28.500	77	104	128	3.160E-02	29
9WMQ_3|Chain	7DKJ_2|Chains	30.200	85	104	203	3.160E-02	29
9WMQ_3|Chain	7L5J_3|Chains	28.000	82	104	221	4.304E-02	29
9WMQ_3|Chain	7WS5_3|Chains	28.100	103	104	123	5.862E-02	28
9WMQ_3|Chain	7UCG_2|Chains	26.600	105	104	234	5.862E-02	28
9WMQ_3|Chain	7UFS_1|Chains	30.000	30	104	1069	3.501E+01	20
11TD_2|Chain	7JHH_6|Chain	90.100	231	229	237	3.725E-128	399
11TD_2|Chain	7M74_6|Chain	90.000	228	229	228	2.244E-126	394
11TD_2|Chain	6XDG_3|Chain	84.000	226	229	226	1.780E-117	368
11TD_2|Chain	6XDG_4|Chain	84.000	226	229	225	1.335E-114	360
11TD_2|Chain	7UDS_1|Chains	80.500	226	229	226	4.837E-111	349
11TD_2|Chain	6VTT_2|Chain	74.400	247	229	257	4.966E-108	341
11TD_2|Chain	6PZZ_3|Chains	74.700	226	229	224	2.988E-106	336
11TD_2|Chain	6OZC_4|Chains	76.300	225	229	224	3.376E-104	330
11TD_2|Chain	7UCG_2|Chains	72.000	226	229	234	2.082E-99	316
11TD_2|Chain	7LG6_6|Chains	74.000	226	229	225	2.853E-99	316
11TD_2|Chain	6DFH_3|Chains	73.800	232	229	233	1.715E-97	310
11TD_2|Chain	6OPO_5|Chains	70.500	229	229	229	3.220E-97	310
11TD_2|Chain	6OPQ_5|Chains	70.500	229	229	229	3.220E-97	310
11TD_2|Chain	6X5B_5|Chains	70.500	229	229	229	3.220E-97	310
11TD_2|Chain	6OPP_5|Chains	70.500	229	229	229	3.220E-97	310
11TD_2|Chain	7U9G_3|Chains	73.400	226	229	265	1.556E-96	308
11TD_2|Chain	7PC2_5|Chains	68.600	226	229	226	4.005E-96	306
11TD_2|Chain	6V4N_2|Chains	71.400	227	229	244	7.520E-96	306
11TD_2|Chain	7UCG_5|Chains	69.300	234	229	243	1.593E-93	299
11TD_2|Chain	7LL2_3|Chains	70.300	226	229	225	6.983E-92	294
11TD_2|Chain	7LL1_3|Chains	63.900	229	229	229	1.216E-87	282
11TD_2|Chain	7LG6_2|Chains	63.500	229	229	231	3.128E-87	281
11TD_2|Chain	6NQD_3|Chains	63.900	234	229	244	8.213E-84	271
11TD_2|Chain	7L5J_3|Chains	60.100	226	229	221	2.154E-80	261
11TD_2|Chain	7PC2_1|Chains	51.900	221	229	240	2.895E-61	206
11TD_2|Chain	7WS5_3|Chains	75.200	124	229	123	2.619E-51	177
11TD_2|Chain	6TYS_2|Chains	69.000	126	229	120	8.171E-47	164
11TD_2|Chain	8CYJ_3|Chain	63.500	128	229	128	2.813E-43	154
11TD_2|Chain	8CYJ_2|Chain	64.600	124	229	125	1.644E-41	149
11TD_2|Chain	7JHH_7|Chain	61.900	125	229	159	7.857E-41	147
11TD_2|Chain	7DKJ_2|Chains	61.200	126	229	203	1.074E-40	146
11TD_2|Chain	7KKL_2|Chains	65.600	124	229	125	3.753E-40	145
11TD_2|Chain	7M74_7|Chain	61.200	123	229	120	7.013E-40	144
11TD_2|Chain	6UKT_4|Chain	63.700	124	229	134	7.013E-40	144
11TD_2|Chain	8CYJ_4|Chain	60.400	127	229	127	3.347E-39	142
11TD_2|Chain	8CYJ_1|Chain	62.500	127	229	127	2.098E-35	131
11TD_2|Chain	8DZI_2|Chains	54.800	124	229	118	2.865E-35	130
11TD_2|Chain	6UKT_3|Chain	59.600	124	229	124	9.975E-35	129
11TD_2|Chain	6UKT_6|Chain	61.600	124	229	134	9.975E-35	129
11TD_2|Chain	6XEY_2|Chains	50.000	124	229	122	1.362E-34	128
11TD_2|Chain	7MFG_3|Chains	52.400	124	229	120	3.471E-34	127
11TD_2|Chain	7RA8_2|Chains	52.700	126	229	126	6.475E-34	126
11TD_2|Chain	6UKT_5|Chain	62.000	124	229	131	1.207E-33	126
11TD_2|Chain	6VO1_3|Chains	54.400	124	229	118	3.075E-33	124
11TD_2|Chain	7MY3_2|Chains	56.600	124	229	127	5.732E-33	124
11TD_2|Chain	7LUC_2|Chains	48.300	124	229	121	1.459E-32	123
11TD_2|Chain	6U59_4|Chains	57.300	121	229	119	5.068E-32	121
11TD_2|Chain	7WVF_4|Chain	55.100	124	229	261	6.918E-32	121
11TD_2|Chain	7LUC_4|Chains	49.600	129	229	129	2.890E-30	116
11TD_2|Chain	7WEC_1|Chains	49.100	123	229	123	6.454E-29	112
11TD_2|Chain	7UCG_3|Chains	33.600	211	229	205	2.120E-21	90
11TD_2|Chain	6OPQ_2|Chains	33.100	212	229	214	6.206E-20	85
11TD_2|Chain	6OPO_2|Chains	33.100	212	229	214	6.206E-20	85
11TD_2|Chain	6X5B_3|Chains	33.100	212	229	214	6.206E-20	85
11TD_2|Chain	6OPP_1|Chains	33.100	212	229	214	6.206E-20	85
11TD_2|Chain	6XDG_5|Chain	32.700	211	229	216	7.188E-19	82
11TD_2|Chain	7PC2_2|Chains	32.600	201	229	215	1.798E-18	81
11TD_2|Chain	7U9G_2|Chains	32.600	199	229	217	2.441E-18	81
11TD_2|Chain	7LG6_5|Chains	33.600	201	229	214	1.123E-17	79
11TD_2|Chain	6DFH_4|Chains	32.100	213	229	214	3.799E-17	77
11TD_2|Chain	6VTT_3|Chain	29.900	211	229	217	6.983E-17	76
11TD_2|Chain	6NQD_4|Chains	30.400	212	229	215	1.971E-15	72
11TD_2|Chain	6PZZ_2|Chains	31.600	198	229	214	2.669E-15	72
11TD_2|Chain	7JHH_5|Chain	30.700	213	229	215	4.890E-15	71
11TD_2|Chain	7LL1_4|Chains	30.200	201	229	214	6.618E-15	70
11TD_2|Chain	7LG6_3|Chains	30.200	201	229	214	6.618E-15	70
11TD_2|Chain	7M74_5|Chain	31.100	198	229	211	5.481E-14	68
11TD_2|Chain	7LL2_4|Chains	28.700	212	229	217	1.829E-13	66
11TD_2|Chain	6V4N_3|Chains	30.700	191	229	214	2.471E-13	66
11TD_2|Chain	6XDG_2|Chain	28.500	212	229	214	6.088E-13	64
11TD_2|Chain	7UDS_2|Chains	28.200	211	229	209	1.498E-12	63
11TD_2|Chain	7L5J_2|Chains	26.800	207	229	211	2.728E-12	63
11TD_2|Chain	7UCG_6|Chains	28.000	198	229	216	4.964E-12	62
11TD_2|Chain	7PC2_6|Chains	26.700	212	229	206	5.408E-11	59
11TD_2|Chain	7FJE_6|Chain	31.100	172	229	312	8.316E-09	52
11TD_2|Chain	8DZI_3|Chains	34.900	122	229	109	4.850E-08	49
11TD_2|Chain	7WEC_2|Chains	35.700	122	229	107	1.168E-07	48
11TD_2|Chain	7DKJ_3|Chains	30.400	126	229	189	5.034E-07	46
11TD_2|Chain	7X13_1|Chains	32.500	80	229	245	2.158E-06	44
11TD_2|Chain	7RA8_3|Chains	30.900	109	229	113	5.155E-06	43
11TD_2|Chain	6XEY_3|Chains	36.400	84	229	110	6.889E-06	43
11TD_2|Chain	6TYS_3|Chains	35.300	82	229	107	1.229E-05	42
11TD_2|Chain	7MFG_4|Chains	31.700	122	229	108	5.212E-05	40
11TD_2|Chain	7WS5_2|Chains	29.800	96	229	108	2.932E-04	38
11TD_2|Chain	7LUC_3|Chains	30.800	103	229	112	2.182E-03	35
11TD_2|Chain	6VO1_4|Chains	31.700	82	229	107	5.147E-03	34
11TD_2|Chain	7LUC_5|Chains	30.900	96	229	107	5.147E-03	34
11TD_2|Chain	7E5Z_2|Chain	46.600	15	229	572	7.977E+01	20
9PXL_2|Chains	6Y5A_1|Chains	94.200	35	176	538	2.299E-17	76
9PXL_2|Chains	6Y5B_1|Chains	94.200	35	176	538	2.299E-17	76
9PXL_2|Chains	6Y59_1|Chains	94.200	35	176	538	2.299E-17	76
9PXL_2|Chains	6NQD_2|Chains	100.000	28	176	184	3.363E-13	64
9PXL_2|Chains	6SP2_1|Chains	100.000	28	176	513	3.363E-13	64
9PXL_2|Chains	7L7B_2|Chain	100.000	28	176	1266	3.363E-13	64
9PXL_2|Chains	8AG6_2|Chain	81.000	37	176	1414	1.152E-12	62
9PXL_2|Chains	7UDS_4|Chains	92.800	28	176	206	2.897E-12	61
9PXL_2|Chains	7U9G_3|Chains	92.800	28	176	265	2.897E-12	61
9PXL_2|Chains	6R6B_2|Chain	92.800	28	176	295	2.897E-12	61
9PXL_2|Chains	6S3R_2|Chain	92.800	28	176	300	2.897E-12	61
9PXL_2|Chains	6R69_2|Chain	92.800	28	176	303	2.897E-12	61
9PXL_2|Chains	6X29_1|Chains	96.500	29	176	1273	9.891E-12	59
9PXL_2|Chains	7UB6_1|Chains	96.500	29	176	1285	9.891E-12	59
9PXL_2|Chains	8DZI_1|Chains	96.500	29	176	1285	9.891E-12	59
9PXL_2|Chains	7TPH_1|Chains	96.500	29	176	1286	9.891E-12	59
9PXL_2|Chains	7TP7_1|Chains	96.500	29	176	1286	9.891E-12	59
9PXL_2|Chains	7KE7_1|Chains	96.500	29	176	1288	9.891E-12	59
9PXL_2|Chains	7KEC_1|Chains	96.500	29	176	1288	9.891E-12	59
9PXL_2|Chains	7KEA_1|Chains	96.500	29	176	1288	9.891E-12	59
9PXL_2|Chains	6VSB_1|Chains	96.500	29	176	1288	9.891E-12	59
9PXL_2|Chains	7KE9_1|Chains	96.500	29	176	1288	9.891E-12	59
9PXL_2|Chains	7RA8_1|Chains	96.500	29	176	1288	9.891E-12	59
9PXL_2|Chains	7KDH_1|Chains	96.500	29	176	1288	9.891E-12	59
9PXL_2|Chains	7KKL_1|Chains	96.500	29	176	1288	9.891E-12	59
9PXL_2|Chains	6XKL_1|Chains	96.500	29	176	1288	9.891E-12	59
9PXL_2|Chains	7KEB_1|Chains	96.500	29	176	1288	9.891E-12	59
9PXL_2|Chains	6XEY_1|Chains	96.500	29	176	1288	9.891E-12	59
9PXL_2|Chains	7LYL_1|Chains	96.500	29	176	1288	9.891E-12	59
9PXL_2|Chains	8CSA_1|Chains	96.500	29	176	1288	9.891E-12	59
9PXL_2|Chains	6ZP5_1|Chains	96.500	29	176	1288	9.891E-12	59
9PXL_2|Chains	7MY3_1|Chains	96.500	29	176	1288	9.891E-12	59
9PXL_2|Chains	7LYM_1|Chains	96.500	29	176	1288	9.891E-12	59
9PXL_2|Chains	7KDJ_1|Chains	96.500	29	176	1288	9.891E-12	59
9PXL_2|Chains	7N1T_1|Chains	96.500	29	176	1305	9.891E-12	59
9PXL_2|Chains	7N1U_1|Chains	96.500	29	176	1305	9.891E-12	59
9PXL_2|Chains	7N1Q_1|Chains	96.500	29	176	1305	9.891E-12	59
9PXL_2|Chains	7SBL_1|Chains	96.500	29	176	1308	9.891E-12	59
9PXL_2|Chains	7SBK_1|Chains	96.500	29	176	1308	9.891E-12	59
9PXL_2|Chains	7SBS_1|Chains	96.500	29	176	1310	9.891E-12	59
9PXL_2|Chains	7SBP_1|Chains	96.500	29	176	1310	9.891E-12	59
9PXL_2|Chains	7KRS_1|Chains	96.500	29	176	1310	9.891E-12	59
9PXL_2|Chains	7WKS_1|Chains	89.600	29	176	680	1.146E-10	56
9PXL_2|Chains	6VAK_1|Chains	100.000	11	176	334	7.615E-02	29
9PXL_2|Chains	7PCH_3|Chains	100.000	10	176	372	2.426E-01	28
9PXL_2|Chains	6VD7_1|Chains	90.000	10	176	344	5.771E-01	27
9PXL_2|Chains	6QXF_2|Chains	90.000	10	176	302	7.700E-01	26
9PXL_2|Chains	8EOB_1|Chains	69.200	13	176	756	2.436E+00	25
9PXL_2|Chains	7L2Z_1|Chains	100.000	8	176	762	2.436E+00	25
9PXL_2|Chains	7VFE_1|Chains	76.900	13	176	569	3.247E+00	24
9PXL_2|Chains	6OF4_1|Chains	88.800	9	176	391	2.415E+01	21
9PXL_2|Chains	6OF3_1|Chains	88.800	9	176	391	2.415E+01	21
9PXL_2|Chains	6OF2_1|Chains	88.800	9	176	391	2.415E+01	21
9PXL_2|Chains	6L42_1|Chain	88.800	9	176	2109	2.415E+01	21
9PXL_2|Chains	7N8N_2|Chains	52.100	23	176	297	3.215E+01	21
9ZRY_3|Chains	7LL1_1|Chains	83.500	473	503	473	9.884E-274	835
9ZRY_3|Chains	7LL2_1|Chains	83.500	473	503	473	9.884E-274	835
9ZRY_3|Chains	6OZC_1|Chains	83.100	474	503	475	1.111E-271	829
9ZRY_3|Chains	7PC2_3|Chains	83.100	474	503	481	1.111E-271	829
9ZRY_3|Chains	6VO1_1|Chains	82.500	474	503	475	1.248E-269	823
9ZRY_3|Chains	7LG6_1|Chains	82.500	474	503	475	1.248E-269	823
9ZRY_3|Chains	6OPQ_1|Chains	74.400	518	503	524	1.290E-263	805
9ZRY_3|Chains	6OPO_1|Chains	74.400	518	503	524	1.290E-263	805
9ZRY_3|Chains	6U59_1|Chains	74.400	518	503	524	1.290E-263	805
9ZRY_3|Chains	6X5B_1|Chains	74.400	518	503	524	1.290E-263	805
9ZRY_3|Chains	6OPP_3|Chains	74.400	518	503	524	1.290E-263	805
9ZRY_3|Chains	6DFH_1|Chains	80.000	474	503	476	2.422E-263	805
9ZRY_3|Chains	7UCG_4|Chains	72.900	505	503	507	1.225E-253	777
9ZRY_3|Chains	7L6O_1|Chains	77.100	467	503	466	1.542E-249	765
9ZRY_3|Chains	6VTT_1|Chains	75.100	465	503	471	7.655E-243	745
9ZRY_3|Chains	6NQD_1|Chains	73.000	477	503	486	1.456E-239	736
9ZRY_3|Chains	7JK5_6|Chain	30.600	48	503	488	1.110E-01	31
9ZRY_3|Chains	7PC2_1|Chains	26.000	103	503	240	3.095E+00	26
9ZRY_3|Chains	7ZPM_2|Chains	23.800	109	503	757	7.110E+00	25
9ZRY_3|Chains	7WS5_1|Chains	27.600	65	503	1205	7.110E+00	25
9ZRY_3|Chains	7XO5_1|Chains	27.600	65	503	1205	7.110E+00	25
9ZRY_3|Chains	7UB6_1|Chains	27.600	65	503	1285	7.110E+00	25
9ZRY_3|Chains	8DZI_1|Chains	27.600	65	503	1285	7.110E+00	25
9ZRY_3|Chains	6OZC_3|Chains	56.200	16	503	213	1.238E+01	24
9ZRY_3|Chains	7RA8_2|Chains	47.800	23	503	126	2.155E+01	23
9ZRY_3|Chains	7QUN_1|Chains	66.600	12	503	732	2.843E+01	23
9ZRY_3|Chains	7PX8_1|Chains	66.600	12	503	732	2.843E+01	23
9ZRY_3|Chains	6O6B_1|Chains	23.200	107	503	835	3.751E+01	23
9ZRY_3|Chains	6QNT_2|Chain	30.600	47	503	208	4.949E+01	22
9ZRY_3|Chains	6ZBD_1|Chain	17.800	83	503	717	4.949E+01	22
9ZRY_3|Chains	6ZBC_1|Chain	17.800	83	503	717	4.949E+01	22
9ZRY_3|Chains	6ZBH_1|Chain	17.800	83	503	717	4.949E+01	22
9ZRY_3|Chains	6ZBF_1|Chain	17.800	83	503	717	4.949E+01	22
9ZRY_3|Chains	6ZBG_1|Chain	17.800	83	503	717	4.949E+01	22
9ZRY_3|Chains	6ZBJ_1|Chains	17.800	83	503	891	4.949E+01	22
9ZRY_3|Chains	6ZBL_1|Chains	17.800	83	503	891	4.949E+01	22
9ZRY_3|Chains	7YQT_1|Chains	26.100	65	503	1270	4.949E+01	22
9ZRY_3|Chains	7VF2_1|Chain	29.700	37	503	1812	4.949E+01	22
9ZRY_3|Chains	7MFG_3|Chains	41.600	24	503	120	6.529E+01	22
9ZRY_3|Chains	6YRF_1|Chains	24.000	82	503	803	6.529E+01	22
9ZRY_3|Chains	7TPH_1|Chains	26.100	65	503	1286	6.529E+01	22
9ZRY_3|Chains	7TP7_1|Chains	26.100	65	503	1286	6.529E+01	22
9ZRY_3|Chains	7LZJ_1|Chains	52.900	17	503	907	8.614E+01	21
9ZRY_3|Chains	7N1U_1|Chains	25.000	73	503	1305	8.614E+01	21
9XBY_1|Chains	6FAY_1|Chain	22.500	134	1222	1876	3.985E-01	31
9XBY_1|Chains	6WUN_2|Chains	23.000	180	1222	512	2.732E+00	28
9XBY_1|Chains	7DKJ_1|Chains	37.500	40	1222	599	4.735E+00	27
9XBY_1|Chains	7JK5_3|Chain	33.300	36	1222	462	1.080E+01	26
9XBY_1|Chains	6VVY_3|Chain	35.800	37	1222	1326	1.422E+01	25
9XBY_1|Chains	6VW0_3|Chain	35.800	37	1222	1326	1.422E+01	25
9XBY_1|Chains	6EEC_3|Chain	35.800	37	1222	1326	1.422E+01	25
9XBY_1|Chains	6EE8_3|Chain	35.800	37	1222	1326	1.422E+01	25
9XBY_1|Chains	6VVX_3|Chain	35.800	37	1222	1326	1.422E+01	25
9XBY_1|Chains	6VVZ_3|Chain	35.800	37	1222	1326	1.422E+01	25
9XBY_1|Chains	7P1H_2|Chain	23.400	177	1222	372	1.873E+01	25
9XBY_1|Chains	7L7I_1|Chain	28.300	73	1222	457	1.873E+01	25
9XBY_1|Chains	5ZX5_1|Chains	24.300	149	1222	1229	1.873E+01	25
9XBY_1|Chains	7PC2_2|Chains	30.000	40	1222	215	3.245E+01	24
9XBY_1|Chains	6MDR_1|Chains	29.100	71	1222	247	4.273E+01	24
9XBY_1|Chains	7USD_2|Chain	31.800	44	1222	1128	4.273E+01	24
9XBY_1|Chains	7PTV_1|Chains	24.100	95	1222	702	5.625E+01	23
9XBY_1|Chains	7TFI_1|Chain	21.600	82	1222	861	5.625E+01	23
9XBY_1|Chains	8DR4_1|Chain	21.600	82	1222	918	5.625E+01	23
9XBY_1|Chains	8DR6_1|Chain	21.600	82	1222	918	5.625E+01	23
9XBY_1|Chains	8DTI_1|Chains	31.700	41	1222	946	5.625E+01	23
9XBY_1|Chains	6LZ1_1|Chains	29.200	64	1222	1133	5.625E+01	23
9XBY_1|Chains	7WS5_1|Chains	28.100	63	1222	1205	5.625E+01	23
9XBY_1|Chains	7XO5_1|Chains	28.100	63	1222	1205	5.625E+01	23
9XBY_1|Chains	7UB6_1|Chains	28.100	63	1222	1285	5.625E+01	23
9XBY_1|Chains	8DZI_1|Chains	28.100	63	1222	1285	5.625E+01	23
9XBY_1|Chains	6KLC_1|Chain	24.100	57	1222	2218	5.625E+01	23
9XBY_1|Chains	6SYT_1|Chain	29.100	79	1222	3712	5.625E+01	23
9XBY_1|Chains	7JPN_2|Chain	46.600	30	1222	377	9.748E+01	23
9XBY_1|Chains	6UHC_2|Chain	46.600	30	1222	394	9.748E+01	23
9XBY_1|Chains	7SNF_1|Chains	36.100	36	1222	523	9.748E+01	23
9XBY_1|Chains	7TOE_1|Chains	36.100	36	1222	523	9.748E+01	23
9XBY_1|Chains	7SNG_1|Chains	36.100	36	1222	523	9.748E+01	23
9XBY_1|Chains	7SNI_1|Chains	36.100	36	1222	523	9.748E+01	23
9XBY_1|Chains	7UC2_1|Chains	36.100	36	1222	523	9.748E+01	23
9XBY_1|Chains	7UAL_1|Chains	36.100	36	1222	523	9.748E+01	23
9XBY_1|Chains	7SNH_1|Chains	36.100	36	1222	523	9.748E+01	23
9XBY_1|Chains	7A7A_1|Chains	27.100	59	1222	740	9.748E+01	23
9XBY_1|Chains	7AG8_1|Chains	27.100	59	1222	740	9.748E+01	23
9ZBK_1|Chain	6SYT_1|Chain	25.000	636	2470	3712	2.603E-54	208
9ZBK_1|Chain	7OTP_1|Chain	25.300	528	2470	4148	8.191E-39	156
9ZBK_1|Chain	7OTW_1|Chain	25.300	528	2470	4148	8.191E-39	156
9ZBK_1|Chain	7OTM_1|Chain	25.300	528	2470	4148	8.191E-39	156
9ZBK_1|Chain	6ZH6_1|Chain	25.300	528	2470	4156	8.191E-39	156
9ZBK_1|Chain	6ZFP_1|Chain	25.300	528	2470	4156	8.191E-39	156
9ZBK_1|Chain	6ZH2_1|Chain	25.300	528	2470	4156	8.191E-39	156
9ZBK_1|Chain	6ZH4_1|Chain	25.300	528	2470	4156	8.191E-39	156
9ZBK_1|Chain	7UNK_1|Chain	22.100	187	2470	1081	1.038E-02	37
9ZBK_1|Chain	7MGE_2|Chain	22.200	191	2470	937	2.122E-01	33
9ZBK_1|Chain	7WAC_1|Chains	24.500	174	2470	910	1.904E+00	29
9ZBK_1|Chain	7WAD_1|Chains	24.500	174	2470	910	1.904E+00	29
9ZBK_1|Chain	7ZPM_1|Chains	23.500	99	2470	717	3.295E+00	29
9ZBK_1|Chain	7WTA_1|Chains	26.100	86	2470	1178	3.295E+00	29
9ZBK_1|Chain	6NTS_1|Chain	21.800	256	2470	589	5.702E+00	28
9ZBK_1|Chain	7SOY_1|Chain	21.800	256	2470	589	5.702E+00	28
9ZBK_1|Chain	6VVY_3|Chain	22.600	132	2470	1326	5.702E+00	28
9ZBK_1|Chain	6VW0_3|Chain	22.600	132	2470	1326	5.702E+00	28
9ZBK_1|Chain	6EEC_3|Chain	22.600	132	2470	1326	5.702E+00	28
9ZBK_1|Chain	6EE8_3|Chain	22.600	132	2470	1326	5.702E+00	28
9ZBK_1|Chain	6VVX_3|Chain	22.600	132	2470	1326	5.702E+00	28
9ZBK_1|Chain	6VVZ_3|Chain	22.600	132	2470	1326	5.702E+00	28
9ZBK_1|Chain	7D3E_1|Chains	23.700	140	2470	1551	5.702E+00	28
9ZBK_1|Chain	7D3F_1|Chains	23.700	140	2470	1551	5.702E+00	28
9ZBK_1|Chain	8DR4_5|Chain	26.500	49	2470	354	7.501E+00	27
9ZBK_1|Chain	8DR6_5|Chain	26.500	49	2470	354	7.501E+00	27
9ZBK_1|Chain	7STB_5|Chain	26.500	49	2470	354	7.501E+00	27
9ZBK_1|Chain	7TFI_5|Chain	26.500	49	2470	354	7.501E+00	27
9ZBK_1|Chain	6FAY_1|Chain	32.700	54	2470	1876	7.501E+00	27
9ZBK_1|Chain	7QH2_3|Chains	40.700	27	2470	467	9.868E+00	27
9ZBK_1|Chain	8AT6_1|Chains	33.800	59	2470	456	1.298E+01	27
9ZBK_1|Chain	6XNZ_1|Chains	25.100	126	2470	750	1.298E+01	27
9ZBK_1|Chain	6URG_4|Chain	35.100	37	2470	782	1.298E+01	27
9ZBK_1|Chain	7KVF_1|Chain	26.800	41	2470	2196	1.708E+01	26
9ZBK_1|Chain	7KVE_1|Chain	26.800	41	2470	2196	1.708E+01	26
9ZBK_1|Chain	6KLC_1|Chain	25.700	69	2470	2218	2.247E+01	26
9ZBK_1|Chain	7X27_1|Chains	20.400	91	2470	1212	2.956E+01	25
9ZBK_1|Chain	6MHQ_1|Chains	39.400	38	2470	348	3.889E+01	25
9ZBK_1|Chain	6OWT_1|Chain	27.200	99	2470	939	3.889E+01	25
9ZBK_1|Chain	6XOT_1|Chain	23.700	94	2470	1014	3.889E+01	25
9ZBK_1|Chain	6XOS_1|Chain	23.700	94	2470	1014	3.889E+01	25
9ZBK_1|Chain	6T2V_2|Chain	25.500	86	2470	1122	3.889E+01	25
9ZBK_1|Chain	6T2U_2|Chain	25.500	86	2470	1122	3.889E+01	25
9ZBK_1|Chain	8B1T_2|Chain	25.500	86	2470	1122	3.889E+01	25
9ZBK_1|Chain	7MR0_2|Chain	25.500	86	2470	1122	3.889E+01	25
9ZBK_1|Chain	6SJG_2|Chain	25.500	86	2470	1122	3.889E+01	25
9ZBK_1|Chain	8B1U_2|Chain	25.500	86	2470	1122	3.889E+01	25
9ZBK_1|Chain	7STB_1|Chain	24.600	81	2470	696	5.116E+01	25
9ZBK_1|Chain	7RLU_1|Chains	16.000	100	2470	902	5.116E+01	25
9ZBK_1|Chain	7MEY_1|Chain	30.100	82	2470	1950	5.116E+01	25
9ZBK_1|Chain	7MEX_4|Chain	30.100	82	2470	1950	5.116E+01	25
9ZBK_1|Chain	6YSN_1|Chains	21.900	81	2470	1146	6.730E+01	24
9ZBK_1|Chain	7MKP_2|Chain	29.100	72	2470	1340	6.730E+01	24
9ZBK_1|Chain	7MKD_2|Chain	29.100	72	2470	1342	6.730E+01	24
9ZBK_1|Chain	7SZJ_2|Chain	29.100	72	2470	1342	6.730E+01	24
9ZBK_1|Chain	7MKI_3|Chain	29.100	72	2470	1342	6.730E+01	24
9ZBK_1|Chain	7MKJ_2|Chain	29.100	72	2470	1342	6.730E+01	24
9ZBK_1|Chain	6OMF_2|Chain	29.100	72	2470	1342	6.730E+01	24
9ZBK_1|Chain	7MKE_2|Chain	29.100	72	2470	1342	6.730E+01	24
9ZBK_1|Chain	6J5W_1|Chain	52.300	21	2470	351	8.854E+01	24
9ZBK_1|Chain	7U5N_1|Chains	44.000	25	2470	373	8.854E+01	24
9ZBK_1|Chain	7S15_1|Chain	24.200	69	2470	399	8.854E+01	24
9ZBK_1|Chain	7RLT_1|Chains	16.600	60	2470	902	8.854E+01	24
9XI7_1|Chains	6ZOY_1|Chains	96.900	1247	1247	1247	0.000E+00	2485
9XI7_1|Chains	6ZOZ_1|Chains	96.900	1247	1247	1247	0.000E+00	2485
9XI7_1|Chains	6ZP0_1|Chains	96.900	1247	1247	1247	0.000E+00	2483
9XI7_1|Chains	7UB6_1|Chains	96.500	1247	1247	1285	0.000E+00	2483
9XI7_1|Chains	7RA8_1|Chains	95.300	1247	1247	1288	0.000E+00	2458
9XI7_1|Chains	6XKL_1|Chains	95.300	1247	1247	1288	0.000E+00	2458
9XI7_1|Chains	7MY3_1|Chains	95.300	1247	1247	1288	0.000E+00	2458
9XI7_1|Chains	8DZI_1|Chains	95.300	1247	1247	1285	0.000E+00	2454
9XI7_1|Chains	8CSA_1|Chains	95.100	1247	1247	1288	0.000E+00	2446
9XI7_1|Chains	7KDJ_1|Chains	95.100	1247	1247	1288	0.000E+00	2446
9XI7_1|Chains	6VSB_1|Chains	95.000	1247	1247	1288	0.000E+00	2444
9XI7_1|Chains	7KKL_1|Chains	95.000	1247	1247	1288	0.000E+00	2444
9XI7_1|Chains	6XEY_1|Chains	95.000	1247	1247	1288	0.000E+00	2444
9XI7_1|Chains	6ZP5_1|Chains	95.000	1247	1247	1288	0.000E+00	2444
9XI7_1|Chains	6ZGF_1|Chains	95.300	1247	1247	1283	0.000E+00	2440
9XI7_1|Chains	7KE7_1|Chains	94.900	1247	1247	1288	0.000E+00	2440
9XI7_1|Chains	7KEC_1|Chains	94.900	1247	1247	1288	0.000E+00	2440
9XI7_1|Chains	7KEA_1|Chains	94.900	1247	1247	1288	0.000E+00	2440
9XI7_1|Chains	7KE9_1|Chains	94.900	1247	1247	1288	0.000E+00	2440
9XI7_1|Chains	7KEB_1|Chains	94.900	1247	1247	1288	0.000E+00	2440
9XI7_1|Chains	7EB0_1|Chains	95.800	1240	1247	1283	0.000E+00	2437
9XI7_1|Chains	7KDH_1|Chains	94.900	1247	1247	1288	0.000E+00	2437
9XI7_1|Chains	7YQT_1|Chains	98.600	1198	1247	1270	0.000E+00	2434
9XI7_1|Chains	7LYL_1|Chains	94.700	1247	1247	1288	0.000E+00	2434
9XI7_1|Chains	7LYM_1|Chains	94.700	1247	1247	1288	0.000E+00	2434
9XI7_1|Chains	6X29_1|Chains	94.900	1245	1247	1273	0.000E+00	2433
9XI7_1|Chains	7TPH_1|Chains	94.800	1247	1247	1286	0.000E+00	2430
9XI7_1|Chains	7TP7_1|Chains	94.800	1247	1247	1286	0.000E+00	2430
9XI7_1|Chains	7CN4_1|Chains	94.500	1247	1247	1267	0.000E+00	2423
9XI7_1|Chains	8CYJ_5|Chain	97.300	1198	1247	1273	0.000E+00	2397
9XI7_1|Chains	7WS5_1|Chains	97.400	1195	1247	1205	0.000E+00	2393
9XI7_1|Chains	7JJI_1|Chains	97.000	1198	1247	1273	0.000E+00	2393
9XI7_1|Chains	7KRS_1|Chains	97.200	1198	1247	1310	0.000E+00	2393
9XI7_1|Chains	7E7D_1|Chains	97.000	1200	1247	1520	0.000E+00	2391
9XI7_1|Chains	7WEC_3|Chains	97.100	1198	1247	1270	0.000E+00	2387
9XI7_1|Chains	7SBP_1|Chains	96.900	1198	1247	1310	0.000E+00	2385
9XI7_1|Chains	7SBL_1|Chains	97.000	1198	1247	1308	0.000E+00	2383
9XI7_1|Chains	7SBK_1|Chains	97.000	1198	1247	1308	0.000E+00	2383
9XI7_1|Chains	7SBS_1|Chains	96.800	1198	1247	1310	0.000E+00	2382
9XI7_1|Chains	7XO5_1|Chains	97.000	1195	1247	1205	0.000E+00	2380
9XI7_1|Chains	7N1T_1|Chains	96.800	1198	1247	1305	0.000E+00	2380
9XI7_1|Chains	7N1Q_1|Chains	96.800	1198	1247	1305	0.000E+00	2380
9XI7_1|Chains	7TLB_1|Chains	96.900	1195	1247	1208	0.000E+00	2378
9XI7_1|Chains	7TLA_1|Chains	96.900	1195	1247	1208	0.000E+00	2378
9XI7_1|Chains	7N1U_1|Chains	96.600	1198	1247	1305	0.000E+00	2368
9XI7_1|Chains	7Y42_1|Chains	97.100	1121	1247	1121	0.000E+00	2242
9XI7_1|Chains	7XU4_1|Chains	96.600	1127	1247	1127	0.000E+00	2237
9XI7_1|Chains	7XU5_1|Chains	96.600	1127	1247	1127	0.000E+00	2237
9XI7_1|Chains	7XU2_1|Chains	96.500	1127	1247	1127	0.000E+00	2235
9XI7_1|Chains	7X27_1|Chains	32.300	983	1247	1212	3.999E-135	461
9XI7_1|Chains	6XDG_1|Chain	92.300	223	1247	251	6.184E-130	445
9XI7_1|Chains	7WSF_2|Chain	69.300	183	1247	190	1.498E-77	282
9XI7_1|Chains	7MFG_2|Chains	85.400	48	1247	222	1.004E-17	85
9XI7_1|Chains	7DKJ_1|Chains	56.500	76	1247	599	1.287E-14	75
9XI7_1|Chains	7LUC_1|Chains	100.000	28	1247	527	7.220E-12	66
9XI7_1|Chains	6BWD_1|Chains	29.800	67	1247	955	2.791E+00	28
9XI7_1|Chains	7USD_1|Chain	21.900	101	1247	1253	2.791E+00	28
9XI7_1|Chains	7U9G_1|Chains	32.200	31	1247	439	4.838E+00	27
9XI7_1|Chains	7U65_1|Chains	27.300	83	1247	505	4.838E+00	27
9XI7_1|Chains	7U66_1|Chains	27.300	83	1247	505	4.838E+00	27
9XI7_1|Chains	7U67_1|Chains	27.300	83	1247	505	4.838E+00	27
9XI7_1|Chains	7WAC_1|Chains	68.400	19	1247	910	6.369E+00	27
9XI7_1|Chains	7WAD_1|Chains	68.400	19	1247	910	6.369E+00	27
9XI7_1|Chains	6R6B_2|Chain	41.100	34	1247	295	1.104E+01	26
9XI7_1|Chains	7A7A_1|Chains	44.700	38	1247	740	1.104E+01	26
9XI7_1|Chains	7AG8_1|Chains	44.700	38	1247	740	1.104E+01	26
9XI7_1|Chains	7M2Z_2|Chain	19.700	160	1247	846	1.104E+01	26
9XI7_1|Chains	6SYT_1|Chain	24.600	69	1247	3712	1.104E+01	26
9XI7_1|Chains	7WGR_1|Chains	22.500	171	1247	895	1.453E+01	25
9XI7_1|Chains	6FAY_1|Chain	19.700	217	1247	1876	1.453E+01	25
9XI7_1|Chains	7R06_1|Chains	22.500	140	1247	601	1.913E+01	25
9XI7_1|Chains	7Z0Z_1|Chains	22.500	140	1247	601	1.913E+01	25
9XI7_1|Chains	8DR4_1|Chain	52.300	21	1247	918	1.913E+01	25
9XI7_1|Chains	8DR6_1|Chain	52.300	21	1247	918	1.913E+01	25
9XI7_1|Chains	6S3R_2|Chain	54.500	22	1247	300	2.518E+01	25
9XI7_1|Chains	6TFK_1|Chains	30.300	86	1247	789	2.518E+01	25
9XI7_1|Chains	7OTP_1|Chain	20.600	188	1247	4148	2.518E+01	25
9XI7_1|Chains	7OTW_1|Chain	20.600	188	1247	4148	2.518E+01	25
9XI7_1|Chains	7OTM_1|Chain	20.600	188	1247	4148	2.518E+01	25
9XI7_1|Chains	6ZH6_1|Chain	20.600	188	1247	4156	2.518E+01	25
9XI7_1|Chains	6ZFP_1|Chain	20.600	188	1247	4156	2.518E+01	25
9XI7_1|Chains	6ZH2_1|Chain	20.600	188	1247	4156	2.518E+01	25
9XI7_1|Chains	6ZH4_1|Chain	20.600	188	1247	4156	2.518E+01	25
9XI7_1|Chains	6VXK_1|Chains	21.900	73	1247	398	3.315E+01	24
9XI7_1|Chains	7W84_1|Chain	25.900	81	1247	1131	3.315E+01	24
9XI7_1|Chains	7KVF_1|Chain	29.700	45	1247	2196	3.315E+01	24
9XI7_1|Chains	7KVE_1|Chain	29.700	45	1247	2196	3.315E+01	24
9XI7_1|Chains	7LL2_3|Chains	31.500	57	1247	225	4.364E+01	24
9XI7_1|Chains	7PC2_5|Chains	31.500	57	1247	226	4.364E+01	24
9XI7_1|Chains	7D09_4|Chains	31.000	71	1247	226	4.364E+01	24
9XI7_1|Chains	6DFH_3|Chains	31.500	57	1247	233	4.364E+01	24
9XI7_1|Chains	7UCG_5|Chains	31.500	57	1247	243	4.364E+01	24
9XI7_1|Chains	6V4N_2|Chains	31.500	57	1247	244	4.364E+01	24
9XI7_1|Chains	7U9G_3|Chains	31.500	57	1247	265	4.364E+01	24
9XI7_1|Chains	7K0R_1|Chains	31.500	38	1247	362	4.364E+01	24
9XI7_1|Chains	7SK2_1|Chain	28.500	42	1247	578	4.364E+01	24
9XI7_1|Chains	7CTE_2|Chain	24.500	109	1247	711	4.364E+01	24
9XI7_1|Chains	7MKP_2|Chain	26.000	117	1247	1340	4.364E+01	24
9XI7_1|Chains	7MKD_2|Chain	26.000	117	1247	1342	4.364E+01	24
9XI7_1|Chains	7SZJ_2|Chain	26.000	117	1247	1342	4.364E+01	24
9XI7_1|Chains	7MKI_3|Chain	26.000	117	1247	1342	4.364E+01	24
9XI7_1|Chains	7MKJ_2|Chain	26.000	117	1247	1342	4.364E+01	24
9XI7_1|Chains	6OMF_2|Chain	26.000	117	1247	1342	4.364E+01	24
9XI7_1|Chains	7MKE_2|Chain	26.000	117	1247	1342	4.364E+01	24
9XI7_1|Chains	6L42_1|Chain	29.300	58	1247	2109	4.364E+01	24
9XI7_1|Chains	7LG6_6|Chains	32.400	37	1247	225	5.745E+01	23
9XI7_1|Chains	7S15_1|Chain	38.400	26	1247	399	5.745E+01	23
9XI7_1|Chains	6J5W_2|Chain	28.000	50	1247	852	5.745E+01	23
9XI7_1|Chains	8DTI_1|Chains	90.000	10	1247	946	5.745E+01	23
9XI7_1|Chains	7L7B_2|Chain	24.300	41	1247	1266	5.745E+01	23
9XI7_1|Chains	7UCG_2|Chains	31.500	57	1247	234	7.564E+01	23
9XI7_1|Chains	6VTT_2|Chain	31.500	57	1247	257	7.564E+01	23
9XI7_1|Chains	7SOY_2|Chain	18.500	97	1247	449	7.564E+01	23
9XI7_1|Chains	6PZZ_3|Chains	31.500	57	1247	224	9.957E+01	23
9XI7_1|Chains	6XDG_4|Chain	31.500	57	1247	225	9.957E+01	23
9XI7_1|Chains	7UDS_1|Chains	31.500	57	1247	226	9.957E+01	23
9XI7_1|Chains	6XDG_3|Chain	31.500	57	1247	226	9.957E+01	23
9XI7_1|Chains	7M74_6|Chain	31.500	57	1247	228	9.957E+01	23
9XI7_1|Chains	7JHH_6|Chain	31.500	57	1247	237	9.957E+01	23
9XI7_1|Chains	6R69_2|Chain	52.300	21	1247	303	9.957E+01	23
9XI7_1|Chains	7RJE_1|Chains	56.200	16	1247	387	9.957E+01	23
9XI7_1|Chains	8DZF_1|Chains	26.800	96	1247	534	9.957E+01	23
9XI7_1|Chains	7LZJ_1|Chains	34.700	23	1247	907	9.957E+01	23
9XI7_1|Chains	6VVY_3|Chain	33.300	33	1247	1326	9.957E+01	23
9XI7_1|Chains	6VW0_3|Chain	33.300	33	1247	1326	9.957E+01	23
9XI7_1|Chains	6EEC_3|Chain	33.300	33	1247	1326	9.957E+01	23
9XI7_1|Chains	6EE8_3|Chain	33.300	33	1247	1326	9.957E+01	23
9XI7_1|Chains	6VVX_3|Chain	33.300	33	1247	1326	9.957E+01	23
9XI7_1|Chains	6VVZ_3|Chain	33.300	33	1247	1326	9.957E+01	23
9WMQ_2|Chain	7MFG_3|Chains	58.100	120	120	120	2.385E-39	137
9WMQ_2|Chain	6PZZ_3|Chains	57.000	121	120	224	2.385E-39	137
9WMQ_2|Chain	7RA8_2|Chains	53.100	126	120	126	7.717E-38	132
9WMQ_2|Chain	6XEY_2|Chains	54.900	122	120	122	2.732E-37	131
9WMQ_2|Chain	8DZI_2|Chains	50.800	120	120	118	1.327E-36	129
9WMQ_2|Chain	7LUC_2|Chains	52.000	121	120	121	8.838E-36	126
9WMQ_2|Chain	6TYS_2|Chains	50.000	120	120	120	2.859E-34	122
9WMQ_2|Chain	6OPO_5|Chains	48.400	128	120	229	3.921E-34	122
9WMQ_2|Chain	6OPQ_5|Chains	48.400	128	120	229	3.921E-34	122
9WMQ_2|Chain	6X5B_5|Chains	48.400	128	120	229	3.921E-34	122
9WMQ_2|Chain	6OPP_5|Chains	48.400	128	120	229	3.921E-34	122
9WMQ_2|Chain	6XDG_4|Chain	48.700	120	120	225	2.612E-33	119
9WMQ_2|Chain	7LUC_4|Chains	45.300	129	120	129	3.583E-33	119
9WMQ_2|Chain	6XDG_3|Chain	45.800	120	120	226	4.914E-33	119
9WMQ_2|Chain	7L5J_3|Chains	45.800	120	120	221	6.741E-33	118
9WMQ_2|Chain	7WEC_1|Chains	50.800	123	120	123	2.180E-31	114
9WMQ_2|Chain	8CYJ_3|Chain	43.700	128	120	128	2.732E-30	111
9WMQ_2|Chain	7UCG_2|Chains	47.500	123	120	234	2.732E-30	111
9WMQ_2|Chain	7WS5_3|Chains	42.200	123	120	123	8.831E-29	106
9WMQ_2|Chain	7UDS_1|Chains	42.100	121	120	226	1.211E-28	106
9WMQ_2|Chain	7M74_6|Chain	42.000	126	120	228	1.211E-28	106
9WMQ_2|Chain	7JHH_6|Chain	42.000	126	120	237	1.211E-28	106
9WMQ_2|Chain	6DFH_3|Chains	43.600	130	120	233	1.661E-28	106
9WMQ_2|Chain	7PC2_5|Chains	41.900	123	120	226	1.385E-26	100
9WMQ_2|Chain	7PC2_1|Chains	38.600	132	120	240	1.900E-26	100
9WMQ_2|Chain	6V4N_2|Chains	40.100	125	120	244	1.900E-26	100
9WMQ_2|Chain	7LL2_3|Chains	40.000	122	120	225	2.606E-26	99
9WMQ_2|Chain	7U9G_3|Chains	38.400	123	120	265	3.263E-25	96
9WMQ_2|Chain	8CYJ_2|Chain	39.800	123	120	125	4.475E-25	96
9WMQ_2|Chain	7LL1_3|Chains	42.500	127	120	229	4.475E-25	96
9WMQ_2|Chain	7LG6_2|Chains	42.500	127	120	231	4.475E-25	96
9WMQ_2|Chain	6VTT_2|Chain	35.100	145	120	257	6.137E-25	95
9WMQ_2|Chain	7JHH_7|Chain	42.100	121	120	159	1.154E-24	94
9WMQ_2|Chain	8CYJ_4|Chain	40.100	127	120	127	1.583E-24	94
9WMQ_2|Chain	7UCG_5|Chains	36.800	132	120	243	2.978E-24	93
9WMQ_2|Chain	7M74_7|Chain	41.600	120	120	120	4.084E-24	93
9WMQ_2|Chain	7KKL_2|Chains	41.100	120	120	125	4.084E-24	93
9WMQ_2|Chain	7WVF_4|Chain	43.300	122	120	261	7.681E-24	92
9WMQ_2|Chain	6UKT_4|Chain	39.500	124	120	134	1.445E-23	91
9WMQ_2|Chain	7DKJ_2|Chains	40.000	122	120	203	1.445E-23	91
9WMQ_2|Chain	6VO1_3|Chains	38.000	120	120	118	7.008E-23	89
9WMQ_2|Chain	6U59_4|Chains	42.600	119	120	119	1.807E-22	88
9WMQ_2|Chain	6UKT_6|Chain	39.200	124	120	134	4.661E-22	87
9WMQ_2|Chain	6UKT_3|Chain	40.000	120	120	124	8.765E-22	86
9WMQ_2|Chain	7LG6_6|Chains	36.800	121	120	225	1.202E-21	86
9WMQ_2|Chain	6NQD_3|Chains	37.100	132	120	244	7.990E-21	83
9WMQ_2|Chain	6OZC_4|Chains	34.400	122	120	224	2.825E-20	82
9WMQ_2|Chain	8CYJ_1|Chain	36.200	127	120	127	9.983E-20	80
9WMQ_2|Chain	7MY3_2|Chains	34.400	121	120	127	2.343E-18	76
9WMQ_2|Chain	6UKT_5|Chain	37.700	121	120	131	1.134E-17	74
9WMQ_2|Chain	7UCG_3|Chains	31.600	120	120	205	1.959E-07	45
9WMQ_2|Chain	6OPQ_2|Chains	32.400	114	120	214	1.959E-07	45
9WMQ_2|Chain	6OPO_2|Chains	32.400	114	120	214	1.959E-07	45
9WMQ_2|Chain	6X5B_3|Chains	32.400	114	120	214	1.959E-07	45
9WMQ_2|Chain	6OPP_1|Chains	32.400	114	120	214	1.959E-07	45
9WMQ_2|Chain	6DFH_4|Chains	30.200	116	120	214	9.316E-07	43
9WMQ_2|Chain	7PC2_2|Chains	33.300	114	120	215	9.316E-07	43
9WMQ_2|Chain	6XDG_5|Chain	28.900	118	120	216	9.316E-07	43
9WMQ_2|Chain	8DZI_3|Chains	31.500	114	120	109	1.272E-06	42
9WMQ_2|Chain	6XEY_3|Chains	30.200	118	120	110	1.737E-06	42
9WMQ_2|Chain	7U9G_2|Chains	31.700	105	120	217	1.122E-05	40
9WMQ_2|Chain	6VTT_3|Chain	24.700	97	120	217	5.287E-05	38
9WMQ_2|Chain	7FJE_6|Chain	26.200	115	120	312	7.204E-05	37
9WMQ_2|Chain	7MFG_4|Chains	30.500	114	120	108	1.821E-04	36
9WMQ_2|Chain	7LL2_4|Chains	26.400	114	120	217	3.376E-04	35
9WMQ_2|Chain	7RA8_3|Chains	28.000	118	120	113	4.595E-04	35
9WMQ_2|Chain	7LG6_5|Chains	28.900	114	120	214	6.253E-04	34
9WMQ_2|Chain	7LUC_5|Chains	26.800	97	120	107	2.469E-02	30
9WMQ_2|Chain	7UDS_2|Chains	25.400	114	120	209	6.147E-02	29
9WMQ_2|Chain	7DKJ_3|Chains	28.100	92	120	189	1.525E-01	27
9WMQ_2|Chain	7LL1_4|Chains	23.500	114	120	214	2.063E-01	27
9WMQ_2|Chain	7LG6_3|Chains	23.500	114	120	214	2.063E-01	27
9WMQ_2|Chain	7X13_1|Chains	35.400	31	120	245	1.820E+01	21
9WMQ_2|Chain	7L7B_5|Chain	50.000	14	120	390	1.820E+01	21
9WMQ_2|Chain	6VW0_5|Chain	50.000	14	120	531	1.820E+01	21
9WMQ_2|Chain	6EE8_5|Chain	50.000	14	120	531	1.820E+01	21
9WMQ_2|Chain	6EEC_5|Chain	50.000	14	120	531	1.820E+01	21
9WMQ_2|Chain	6VVX_5|Chain	50.000	14	120	531	1.820E+01	21
9WMQ_2|Chain	6VVY_5|Chain	50.000	14	120	531	1.820E+01	21
9WMQ_2|Chain	6VVZ_5|Chain	50.000	14	120	531	1.820E+01	21
9WMQ_2|Chain	7MKD_5|Chain	50.000	14	120	613	1.820E+01	21
9WMQ_2|Chain	7MKI_6|Chain	50.000	14	120	613	1.820E+01	21
9WMQ_2|Chain	7MKJ_5|Chain	50.000	14	120	613	1.820E+01	21
9WMQ_2|Chain	7MKE_5|Chain	50.000	14	120	613	1.820E+01	21
9WMQ_2|Chain	7SZJ_5|Chain	50.000	14	120	613	1.820E+01	21
9WMQ_2|Chain	7D09_3|Chains	41.600	24	120	103	3.283E+01	20
11TD_1|Chain	8DEP_1|Chain	99.000	107	475	678	1.083E-57	206
11TD_1|Chain	7TX7_1|Chain	99.000	107	475	678	1.083E-57	206
11TD_1|Chain	6OVH_1|Chains	77.100	105	475	106	7.555E-37	143
11TD_1|Chain	8CY8_1|Chains	66.600	12	475	328	3.517E+01	23
11TD_1|Chain	7S15_1|Chain	44.400	18	475	399	4.642E+01	22
11TD_1|Chain	7DMP_3|Chains	64.200	14	475	276	6.125E+01	22
11TD_1|Chain	6W8N_1|Chains	61.500	13	475	504	8.083E+01	21
11TD_1|Chain	6W8O_1|Chains	61.500	13	475	504	8.083E+01	21
11TD_1|Chain	6W8P_1|Chains	61.500	13	475	504	8.083E+01	21
11TD_1|Chain	7LF6_1|Chains	61.500	13	475	504	8.083E+01	21
9RGD_3|Chain	7M6S_1|Chains	36.000	412	415	444	1.393E-76	259
9RGD_3|Chain	7EKI_1|Chains	22.600	262	415	502	3.472E-15	74
9RGD_3|Chain	6Y5A_1|Chains	24.500	284	415	538	3.353E-14	71
9RGD_3|Chain	6Y5B_1|Chains	24.500	284	415	538	3.353E-14	71
9RGD_3|Chain	6Y59_1|Chains	24.500	284	415	538	3.353E-14	71
9RGD_3|Chain	6LZ1_1|Chains	24.700	110	415	1133	7.512E+00	25
9RGD_3|Chain	6URG_4|Chain	25.000	56	415	782	2.284E+01	23
9RGD_3|Chain	6L42_1|Chain	26.900	52	415	2109	2.284E+01	23
9RGD_3|Chain	6SYT_2|Chain	28.500	28	415	991	3.017E+01	23
9RGD_3|Chain	7UFT_1|Chains	24.000	74	415	1057	3.017E+01	23
9RGD_3|Chain	6O6B_1|Chains	41.100	17	415	835	3.984E+01	22
9RGD_3|Chain	7UFR_1|Chains	61.500	13	415	1062	5.260E+01	22
9RGD_3|Chain	7UFU_1|Chains	61.500	13	415	1062	5.260E+01	22
9RGD_3|Chain	7UFS_1|Chains	61.500	13	415	1069	5.260E+01	22
9RGD_3|Chain	7LG6_5|Chains	27.700	53	415	214	6.946E+01	21
9RGD_3|Chain	7UCG_6|Chains	27.700	53	415	216	6.946E+01	21
9RGD_3|Chain	7PCH_3|Chains	22.700	22	415	372	6.946E+01	21
9RGD_3|Chain	7WSF_1|Chain	17.100	105	415	739	9.171E+01	21
9RGD_3|Chain	6AUI_1|Chains	23.500	34	415	812	9.171E+01	21
9RGD_3|Chain	8E4N_1|Chains	45.800	24	415	1135	9.171E+01	21
9RGD_3|Chain	8E4M_1|Chains	45.800	24	415	1135	9.171E+01	21
9RGD_3|Chain	8E4L_1|Chains	45.800	24	415	1135	9.171E+01	21
9EEL_1|Chains	8FEI_1|Chain	26.000	46	147	705	1.044E+01	22
9EEL_1|Chains	7TFI_3|Chain	27.500	29	147	340	3.329E+01	21
9EEL_1|Chains	8DR4_3|Chain	27.500	29	147	340	3.329E+01	21
9EEL_1|Chains	8DR6_3|Chain	27.500	29	147	340	3.329E+01	21
9EEL_1|Chains	7STB_3|Chain	27.500	29	147	340	3.329E+01	21
9EEL_1|Chains	8DZF_1|Chains	19.500	46	147	534	4.445E+01	20
9EEL_1|Chains	7WAC_1|Chains	28.500	21	147	910	5.934E+01	20
9EEL_1|Chains	7WAD_1|Chains	28.500	21	147	910	5.934E+01	20
9EEL_1|Chains	7MKP_2|Chain	22.800	56	147	1340	5.934E+01	20
9EEL_1|Chains	7MKD_2|Chain	22.800	56	147	1342	5.934E+01	20
9EEL_1|Chains	7SZJ_2|Chain	22.800	56	147	1342	5.934E+01	20
9EEL_1|Chains	7MKI_3|Chain	22.800	56	147	1342	5.934E+01	20
9EEL_1|Chains	7MKJ_2|Chain	22.800	56	147	1342	5.934E+01	20
9EEL_1|Chains	6OMF_2|Chain	22.800	56	147	1342	5.934E+01	20
9EEL_1|Chains	7MKE_2|Chain	22.800	56	147	1342	5.934E+01	20
9OSU_2|Chains	7MFG_2|Chains	98.200	176	222	222	2.491E-114	359
9OSU_2|Chains	7DKJ_1|Chains	81.800	176	222	599	2.351E-97	310
9OSU_2|Chains	7TPH_1|Chains	20.900	43	222	1286	6.015E+00	24
9OSU_2|Chains	7TP7_1|Chains	20.900	43	222	1286	6.015E+00	24
9OSU_2|Chains	7SBL_1|Chains	20.900	43	222	1308	6.015E+00	24
9OSU_2|Chains	7SBK_1|Chains	20.900	43	222	1308	6.015E+00	24
9OSU_2|Chains	7UB6_1|Chains	18.600	43	222	1285	1.867E+01	22
9OSU_2|Chains	6LVE_1|Chains	34.300	32	222	775	2.477E+01	22
9OSU_2|Chains	7W8J_1|Chains	34.300	32	222	775	2.477E+01	22
9OSU_2|Chains	6LVB_1|Chains	34.300	32	222	775	2.477E+01	22
9OSU_2|Chains	6LVC_1|Chains	34.300	32	222	775	2.477E+01	22
9OSU_2|Chains	6LVD_1|Chains	34.300	32	222	775	2.477E+01	22
9OSU_2|Chains	6ZP0_1|Chains	18.600	43	222	1247	2.477E+01	22
9OSU_2|Chains	7KE7_1|Chains	18.600	43	222	1288	2.477E+01	22
9OSU_2|Chains	7KEC_1|Chains	18.600	43	222	1288	2.477E+01	22
9OSU_2|Chains	7KEA_1|Chains	18.600	43	222	1288	2.477E+01	22
9OSU_2|Chains	7KE9_1|Chains	18.600	43	222	1288	2.477E+01	22
9OSU_2|Chains	7KDH_1|Chains	18.600	43	222	1288	2.477E+01	22
9OSU_2|Chains	7KEB_1|Chains	18.600	43	222	1288	2.477E+01	22
9OSU_2|Chains	7LYL_1|Chains	18.600	43	222	1288	2.477E+01	22
9OSU_2|Chains	8CSA_1|Chains	18.600	43	222	1288	2.477E+01	22
9OSU_2|Chains	7LYM_1|Chains	18.600	43	222	1288	2.477E+01	22
9OSU_2|Chains	7KDJ_1|Chains	18.600	43	222	1288	2.477E+01	22
9OSU_2|Chains	7N1T_1|Chains	18.600	43	222	1305	2.477E+01	22
9OSU_2|Chains	7N1U_1|Chains	18.600	43	222	1305	2.477E+01	22
9OSU_2|Chains	7N1Q_1|Chains	18.600	43	222	1305	2.477E+01	22
9OSU_2|Chains	7SBS_1|Chains	18.600	43	222	1310	2.477E+01	22
9OSU_2|Chains	7KRS_1|Chains	18.600	43	222	1310	2.477E+01	22
9OSU_2|Chains	7E7D_1|Chains	18.600	43	222	1520	2.477E+01	22
9OSU_2|Chains	6X17_1|Chains	42.800	21	222	422	4.361E+01	21
9OSU_2|Chains	7XU4_1|Chains	18.600	43	222	1127	4.361E+01	21
9OSU_2|Chains	7XU5_1|Chains	18.600	43	222	1127	4.361E+01	21
9OSU_2|Chains	7XU2_1|Chains	18.600	43	222	1127	4.361E+01	21
9Y52_3|Chains	7XU4_1|Chains	37.900	29	166	1127	3.952E+01	21
9Y52_3|Chains	7XU5_1|Chains	37.900	29	166	1127	3.952E+01	21
9Y52_3|Chains	7XU2_1|Chains	37.900	29	166	1127	3.952E+01	21
9Y52_3|Chains	6ZOY_1|Chains	37.900	29	166	1247	3.952E+01	21
9Y52_3|Chains	6ZP0_1|Chains	37.900	29	166	1247	3.952E+01	21
9Y52_3|Chains	6ZOZ_1|Chains	37.900	29	166	1247	3.952E+01	21
9Y52_3|Chains	7PKB_1|Chains	72.700	11	166	206	7.010E+01	20
9Y52_3|Chains	7PKE_1|Chains	72.700	11	166	206	7.010E+01	20
9Y52_3|Chains	7CN4_1|Chains	30.700	26	166	1267	7.010E+01	20
9Y52_3|Chains	6ZGF_1|Chains	30.700	26	166	1283	7.010E+01	20
9XGX_1|Chain	6XDG_3|Chain	78.000	120	117	226	3.722E-56	185
9XGX_1|Chain	6TYS_2|Chains	72.800	118	117	120	9.185E-52	172
9XGX_1|Chain	6XDG_4|Chain	73.500	120	117	225	3.252E-51	171
9XGX_1|Chain	7WS5_3|Chains	72.300	123	117	123	6.119E-51	170
9XGX_1|Chain	8CYJ_3|Chain	67.900	128	117	128	4.076E-50	168
9XGX_1|Chain	7M74_6|Chain	69.800	126	117	228	7.670E-50	167
9XGX_1|Chain	7JHH_6|Chain	69.800	126	117	237	7.670E-50	167
9XGX_1|Chain	7UDS_1|Chains	68.500	121	117	226	7.010E-49	164
9XGX_1|Chain	7JHH_7|Chain	66.100	121	117	159	1.007E-45	155
9XGX_1|Chain	7PC2_1|Chains	62.100	132	117	240	1.007E-45	155
9XGX_1|Chain	7M74_7|Chain	65.800	120	117	120	3.566E-45	153
9XGX_1|Chain	7KKL_2|Chains	68.000	119	117	125	3.566E-45	153
9XGX_1|Chain	8CYJ_2|Chain	64.500	124	117	125	6.133E-44	150
9XGX_1|Chain	6UKT_3|Chain	64.900	117	117	124	1.583E-43	149
9XGX_1|Chain	7L5J_3|Chains	62.800	119	117	221	4.086E-43	147
9XGX_1|Chain	7DKJ_2|Chains	60.800	122	117	203	5.606E-43	147
9XGX_1|Chain	6UKT_6|Chain	62.900	124	117	134	3.735E-42	145
9XGX_1|Chain	6UKT_4|Chain	63.700	124	117	134	3.735E-42	145
9XGX_1|Chain	6VTT_2|Chain	55.800	145	117	257	7.029E-42	144
9XGX_1|Chain	8CYJ_4|Chain	60.600	127	117	127	2.489E-41	142
9XGX_1|Chain	8CYJ_1|Chain	61.400	127	117	127	1.105E-39	138
9XGX_1|Chain	6UKT_5|Chain	61.700	121	117	131	3.914E-39	136
9XGX_1|Chain	6OZC_4|Chains	56.900	122	117	224	1.386E-38	134
9XGX_1|Chain	6DFH_3|Chains	55.300	130	117	233	3.271E-37	130
9XGX_1|Chain	6PZZ_3|Chains	55.200	121	117	224	1.589E-36	128
9XGX_1|Chain	8DZI_2|Chains	55.400	118	117	118	2.990E-36	128
9XGX_1|Chain	7MY3_2|Chains	56.100	121	117	127	2.734E-35	125
9XGX_1|Chain	7MFG_3|Chains	54.100	120	117	120	1.822E-34	123
9XGX_1|Chain	7WVF_4|Chain	54.900	122	117	261	6.451E-34	121
9XGX_1|Chain	6VO1_3|Chains	55.000	118	117	118	2.284E-33	119
9XGX_1|Chain	6XEY_2|Chains	50.000	122	117	122	2.284E-33	119
9XGX_1|Chain	7LUC_4|Chains	48.000	129	117	129	4.299E-33	119
9XGX_1|Chain	7LUC_2|Chains	49.500	121	117	121	1.110E-32	117
9XGX_1|Chain	6U59_4|Chains	54.100	119	117	119	2.865E-32	116
9XGX_1|Chain	7RA8_2|Chains	49.200	126	117	126	3.930E-32	116
9XGX_1|Chain	7U9G_3|Chains	48.700	123	117	265	3.930E-32	116
9XGX_1|Chain	7LL2_3|Chains	46.700	122	117	225	1.392E-31	114
9XGX_1|Chain	6V4N_2|Chains	45.600	125	117	244	6.760E-31	112
9XGX_1|Chain	7LG6_6|Chains	52.800	121	117	225	8.476E-30	109
9XGX_1|Chain	7UCG_5|Chains	45.400	132	117	243	8.476E-30	109
9XGX_1|Chain	6OPO_5|Chains	45.300	128	117	229	3.001E-29	108
9XGX_1|Chain	6OPQ_5|Chains	45.300	128	117	229	3.001E-29	108
9XGX_1|Chain	6X5B_5|Chains	45.300	128	117	229	3.001E-29	108
9XGX_1|Chain	6OPP_5|Chains	45.300	128	117	229	3.001E-29	108
9XGX_1|Chain	7UCG_2|Chains	47.100	123	117	234	5.647E-29	107
9XGX_1|Chain	7WEC_1|Chains	48.700	123	117	123	1.458E-28	106
9XGX_1|Chain	7PC2_5|Chains	42.200	123	117	226	2.870E-25	96
9XGX_1|Chain	7LL1_3|Chains	36.200	127	117	229	4.285E-19	78
9XGX_1|Chain	7LG6_2|Chains	36.200	127	117	231	4.285E-19	78
9XGX_1|Chain	6NQD_3|Chains	33.500	132	117	244	1.144E-15	68
9XGX_1|Chain	8DZI_3|Chains	37.000	115	117	109	5.667E-12	58
9XGX_1|Chain	7WEC_2|Chains	37.000	115	117	107	2.732E-11	56
9XGX_1|Chain	6OPQ_2|Chains	35.300	115	117	214	1.623E-09	51
9XGX_1|Chain	6OPO_2|Chains	35.300	115	117	214	1.623E-09	51
9XGX_1|Chain	6X5B_3|Chains	35.300	115	117	214	1.623E-09	51
9XGX_1|Chain	6OPP_1|Chains	35.300	115	117	214	1.623E-09	51
9XGX_1|Chain	6NQD_4|Chains	33.300	115	117	215	2.222E-09	50
9XGX_1|Chain	7FJE_6|Chain	32.400	106	117	312	4.161E-09	49
9XGX_1|Chain	6XDG_5|Chain	33.900	102	117	216	1.066E-08	48
9XGX_1|Chain	7PC2_2|Chains	38.000	104	117	215	2.729E-08	47
9XGX_1|Chain	7JHH_5|Chain	31.000	115	117	215	2.729E-08	47
9XGX_1|Chain	6XEY_3|Chains	35.900	102	117	110	3.733E-08	47
9XGX_1|Chain	7U9G_2|Chains	33.300	102	117	217	3.733E-08	47
9XGX_1|Chain	7MFG_4|Chains	34.800	111	117	108	5.105E-08	46
9XGX_1|Chain	7M74_5|Chain	32.600	101	117	211	6.981E-08	46
9XGX_1|Chain	6TYS_3|Chains	31.600	101	117	107	1.785E-07	45
9XGX_1|Chain	6PZZ_2|Chains	33.600	101	117	214	1.785E-07	45
9XGX_1|Chain	6VTT_3|Chain	29.100	102	117	217	1.785E-07	45
9XGX_1|Chain	7L5J_2|Chains	31.000	102	117	211	2.440E-07	44
9XGX_1|Chain	6DFH_4|Chains	33.900	104	117	214	2.440E-07	44
9XGX_1|Chain	7WS5_2|Chains	27.500	115	117	108	8.512E-07	43
9XGX_1|Chain	7LG6_5|Chains	35.500	104	117	214	1.163E-06	42
9XGX_1|Chain	6U59_3|Chains	33.000	101	117	112	1.589E-06	42
9XGX_1|Chain	7DKJ_3|Chains	30.200	117	117	189	2.964E-06	41
9XGX_1|Chain	7RA8_3|Chains	30.400	102	117	113	4.048E-06	41
9XGX_1|Chain	6XDG_2|Chain	30.100	115	117	214	1.030E-05	40
9XGX_1|Chain	7UCG_3|Chains	31.400	104	117	205	1.919E-05	39
9XGX_1|Chain	7LUC_5|Chains	29.300	115	117	107	2.619E-05	38
9XGX_1|Chain	6VO1_4|Chains	30.600	101	117	107	1.684E-04	36
9XGX_1|Chain	7LL2_4|Chains	25.400	115	117	217	2.295E-04	36
9XGX_1|Chain	6V4N_3|Chains	30.800	94	117	214	5.801E-04	34
9XGX_1|Chain	7PC2_6|Chains	27.300	104	117	206	1.991E-03	33
9XGX_1|Chain	7UDS_2|Chains	28.600	114	117	209	1.991E-03	33
9XGX_1|Chain	6YRF_1|Chains	52.900	17	117	803	1.745E+01	21
9XGX_1|Chain	7L2Z_1|Chains	34.200	35	117	762	3.154E+01	20
9XWM_2|Chain	6XEY_2|Chains	65.500	122	119	122	5.612E-49	164
9XWM_2|Chain	6PZZ_3|Chains	64.400	121	119	224	1.516E-45	154
9XWM_2|Chain	7MFG_3|Chains	63.100	120	119	120	8.434E-43	147
9XWM_2|Chain	7LUC_2|Chains	57.800	121	119	121	2.494E-40	139
9XWM_2|Chain	7RA8_2|Chains	57.100	126	119	126	2.494E-40	139
9XWM_2|Chain	8DZI_2|Chains	56.300	119	119	118	1.661E-39	137
9XWM_2|Chain	7UCG_2|Chains	53.600	123	119	234	4.913E-37	130
9XWM_2|Chain	7M74_6|Chain	50.700	126	119	228	6.740E-37	130
9XWM_2|Chain	7JHH_6|Chain	50.700	126	119	237	6.740E-37	130
9XWM_2|Chain	7LUC_4|Chains	49.600	129	119	129	7.721E-35	124
9XWM_2|Chain	7WEC_1|Chains	53.600	123	119	123	1.059E-34	123
9XWM_2|Chain	6TYS_2|Chains	50.800	119	119	120	9.679E-34	121
9XWM_2|Chain	6XDG_3|Chain	49.100	120	119	226	9.679E-34	121
9XWM_2|Chain	6XDG_4|Chain	48.300	120	119	225	1.821E-33	120
9XWM_2|Chain	7PC2_5|Chains	47.900	123	119	226	2.283E-32	117
9XWM_2|Chain	8CYJ_3|Chain	44.500	128	119	128	8.082E-32	115
9XWM_2|Chain	7WS5_3|Chains	45.600	123	119	123	1.521E-31	114
9XWM_2|Chain	7PC2_1|Chains	43.900	132	119	240	2.861E-31	113
9XWM_2|Chain	6OPO_5|Chains	47.600	128	119	229	3.925E-31	113
9XWM_2|Chain	6OPQ_5|Chains	47.600	128	119	229	3.925E-31	113
9XWM_2|Chain	6X5B_5|Chains	47.600	128	119	229	3.925E-31	113
9XWM_2|Chain	6OPP_5|Chains	47.600	128	119	229	3.925E-31	113
9XWM_2|Chain	7L5J_3|Chains	46.200	119	119	221	7.385E-31	112
9XWM_2|Chain	7UDS_1|Chains	43.800	121	119	226	2.388E-29	108
9XWM_2|Chain	7U9G_3|Chains	44.300	123	119	265	3.276E-29	108
9XWM_2|Chain	6V4N_2|Chains	43.600	125	119	244	8.455E-29	106
9XWM_2|Chain	6DFH_3|Chains	45.000	130	119	233	1.591E-28	106
9XWM_2|Chain	7DKJ_2|Chains	45.000	122	119	203	2.993E-28	105
9XWM_2|Chain	6UKT_4|Chain	43.500	124	119	134	2.734E-27	102
9XWM_2|Chain	6VO1_3|Chains	42.500	119	119	118	3.750E-27	102
9XWM_2|Chain	7KKL_2|Chains	45.300	119	119	125	9.676E-27	100
9XWM_2|Chain	7JHH_7|Chain	43.400	121	119	159	9.676E-27	100
9XWM_2|Chain	7M74_7|Chain	42.900	120	119	120	3.424E-26	99
9XWM_2|Chain	7WVF_4|Chain	44.200	122	119	261	3.424E-26	99
9XWM_2|Chain	8CYJ_2|Chain	42.200	123	119	125	4.697E-26	98
9XWM_2|Chain	8CYJ_4|Chain	40.900	127	119	127	1.662E-25	97
9XWM_2|Chain	6VTT_2|Chain	37.200	145	119	257	2.280E-25	96
9XWM_2|Chain	6U59_4|Chains	46.300	119	119	119	5.882E-25	95
9XWM_2|Chain	7LL2_3|Chains	41.100	122	119	225	1.106E-24	94
9XWM_2|Chain	7LG6_6|Chains	40.900	121	119	225	1.518E-24	94
9XWM_2|Chain	7LL1_3|Chains	43.300	127	119	229	3.915E-24	93
9XWM_2|Chain	7LG6_2|Chains	43.300	127	119	231	3.915E-24	93
9XWM_2|Chain	7UCG_5|Chains	38.300	132	119	243	3.915E-24	93
9XWM_2|Chain	6UKT_6|Chain	42.400	124	119	134	4.901E-23	90
9XWM_2|Chain	6UKT_5|Chain	42.000	121	119	131	6.132E-22	87
9XWM_2|Chain	6OZC_4|Chains	36.800	122	119	224	1.581E-21	85
9XWM_2|Chain	6UKT_3|Chain	42.100	119	119	124	2.169E-21	85
9XWM_2|Chain	8CYJ_1|Chain	39.000	127	119	127	5.593E-21	84
9XWM_2|Chain	7MY3_2|Chains	38.500	121	119	127	7.669E-21	83
9XWM_2|Chain	6NQD_3|Chains	38.000	132	119	244	1.314E-19	80
9XWM_2|Chain	7UCG_3|Chains	34.900	105	119	205	6.620E-07	43
9XWM_2|Chain	6OPQ_2|Chains	35.000	117	119	214	4.292E-06	41
9XWM_2|Chain	6OPO_2|Chains	35.000	117	119	214	4.292E-06	41
9XWM_2|Chain	6X5B_3|Chains	35.000	117	119	214	4.292E-06	41
9XWM_2|Chain	6OPP_1|Chains	35.000	117	119	214	4.292E-06	41
9XWM_2|Chain	7PC2_2|Chains	33.900	106	119	215	5.857E-06	40
9XWM_2|Chain	7LG6_5|Chains	32.000	103	119	214	2.030E-05	39
9XWM_2|Chain	7U9G_2|Chains	33.300	103	119	217	9.561E-05	37
9XWM_2|Chain	7L5J_2|Chains	33.300	117	119	211	1.303E-04	36
9XWM_2|Chain	8DZI_3|Chains	32.600	103	119	109	1.775E-04	36
9XWM_2|Chain	7MFG_4|Chains	33.600	104	119	108	4.482E-04	35
9XWM_2|Chain	7FJE_5|Chain	33.000	114	119	272	4.482E-04	35
9XWM_2|Chain	7FJE_6|Chain	29.000	109	119	312	4.482E-04	35
9XWM_2|Chain	6U59_3|Chains	28.800	103	119	112	2.840E-03	33
9XWM_2|Chain	7RA8_3|Chains	28.700	103	119	113	3.860E-03	32
9XWM_2|Chain	7WEC_2|Chains	31.000	103	119	107	7.125E-03	31
9XWM_2|Chain	7SK2_1|Chain	72.700	11	119	578	7.381E+00	22
9XWM_2|Chain	6OMF_5|Chain	40.000	15	119	331	1.795E+01	21
9XWM_2|Chain	7L7B_5|Chain	42.800	14	119	390	2.412E+01	21
9XWM_2|Chain	6VW0_5|Chain	42.800	14	119	531	2.412E+01	21
9XWM_2|Chain	6EE8_5|Chain	42.800	14	119	531	2.412E+01	21
9XWM_2|Chain	6EEC_5|Chain	42.800	14	119	531	2.412E+01	21
9XWM_2|Chain	6VVX_5|Chain	42.800	14	119	531	2.412E+01	21
9XWM_2|Chain	6VVY_5|Chain	42.800	14	119	531	2.412E+01	21
9XWM_2|Chain	6VVZ_5|Chain	42.800	14	119	531	2.412E+01	21
9XWM_2|Chain	7MKD_5|Chain	42.800	14	119	613	2.412E+01	21
9XWM_2|Chain	7MKI_6|Chain	42.800	14	119	613	2.412E+01	21
9XWM_2|Chain	7MKJ_5|Chain	42.800	14	119	613	2.412E+01	21
9XWM_2|Chain	7MKE_5|Chain	42.800	14	119	613	2.412E+01	21
9XWM_2|Chain	7SZJ_5|Chain	42.800	14	119	613	2.412E+01	21
10AC_1|Chains	6LZ1_1|Chains	42.800	28	424	1133	7.703E+00	25
10AC_1|Chains	7KVF_1|Chain	18.300	49	424	2196	1.017E+01	24
10AC_1|Chains	7KVE_1|Chain	18.300	49	424	2196	1.017E+01	24
10AC_1|Chains	6VRS_1|Chains	35.400	46	424	388	3.092E+01	23
10AC_1|Chains	7DKJ_3|Chains	52.900	17	424	189	4.082E+01	22
10AC_1|Chains	6SXA_1|Chain	35.100	37	424	916	4.082E+01	22
10AC_1|Chains	6SYT_1|Chain	44.400	18	424	3712	7.116E+01	21
10AC_1|Chains	6KQ4_1|Chains	26.600	45	424	333	9.395E+01	21
10AC_1|Chains	6KPK_1|Chains	26.600	45	424	333	9.395E+01	21
10AC_1|Chains	6KQJ_1|Chains	26.600	45	424	333	9.395E+01	21
10AC_1|Chains	6KQ8_1|Chains	26.600	45	424	333	9.395E+01	21
10AC_1|Chains	6KPJ_1|Chains	26.600	45	424	333	9.395E+01	21
10AC_1|Chains	6KPI_1|Chains	26.600	45	424	333	9.395E+01	21
10AC_1|Chains	6KPA_1|Chains	26.600	45	424	333	9.395E+01	21
10AC_1|Chains	6JCW_1|Chains	26.600	45	424	333	9.395E+01	21
10AC_1|Chains	6KOU_1|Chains	26.600	45	424	333	9.395E+01	21
10AC_1|Chains	6JCV_1|Chains	26.600	45	424	333	9.395E+01	21
10AC_1|Chains	7A7A_1|Chains	33.300	36	424	740	9.395E+01	21
10AC_1|Chains	7AG8_1|Chains	33.300	36	424	740	9.395E+01	21
10AC_1|Chains	6FAY_1|Chain	37.100	35	424	1876	9.395E+01	21
9UNU_5|Chain	8AG6_2|Chain	28.300	60	67	1414	1.166E+00	23
9UNU_5|Chain	6V0C_1|Chains	44.000	25	67	832	3.049E+00	22
9UNU_5|Chain	6V0D_1|Chains	44.000	25	67	832	3.049E+00	22
9UNU_5|Chain	6XDG_3|Chain	37.000	27	67	226	5.782E+00	21
9UNU_5|Chain	7UJN_1|Chains	40.000	20	67	626	5.782E+00	21
9UNU_5|Chain	7VDA_1|Chains	41.900	31	67	558	2.074E+01	19
9UNU_5|Chain	7L1Q_2|Chains	21.300	61	67	484	2.851E+01	19
9UNU_5|Chain	7L1S_2|Chains	21.300	61	67	484	2.851E+01	19
9UNU_5|Chain	7L1R_2|Chains	21.300	61	67	484	2.851E+01	19
9UNU_5|Chain	7D3E_1|Chains	42.800	14	67	1551	2.851E+01	19
9UNU_5|Chain	7D3F_1|Chains	42.800	14	67	1551	2.851E+01	19
9UNU_5|Chain	6MRD_1|Chains	46.600	15	67	528	3.919E+01	19
9UNU_5|Chain	7EG0_2|Chains	60.000	10	67	567	5.383E+01	18
9UNU_5|Chain	7EG4_2|Chains	60.000	10	67	567	5.383E+01	18
9UNU_5|Chain	7EG1_2|Chains	60.000	10	67	567	5.383E+01	18
9UNU_5|Chain	7OTP_1|Chain	42.800	14	67	4148	7.390E+01	18
9UNU_5|Chain	7OTW_1|Chain	42.800	14	67	4148	7.390E+01	18
9UNU_5|Chain	7OTM_1|Chain	42.800	14	67	4148	7.390E+01	18
9UNU_5|Chain	6ZH6_1|Chain	42.800	14	67	4156	7.390E+01	18
9UNU_5|Chain	6ZFP_1|Chain	42.800	14	67	4156	7.390E+01	18
9UNU_5|Chain	6ZH2_1|Chain	42.800	14	67	4156	7.390E+01	18
9UNU_5|Chain	6ZH4_1|Chain	42.800	14	67	4156	7.390E+01	18
9OSU_1|Chains	7MFG_1|Chains	96.000	326	326	326	3.884E-219	667
9OSU_1|Chains	7DKJ_1|Chains	56.400	326	326	599	3.170E-130	410
9OSU_1|Chains	7RJE_1|Chains	29.100	70	326	387	4.250E+00	25
9OSU_1|Chains	6SYT_1|Chain	43.400	23	326	3712	7.435E+00	24
9OSU_1|Chains	6D05_3|Chains	27.500	29	326	820	3.977E+01	22
9OSU_1|Chains	6D04_3|Chains	27.500	29	326	820	3.977E+01	22
9OSU_1|Chains	7PV4_1|Chains	40.000	30	326	301	5.259E+01	21
9OSU_1|Chains	7XO5_2|Chain	20.100	100	326	805	5.259E+01	21
9OSU_1|Chains	7L2N_1|Chains	45.000	20	326	842	5.259E+01	21
9OSU_1|Chains	7L2O_1|Chains	45.000	20	326	842	5.259E+01	21
9OSU_1|Chains	6O6A_1|Chains	23.700	59	326	1098	6.953E+01	21
9OSU_1|Chains	6O6R_1|Chains	23.700	59	326	1098	6.953E+01	21
9OSU_1|Chains	6NR3_1|Chains	23.700	59	326	1135	6.953E+01	21
9OSU_1|Chains	6URG_1|Chain	31.500	38	326	1443	6.953E+01	21
9OSU_1|Chains	6BM0_1|Chain	31.500	38	326	1443	6.953E+01	21
9OSU_1|Chains	6BLY_1|Chain	31.500	38	326	1443	6.953E+01	21
9OSU_1|Chains	7RJE_3|Chains	45.800	24	326	374	9.193E+01	21
9OSU_1|Chains	6OF4_1|Chains	40.900	22	326	391	9.193E+01	21
9OSU_1|Chains	6OF3_1|Chains	40.900	22	326	391	9.193E+01	21
9OSU_1|Chains	6OF2_1|Chains	40.900	22	326	391	9.193E+01	21
9OSU_1|Chains	6KLX_1|Chains	52.900	17	326	666	9.193E+01	21
9OSU_1|Chains	7B5P_1|Chains	30.500	36	326	1051	9.193E+01	21
9Y52_2|Chain	8E4N_1|Chains	24.100	116	475	1135	7.229E-01	28
9Y52_2|Chain	8E4M_1|Chains	24.100	116	475	1135	7.229E-01	28
9Y52_2|Chain	8E4L_1|Chains	24.100	116	475	1135	7.229E-01	28
9Y52_2|Chain	6KA4_1|Chains	27.900	63	475	701	1.160E+01	24
9Y52_2|Chain	7JK5_2|Chain	26.200	57	475	721	2.665E+01	23
9Y52_2|Chain	8A6T_2|Chains	43.700	16	475	630	4.642E+01	22
9Y52_2|Chain	7OTP_1|Chain	24.700	111	475	4148	6.125E+01	22
9Y52_2|Chain	7OTW_1|Chain	24.700	111	475	4148	6.125E+01	22
9Y52_2|Chain	7OTM_1|Chain	24.700	111	475	4148	6.125E+01	22
9Y52_2|Chain	6ZH6_1|Chain	24.700	111	475	4156	6.125E+01	22
9Y52_2|Chain	6ZFP_1|Chain	24.700	111	475	4156	6.125E+01	22
9Y52_2|Chain	6ZH2_1|Chain	24.700	111	475	4156	6.125E+01	22
9Y52_2|Chain	6ZH4_1|Chain	24.700	111	475	4156	6.125E+01	22
9ZBB_1|Chain	8E4N_1|Chains	35.700	54	301	1135	3.081E-01	29
9ZBB_1|Chain	8E4M_1|Chains	35.700	54	301	1135	3.081E-01	29
9ZBB_1|Chain	8E4L_1|Chains	35.700	54	301	1135	3.081E-01	29
9ZBB_1|Chain	6ZZU_1|Chains	27.500	119	301	335	9.465E-01	27
9ZBB_1|Chain	7CTE_4|Chain	16.600	96	301	435	5.090E+00	25
9ZBB_1|Chain	6SYT_1|Chain	28.500	56	301	3712	8.915E+00	24
9ZBB_1|Chain	7CTE_1|Chain	21.700	92	301	577	1.180E+01	23
9ZBB_1|Chain	7UI6_1|Chains	29.600	88	301	770	1.561E+01	23
9ZBB_1|Chain	7ZYY_1|Chains	18.300	184	301	1143	2.066E+01	23
9ZBB_1|Chain	7VDA_1|Chains	44.400	18	301	558	3.616E+01	22
9ZBB_1|Chain	6URG_2|Chain	28.000	50	301	587	3.616E+01	22
9ZBB_1|Chain	6BM0_2|Chain	28.000	50	301	587	3.616E+01	22
9ZBB_1|Chain	6BLY_2|Chain	28.000	50	301	587	3.616E+01	22
9ZBB_1|Chain	7MSX_1|Chain	52.600	19	301	638	3.616E+01	22
9ZBB_1|Chain	7Q4W_2|Chains	26.000	112	301	470	4.785E+01	21
9ZBB_1|Chain	7D3E_1|Chains	22.900	103	301	1551	6.330E+01	21
9ZBB_1|Chain	7D3F_1|Chains	22.900	103	301	1551	6.330E+01	21
9ZBB_1|Chain	7M2Z_2|Chain	28.500	28	301	846	8.374E+01	21
9QJY_3|Chain	7M6S_1|Chains	35.800	389	371	444	2.833E-74	250
9QJY_3|Chain	7EKI_1|Chains	22.600	262	371	502	2.506E-15	74
9QJY_3|Chain	6Y5A_1|Chains	24.500	284	371	538	2.479E-14	71
9QJY_3|Chain	6Y5B_1|Chains	24.500	284	371	538	2.479E-14	71
9QJY_3|Chain	6Y59_1|Chains	24.500	284	371	538	2.479E-14	71
9QJY_3|Chain	7OCF_3|Chains	46.600	42	371	188	3.060E-01	29
9QJY_3|Chain	6LZ1_1|Chains	24.700	110	371	1133	6.577E+00	25
9QJY_3|Chain	6L42_1|Chain	26.900	52	371	2109	2.005E+01	23
9QJY_3|Chain	6SYT_2|Chain	28.500	28	371	991	2.650E+01	23
9QJY_3|Chain	7UFT_1|Chains	24.000	74	371	1057	2.650E+01	23
9QJY_3|Chain	7ZPM_2|Chains	23.800	63	371	757	3.501E+01	22
9QJY_3|Chain	6O6B_1|Chains	41.100	17	371	835	3.501E+01	22
9QJY_3|Chain	7UFR_1|Chains	61.500	13	371	1062	4.626E+01	22
9QJY_3|Chain	7UFU_1|Chains	61.500	13	371	1062	4.626E+01	22
9QJY_3|Chain	7UFS_1|Chains	61.500	13	371	1069	4.626E+01	22
9QJY_3|Chain	7UCG_6|Chains	27.700	53	371	216	6.112E+01	21
9QJY_3|Chain	7WSF_1|Chain	17.100	105	371	739	8.075E+01	21
9QJY_3|Chain	6AUI_1|Chains	23.500	34	371	812	8.075E+01	21
9VAV_3|Chain	6UKT_2|Chain	72.500	323	354	323	7.026E-154	480
9VAV_3|Chain	7MGE_4|Chain	29.800	97	354	166	5.456E-07	48
9VAV_3|Chain	6QNT_1|Chains	29.600	54	354	188	6.216E+00	25
9VAV_3|Chain	6VO1_1|Chains	34.200	35	354	475	8.217E+00	24
9VAV_3|Chain	6OZC_1|Chains	34.200	35	354	475	8.217E+00	24
9VAV_3|Chain	7LG6_1|Chains	34.200	35	354	475	8.217E+00	24
9VAV_3|Chain	6DFH_1|Chains	34.200	35	354	476	8.217E+00	24
9VAV_3|Chain	7PC2_3|Chains	34.200	35	354	481	8.217E+00	24
9VAV_3|Chain	7UPI_1|Chain	29.200	60	354	183	1.086E+01	24
9VAV_3|Chain	6NQD_3|Chains	33.300	36	354	244	1.086E+01	24
9VAV_3|Chain	7R06_1|Chains	36.500	41	354	601	1.436E+01	23
9VAV_3|Chain	7Z0Z_1|Chains	36.500	41	354	601	1.436E+01	23
9VAV_3|Chain	7KVF_1|Chain	40.000	25	354	2196	1.897E+01	23
9VAV_3|Chain	7KVE_1|Chain	40.000	25	354	2196	1.897E+01	23
9VAV_3|Chain	6XOT_1|Chain	21.400	222	354	1014	3.315E+01	22
9VAV_3|Chain	6XOS_1|Chain	21.400	222	354	1014	3.315E+01	22
9VAV_3|Chain	7JK5_3|Chain	60.000	15	354	462	7.651E+01	21
9EFH_1|Chains	7WKS_1|Chains	23.500	99	896	680	7.757E+00	26
9EFH_1|Chains	7UFS_1|Chains	26.900	52	896	1069	1.346E+01	25
9EFH_1|Chains	6TYS_1|Chains	90.900	11	896	538	1.773E+01	25
9EFH_1|Chains	6SYT_1|Chain	23.500	82	896	3712	1.773E+01	25
9EFH_1|Chains	7JK5_3|Chain	28.200	46	896	462	3.076E+01	24
9EFH_1|Chains	6SXA_1|Chain	40.700	27	896	916	3.076E+01	24
9EFH_1|Chains	8BC3_1|Chains	40.900	22	896	226	5.336E+01	23
9EFH_1|Chains	6ACF_1|Chains	32.800	72	896	367	7.029E+01	23
9EFH_1|Chains	6ACH_1|Chains	32.800	72	896	367	7.029E+01	23
9EFH_1|Chains	6KLC_1|Chain	37.200	43	896	2218	7.029E+01	23
9EFH_1|Chains	7JK5_1|Chain	24.300	78	896	618	9.259E+01	22
9EFH_1|Chains	6EE8_2|Chain	33.300	56	896	1134	9.259E+01	22
9EFH_1|Chains	6VVY_2|Chain	33.300	56	896	1179	9.259E+01	22
9EFH_1|Chains	6VW0_2|Chain	33.300	56	896	1179	9.259E+01	22
9EFH_1|Chains	6EEC_2|Chain	33.300	56	896	1179	9.259E+01	22
9EFH_1|Chains	6VVX_2|Chain	33.300	56	896	1179	9.259E+01	22
9EFH_1|Chains	6VVZ_2|Chain	33.300	56	896	1179	9.259E+01	22
9W90_5|Chains	7MEY_3|Chain	37.900	137	201	172	5.350E-30	114
9W90_5|Chains	7MEX_2|Chain	37.400	131	201	150	1.366E-29	113
9W90_5|Chains	8DBJ_1|Chains	57.100	14	201	318	5.098E+01	21
9W90_5|Chains	8DBK_1|Chains	57.100	14	201	318	5.098E+01	21
9W90_5|Chains	8DBN_1|Chains	57.100	14	201	318	5.098E+01	21
9W90_5|Chains	8DBI_1|Chains	57.100	14	201	318	5.098E+01	21
9W90_5|Chains	7JPN_2|Chain	31.400	52	201	377	5.098E+01	21
9W90_5|Chains	6UHC_2|Chain	31.400	52	201	394	5.098E+01	21
9W90_5|Chains	6UAN_1|Chains	24.400	49	201	247	8.992E+01	20
9W90_5|Chains	7L5J_1|Chains	30.700	52	201	320	8.992E+01	20
9W90_5|Chains	7STB_7|Chain	23.600	38	201	646	8.992E+01	20
9W90_5|Chains	6SYT_1|Chain	30.000	40	201	3712	8.992E+01	20
32QA_1|Chains	7OCF_3|Chains	29.400	153	146	188	8.357E-15	67
32QA_1|Chains	6TYS_1|Chains	90.000	10	146	538	1.033E+01	22
32QA_1|Chains	7VF2_1|Chain	70.000	10	146	1812	2.468E+01	21
32QA_1|Chains	6KFF_1|Chains	52.000	25	146	389	7.846E+01	19
9YGF_3|Chain	6OZC_3|Chains	77.500	107	107	213	4.550E-53	175
9YGF_3|Chain	6XDG_2|Chain	76.600	107	107	214	1.474E-51	171
9YGF_3|Chain	7JHH_5|Chain	79.400	107	107	215	2.022E-51	171
9YGF_3|Chain	7LL2_4|Chains	79.200	110	107	217	3.805E-51	170
9YGF_3|Chain	7WS5_2|Chains	77.700	108	107	108	5.220E-51	169
9YGF_3|Chain	7M74_5|Chain	79.000	105	107	211	4.774E-50	167
9YGF_3|Chain	6VO1_4|Chains	75.700	107	107	107	8.986E-50	166
9YGF_3|Chain	6PZZ_2|Chains	75.700	107	107	214	5.991E-49	164
9YGF_3|Chain	7LUC_5|Chains	71.900	107	107	107	8.219E-49	163
9YGF_3|Chain	6V4N_3|Chains	73.800	107	107	214	1.941E-47	159
9YGF_3|Chain	6NQD_4|Chains	66.600	108	107	215	3.343E-46	156
9YGF_3|Chain	7UDS_2|Chains	72.600	106	107	209	1.184E-45	154
9YGF_3|Chain	6TYS_3|Chains	68.200	107	107	107	7.898E-45	152
9YGF_3|Chain	8DZI_3|Chains	67.500	108	107	109	1.866E-43	148
9YGF_3|Chain	7LG6_5|Chains	64.100	106	107	214	2.343E-42	145
9YGF_3|Chain	6OPQ_2|Chains	62.300	109	107	214	6.052E-42	143
9YGF_3|Chain	6OPO_2|Chains	62.300	109	107	214	6.052E-42	143
9YGF_3|Chain	6X5B_3|Chains	62.300	109	107	214	6.052E-42	143
9YGF_3|Chain	6OPP_1|Chains	62.300	109	107	214	6.052E-42	143
9YGF_3|Chain	7DKJ_3|Chains	63.500	107	107	189	5.539E-41	141
9YGF_3|Chain	7WEC_2|Chains	62.600	107	107	107	3.695E-40	138
9YGF_3|Chain	7PC2_2|Chains	60.100	108	107	215	1.198E-38	134
9YGF_3|Chain	7MFG_4|Chains	59.200	108	107	108	3.095E-38	133
9YGF_3|Chain	7L5J_2|Chains	58.400	106	107	211	5.827E-38	132
9YGF_3|Chain	7LL1_4|Chains	55.600	106	107	214	1.891E-36	128
9YGF_3|Chain	7LG6_3|Chains	55.600	106	107	214	1.891E-36	128
9YGF_3|Chain	7PC2_6|Chains	56.000	107	107	206	5.618E-34	121
9YGF_3|Chain	7LUC_3|Chains	49.100	112	107	112	9.685E-33	117
9YGF_3|Chain	6U59_3|Chains	53.900	112	107	112	1.823E-32	116
9YGF_3|Chain	6DFH_4|Chains	49.000	105	107	214	5.716E-27	100
9YGF_3|Chain	6XEY_3|Chains	47.600	106	107	110	4.796E-25	95
9YGF_3|Chain	6VTT_3|Chain	46.200	107	107	217	4.796E-25	95
9YGF_3|Chain	7U9G_2|Chains	49.500	106	107	217	4.796E-25	95
9YGF_3|Chain	7WVF_4|Chain	45.100	103	107	261	6.027E-24	92
9YGF_3|Chain	6XDG_5|Chain	45.600	103	107	216	8.271E-24	91
9YGF_3|Chain	7RA8_3|Chains	47.200	109	107	113	1.426E-22	88
9YGF_3|Chain	7UCG_3|Chains	42.400	99	107	205	8.718E-21	83
9YGF_3|Chain	7UCG_6|Chains	38.200	102	107	216	2.590E-18	76
9YGF_3|Chain	7FJE_5|Chain	33.600	106	107	272	5.347E-12	57
9YGF_3|Chain	7KKL_2|Chains	33.300	116	107	125	1.890E-11	56
9YGF_3|Chain	6UKT_5|Chain	31.400	105	107	131	2.592E-11	55
9YGF_3|Chain	7M74_7|Chain	34.200	105	107	120	9.159E-11	54
9YGF_3|Chain	7JHH_7|Chain	34.200	105	107	159	9.159E-11	54
9YGF_3|Chain	6UKT_3|Chain	32.300	98	107	124	2.360E-10	53
9YGF_3|Chain	8CYJ_4|Chain	30.400	124	107	127	3.235E-10	52
9YGF_3|Chain	7FJE_6|Chain	27.900	110	107	312	8.331E-10	51
9YGF_3|Chain	6UKT_4|Chain	30.500	108	107	134	1.565E-09	50
9YGF_3|Chain	8DZI_2|Chains	31.000	116	107	118	5.520E-09	49
9YGF_3|Chain	7MFG_3|Chains	28.800	104	107	120	2.666E-08	47
9YGF_3|Chain	8CYJ_2|Chain	28.400	122	107	125	2.666E-08	47
9YGF_3|Chain	8CYJ_3|Chain	31.200	112	107	128	3.652E-08	46
9YGF_3|Chain	6XDG_4|Chain	32.600	104	107	225	3.652E-08	46
9YGF_3|Chain	7LUC_4|Chains	29.200	127	107	129	5.002E-08	46
9YGF_3|Chain	7PC2_1|Chains	35.700	82	107	240	5.002E-08	46
9YGF_3|Chain	7M74_6|Chain	29.600	124	107	228	6.852E-08	46
9YGF_3|Chain	7JHH_6|Chain	29.600	124	107	237	6.852E-08	46
9YGF_3|Chain	6XDG_3|Chain	30.100	104	107	226	1.285E-07	45
9YGF_3|Chain	6UKT_6|Chain	30.200	108	107	134	1.760E-07	44
9YGF_3|Chain	6PZZ_3|Chains	29.900	105	107	224	2.411E-07	44
9YGF_3|Chain	6TYS_2|Chains	30.800	116	107	120	3.301E-07	44
9YGF_3|Chain	7UDS_1|Chains	31.100	105	107	226	4.519E-07	43
9YGF_3|Chain	7MY3_2|Chains	28.400	109	107	127	1.587E-06	42
9YGF_3|Chain	6VTT_2|Chain	34.100	82	107	257	1.587E-06	42
9YGF_3|Chain	7RA8_2|Chains	26.300	110	107	126	4.068E-06	40
9YGF_3|Chain	7WS5_3|Chains	27.000	121	107	123	5.566E-06	40
9YGF_3|Chain	8CYJ_1|Chain	26.700	125	107	127	1.042E-05	39
9YGF_3|Chain	6OPO_5|Chains	27.100	112	107	229	1.042E-05	39
9YGF_3|Chain	6OPQ_5|Chains	27.100	112	107	229	1.042E-05	39
9YGF_3|Chain	6X5B_5|Chains	27.100	112	107	229	1.042E-05	39
9YGF_3|Chain	6OPP_5|Chains	27.100	112	107	229	1.042E-05	39
9YGF_3|Chain	6XEY_2|Chains	27.300	106	107	122	1.425E-05	39
9YGF_3|Chain	7PC2_5|Chains	24.500	120	107	226	1.949E-05	38
9YGF_3|Chain	7UCG_2|Chains	26.600	107	107	234	3.644E-05	38
9YGF_3|Chain	7UCG_5|Chains	24.100	91	107	243	2.374E-04	35
9YGF_3|Chain	6VO1_3|Chains	28.700	80	107	118	3.243E-04	35
9YGF_3|Chain	7LUC_2|Chains	27.300	105	107	121	4.430E-04	34
9YGF_3|Chain	7WEC_1|Chains	28.400	108	107	123	7.257E-03	31
9YGF_3|Chain	6OPO_4|Chains	29.600	77	107	208	1.348E-02	30
9YGF_3|Chain	6OPQ_4|Chains	29.600	77	107	208	1.348E-02	30
9YGF_3|Chain	6X5B_4|Chains	29.600	77	107	208	1.348E-02	30
9YGF_3|Chain	6OPP_4|Chains	29.600	77	107	208	1.348E-02	30
9YGF_3|Chain	7LL1_1|Chains	29.800	62	107	473	5.379E-01	25
9YGF_3|Chain	7LL2_1|Chains	29.800	62	107	473	5.379E-01	25
9YGF_3|Chain	6VO1_1|Chains	27.400	62	107	475	5.379E-01	25
9YGF_3|Chain	6OZC_1|Chains	27.400	62	107	475	5.379E-01	25
9YGF_3|Chain	7LG6_1|Chains	27.400	62	107	475	5.379E-01	25
9YGF_3|Chain	7PC2_3|Chains	27.400	62	107	481	5.379E-01	25
9YGF_3|Chain	6NQD_1|Chains	30.600	49	107	486	4.499E+00	23
9YGF_3|Chain	6DFH_1|Chains	25.800	62	107	476	6.082E+00	22
9YGF_3|Chain	7E4X_1|Chains	72.700	11	107	436	3.671E+01	20
9QJY_2|Chains	7M6S_1|Chains	39.000	436	451	444	1.301E-83	281
9QJY_2|Chains	8DEP_1|Chain	83.400	133	451	678	1.430E-59	211
9QJY_2|Chains	7TX7_1|Chain	83.400	133	451	678	1.430E-59	211
9QJY_2|Chains	6OVH_1|Chains	77.100	105	451	106	1.510E-37	145
9QJY_2|Chains	6Y5A_1|Chains	26.500	301	451	538	4.657E-17	81
9QJY_2|Chains	6Y5B_1|Chains	26.500	301	451	538	4.657E-17	81
9QJY_2|Chains	6Y59_1|Chains	26.500	301	451	538	4.657E-17	81
9QJY_2|Chains	7EKI_1|Chains	23.400	293	451	502	2.206E-13	69
9QJY_2|Chains	7MKP_2|Chain	25.800	58	451	1340	1.904E+01	23
9QJY_2|Chains	7MKD_2|Chain	25.800	58	451	1342	1.904E+01	23
9QJY_2|Chains	7SZJ_2|Chain	25.800	58	451	1342	1.904E+01	23
9QJY_2|Chains	7MKI_3|Chain	25.800	58	451	1342	1.904E+01	23
9QJY_2|Chains	7MKJ_2|Chain	25.800	58	451	1342	1.904E+01	23
9QJY_2|Chains	6OMF_2|Chain	25.800	58	451	1342	1.904E+01	23
9QJY_2|Chains	7MKE_2|Chain	25.800	58	451	1342	1.904E+01	23
9QJY_2|Chains	6YRF_1|Chains	53.800	13	451	803	2.513E+01	23
9QJY_2|Chains	8CY8_1|Chains	66.600	12	451	328	3.317E+01	23
9QJY_2|Chains	6ZBD_1|Chain	39.200	28	451	717	4.378E+01	22
9QJY_2|Chains	6ZBC_1|Chain	39.200	28	451	717	4.378E+01	22
9QJY_2|Chains	6ZBH_1|Chain	39.200	28	451	717	4.378E+01	22
9QJY_2|Chains	6ZBF_1|Chain	39.200	28	451	717	4.378E+01	22
9QJY_2|Chains	6ZBG_1|Chain	39.200	28	451	717	4.378E+01	22
9QJY_2|Chains	6ZBJ_1|Chains	39.200	28	451	891	4.378E+01	22
9QJY_2|Chains	6ZBL_1|Chains	39.200	28	451	891	4.378E+01	22
9QJY_2|Chains	7WAC_1|Chains	21.100	52	451	910	4.378E+01	22
9QJY_2|Chains	7WAD_1|Chains	21.100	52	451	910	4.378E+01	22
9QJY_2|Chains	7T8T_1|Chain	27.400	46	451	1196	4.378E+01	22
9QJY_2|Chains	7STB_1|Chain	29.300	70	451	696	5.779E+01	22
9QJY_2|Chains	7USD_3|Chain	30.100	62	451	323	7.628E+01	21
11UF_2|Chains	7OCF_3|Chains	66.000	159	144	188	2.411E-65	213
11UF_2|Chains	7OUH_1|Chains	43.700	16	144	301	1.012E+01	22
11UF_2|Chains	7OUG_1|Chains	43.700	16	144	301	1.012E+01	22
11UF_2|Chains	7OUF_1|Chains	43.700	16	144	301	1.012E+01	22
11UF_2|Chains	7PV4_1|Chains	38.800	18	144	301	1.809E+01	21
11UF_2|Chains	6VXK_2|Chains	28.100	32	144	1545	5.765E+01	20
11UF_2|Chains	7LUC_1|Chains	54.500	11	144	527	7.697E+01	19
9W90_4|Chains	8G46_4|Chain	100.000	102	102	106	5.562E-65	209
9W90_4|Chains	7N1U_1|Chains	33.300	48	102	1305	4.096E+00	23
9W90_4|Chains	7TLB_1|Chains	43.700	16	102	1208	1.375E+01	21
9W90_4|Chains	7TLA_1|Chains	43.700	16	102	1208	1.375E+01	21
9W90_4|Chains	6ZOY_1|Chains	43.700	16	102	1247	1.375E+01	21
9W90_4|Chains	6ZOZ_1|Chains	43.700	16	102	1247	1.375E+01	21
9W90_4|Chains	6X29_1|Chains	43.700	16	102	1273	1.375E+01	21
9W90_4|Chains	7Y42_1|Chains	32.000	48	102	1121	8.311E+01	19
9W90_4|Chains	7XU4_1|Chains	32.000	48	102	1127	8.311E+01	19
9W90_4|Chains	7XU5_1|Chains	32.000	48	102	1127	8.311E+01	19
9W90_4|Chains	7XU2_1|Chains	32.000	48	102	1127	8.311E+01	19
9W90_4|Chains	6ZP0_1|Chains	32.000	48	102	1247	8.311E+01	19
9W90_4|Chains	8CYJ_5|Chain	32.000	48	102	1273	8.311E+01	19
9W90_4|Chains	7JJI_1|Chains	32.000	48	102	1273	8.311E+01	19
9W90_4|Chains	7EB0_1|Chains	32.000	48	102	1283	8.311E+01	19
9W90_4|Chains	7TPH_1|Chains	32.000	48	102	1286	8.311E+01	19
9W90_4|Chains	7TP7_1|Chains	32.000	48	102	1286	8.311E+01	19
9W90_4|Chains	7KE7_1|Chains	32.000	48	102	1288	8.311E+01	19
9W90_4|Chains	7KEC_1|Chains	32.000	48	102	1288	8.311E+01	19
9W90_4|Chains	7KEA_1|Chains	32.000	48	102	1288	8.311E+01	19
9W90_4|Chains	6VSB_1|Chains	32.000	48	102	1288	8.311E+01	19
9W90_4|Chains	7KE9_1|Chains	32.000	48	102	1288	8.311E+01	19
9W90_4|Chains	7RA8_1|Chains	32.000	48	102	1288	8.311E+01	19
9W90_4|Chains	7KDH_1|Chains	32.000	48	102	1288	8.311E+01	19
9W90_4|Chains	7KKL_1|Chains	32.000	48	102	1288	8.311E+01	19
9W90_4|Chains	6XKL_1|Chains	32.000	48	102	1288	8.311E+01	19
9W90_4|Chains	7KEB_1|Chains	32.000	48	102	1288	8.311E+01	19
9W90_4|Chains	6XEY_1|Chains	32.000	48	102	1288	8.311E+01	19
9W90_4|Chains	7LYL_1|Chains	32.000	48	102	1288	8.311E+01	19
9W90_4|Chains	8CSA_1|Chains	32.000	48	102	1288	8.311E+01	19
9W90_4|Chains	6ZP5_1|Chains	32.000	48	102	1288	8.311E+01	19
9W90_4|Chains	7MY3_1|Chains	32.000	48	102	1288	8.311E+01	19
9W90_4|Chains	7LYM_1|Chains	32.000	48	102	1288	8.311E+01	19
9W90_4|Chains	7KDJ_1|Chains	32.000	48	102	1288	8.311E+01	19
9W90_4|Chains	7N1T_1|Chains	32.000	48	102	1305	8.311E+01	19
9W90_4|Chains	7N1Q_1|Chains	32.000	48	102	1305	8.311E+01	19
9W90_4|Chains	7SBL_1|Chains	32.000	48	102	1308	8.311E+01	19
9W90_4|Chains	7SBK_1|Chains	32.000	48	102	1308	8.311E+01	19
9W90_4|Chains	7SBS_1|Chains	32.000	48	102	1310	8.311E+01	19
9W90_4|Chains	7SBP_1|Chains	32.000	48	102	1310	8.311E+01	19
9W90_4|Chains	7KRS_1|Chains	32.000	48	102	1310	8.311E+01	19
9W90_4|Chains	7E7D_1|Chains	32.000	48	102	1520	8.311E+01	19
9WMM_1|Chain	7SK2_1|Chain	46.200	542	636	578	5.235E-161	515
9WMM_1|Chain	6VAK_1|Chains	47.600	21	636	334	1.609E+01	24
9WMM_1|Chain	6UHC_8|Chains	28.000	57	636	501	1.609E+01	24
9WMM_1|Chain	7PTV_1|Chains	28.000	50	636	702	1.609E+01	24
9WMM_1|Chain	7OCF_4|Chains	30.000	40	636	423	6.407E+01	22
9WMM_1|Chain	7OTP_1|Chain	31.500	19	636	4148	6.407E+01	22
9WMM_1|Chain	7OTW_1|Chain	31.500	19	636	4148	6.407E+01	22
9WMM_1|Chain	7OTM_1|Chain	31.500	19	636	4148	6.407E+01	22
9WMM_1|Chain	6ZH6_1|Chain	31.500	19	636	4156	6.407E+01	22
9WMM_1|Chain	6ZFP_1|Chain	31.500	19	636	4156	6.407E+01	22
9WMM_1|Chain	6ZH2_1|Chain	31.500	19	636	4156	6.407E+01	22
9WMM_1|Chain	6ZH4_1|Chain	31.500	19	636	4156	6.407E+01	22
9WMM_1|Chain	6T2V_2|Chain	31.800	66	636	1122	8.446E+01	22
9WMM_1|Chain	6T2U_2|Chain	31.800	66	636	1122	8.446E+01	22
9WMM_1|Chain	8B1T_2|Chain	31.800	66	636	1122	8.446E+01	22
9WMM_1|Chain	7MR0_2|Chain	31.800	66	636	1122	8.446E+01	22
9WMM_1|Chain	6SJG_2|Chain	31.800	66	636	1122	8.446E+01	22
9WMM_1|Chain	8B1U_2|Chain	31.800	66	636	1122	8.446E+01	22
9YGF_2|Chains	6OZC_3|Chains	78.500	107	107	213	4.550E-53	175
9YGF_2|Chains	6XDG_2|Chain	77.500	107	107	214	1.474E-51	171
9YGF_2|Chains	7JHH_5|Chain	80.300	107	107	215	2.022E-51	171
9YGF_2|Chains	7LL2_4|Chains	80.100	110	107	217	3.805E-51	170
9YGF_2|Chains	7WS5_2|Chains	78.700	108	107	108	5.220E-51	169
9YGF_2|Chains	7M74_5|Chain	80.000	105	107	211	4.774E-50	167
9YGF_2|Chains	6VO1_4|Chains	76.600	107	107	107	8.986E-50	166
9YGF_2|Chains	6PZZ_2|Chains	76.600	107	107	214	5.991E-49	164
9YGF_2|Chains	7LUC_5|Chains	72.800	107	107	107	8.219E-49	163
9YGF_2|Chains	6V4N_3|Chains	74.700	107	107	214	1.941E-47	159
9YGF_2|Chains	6NQD_4|Chains	67.500	108	107	215	3.343E-46	156
9YGF_2|Chains	7UDS_2|Chains	73.500	106	107	209	1.184E-45	154
9YGF_2|Chains	6TYS_3|Chains	69.100	107	107	107	7.898E-45	152
9YGF_2|Chains	8DZI_3|Chains	67.500	108	107	109	4.820E-43	147
9YGF_2|Chains	7LG6_5|Chains	64.100	106	107	214	6.052E-42	143
9YGF_2|Chains	6OPQ_2|Chains	62.300	109	107	214	1.563E-41	142
9YGF_2|Chains	6OPO_2|Chains	62.300	109	107	214	1.563E-41	142
9YGF_2|Chains	6X5B_3|Chains	62.300	109	107	214	1.563E-41	142
9YGF_2|Chains	6OPP_1|Chains	62.300	109	107	214	1.563E-41	142
9YGF_2|Chains	7DKJ_3|Chains	64.400	107	107	189	5.539E-41	141
9YGF_2|Chains	7WEC_2|Chains	62.600	107	107	107	9.543E-40	137
9YGF_2|Chains	7PC2_2|Chains	60.100	108	107	215	3.095E-38	133
9YGF_2|Chains	7MFG_4|Chains	59.200	108	107	108	7.996E-38	132
9YGF_2|Chains	7L5J_2|Chains	58.400	106	107	211	1.505E-37	131
9YGF_2|Chains	7LL1_4|Chains	55.600	106	107	214	4.884E-36	126
9YGF_2|Chains	7LG6_3|Chains	55.600	106	107	214	4.884E-36	126
9YGF_2|Chains	7PC2_6|Chains	57.000	107	107	206	5.618E-34	121
9YGF_2|Chains	6U59_3|Chains	54.800	112	107	112	1.823E-32	116
9YGF_2|Chains	7LUC_3|Chains	49.100	112	107	112	2.502E-32	116
9YGF_2|Chains	6DFH_4|Chains	49.000	105	107	214	1.076E-26	100
9YGF_2|Chains	6XEY_3|Chains	47.600	106	107	110	1.239E-24	94
9YGF_2|Chains	6VTT_3|Chain	46.200	107	107	217	1.239E-24	94
9YGF_2|Chains	7U9G_2|Chains	49.500	106	107	217	1.239E-24	94
9YGF_2|Chains	7WVF_4|Chain	45.100	103	107	261	1.135E-23	91
9YGF_2|Chains	6XDG_5|Chain	45.600	103	107	216	2.137E-23	90
9YGF_2|Chains	7RA8_3|Chains	47.200	109	107	113	3.685E-22	87
9YGF_2|Chains	7UCG_3|Chains	42.400	99	107	205	2.252E-20	81
9YGF_2|Chains	7UCG_6|Chains	38.200	102	107	216	4.876E-18	75
9YGF_2|Chains	7FJE_5|Chain	33.900	106	107	272	4.872E-11	55
9YGF_2|Chains	7KKL_2|Chains	32.200	116	107	125	1.256E-10	53
9YGF_2|Chains	6UKT_5|Chain	30.400	105	107	131	6.078E-10	51
9YGF_2|Chains	7M74_7|Chain	33.300	105	107	120	2.145E-09	50
9YGF_2|Chains	7JHH_7|Chain	33.300	105	107	159	2.145E-09	50
9YGF_2|Chains	7FJE_6|Chain	27.900	110	107	312	2.145E-09	50
9YGF_2|Chains	6UKT_3|Chain	31.300	98	107	124	5.520E-09	49
9YGF_2|Chains	8CYJ_4|Chain	29.600	124	107	127	7.564E-09	48
9YGF_2|Chains	8DZI_2|Chains	31.600	116	107	118	1.036E-08	48
9YGF_2|Chains	6UKT_4|Chain	29.600	108	107	134	3.652E-08	46
9YGF_2|Chains	7LUC_4|Chains	29.600	127	107	129	9.385E-08	45
9YGF_2|Chains	7MFG_3|Chains	30.300	104	107	120	4.519E-07	43
9YGF_2|Chains	6PZZ_3|Chains	29.900	105	107	224	4.519E-07	43
9YGF_2|Chains	8CYJ_2|Chain	27.600	122	107	125	6.188E-07	43
9YGF_2|Chains	8CYJ_3|Chain	30.300	112	107	128	8.471E-07	42
9YGF_2|Chains	6XDG_4|Chain	31.700	104	107	225	8.471E-07	42
9YGF_2|Chains	7PC2_1|Chains	34.500	82	107	240	1.160E-06	42
9YGF_2|Chains	7UDS_1|Chains	31.100	105	107	226	1.587E-06	42
9YGF_2|Chains	6XDG_3|Chain	30.000	104	107	226	1.587E-06	42
9YGF_2|Chains	7M74_6|Chain	28.800	124	107	228	1.587E-06	42
9YGF_2|Chains	7JHH_6|Chain	28.800	124	107	237	1.587E-06	42
9YGF_2|Chains	6UKT_6|Chain	29.300	108	107	134	4.068E-06	40
9YGF_2|Chains	6TYS_2|Chains	30.000	116	107	120	7.615E-06	40
9YGF_2|Chains	7RA8_2|Chains	28.500	110	107	126	1.042E-05	39
9YGF_2|Chains	6XEY_2|Chains	27.300	106	107	122	2.665E-05	38
9YGF_2|Chains	6OPO_5|Chains	28.000	112	107	229	2.665E-05	38
9YGF_2|Chains	6OPQ_5|Chains	28.000	112	107	229	2.665E-05	38
9YGF_2|Chains	6X5B_5|Chains	28.000	112	107	229	2.665E-05	38
9YGF_2|Chains	6OPP_5|Chains	28.000	112	107	229	2.665E-05	38
9YGF_2|Chains	7MY3_2|Chains	27.500	109	107	127	3.644E-05	38
9YGF_2|Chains	6VTT_2|Chain	32.900	82	107	257	3.644E-05	38
9YGF_2|Chains	7PC2_5|Chains	24.500	120	107	226	4.982E-05	37
9YGF_2|Chains	7UCG_2|Chains	26.600	107	107	234	9.308E-05	36
9YGF_2|Chains	7WS5_3|Chains	26.200	121	107	123	1.272E-04	36
9YGF_2|Chains	8CYJ_1|Chain	25.900	125	107	127	2.374E-04	35
9YGF_2|Chains	7UCG_5|Chains	25.200	91	107	243	2.374E-04	35
9YGF_2|Chains	6VO1_3|Chains	28.700	80	107	118	8.258E-04	34
9YGF_2|Chains	7LUC_2|Chains	27.300	105	107	121	1.127E-03	33
9YGF_2|Chains	6OPO_4|Chains	30.800	77	107	208	9.890E-03	31
9YGF_2|Chains	6OPQ_4|Chains	30.800	77	107	208	9.890E-03	31
9YGF_2|Chains	6X5B_4|Chains	30.800	77	107	208	9.890E-03	31
9YGF_2|Chains	6OPP_4|Chains	30.800	77	107	208	9.890E-03	31
9YGF_2|Chains	7WEC_1|Chains	28.800	108	107	123	1.348E-02	30
9YGF_2|Chains	6NQD_1|Chains	30.600	49	107	486	3.326E+00	23
9YGF_2|Chains	7E4X_1|Chains	72.700	11	107	436	3.671E+01	20
9W90_3|Chains	7LUC_1|Chains	30.500	72	550	527	2.836E-01	30
9W90_3|Chains	6PZZ_3|Chains	25.900	54	550	224	3.429E+00	26
9W90_3|Chains	7X27_1|Chains	23.600	129	550	1212	7.869E+00	25
9W90_3|Chains	7M2Z_2|Chain	22.200	63	550	846	1.806E+01	24
9W90_3|Chains	7VF2_1|Chain	25.000	68	550	1812	2.382E+01	23
9W90_3|Chains	7OTP_1|Chain	34.300	32	550	4148	3.141E+01	23
9W90_3|Chains	7OTW_1|Chain	34.300	32	550	4148	3.141E+01	23
9W90_3|Chains	7OTM_1|Chain	34.300	32	550	4148	3.141E+01	23
9W90_3|Chains	6ZH6_1|Chain	34.300	32	550	4156	3.141E+01	23
9W90_3|Chains	6ZFP_1|Chain	34.300	32	550	4156	3.141E+01	23
9W90_3|Chains	6ZH2_1|Chain	34.300	32	550	4156	3.141E+01	23
9W90_3|Chains	6ZH4_1|Chain	34.300	32	550	4156	3.141E+01	23
9W90_3|Chains	6OPO_5|Chains	24.000	78	550	229	4.143E+01	23
9W90_3|Chains	6OPQ_5|Chains	24.000	78	550	229	4.143E+01	23
9W90_3|Chains	6X5B_5|Chains	24.000	78	550	229	4.143E+01	23
9W90_3|Chains	6OPP_5|Chains	24.000	78	550	229	4.143E+01	23
9W90_3|Chains	7QH2_1|Chains	24.600	61	550	418	4.143E+01	23
9W90_3|Chains	7M2Z_3|Chain	24.700	101	550	823	4.143E+01	23
9W90_3|Chains	6T2V_2|Chain	28.100	63	550	1122	4.143E+01	23
9W90_3|Chains	6T2U_2|Chain	28.100	63	550	1122	4.143E+01	23
9W90_3|Chains	8B1T_2|Chain	28.100	63	550	1122	4.143E+01	23
9W90_3|Chains	7MR0_2|Chain	28.100	63	550	1122	4.143E+01	23
9W90_3|Chains	6SJG_2|Chain	28.100	63	550	1122	4.143E+01	23
9W90_3|Chains	8B1U_2|Chain	28.100	63	550	1122	4.143E+01	23
9W90_3|Chains	7UWF_1|Chains	27.700	90	550	447	5.464E+01	22
9W90_3|Chains	6XOT_1|Chain	27.200	33	550	1014	5.464E+01	22
9W90_3|Chains	6XOS_1|Chain	27.200	33	550	1014	5.464E+01	22
9W90_3|Chains	7ZYY_1|Chains	22.500	71	550	1143	5.464E+01	22
9W90_3|Chains	7RX2_1|Chains	22.500	31	550	735	7.206E+01	22
9W90_3|Chains	6C6L_3|Chain	25.700	96	550	265	9.504E+01	21
9YGF_1|Chains	6XDG_4|Chain	78.300	120	120	225	2.994E-59	194
9YGF_1|Chains	6XDG_3|Chain	73.300	120	120	226	8.840E-57	187
9YGF_1|Chains	7WS5_3|Chains	71.500	123	120	123	1.388E-54	181
9YGF_1|Chains	7PC2_1|Chains	65.100	132	120	240	8.442E-53	175
9YGF_1|Chains	8CYJ_3|Chain	64.000	128	120	128	1.451E-51	172
9YGF_1|Chains	7M74_6|Chain	67.400	126	120	228	5.136E-51	170
9YGF_1|Chains	7JHH_6|Chain	67.400	126	120	237	5.136E-51	170
9YGF_1|Chains	6TYS_2|Chains	67.500	120	120	120	5.881E-49	164
9YGF_1|Chains	6VTT_2|Chain	60.000	145	120	257	5.881E-49	164
9YGF_1|Chains	7UDS_1|Chains	66.900	121	120	226	8.066E-49	164
9YGF_1|Chains	7KKL_2|Chains	68.800	120	120	125	9.236E-47	158
9YGF_1|Chains	7JHH_7|Chain	64.200	121	120	159	3.270E-46	156
9YGF_1|Chains	7M74_7|Chain	63.900	120	120	120	1.158E-45	155
9YGF_1|Chains	8CYJ_2|Chain	64.800	124	120	125	5.621E-45	153
9YGF_1|Chains	6UKT_4|Chain	62.000	124	120	134	1.326E-43	149
9YGF_1|Chains	7L5J_3|Chains	60.100	120	120	221	1.818E-43	149
9YGF_1|Chains	8CYJ_4|Chain	60.600	127	120	127	2.279E-42	145
9YGF_1|Chains	6UKT_3|Chain	65.000	120	120	124	1.518E-41	143
9YGF_1|Chains	8CYJ_1|Chain	58.200	127	120	127	2.385E-39	137
9YGF_1|Chains	7DKJ_2|Chains	60.000	122	120	203	2.385E-39	137
9YGF_1|Chains	6PZZ_3|Chains	54.000	121	120	224	8.445E-39	135
9YGF_1|Chains	6UKT_5|Chain	62.200	121	120	131	1.158E-38	135
9YGF_1|Chains	7RA8_2|Chains	53.900	126	120	126	2.180E-38	134
9YGF_1|Chains	6UKT_6|Chain	58.700	124	120	134	2.990E-38	134
9YGF_1|Chains	8DZI_2|Chains	52.500	120	120	118	5.626E-38	133
9YGF_1|Chains	6OZC_4|Chains	54.000	122	120	224	5.626E-38	133
9YGF_1|Chains	7MY3_2|Chains	57.300	121	120	127	1.992E-37	131
9YGF_1|Chains	6U59_4|Chains	57.000	119	120	119	1.820E-36	128
9YGF_1|Chains	7MFG_3|Chains	52.500	120	120	120	6.443E-36	127
9YGF_1|Chains	7LUC_2|Chains	48.700	121	120	121	8.075E-35	124
9YGF_1|Chains	6XEY_2|Chains	48.000	122	120	122	2.859E-34	122
9YGF_1|Chains	6VO1_3|Chains	52.800	120	120	118	5.379E-34	121
9YGF_1|Chains	6OPO_5|Chains	46.800	128	120	229	2.612E-33	119
9YGF_1|Chains	6OPQ_5|Chains	46.800	128	120	229	2.612E-33	119
9YGF_1|Chains	6X5B_5|Chains	46.800	128	120	229	2.612E-33	119
9YGF_1|Chains	6OPP_5|Chains	46.800	128	120	229	2.612E-33	119
9YGF_1|Chains	7UCG_2|Chains	48.700	123	120	234	1.740E-32	117
9YGF_1|Chains	7LUC_4|Chains	45.400	129	120	129	3.273E-32	116
9YGF_1|Chains	7WVF_4|Chain	48.400	122	120	261	2.990E-31	113
9YGF_1|Chains	6V4N_2|Chains	46.000	125	120	244	5.626E-31	113
9YGF_1|Chains	7WEC_1|Chains	47.900	123	120	123	3.747E-30	110
9YGF_1|Chains	6DFH_3|Chains	47.700	130	120	233	2.495E-29	108
9YGF_1|Chains	7U9G_3|Chains	45.600	123	120	265	8.831E-29	106
9YGF_1|Chains	7LL1_3|Chains	40.900	127	120	229	1.661E-28	106
9YGF_1|Chains	7LG6_2|Chains	40.900	127	120	231	1.661E-28	106
9YGF_1|Chains	7PC2_5|Chains	44.300	123	120	226	2.854E-27	102
9YGF_1|Chains	7UCG_5|Chains	42.800	132	120	243	3.915E-27	102
9YGF_1|Chains	7LG6_6|Chains	44.600	121	120	225	1.900E-26	100
9YGF_1|Chains	7LL2_3|Chains	41.400	122	120	225	7.681E-24	92
9YGF_1|Chains	6NQD_3|Chains	38.000	132	120	244	8.765E-22	86
9YGF_1|Chains	7UCG_3|Chains	32.100	107	120	205	3.360E-09	50
9YGF_1|Chains	7RA8_3|Chains	32.000	105	120	113	4.596E-09	49
9YGF_1|Chains	6DFH_4|Chains	33.600	107	120	214	8.598E-09	49
9YGF_1|Chains	7M74_5|Chain	31.700	104	120	211	1.176E-08	48
9YGF_1|Chains	7JHH_5|Chain	31.700	104	120	215	1.176E-08	48
9YGF_1|Chains	7L5J_2|Chains	32.000	105	120	211	1.608E-08	48
9YGF_1|Chains	6XEY_3|Chains	33.900	105	120	110	4.109E-08	47
9YGF_1|Chains	6OPQ_2|Chains	31.700	107	120	214	1.049E-07	46
9YGF_1|Chains	6OPO_2|Chains	31.700	107	120	214	1.049E-07	46
9YGF_1|Chains	6X5B_3|Chains	31.700	107	120	214	1.049E-07	46
9YGF_1|Chains	6OPP_1|Chains	31.700	107	120	214	1.049E-07	46
9YGF_1|Chains	6TYS_3|Chains	34.600	104	120	107	1.434E-07	45
9YGF_1|Chains	6XDG_5|Chain	32.000	105	120	216	1.434E-07	45
9YGF_1|Chains	7LG6_5|Chains	30.800	107	120	214	1.959E-07	45
9YGF_1|Chains	7FJE_6|Chain	27.500	109	120	312	1.959E-07	45
9YGF_1|Chains	8DZI_3|Chains	31.000	118	120	109	2.677E-07	44
9YGF_1|Chains	6PZZ_2|Chains	33.300	104	120	214	4.995E-07	44
9YGF_1|Chains	7PC2_2|Chains	30.800	107	120	215	4.995E-07	44
9YGF_1|Chains	7WEC_2|Chains	31.000	118	120	107	9.316E-07	43
9YGF_1|Chains	6VO1_4|Chains	33.000	104	120	107	4.417E-06	41
9YGF_1|Chains	7LUC_5|Chains	32.600	104	120	107	4.417E-06	41
9YGF_1|Chains	6U59_3|Chains	26.200	117	120	112	6.027E-06	40
9YGF_1|Chains	7U9G_2|Chains	29.300	105	120	217	6.027E-06	40
9YGF_1|Chains	7DKJ_3|Chains	27.500	109	120	189	1.530E-05	39
9YGF_1|Chains	7WS5_2|Chains	28.800	104	120	108	2.845E-05	38
9YGF_1|Chains	6XDG_2|Chain	30.700	104	120	214	7.204E-05	37
9YGF_1|Chains	7LL2_4|Chains	27.300	104	120	217	7.204E-05	37
9YGF_1|Chains	7MFG_4|Chains	30.700	104	120	108	1.337E-04	36
9YGF_1|Chains	6V4N_3|Chains	27.800	97	120	214	6.253E-04	34
9YGF_1|Chains	7LL1_4|Chains	24.300	107	120	214	2.139E-03	33
9YGF_1|Chains	7LG6_3|Chains	24.300	107	120	214	2.139E-03	33
9YGF_1|Chains	7UDS_2|Chains	26.200	80	120	209	3.348E-02	29
9YGF_1|Chains	7JSJ_1|Chains	30.300	33	120	568	3.770E-01	26
9YGF_1|Chains	7L7B_5|Chain	53.300	15	120	390	4.134E+00	23
9YGF_1|Chains	6VW0_5|Chain	53.300	15	120	531	4.134E+00	23
9YGF_1|Chains	6EE8_5|Chain	53.300	15	120	531	4.134E+00	23
9YGF_1|Chains	6EEC_5|Chain	53.300	15	120	531	4.134E+00	23
9YGF_1|Chains	6VVX_5|Chain	53.300	15	120	531	4.134E+00	23
9YGF_1|Chains	6VVY_5|Chain	53.300	15	120	531	4.134E+00	23
9YGF_1|Chains	6VVZ_5|Chain	53.300	15	120	531	4.134E+00	23
9YGF_1|Chains	7MKD_5|Chain	53.300	15	120	613	4.134E+00	23
9YGF_1|Chains	7MKI_6|Chain	53.300	15	120	613	4.134E+00	23
9YGF_1|Chains	7MKJ_5|Chain	53.300	15	120	613	4.134E+00	23
9YGF_1|Chains	7MKE_5|Chain	53.300	15	120	613	4.134E+00	23
9YGF_1|Chains	7SZJ_5|Chain	53.300	15	120	613	4.134E+00	23
9YGF_1|Chains	6OMF_5|Chain	57.100	14	120	331	5.566E+00	23
9YGF_1|Chains	7UFS_1|Chains	32.000	25	120	1069	2.445E+01	21
9YGF_1|Chains	7LZJ_1|Chains	31.200	32	120	907	3.283E+01	20
9YGF_1|Chains	6YSN_1|Chains	24.300	75	120	1146	7.927E+01	19
9KH6_1|Chains	6C9I_1|Chains	21.400	112	340	163	1.936E+00	26
9KH6_1|Chains	6VD7_1|Chains	34.600	26	340	344	1.368E+01	23
9KH6_1|Chains	8A6T_1|Chains	28.100	64	340	571	1.809E+01	23
9KH6_1|Chains	7OSI_3|Chains	28.500	35	340	276	3.161E+01	22
9KH6_1|Chains	7OSG_3|Chains	28.500	35	340	276	3.161E+01	22
9KH6_1|Chains	7OSJ_3|Chains	28.500	35	340	276	3.161E+01	22
9KH6_1|Chains	7O12_3|Chains	28.500	35	340	276	3.161E+01	22
9KH6_1|Chains	7O11_3|Chains	28.500	35	340	276	3.161E+01	22
9KH6_1|Chains	7OSH_3|Chains	28.500	35	340	276	3.161E+01	22
9KH6_1|Chains	7OSF_3|Chains	28.500	35	340	276	3.161E+01	22
9KH6_1|Chains	7WTA_1|Chains	32.800	68	340	1178	3.161E+01	22
9KH6_1|Chains	7D3E_1|Chains	40.000	25	340	1551	3.161E+01	22
9KH6_1|Chains	7D3F_1|Chains	40.000	25	340	1551	3.161E+01	22
9KH6_1|Chains	7SOY_4|Chain	26.200	61	340	386	4.179E+01	22
9KH6_1|Chains	7L1Q_1|Chains	25.400	53	340	510	4.179E+01	22
9KH6_1|Chains	7L1S_1|Chains	25.400	53	340	510	4.179E+01	22
9KH6_1|Chains	7L1R_1|Chains	25.400	53	340	510	4.179E+01	22
9KH6_1|Chains	7U5M_1|Chains	27.100	56	340	333	5.524E+01	21
9KH6_1|Chains	7UFS_1|Chains	44.000	25	340	1069	5.524E+01	21
9KH6_1|Chains	7O6P_1|Chains	57.100	14	340	303	7.302E+01	21
9KH6_1|Chains	7XML_1|Chains	24.400	84	340	430	9.652E+01	21
9KH6_1|Chains	6U8S_1|Chains	39.200	28	340	514	9.652E+01	21
9KH6_1|Chains	6UA5_1|Chains	39.200	28	340	519	9.652E+01	21
9KH6_1|Chains	6UDP_1|Chains	39.200	28	340	519	9.652E+01	21
9KH6_1|Chains	6UAJ_1|Chains	39.200	28	340	519	9.652E+01	21
9KH6_1|Chains	6U8E_1|Chains	39.200	28	340	519	9.652E+01	21
9KH6_1|Chains	7XO5_2|Chain	31.300	51	340	805	9.652E+01	21
9KH6_1|Chains	7P1H_1|Chain	30.200	43	340	827	9.652E+01	21
9SGT_1|Chains	7AG8_1|Chains	99.800	740	772	740	0.000E+00	1555
9SGT_1|Chains	7A7A_1|Chains	99.700	740	772	740	0.000E+00	1549
9SGT_1|Chains	7QET_1|Chains	28.700	65	772	230	3.173E-01	30
9SGT_1|Chains	7QEQ_1|Chains	28.700	65	772	230	3.173E-01	30
9SGT_1|Chains	7QER_1|Chains	28.700	65	772	230	3.173E-01	30
9SGT_1|Chains	6VRS_1|Chains	35.000	40	772	388	5.007E+00	26
9SGT_1|Chains	7UFR_1|Chains	42.800	35	772	1062	5.007E+00	26
9SGT_1|Chains	7UFU_1|Chains	42.800	35	772	1062	5.007E+00	26
9SGT_1|Chains	6Y5A_1|Chains	54.100	24	772	538	6.598E+00	26
9SGT_1|Chains	6Y5B_1|Chains	54.100	24	772	538	6.598E+00	26
9SGT_1|Chains	6Y59_1|Chains	54.100	24	772	538	6.598E+00	26
9SGT_1|Chains	7N8N_2|Chains	40.000	36	772	297	8.694E+00	25
9SGT_1|Chains	7N8N_1|Chains	41.600	32	772	244	1.509E+01	25
9SGT_1|Chains	7JHH_7|Chain	38.800	36	772	159	2.621E+01	24
9SGT_1|Chains	8DR4_1|Chain	45.000	20	772	918	2.621E+01	24
9SGT_1|Chains	8DR6_1|Chain	45.000	20	772	918	2.621E+01	24
9SGT_1|Chains	7LG6_5|Chains	41.600	24	772	214	3.453E+01	23
9SGT_1|Chains	8EOB_1|Chains	45.900	36	772	756	3.453E+01	23
9SGT_1|Chains	6DBU_1|Chains	21.500	143	772	1159	3.453E+01	23
9SGT_1|Chains	6ZOY_1|Chains	75.000	12	772	1247	3.453E+01	23
9SGT_1|Chains	6ZP0_1|Chains	75.000	12	772	1247	3.453E+01	23
9SGT_1|Chains	6ZOZ_1|Chains	75.000	12	772	1247	3.453E+01	23
9SGT_1|Chains	6KLC_1|Chain	26.600	30	772	2218	3.453E+01	23
9SGT_1|Chains	7W84_1|Chain	36.300	33	772	1131	4.550E+01	23
9SGT_1|Chains	7NZM_5|Chain	34.200	37	772	444	5.995E+01	23
9SGT_1|Chains	7P1H_1|Chain	34.200	37	772	827	5.995E+01	23
9SGT_1|Chains	6YSN_1|Chains	34.200	37	772	1146	5.995E+01	23
9SGT_1|Chains	7U65_1|Chains	29.500	57	772	505	7.899E+01	22
9SGT_1|Chains	7U66_1|Chains	29.500	57	772	505	7.899E+01	22
9SGT_1|Chains	7U67_1|Chains	29.500	57	772	505	7.899E+01	22
9SGT_1|Chains	7ZPM_2|Chains	21.600	109	772	757	7.899E+01	22
9SGT_1|Chains	7YHQ_1|Chain	32.300	34	772	757	7.899E+01	22
9SGT_1|Chains	7X27_1|Chains	31.400	35	772	1212	7.899E+01	22
9NJ3_4|Chain	6PZZ_3|Chains	79.400	229	233	224	2.735E-113	356
9NJ3_4|Chain	6OPO_5|Chains	77.500	229	233	229	7.224E-110	346
9NJ3_4|Chain	6OPQ_5|Chains	77.500	229	233	229	7.224E-110	346
9NJ3_4|Chain	6X5B_5|Chains	77.500	229	233	229	7.224E-110	346
9NJ3_4|Chain	6OPP_5|Chains	77.500	229	233	229	7.224E-110	346
9NJ3_4|Chain	7UCG_2|Chains	76.800	233	233	234	4.786E-109	344
9NJ3_4|Chain	7JHH_6|Chain	70.800	233	233	237	1.295E-102	325
9NJ3_4|Chain	6XDG_3|Chain	69.800	232	233	226	2.491E-99	316
9NJ3_4|Chain	7M74_6|Chain	70.100	228	233	228	2.260E-98	313
9NJ3_4|Chain	7PC2_5|Chains	70.300	229	233	226	4.244E-98	312
9NJ3_4|Chain	7UDS_1|Chains	67.900	231	233	226	1.092E-97	311
9NJ3_4|Chain	6VTT_2|Chain	64.800	250	233	257	9.909E-97	308
9NJ3_4|Chain	6XDG_4|Chain	70.900	231	233	225	1.861E-96	308
9NJ3_4|Chain	6NQD_3|Chains	69.600	239	233	244	3.494E-96	307
9NJ3_4|Chain	7UCG_5|Chains	65.800	239	233	243	3.241E-92	295
9NJ3_4|Chain	7LG6_2|Chains	66.800	231	233	231	1.142E-91	294
9NJ3_4|Chain	7LL1_3|Chains	66.900	229	233	229	3.652E-90	289
9NJ3_4|Chain	7U9G_3|Chains	65.600	230	233	265	1.287E-89	288
9NJ3_4|Chain	6V4N_2|Chains	65.600	229	233	244	1.764E-89	287
9NJ3_4|Chain	6DFH_3|Chains	66.200	233	233	233	3.002E-88	284
9NJ3_4|Chain	7LL2_3|Chains	65.900	229	233	225	5.635E-88	283
9NJ3_4|Chain	6OZC_4|Chains	65.100	227	233	224	3.728E-87	281
9NJ3_4|Chain	7LG6_6|Chains	63.600	230	233	225	1.191E-85	276
9NJ3_4|Chain	7L5J_3|Chains	50.200	228	233	221	6.299E-67	222
9NJ3_4|Chain	7MFG_3|Chains	67.400	126	233	120	3.329E-46	162
9NJ3_4|Chain	7RA8_2|Chains	64.500	124	233	126	1.426E-44	158
9NJ3_4|Chain	6XEY_2|Chains	60.300	126	233	122	4.334E-40	145
9NJ3_4|Chain	7PC2_1|Chains	40.000	221	233	240	5.924E-40	144
9NJ3_4|Chain	7LUC_2|Chains	58.700	126	233	121	9.855E-39	141
9NJ3_4|Chain	8DZI_2|Chains	56.300	126	233	118	1.986E-36	134
9NJ3_4|Chain	7LUC_4|Chains	51.900	129	233	129	6.915E-36	132
9NJ3_4|Chain	7WEC_1|Chains	54.700	125	233	123	4.489E-35	130
9NJ3_4|Chain	8CYJ_3|Chain	42.100	128	233	128	1.855E-28	111
9NJ3_4|Chain	7WS5_3|Chains	42.800	126	233	123	3.016E-27	107
9NJ3_4|Chain	6TYS_2|Chains	42.900	128	233	120	6.653E-26	103
9NJ3_4|Chain	7JHH_7|Chain	43.600	126	233	159	3.684E-24	98
9NJ3_4|Chain	7M74_7|Chain	43.200	125	233	120	9.289E-24	97
9NJ3_4|Chain	8CYJ_2|Chain	40.600	125	233	125	9.289E-24	97
9NJ3_4|Chain	7KKL_2|Chains	42.800	126	233	125	8.022E-23	94
9NJ3_4|Chain	8CYJ_4|Chain	39.300	127	233	127	3.734E-22	92
9NJ3_4|Chain	6UKT_4|Chain	42.100	126	233	134	3.206E-21	89
9NJ3_4|Chain	6UKT_6|Chain	40.400	126	233	134	8.049E-21	88
9NJ3_4|Chain	7WVF_4|Chain	42.300	126	233	261	1.094E-20	88
9NJ3_4|Chain	7UCG_3|Chains	31.000	216	233	205	1.486E-20	87
9NJ3_4|Chain	8CYJ_1|Chain	39.800	127	233	127	2.743E-20	87
9NJ3_4|Chain	6VTT_3|Chain	30.500	216	233	217	2.743E-20	87
9NJ3_4|Chain	7DKJ_2|Chains	37.400	128	233	203	6.873E-20	85
9NJ3_4|Chain	6XDG_5|Chain	30.600	229	233	216	9.333E-20	85
9NJ3_4|Chain	6DFH_4|Chains	31.600	216	233	214	1.267E-19	85
9NJ3_4|Chain	7LG6_5|Chains	31.400	228	233	214	1.267E-19	85
9NJ3_4|Chain	6U59_4|Chains	41.600	123	233	119	1.721E-19	84
9NJ3_4|Chain	6UKT_3|Chain	39.600	126	233	124	1.721E-19	84
9NJ3_4|Chain	6VO1_3|Chains	36.200	126	233	118	1.076E-18	82
9NJ3_4|Chain	6OPQ_2|Chains	31.200	222	233	214	2.688E-18	81
9NJ3_4|Chain	6OPO_2|Chains	31.200	222	233	214	2.688E-18	81
9NJ3_4|Chain	6X5B_3|Chains	31.200	222	233	214	2.688E-18	81
9NJ3_4|Chain	6OPP_1|Chains	31.200	222	233	214	2.688E-18	81
9NJ3_4|Chain	7U9G_2|Chains	31.300	226	233	217	6.708E-18	79
9NJ3_4|Chain	6V4N_3|Chains	31.900	208	233	214	9.097E-18	79
9NJ3_4|Chain	7JHH_5|Chain	29.100	228	233	215	4.165E-17	77
9NJ3_4|Chain	6UKT_5|Chain	37.300	126	233	131	5.645E-17	77
9NJ3_4|Chain	6PZZ_2|Chains	30.300	215	233	214	1.036E-16	76
9NJ3_4|Chain	7MY3_2|Chains	35.700	126	233	127	1.902E-16	75
9NJ3_4|Chain	7M74_5|Chain	30.100	208	233	211	1.902E-16	75
9NJ3_4|Chain	6XDG_2|Chain	29.100	228	233	214	1.902E-16	75
9NJ3_4|Chain	7LL2_4|Chains	27.800	228	233	217	1.172E-15	73
9NJ3_4|Chain	7UDS_2|Chains	28.700	221	233	209	1.315E-14	70
9NJ3_4|Chain	6NQD_4|Chains	27.800	228	233	215	2.403E-14	69
9NJ3_4|Chain	7L5J_2|Chains	26.300	222	233	211	1.611E-12	63
9NJ3_4|Chain	7PC2_6|Chains	27.000	228	233	206	9.671E-12	61
9NJ3_4|Chain	7WEC_2|Chains	35.300	111	233	107	1.579E-08	51
9NJ3_4|Chain	7FJE_6|Chain	29.500	175	233	312	2.840E-08	50
9NJ3_4|Chain	8DZI_3|Chains	35.000	97	233	109	2.198E-07	48
9NJ3_4|Chain	7WS5_2|Chains	29.400	109	233	108	1.685E-06	45
9NJ3_4|Chain	6VO1_4|Chains	29.400	100	233	107	2.252E-06	44
9NJ3_4|Chain	7X13_1|Chains	37.100	70	233	245	3.009E-06	44
9NJ3_4|Chain	6XEY_3|Chains	32.200	89	233	110	7.173E-06	43
9NJ3_4|Chain	7LUC_5|Chains	32.000	97	233	107	9.578E-06	42
9NJ3_4|Chain	7RA8_3|Chains	29.800	111	233	113	2.278E-05	41
9NJ3_4|Chain	7MFG_4|Chains	31.200	96	233	108	2.277E-04	38
9NJ3_4|Chain	6U59_3|Chains	28.100	95	233	112	4.041E-04	37
9NJ3_4|Chain	7VYQ_1|Chains	34.200	38	233	280	8.516E+00	23
9NJ3_4|Chain	6XOT_1|Chain	26.600	30	233	1014	1.499E+01	23
9NJ3_4|Chain	6XOS_1|Chain	26.600	30	233	1014	1.499E+01	23
9NJ3_4|Chain	7UFR_1|Chains	26.800	67	233	1062	1.499E+01	23
9NJ3_4|Chain	7UFU_1|Chains	26.800	67	233	1062	1.499E+01	23
9NJ3_4|Chain	6M0S_1|Chain	44.400	18	233	825	2.636E+01	22
9NJ3_4|Chain	6C6L_7|Chain	44.400	18	233	840	2.636E+01	22
9K88_1|Chain	7B5P_1|Chains	42.800	28	384	1051	2.088E+01	23
9K88_1|Chain	7MEY_1|Chain	23.600	72	384	1950	3.644E+01	22
9K88_1|Chain	7MEX_4|Chain	23.600	72	384	1950	3.644E+01	22
9K88_1|Chain	8DBJ_1|Chains	24.300	41	384	318	6.358E+01	21
9K88_1|Chain	8DBK_1|Chains	24.300	41	384	318	6.358E+01	21
9K88_1|Chain	8DBN_1|Chains	24.300	41	384	318	6.358E+01	21
9K88_1|Chain	8DBI_1|Chains	24.300	41	384	318	6.358E+01	21
9K88_1|Chain	7M74_1|Chain	52.600	18	384	484	6.358E+01	21
9K88_1|Chain	7JHH_1|Chain	52.600	18	384	484	6.358E+01	21
9I1Z_2|Chain	7D3E_1|Chains	23.500	51	630	1551	3.649E+01	23
9I1Z_2|Chain	7D3F_1|Chains	23.500	51	630	1551	3.649E+01	23
9I1Z_2|Chain	7VDA_1|Chains	30.400	69	630	558	4.810E+01	23
9I1Z_2|Chain	7WEC_3|Chains	43.700	16	630	1270	8.360E+01	22
9I1Z_2|Chain	7YQT_1|Chains	43.700	16	630	1270	8.360E+01	22
9I1Z_2|Chain	8CYJ_5|Chain	43.700	16	630	1273	8.360E+01	22
9I1Z_2|Chain	7JJI_1|Chains	43.700	16	630	1273	8.360E+01	22
9I1Z_2|Chain	7N1T_1|Chains	43.700	16	630	1305	8.360E+01	22
9I1Z_2|Chain	7N1U_1|Chains	43.700	16	630	1305	8.360E+01	22
9I1Z_2|Chain	7N1Q_1|Chains	43.700	16	630	1305	8.360E+01	22
9I1Z_2|Chain	7SBL_1|Chains	43.700	16	630	1308	8.360E+01	22
9I1Z_2|Chain	7SBK_1|Chains	43.700	16	630	1308	8.360E+01	22
9I1Z_2|Chain	7SBS_1|Chains	43.700	16	630	1310	8.360E+01	22
9I1Z_2|Chain	7SBP_1|Chains	43.700	16	630	1310	8.360E+01	22
9I1Z_2|Chain	7KRS_1|Chains	43.700	16	630	1310	8.360E+01	22
9NJ3_1|Chains	7DKJ_1|Chains	27.800	530	530	599	3.313E-48	179
9NJ3_1|Chains	7MFG_2|Chains	41.500	183	530	222	1.356E-34	137
9NJ3_1|Chains	7MFG_1|Chains	23.500	339	530	326	3.221E-10	59
9NJ3_1|Chains	6VXK_2|Chains	22.100	104	530	1545	1.431E+00	27
9NJ3_1|Chains	7VF2_3|Chains	31.700	41	530	396	7.546E+00	25
9NJ3_1|Chains	7U5N_1|Chains	36.500	48	530	373	1.732E+01	24
9NJ3_1|Chains	7QUC_1|Chain	29.600	58	530	475	2.285E+01	23
9NJ3_1|Chains	7XO5_2|Chain	28.900	38	530	805	3.014E+01	23
9NJ3_1|Chains	7L7B_3|Chain	21.000	150	530	1161	3.014E+01	23
9NJ3_1|Chains	7SZ0_1|Chains	33.300	33	530	1210	3.014E+01	23
9NJ3_1|Chains	7A7A_1|Chains	32.600	52	530	740	3.976E+01	23
9NJ3_1|Chains	7AG8_1|Chains	32.600	52	530	740	3.976E+01	23
9NJ3_1|Chains	7MEY_1|Chain	24.000	75	530	1950	3.976E+01	23
9NJ3_1|Chains	7MEX_4|Chain	24.000	75	530	1950	3.976E+01	23
9NJ3_1|Chains	6V4N_1|Chains	50.000	16	530	448	5.245E+01	22
9NJ3_1|Chains	7WSF_1|Chain	35.700	28	530	739	6.918E+01	22
9NJ3_1|Chains	6L42_1|Chain	34.000	47	530	2109	6.918E+01	22
9NJ3_1|Chains	7ZPM_1|Chains	27.400	101	530	717	9.125E+01	21
9NJ3_1|Chains	7MFF_2|Chains	20.100	109	530	766	9.125E+01	21
9NJ3_1|Chains	6UAN_2|Chains	20.100	109	530	768	9.125E+01	21
13BV_1|Chain	7OTP_1|Chain	23.500	261	887	4148	5.596E-11	63
13BV_1|Chain	7OTW_1|Chain	23.500	261	887	4148	5.596E-11	63
13BV_1|Chain	7OTM_1|Chain	23.500	261	887	4148	5.596E-11	63
13BV_1|Chain	6ZH6_1|Chain	23.500	261	887	4156	5.596E-11	63
13BV_1|Chain	6ZFP_1|Chain	23.500	261	887	4156	5.596E-11	63
13BV_1|Chain	6ZH2_1|Chain	23.500	261	887	4156	5.596E-11	63
13BV_1|Chain	6ZH4_1|Chain	23.500	261	887	4156	5.596E-11	63
13BV_1|Chain	6SYT_1|Chain	21.900	292	887	3712	6.096E-09	56
13BV_1|Chain	6O6A_1|Chains	33.300	68	887	1098	7.673E+00	26
13BV_1|Chain	6O6R_1|Chains	33.300	68	887	1098	7.673E+00	26
13BV_1|Chain	6NR3_1|Chains	33.300	68	887	1135	7.673E+00	26
13BV_1|Chain	6FAY_1|Chain	26.800	67	887	1876	1.331E+01	25
13BV_1|Chain	8E4N_1|Chains	48.100	27	887	1135	2.310E+01	24
13BV_1|Chain	8E4M_1|Chains	48.100	27	887	1135	2.310E+01	24
13BV_1|Chain	8E4L_1|Chains	48.100	27	887	1135	2.310E+01	24
13BV_1|Chain	6C6L_6|Chain	24.200	98	887	345	5.279E+01	23
13BV_1|Chain	6M0S_4|Chain	24.200	98	887	345	5.279E+01	23
13BV_1|Chain	7D3E_2|Chains	80.000	10	887	483	5.279E+01	23
13BV_1|Chain	7D3F_2|Chains	80.000	10	887	483	5.279E+01	23
13BV_1|Chain	7OCF_2|Chains	17.500	57	887	860	5.279E+01	23
13BV_1|Chain	8AG6_2|Chain	35.200	34	887	1414	5.279E+01	23
13BV_1|Chain	7U5N_1|Chains	64.200	14	887	373	6.954E+01	23
13BV_1|Chain	7D5K_1|Chains	43.400	23	887	1042	6.954E+01	23
13BV_1|Chain	7KVF_1|Chain	28.900	38	887	2196	6.954E+01	23
13BV_1|Chain	7KVE_1|Chain	28.900	38	887	2196	6.954E+01	23
13BV_1|Chain	7USD_6|Chain	44.400	27	887	188	9.160E+01	22
13BV_1|Chain	6X17_1|Chains	52.900	17	887	422	9.160E+01	22
25SB_2|Chains	7U9G_3|Chains	83.100	227	227	265	2.696E-119	373
25SB_2|Chains	6DFH_3|Chains	82.300	231	227	233	1.304E-118	371
25SB_2|Chains	6V4N_2|Chains	79.400	227	227	244	5.350E-113	355
25SB_2|Chains	7LG6_6|Chains	82.000	227	227	225	6.661E-112	352
25SB_2|Chains	7UCG_5|Chains	76.700	233	227	243	1.761E-108	342
25SB_2|Chains	7LL2_3|Chains	75.800	227	227	225	3.005E-107	338
25SB_2|Chains	6XDG_3|Chain	74.100	227	227	226	8.969E-102	323
25SB_2|Chains	7UDS_1|Chains	72.000	227	227	226	1.568E-97	310
25SB_2|Chains	7M74_6|Chain	70.300	227	227	228	2.944E-97	310
25SB_2|Chains	7JHH_6|Chain	70.300	227	227	237	2.944E-97	310
25SB_2|Chains	6XDG_4|Chain	70.700	227	227	225	2.425E-95	304
25SB_2|Chains	6VTT_2|Chain	63.200	246	227	257	2.253E-91	293
25SB_2|Chains	6PZZ_3|Chains	67.900	227	227	224	7.206E-90	288
25SB_2|Chains	6OZC_4|Chains	66.200	227	227	224	2.090E-87	281
25SB_2|Chains	6OPO_5|Chains	64.800	229	227	229	2.090E-87	281
25SB_2|Chains	6OPQ_5|Chains	64.800	229	227	229	2.090E-87	281
25SB_2|Chains	6X5B_5|Chains	64.800	229	227	229	2.090E-87	281
25SB_2|Chains	6OPP_5|Chains	64.800	229	227	229	2.090E-87	281
25SB_2|Chains	7PC2_5|Chains	64.500	227	227	226	4.421E-85	274
25SB_2|Chains	7UCG_2|Chains	64.000	227	227	234	6.058E-85	274
25SB_2|Chains	7LG6_2|Chains	62.300	228	227	231	3.707E-80	260
25SB_2|Chains	7LL1_3|Chains	61.900	228	227	229	9.533E-80	259
25SB_2|Chains	6NQD_3|Chains	60.500	233	227	244	4.602E-79	257
25SB_2|Chains	7L5J_3|Chains	53.900	227	227	221	7.426E-68	225
25SB_2|Chains	6VO1_3|Chains	68.200	126	227	118	4.451E-45	159
25SB_2|Chains	7WVF_4|Chain	61.900	126	227	261	5.455E-44	156
25SB_2|Chains	7PC2_1|Chains	41.400	221	227	240	4.884E-43	153
25SB_2|Chains	7WS5_3|Chains	49.200	126	227	123	5.043E-30	115
25SB_2|Chains	6TYS_2|Chains	51.500	128	227	120	6.057E-29	112
25SB_2|Chains	8DZI_2|Chains	50.000	126	227	118	1.538E-28	111
25SB_2|Chains	8CYJ_3|Chain	42.900	128	227	128	2.509E-27	107
25SB_2|Chains	7LUC_4|Chains	44.100	129	227	129	3.421E-27	107
25SB_2|Chains	7MFG_3|Chains	46.400	126	227	120	1.611E-26	105
25SB_2|Chains	6U59_4|Chains	47.600	123	227	119	5.561E-26	103
25SB_2|Chains	7RA8_2|Chains	42.100	126	227	126	3.561E-25	101
25SB_2|Chains	6UKT_4|Chain	45.800	126	227	134	3.561E-25	101
25SB_2|Chains	8CYJ_2|Chain	44.200	125	227	125	6.610E-25	100
25SB_2|Chains	7JHH_7|Chain	46.000	126	227	159	2.276E-24	98
25SB_2|Chains	7M74_7|Chain	45.600	125	227	120	5.749E-24	97
25SB_2|Chains	7DKJ_2|Chains	43.800	128	227	203	5.749E-24	97
25SB_2|Chains	6UKT_3|Chain	46.000	126	227	124	1.452E-23	96
25SB_2|Chains	8CYJ_4|Chain	43.200	127	227	127	1.452E-23	96
25SB_2|Chains	6XEY_2|Chains	41.800	126	227	122	1.711E-22	93
25SB_2|Chains	7WEC_1|Chains	41.000	125	227	123	1.711E-22	93
25SB_2|Chains	7KKL_2|Chains	46.000	126	227	125	2.329E-22	93
25SB_2|Chains	7LUC_2|Chains	40.700	126	227	121	3.715E-21	89
25SB_2|Chains	6UKT_5|Chain	43.800	126	227	131	6.870E-21	88
25SB_2|Chains	6UKT_6|Chain	41.600	126	227	134	4.336E-20	86
25SB_2|Chains	7MY3_2|Chains	38.700	126	227	127	7.887E-18	79
25SB_2|Chains	6XDG_5|Chain	30.700	213	227	216	1.070E-17	79
25SB_2|Chains	8CYJ_1|Chain	38.900	127	227	127	1.452E-17	78
25SB_2|Chains	7UCG_3|Chains	31.000	213	227	205	1.662E-16	75
25SB_2|Chains	6OPQ_2|Chains	30.300	222	227	214	4.137E-16	74
25SB_2|Chains	6OPO_2|Chains	30.300	222	227	214	4.137E-16	74
25SB_2|Chains	6X5B_3|Chains	30.300	222	227	214	4.137E-16	74
25SB_2|Chains	6OPP_1|Chains	30.300	222	227	214	4.137E-16	74
25SB_2|Chains	6DFH_4|Chains	32.100	215	227	214	1.029E-15	73
25SB_2|Chains	7PC2_2|Chains	30.400	211	227	215	1.888E-15	72
25SB_2|Chains	6VTT_3|Chain	29.400	213	227	217	1.162E-14	70
25SB_2|Chains	7LL1_4|Chains	32.400	141	227	214	6.461E-12	61
25SB_2|Chains	7LG6_3|Chains	32.400	141	227	214	6.461E-12	61
25SB_2|Chains	7FJE_6|Chain	28.100	174	227	312	2.046E-07	48
25SB_2|Chains	7X13_1|Chains	34.100	85	227	245	2.111E-06	44
25SB_2|Chains	7FJE_5|Chain	32.100	139	227	272	3.776E-06	44
25SB_2|Chains	7LUC_3|Chains	37.200	43	227	112	6.607E-02	30
25SB_2|Chains	8F6C_1|Chains	43.400	23	227	658	2.550E+01	22
25SB_2|Chains	7LZJ_1|Chains	27.000	48	227	907	7.891E+01	20
9NJ3_2|Chains	7JHH_6|Chain	79.800	239	239	237	1.204E-118	372
9NJ3_2|Chains	6XDG_3|Chain	79.400	238	239	226	9.931E-117	366
9NJ3_2|Chains	6XDG_4|Chain	79.700	237	239	225	8.188E-115	361
9NJ3_2|Chains	7M74_6|Chain	79.400	234	239	228	2.108E-114	360
9NJ3_2|Chains	6VTT_2|Chain	76.500	250	239	257	3.958E-114	359
9NJ3_2|Chains	7UDS_1|Chains	76.700	237	239	226	5.425E-114	359
9NJ3_2|Chains	7UCG_5|Chains	69.500	239	239	243	4.362E-102	324
9NJ3_2|Chains	6OZC_4|Chains	72.100	233	239	224	7.431E-101	321
9NJ3_2|Chains	7UCG_2|Chains	66.900	239	239	234	9.237E-100	317
9NJ3_2|Chains	6PZZ_3|Chains	68.500	235	239	224	4.462E-99	316
9NJ3_2|Chains	7U9G_3|Chains	69.900	236	239	265	1.148E-98	314
9NJ3_2|Chains	6DFH_3|Chains	71.100	235	239	233	2.679E-97	310
9NJ3_2|Chains	7PC2_5|Chains	64.000	235	239	226	1.811E-93	299
9NJ3_2|Chains	6V4N_2|Chains	68.000	235	239	244	2.482E-93	299
9NJ3_2|Chains	6OPO_5|Chains	65.800	233	239	229	1.198E-92	297
9NJ3_2|Chains	6OPQ_5|Chains	65.800	233	239	229	1.198E-92	297
9NJ3_2|Chains	6X5B_5|Chains	65.800	233	239	229	1.198E-92	297
9NJ3_2|Chains	6OPP_5|Chains	65.800	233	239	229	1.198E-92	297
9NJ3_2|Chains	7LG6_6|Chains	67.000	236	239	225	3.082E-92	296
9NJ3_2|Chains	7LL2_3|Chains	65.900	235	239	225	4.754E-90	289
9NJ3_2|Chains	7LG6_2|Chains	61.400	236	239	231	6.513E-90	289
9NJ3_2|Chains	7LL1_3|Chains	61.500	234	239	229	2.080E-88	285
9NJ3_2|Chains	6NQD_3|Chains	62.100	239	239	244	1.129E-85	277
9NJ3_2|Chains	7L5J_3|Chains	59.400	234	239	221	3.262E-83	270
9NJ3_2|Chains	7PC2_1|Chains	54.200	221	239	240	3.888E-66	220
9NJ3_2|Chains	7WS5_3|Chains	71.900	132	239	123	4.789E-53	183
9NJ3_2|Chains	8CYJ_3|Chain	63.700	132	239	128	1.191E-46	164
9NJ3_2|Chains	6TYS_2|Chains	61.100	134	239	120	1.539E-40	146
9NJ3_2|Chains	8CYJ_2|Chain	59.500	131	239	125	1.539E-40	146
9NJ3_2|Chains	7KKL_2|Chains	59.000	132	239	125	1.871E-39	143
9NJ3_2|Chains	8CYJ_1|Chain	58.800	132	239	127	6.519E-39	141
9NJ3_2|Chains	6UKT_4|Chain	57.500	132	239	134	1.217E-38	141
9NJ3_2|Chains	7JHH_7|Chain	56.800	132	239	159	7.908E-38	138
9NJ3_2|Chains	7M74_7|Chain	56.400	131	239	120	2.015E-37	137
9NJ3_2|Chains	8CYJ_4|Chain	56.700	132	239	127	2.753E-37	137
9NJ3_2|Chains	7DKJ_2|Chains	54.400	134	239	203	2.753E-37	137
9NJ3_2|Chains	6UKT_6|Chain	57.500	132	239	134	5.136E-37	136
9NJ3_2|Chains	6XEY_2|Chains	46.900	132	239	122	1.582E-35	132
9NJ3_2|Chains	6UKT_3|Chain	54.500	132	239	124	1.089E-32	123
9NJ3_2|Chains	6UKT_5|Chain	56.000	132	239	131	2.765E-32	122
9NJ3_2|Chains	7RA8_2|Chains	44.700	130	239	126	8.418E-31	118
9NJ3_2|Chains	7MY3_2|Chains	50.000	132	239	127	8.418E-31	118
9NJ3_2|Chains	7LUC_4|Chains	47.700	132	239	129	8.418E-31	118
9NJ3_2|Chains	7MFG_3|Chains	44.600	132	239	120	1.566E-30	117
9NJ3_2|Chains	6U59_4|Chains	51.900	129	239	119	1.372E-29	114
9NJ3_2|Chains	7LUC_2|Chains	41.600	132	239	121	3.478E-29	113
9NJ3_2|Chains	8DZI_2|Chains	45.400	132	239	118	4.740E-29	113
9NJ3_2|Chains	7WEC_1|Chains	42.400	131	239	123	9.125E-27	106
9NJ3_2|Chains	7WVF_4|Chain	45.900	132	239	261	9.125E-27	106
9NJ3_2|Chains	6VO1_3|Chains	41.300	132	239	118	2.030E-23	96
9NJ3_2|Chains	7UCG_3|Chains	29.700	222	239	205	5.369E-16	74
9NJ3_2|Chains	6DFH_4|Chains	30.800	224	239	214	1.797E-15	72
9NJ3_2|Chains	6XDG_5|Chain	29.900	222	239	216	4.441E-15	71
9NJ3_2|Chains	7JHH_5|Chain	28.300	235	239	215	4.928E-14	68
9NJ3_2|Chains	6OPQ_2|Chains	30.900	228	239	214	6.653E-14	68
9NJ3_2|Chains	6OPO_2|Chains	30.900	228	239	214	6.653E-14	68
9NJ3_2|Chains	6X5B_3|Chains	30.900	228	239	214	6.653E-14	68
9NJ3_2|Chains	6OPP_1|Chains	30.900	228	239	214	6.653E-14	68
9NJ3_2|Chains	6PZZ_2|Chains	30.100	221	239	214	1.212E-13	67
9NJ3_2|Chains	6VTT_3|Chain	27.500	222	239	217	1.636E-13	66
9NJ3_2|Chains	7M74_5|Chain	29.300	214	239	211	2.977E-13	66
9NJ3_2|Chains	7LG6_5|Chains	28.900	224	239	214	9.845E-13	64
9NJ3_2|Chains	7LL2_4|Chains	26.700	235	239	217	9.845E-13	64
9NJ3_2|Chains	7LL1_4|Chains	27.100	224	239	214	4.374E-12	62
9NJ3_2|Chains	7LG6_3|Chains	27.100	224	239	214	4.374E-12	62
9NJ3_2|Chains	7U9G_2|Chains	28.600	222	239	217	1.935E-11	60
9NJ3_2|Chains	6XDG_2|Chain	27.600	235	239	214	8.522E-11	58
9NJ3_2|Chains	7UDS_2|Chains	26.700	227	239	209	1.146E-10	58
9NJ3_2|Chains	6V4N_3|Chains	30.100	155	239	214	1.146E-10	58
9NJ3_2|Chains	7PC2_6|Chains	25.900	235	239	206	1.540E-10	57
9NJ3_2|Chains	7FJE_6|Chain	30.600	180	239	312	2.781E-10	57
9NJ3_2|Chains	7L5J_2|Chains	26.300	215	239	211	6.739E-10	55
9NJ3_2|Chains	7X13_1|Chains	33.300	81	239	245	1.792E-06	45
9NJ3_2|Chains	8DZI_3|Chains	32.900	96	239	109	3.209E-05	41
9NJ3_2|Chains	7WEC_2|Chains	30.000	130	239	107	4.278E-05	40
9NJ3_2|Chains	7WS5_2|Chains	29.800	96	239	108	1.771E-03	35
9NJ3_2|Chains	7RA8_3|Chains	29.600	117	239	113	1.771E-03	35
9NJ3_2|Chains	6VO1_4|Chains	31.700	82	239	107	5.539E-03	34
9NJ3_2|Chains	7MFG_4|Chains	29.800	96	239	108	3.054E-02	31
9NJ3_2|Chains	7LUC_5|Chains	28.800	96	239	107	1.263E-01	29
9NJ3_2|Chains	6U59_3|Chains	26.800	82	239	112	1.263E-01	29
9NJ3_2|Chains	6XEY_3|Chains	27.900	84	239	110	2.957E-01	28
9NJ3_2|Chains	7L7B_5|Chain	46.600	15	239	390	1.549E+01	23
9NJ3_2|Chains	6VW0_5|Chain	46.600	15	239	531	1.549E+01	23
9NJ3_2|Chains	6EE8_5|Chain	46.600	15	239	531	1.549E+01	23
9NJ3_2|Chains	6EEC_5|Chain	46.600	15	239	531	1.549E+01	23
9NJ3_2|Chains	6VVX_5|Chain	46.600	15	239	531	1.549E+01	23
9NJ3_2|Chains	6VVY_5|Chain	46.600	15	239	531	1.549E+01	23
9NJ3_2|Chains	6VVZ_5|Chain	46.600	15	239	531	1.549E+01	23
9NJ3_2|Chains	7MKD_5|Chain	46.600	15	239	613	1.549E+01	23
9NJ3_2|Chains	7MKI_6|Chain	46.600	15	239	613	1.549E+01	23
9NJ3_2|Chains	7MKJ_5|Chain	46.600	15	239	613	1.549E+01	23
9NJ3_2|Chains	7MKE_5|Chain	46.600	15	239	613	1.549E+01	23
9NJ3_2|Chains	7SZJ_5|Chain	46.600	15	239	613	1.549E+01	23
9NJ3_2|Chains	6OMF_5|Chain	50.000	14	239	331	2.723E+01	22
9NJ3_2|Chains	7E5Z_2|Chain	37.100	34	239	572	6.343E+01	21
11VE_1|Chain	7UWL_1|Chains	42.800	21	608	188	2.913E+00	27
11VE_1|Chain	6TYS_1|Chains	27.700	90	608	538	1.161E+01	25
11VE_1|Chain	7M74_1|Chain	37.800	37	608	484	1.531E+01	24
11VE_1|Chain	7JHH_1|Chain	37.800	37	608	484	1.531E+01	24
11VE_1|Chain	6ZBL_2|Chains	30.300	78	608	792	1.531E+01	24
11VE_1|Chain	6ZBJ_2|Chains	30.300	78	608	792	1.531E+01	24
11VE_1|Chain	7KCB_1|Chains	24.100	118	608	347	2.019E+01	24
11VE_1|Chain	7NTM_1|Chains	24.100	118	608	347	2.019E+01	24
11VE_1|Chain	6URG_2|Chain	21.100	90	608	587	2.019E+01	24
11VE_1|Chain	6BM0_2|Chain	21.100	90	608	587	2.019E+01	24
11VE_1|Chain	6BLY_2|Chain	21.100	90	608	587	2.019E+01	24
11VE_1|Chain	7KC2_1|Chains	25.800	118	608	347	2.661E+01	23
11VE_1|Chain	7KCQ_1|Chains	25.800	118	608	348	2.661E+01	23
11VE_1|Chain	7KJY_1|Chains	25.800	118	608	348	2.661E+01	23
11VE_1|Chain	6XFA_1|Chains	24.700	93	608	484	2.661E+01	23
11VE_1|Chain	7JPN_1|Chain	43.700	16	608	413	3.509E+01	23
11VE_1|Chain	6UHC_1|Chain	43.700	16	608	418	3.509E+01	23
11VE_1|Chain	6URG_1|Chain	25.600	82	608	1443	3.509E+01	23
11VE_1|Chain	6BM0_1|Chain	25.600	82	608	1443	3.509E+01	23
11VE_1|Chain	6BLY_1|Chain	25.600	82	608	1443	3.509E+01	23
11VE_1|Chain	7QUC_1|Chain	23.300	132	608	475	4.627E+01	23
11VE_1|Chain	8FEI_1|Chain	50.000	20	608	705	4.627E+01	23
11VE_1|Chain	7T8T_1|Chain	26.300	76	608	1196	4.627E+01	23
11VE_1|Chain	6VYF_1|Chains	25.000	63	608	505	6.100E+01	22
11VE_1|Chain	6VYG_1|Chains	25.000	63	608	505	6.100E+01	22
11VE_1|Chain	8A6T_3|Chains	64.200	14	608	170	8.043E+01	22
11VE_1|Chain	8F6C_1|Chains	30.200	43	608	658	8.043E+01	22
11VE_1|Chain	7USD_2|Chain	29.000	31	608	1128	8.043E+01	22
11VE_1|Chain	7VF2_1|Chain	27.500	40	608	1812	8.043E+01	22
9XWM_5|Chain	6XEY_2|Chains	63.100	122	115	122	1.888E-46	157
9XWM_5|Chain	6PZZ_3|Chains	61.100	121	115	224	1.443E-43	149
9XWM_5|Chain	7MFG_3|Chains	60.000	120	115	120	2.847E-40	139
9XWM_5|Chain	7RA8_2|Chains	56.300	126	115	126	1.008E-39	138
9XWM_5|Chain	8DZI_2|Chains	56.700	118	115	118	1.898E-39	137
9XWM_5|Chain	7UCG_2|Chains	52.800	123	115	234	4.096E-37	130
9XWM_5|Chain	7LUC_2|Chains	52.800	121	115	121	1.451E-36	128
9XWM_5|Chain	7WEC_1|Chains	53.600	123	115	123	9.671E-36	126
9XWM_5|Chain	7M74_6|Chain	50.700	126	115	228	3.426E-35	124
9XWM_5|Chain	7JHH_6|Chain	50.700	126	115	237	3.426E-35	124
9XWM_5|Chain	7PC2_5|Chains	50.400	123	115	226	1.110E-33	120
9XWM_5|Chain	7L5J_3|Chains	49.500	119	115	221	2.865E-33	119
9XWM_5|Chain	7LUC_4|Chains	48.000	129	115	129	7.396E-33	118
9XWM_5|Chain	6XDG_3|Chain	47.500	120	115	226	2.620E-32	116
9XWM_5|Chain	7WS5_3|Chains	46.300	123	115	123	3.594E-32	116
9XWM_5|Chain	6TYS_2|Chains	48.300	118	115	120	4.930E-32	115
9XWM_5|Chain	6OPO_5|Chains	46.800	128	115	229	4.508E-31	113
9XWM_5|Chain	6OPQ_5|Chains	46.800	128	115	229	4.508E-31	113
9XWM_5|Chain	6X5B_5|Chains	46.800	128	115	229	4.508E-31	113
9XWM_5|Chain	6OPP_5|Chains	46.800	128	115	229	4.508E-31	113
9XWM_5|Chain	6XDG_4|Chain	46.600	120	115	225	2.191E-30	111
9XWM_5|Chain	7UDS_1|Chains	44.600	121	115	226	2.191E-30	111
9XWM_5|Chain	8CYJ_3|Chain	42.900	128	115	128	7.094E-29	106
9XWM_5|Chain	7PC2_1|Chains	41.600	132	115	240	7.094E-29	106
9XWM_5|Chain	7DKJ_2|Chains	45.900	122	115	203	8.899E-28	103
9XWM_5|Chain	6DFH_3|Chains	45.000	130	115	233	4.323E-27	101
9XWM_5|Chain	6UKT_4|Chain	42.700	124	115	134	8.136E-27	100
9XWM_5|Chain	6V4N_2|Chains	41.200	125	115	244	1.116E-26	100
9XWM_5|Chain	7LG6_6|Chains	45.400	121	115	225	2.881E-26	99
9XWM_5|Chain	7U9G_3|Chains	43.500	123	115	265	3.952E-26	98
9XWM_5|Chain	6OZC_4|Chains	40.900	122	115	224	1.920E-25	96
9XWM_5|Chain	7UCG_5|Chains	39.800	132	115	243	6.798E-25	95
9XWM_5|Chain	7LL2_3|Chains	41.400	122	115	225	9.326E-25	94
9XWM_5|Chain	7LL1_3|Chains	41.700	127	115	229	1.755E-24	94
9XWM_5|Chain	7LG6_2|Chains	41.700	127	115	231	1.755E-24	94
9XWM_5|Chain	8CYJ_2|Chain	42.700	124	115	125	2.407E-24	93
9XWM_5|Chain	7JHH_7|Chain	41.300	121	115	159	2.407E-24	93
9XWM_5|Chain	6VO1_3|Chains	42.300	118	115	118	3.302E-24	93
9XWM_5|Chain	7WVF_4|Chain	41.800	122	115	261	6.213E-24	92
9XWM_5|Chain	7M74_7|Chain	40.800	120	115	120	8.523E-24	92
9XWM_5|Chain	6VTT_2|Chain	35.800	145	115	257	1.604E-23	91
9XWM_5|Chain	6U59_4|Chains	42.100	119	115	119	2.200E-23	91
9XWM_5|Chain	7KKL_2|Chains	42.000	119	115	125	2.200E-23	91
9XWM_5|Chain	8CYJ_4|Chain	38.500	127	115	127	4.139E-23	90
9XWM_5|Chain	6UKT_3|Chain	41.700	115	115	124	1.465E-22	88
9XWM_5|Chain	6UKT_6|Chain	41.700	124	115	134	7.115E-22	86
9XWM_5|Chain	8CYJ_1|Chain	38.500	127	115	127	9.759E-22	86
9XWM_5|Chain	6UKT_5|Chain	39.300	121	115	131	2.099E-19	79
9XWM_5|Chain	7MY3_2|Chains	36.000	121	115	127	1.916E-18	76
9XWM_5|Chain	6NQD_3|Chains	32.800	132	115	244	4.505E-17	72
9XWM_5|Chain	7UCG_3|Chains	36.500	102	115	205	9.973E-09	48
9XWM_5|Chain	7RA8_3|Chains	31.500	100	115	113	8.953E-08	46
9XWM_5|Chain	6XDG_5|Chain	32.000	100	115	216	8.953E-08	46
9XWM_5|Chain	6XEY_3|Chains	33.600	100	115	110	4.282E-07	44
9XWM_5|Chain	7U9G_2|Chains	33.300	100	115	217	4.282E-07	44
9XWM_5|Chain	7L5J_2|Chains	32.000	102	115	211	5.855E-07	43
9XWM_5|Chain	6VTT_3|Chain	29.600	102	115	217	5.211E-06	40
9XWM_5|Chain	7JHH_5|Chain	29.500	113	115	215	7.118E-06	40
9XWM_5|Chain	8DZI_3|Chains	31.600	100	115	109	9.721E-06	40
9XWM_5|Chain	6DFH_4|Chains	28.500	100	115	214	9.721E-06	40
9XWM_5|Chain	7WEC_2|Chains	32.300	100	115	107	1.327E-05	39
9XWM_5|Chain	6OPQ_2|Chains	30.800	113	115	214	1.327E-05	39
9XWM_5|Chain	6OPO_2|Chains	30.800	113	115	214	1.327E-05	39
9XWM_5|Chain	6X5B_3|Chains	30.800	113	115	214	1.327E-05	39
9XWM_5|Chain	6OPP_1|Chains	30.800	113	115	214	1.327E-05	39
9XWM_5|Chain	7LG6_5|Chains	31.300	100	115	214	8.579E-05	37
9XWM_5|Chain	7LUC_5|Chains	30.500	113	115	107	1.170E-04	36
9XWM_5|Chain	7PC2_2|Chains	29.100	96	115	215	1.170E-04	36
9XWM_5|Chain	6VO1_4|Chains	30.300	99	115	107	4.043E-04	35
9XWM_5|Chain	6U59_3|Chains	29.500	99	115	112	4.043E-04	35
9XWM_5|Chain	6NQD_4|Chains	27.500	113	115	215	5.510E-04	34
9XWM_5|Chain	6XDG_2|Chain	28.200	113	115	214	7.507E-04	34
9XWM_5|Chain	7LL1_4|Chains	27.200	96	115	214	2.580E-03	33
9XWM_5|Chain	7LG6_3|Chains	27.200	96	115	214	2.580E-03	33
9XWM_5|Chain	7MFG_4|Chains	32.900	82	115	108	3.512E-03	32
9XWM_5|Chain	7UCG_6|Chains	29.400	99	115	216	6.497E-03	31
9XWM_5|Chain	6TYS_3|Chains	29.200	109	115	107	1.201E-02	31
9XWM_5|Chain	7FJE_6|Chain	25.000	105	115	312	5.546E-02	29
9XWM_5|Chain	7L7B_5|Chain	50.000	14	115	390	2.099E+00	24
9XWM_5|Chain	6VW0_5|Chain	50.000	14	115	531	2.099E+00	24
9XWM_5|Chain	6EE8_5|Chain	50.000	14	115	531	2.099E+00	24
9XWM_5|Chain	6EEC_5|Chain	50.000	14	115	531	2.099E+00	24
9XWM_5|Chain	6VVX_5|Chain	50.000	14	115	531	2.099E+00	24
9XWM_5|Chain	6VVY_5|Chain	50.000	14	115	531	2.099E+00	24
9XWM_5|Chain	6VVZ_5|Chain	50.000	14	115	531	2.099E+00	24
9XWM_5|Chain	7MKD_5|Chain	50.000	14	115	613	2.099E+00	24
9XWM_5|Chain	7MKI_6|Chain	50.000	14	115	613	2.099E+00	24
9XWM_5|Chain	7MKJ_5|Chain	50.000	14	115	613	2.099E+00	24
9XWM_5|Chain	7MKE_5|Chain	50.000	14	115	613	2.099E+00	24
9XWM_5|Chain	7SZJ_5|Chain	50.000	14	115	613	2.099E+00	24
9XWM_5|Chain	6OMF_5|Chain	42.800	14	115	331	6.946E+00	22
9XWM_5|Chain	7CTE_2|Chain	28.800	45	115	711	1.260E+01	21
9XWM_5|Chain	8AT6_2|Chains	58.300	12	115	309	9.983E+01	19
9XWM_5|Chain	8AT6_1|Chains	45.000	20	115	456	9.983E+01	19
9OW6_3|Chains	7X27_1|Chains	40.200	209	210	1212	2.540E-40	144
9OW6_3|Chains	7UFT_1|Chains	23.900	117	210	1057	7.406E+00	23
9OW6_3|Chains	7QUC_2|Chain	34.600	51	210	447	9.838E+00	23
9OW6_3|Chains	7MGE_1|Chain	38.000	21	210	459	2.304E+01	22
9OW6_3|Chains	7L7B_3|Chain	29.100	48	210	1161	3.060E+01	21
9OW6_3|Chains	7FJE_2|Chain	63.600	11	210	171	4.062E+01	21
9OW6_3|Chains	7MEY_1|Chain	50.000	12	210	1950	4.062E+01	21
9OW6_3|Chains	7MEX_4|Chain	50.000	12	210	1950	4.062E+01	21
9OW6_3|Chains	6M0S_7|Chains	63.600	11	210	159	9.502E+01	20
9OW6_3|Chains	6C6L_5|Chains	63.600	11	210	160	9.502E+01	20
9OW6_3|Chains	7U9G_3|Chains	25.400	53	210	265	9.502E+01	20
9OW6_3|Chains	8ENO_1|Chains	36.000	50	210	477	9.502E+01	20
9OW6_3|Chains	8ENN_1|Chains	36.000	50	210	477	9.502E+01	20
9OW6_3|Chains	8CRS_1|Chains	36.000	50	210	480	9.502E+01	20
9OW6_3|Chains	8ENM_1|Chains	36.000	50	210	492	9.502E+01	20
9O8R_3|Chains	6XDG_4|Chain	81.400	121	121	225	1.064E-61	201
9O8R_3|Chains	6XDG_3|Chain	77.000	121	121	226	2.090E-58	192
9O8R_3|Chains	7WS5_3|Chains	74.700	123	121	123	1.015E-57	190
9O8R_3|Chains	7PC2_1|Chains	70.400	132	121	240	8.465E-56	184
9O8R_3|Chains	6VTT_2|Chain	64.800	145	121	257	4.703E-53	176
9O8R_3|Chains	8CYJ_3|Chain	68.700	128	121	128	4.296E-52	173
9O8R_3|Chains	6TYS_2|Chains	70.200	121	121	120	8.083E-52	173
9O8R_3|Chains	7M74_6|Chain	70.000	126	121	228	1.389E-50	169
9O8R_3|Chains	7JHH_6|Chain	70.000	126	121	237	1.389E-50	169
9O8R_3|Chains	7JHH_7|Chain	66.100	121	121	159	1.159E-48	164
9O8R_3|Chains	7UDS_1|Chains	65.200	121	121	226	1.159E-48	164
9O8R_3|Chains	7M74_7|Chain	65.800	120	121	120	4.104E-48	162
9O8R_3|Chains	7KKL_2|Chains	68.500	121	121	125	6.444E-46	156
9O8R_3|Chains	6UKT_4|Chain	63.700	124	121	134	2.281E-45	154
9O8R_3|Chains	8CYJ_2|Chain	63.700	124	121	125	5.887E-45	153
9O8R_3|Chains	7L5J_3|Chains	60.300	121	121	221	4.914E-43	147
9O8R_3|Chains	8CYJ_4|Chain	61.400	127	121	127	3.273E-42	145
9O8R_3|Chains	7DKJ_2|Chains	60.400	122	121	203	5.627E-41	141
9O8R_3|Chains	7LUC_2|Chains	52.800	121	121	121	7.718E-41	141
9O8R_3|Chains	6PZZ_3|Chains	53.700	121	121	224	3.748E-40	139
9O8R_3|Chains	8CYJ_1|Chain	61.200	127	121	127	5.141E-40	139
9O8R_3|Chains	6XEY_2|Chains	52.400	122	121	122	3.424E-39	136
9O8R_3|Chains	6UKT_3|Chain	62.800	121	121	124	3.424E-39	136
9O8R_3|Chains	6UKT_6|Chain	60.800	124	121	134	1.663E-38	134
9O8R_3|Chains	6OZC_4|Chains	55.700	122	121	224	2.281E-38	134
9O8R_3|Chains	8DZI_2|Chains	54.500	121	121	118	5.886E-38	133
9O8R_3|Chains	7MY3_2|Chains	58.100	121	121	127	1.519E-37	132
9O8R_3|Chains	7MFG_3|Chains	54.500	121	121	120	2.084E-37	131
9O8R_3|Chains	7RA8_2|Chains	50.700	126	121	126	3.272E-35	125
9O8R_3|Chains	6U59_4|Chains	55.300	119	121	119	2.989E-34	122
9O8R_3|Chains	6UKT_5|Chain	58.100	121	121	131	4.100E-34	122
9O8R_3|Chains	7LUC_4|Chains	48.000	129	121	129	3.745E-33	119
9O8R_3|Chains	6OPO_5|Chains	47.600	128	121	229	3.745E-33	119
9O8R_3|Chains	6OPQ_5|Chains	47.600	128	121	229	3.745E-33	119
9O8R_3|Chains	6X5B_5|Chains	47.600	128	121	229	3.745E-33	119
9O8R_3|Chains	6OPP_5|Chains	47.600	128	121	229	3.745E-33	119
9O8R_3|Chains	7U9G_3|Chains	50.000	123	121	265	1.818E-32	117
9O8R_3|Chains	6VO1_3|Chains	51.600	121	121	118	6.437E-32	115
9O8R_3|Chains	7UCG_2|Chains	49.100	123	121	234	8.829E-32	115
9O8R_3|Chains	7WEC_1|Chains	47.900	123	121	123	5.879E-31	113
9O8R_3|Chains	7PC2_5|Chains	43.300	123	121	226	8.064E-31	112
9O8R_3|Chains	7UCG_5|Chains	45.100	132	121	243	8.064E-31	112
9O8R_3|Chains	6DFH_3|Chains	48.400	130	121	233	1.900E-29	108
9O8R_3|Chains	7WVF_4|Chain	49.600	122	121	261	2.606E-29	108
9O8R_3|Chains	7LG6_6|Chains	47.500	121	121	225	9.223E-29	106
9O8R_3|Chains	6V4N_2|Chains	45.200	125	121	244	6.140E-28	104
9O8R_3|Chains	7LL2_3|Chains	42.200	122	121	225	5.605E-27	101
9O8R_3|Chains	7LL1_3|Chains	39.800	127	121	229	9.623E-26	98
9O8R_3|Chains	7LG6_2|Chains	39.800	127	121	231	9.623E-26	98
9O8R_3|Chains	6NQD_3|Chains	37.900	132	121	244	9.463E-19	78
9O8R_3|Chains	6OPQ_2|Chains	35.100	108	121	214	5.299E-10	52
9O8R_3|Chains	6OPO_2|Chains	35.100	108	121	214	5.299E-10	52
9O8R_3|Chains	6X5B_3|Chains	35.100	108	121	214	5.299E-10	52
9O8R_3|Chains	6OPP_1|Chains	35.100	108	121	214	5.299E-10	52
9O8R_3|Chains	7PC2_2|Chains	35.100	108	121	215	9.919E-10	51
9O8R_3|Chains	7LG6_5|Chains	33.300	108	121	214	1.214E-08	48
9O8R_3|Chains	7UCG_3|Chains	32.400	108	121	205	2.269E-08	48
9O8R_3|Chains	7L5J_2|Chains	32.400	106	121	211	7.919E-08	46
9O8R_3|Chains	8DZI_3|Chains	31.600	119	121	109	2.759E-07	44
9O8R_3|Chains	7DKJ_3|Chains	34.100	85	121	189	3.768E-07	44
9O8R_3|Chains	7M74_5|Chain	33.300	105	121	211	3.768E-07	44
9O8R_3|Chains	7JHH_5|Chain	33.300	105	121	215	3.768E-07	44
9O8R_3|Chains	7FJE_6|Chain	28.100	110	121	312	1.310E-06	42
9O8R_3|Chains	7WEC_2|Chains	32.500	119	121	107	1.788E-06	42
9O8R_3|Chains	6XDG_5|Chain	30.900	106	121	216	1.788E-06	42
9O8R_3|Chains	7U9G_2|Chains	30.100	106	121	217	1.788E-06	42
9O8R_3|Chains	6XEY_3|Chains	31.400	106	121	110	6.200E-06	40
9O8R_3|Chains	7RA8_3|Chains	30.800	106	121	113	6.200E-06	40
9O8R_3|Chains	6DFH_4|Chains	29.600	108	121	214	6.200E-06	40
9O8R_3|Chains	6TYS_3|Chains	30.400	105	121	107	1.153E-05	40
9O8R_3|Chains	6PZZ_2|Chains	33.300	105	121	214	1.153E-05	40
9O8R_3|Chains	7MFG_4|Chains	33.600	101	121	108	5.429E-05	38
9O8R_3|Chains	6U59_3|Chains	30.400	105	121	112	7.397E-05	37
9O8R_3|Chains	7PC2_6|Chains	30.400	82	121	206	1.008E-04	37
9O8R_3|Chains	6VO1_4|Chains	29.500	105	121	107	1.372E-04	36
9O8R_3|Chains	7LUC_3|Chains	27.500	105	121	112	1.868E-04	36
9O8R_3|Chains	7LL1_4|Chains	25.900	104	121	214	2.543E-04	36
9O8R_3|Chains	7LG6_3|Chains	25.900	104	121	214	2.543E-04	36
9O8R_3|Chains	7WS5_2|Chains	30.400	105	121	108	3.462E-04	35
9O8R_3|Chains	6XDG_2|Chain	31.700	82	121	214	4.711E-04	35
9O8R_3|Chains	7LUC_5|Chains	33.300	82	121	107	8.716E-04	34
9O8R_3|Chains	7LL2_4|Chains	26.800	105	121	217	7.448E-03	31
9O8R_3|Chains	7UDS_2|Chains	27.200	77	121	209	1.371E-02	31
9O8R_3|Chains	6V4N_3|Chains	25.000	86	121	214	2.521E-02	30
9O8R_3|Chains	7L7B_5|Chain	53.300	15	121	390	1.717E+00	24
9O8R_3|Chains	6VW0_5|Chain	53.300	15	121	531	1.717E+00	24
9O8R_3|Chains	6EE8_5|Chain	53.300	15	121	531	1.717E+00	24
9O8R_3|Chains	6EEC_5|Chain	53.300	15	121	531	1.717E+00	24
9O8R_3|Chains	6VVX_5|Chain	53.300	15	121	531	1.717E+00	24
9O8R_3|Chains	6VVY_5|Chain	53.300	15	121	531	1.717E+00	24
9O8R_3|Chains	6VVZ_5|Chain	53.300	15	121	531	1.717E+00	24
9O8R_3|Chains	7MKD_5|Chain	53.300	15	121	613	1.717E+00	24
9O8R_3|Chains	7MKI_6|Chain	53.300	15	121	613	1.717E+00	24
9O8R_3|Chains	7MKJ_5|Chain	53.300	15	121	613	1.717E+00	24
9O8R_3|Chains	7MKE_5|Chain	53.300	15	121	613	1.717E+00	24
9O8R_3|Chains	7SZJ_5|Chain	53.300	15	121	613	1.717E+00	24
9O8R_3|Chains	6OMF_5|Chain	57.100	14	121	331	2.314E+00	24
9O8R_3|Chains	7Z19_5|Chain	28.500	55	121	258	2.478E+01	21
9O8R_3|Chains	8E4N_1|Chains	28.800	58	121	1135	3.326E+01	20
9O8R_3|Chains	8E4M_1|Chains	28.800	58	121	1135	3.326E+01	20
9O8R_3|Chains	8E4L_1|Chains	28.800	58	121	1135	3.326E+01	20
9O8R_3|Chains	7QH2_3|Chains	63.600	11	121	467	4.462E+01	20
9O8R_3|Chains	7L7B_3|Chain	33.300	21	121	1161	5.985E+01	19
11VE_4|Chains	7JY5_1|Chains	100.000	806	821	806	0.000E+00	1608
11VE_4|Chains	7RLF_1|Chains	99.800	806	821	806	0.000E+00	1607
11VE_4|Chains	7RLH_1|Chains	99.800	806	821	806	0.000E+00	1606
11VE_4|Chains	7RLD_1|Chains	99.800	805	821	821	0.000E+00	1605
11VE_4|Chains	7RLB_1|Chains	99.800	805	821	821	0.000E+00	1604
11VE_4|Chains	7RLG_1|Chains	99.800	805	821	821	0.000E+00	1604
11VE_4|Chains	7TFI_3|Chain	25.600	206	821	340	5.484E-06	46
11VE_4|Chains	8DR4_3|Chain	25.600	206	821	340	5.484E-06	46
11VE_4|Chains	8DR6_3|Chain	25.600	206	821	340	5.484E-06	46
11VE_4|Chains	7STB_3|Chain	25.600	206	821	340	5.484E-06	46
11VE_4|Chains	7TFI_1|Chain	27.100	169	821	861	1.981E-04	41
11VE_4|Chains	8DR4_1|Chain	27.100	169	821	918	1.981E-04	41
11VE_4|Chains	8DR6_1|Chain	27.100	169	821	918	1.981E-04	41
11VE_4|Chains	7TFI_4|Chain	24.400	187	821	353	7.152E-03	36
11VE_4|Chains	8DR4_4|Chain	24.400	187	821	353	7.152E-03	36
11VE_4|Chains	8DR6_4|Chain	24.400	187	821	353	7.152E-03	36
11VE_4|Chains	7STB_4|Chain	24.400	187	821	353	7.152E-03	36
11VE_4|Chains	6LVE_1|Chains	100.000	13	821	775	1.958E-01	31
11VE_4|Chains	7W8J_1|Chains	100.000	13	821	775	1.958E-01	31
11VE_4|Chains	6LVB_1|Chains	100.000	13	821	775	1.958E-01	31
11VE_4|Chains	6LVC_1|Chains	100.000	13	821	775	1.958E-01	31
11VE_4|Chains	6LVD_1|Chains	100.000	13	821	775	1.958E-01	31
11VE_4|Chains	7JK5_4|Chain	50.000	26	821	460	7.773E-01	29
11VE_4|Chains	7JK5_6|Chain	29.800	97	821	488	7.773E-01	29
11VE_4|Chains	7UFM_1|Chains	25.000	73	821	311	4.065E+00	27
11VE_4|Chains	7L5J_1|Chains	41.300	29	821	320	4.065E+00	27
11VE_4|Chains	7APD_2|Chains	26.000	68	821	298	5.356E+00	26
11VE_4|Chains	6T2U_3|Chain	22.100	213	821	608	7.056E+00	26
11VE_4|Chains	8B1T_3|Chain	22.100	213	821	608	7.056E+00	26
11VE_4|Chains	7MR0_3|Chain	22.100	213	821	608	7.056E+00	26
11VE_4|Chains	6SJG_3|Chain	22.100	213	821	608	7.056E+00	26
11VE_4|Chains	8B1U_3|Chain	22.100	213	821	608	7.056E+00	26
11VE_4|Chains	6T2V_3|Chain	22.100	213	821	608	7.056E+00	26
11VE_4|Chains	7Z19_5|Chain	27.900	89	821	258	9.296E+00	25
11VE_4|Chains	7O6E_1|Chains	26.900	74	821	181	1.225E+01	25
11VE_4|Chains	8AEY_1|Chains	26.900	74	821	181	1.225E+01	25
11VE_4|Chains	7CTE_3|Chain	36.300	44	821	436	1.225E+01	25
11VE_4|Chains	6EE8_2|Chain	32.100	56	821	1134	1.225E+01	25
11VE_4|Chains	6VVY_2|Chain	32.100	56	821	1179	1.225E+01	25
11VE_4|Chains	6VW0_2|Chain	32.100	56	821	1179	1.225E+01	25
11VE_4|Chains	6EEC_2|Chain	32.100	56	821	1179	1.225E+01	25
11VE_4|Chains	6VVX_2|Chain	32.100	56	821	1179	1.225E+01	25
11VE_4|Chains	6VVZ_2|Chain	32.100	56	821	1179	1.225E+01	25
11VE_4|Chains	6UAN_1|Chains	23.500	119	821	247	1.613E+01	25
11VE_4|Chains	7K0R_1|Chains	24.700	97	821	362	1.613E+01	25
11VE_4|Chains	7TFI_2|Chain	30.100	63	821	323	2.126E+01	24
11VE_4|Chains	8DR4_2|Chain	30.100	63	821	323	2.126E+01	24
11VE_4|Chains	8DR6_2|Chain	30.100	63	821	323	2.126E+01	24
11VE_4|Chains	7STB_2|Chain	30.100	63	821	323	2.126E+01	24
11VE_4|Chains	7JK5_3|Chain	35.400	31	821	462	2.126E+01	24
11VE_4|Chains	7D09_2|Chains	42.100	19	821	273	2.800E+01	24
11VE_4|Chains	8DR4_5|Chain	81.800	11	821	354	2.800E+01	24
11VE_4|Chains	8DR6_5|Chain	81.800	11	821	354	2.800E+01	24
11VE_4|Chains	7STB_5|Chain	81.800	11	821	354	2.800E+01	24
11VE_4|Chains	7TFI_5|Chain	81.800	11	821	354	2.800E+01	24
11VE_4|Chains	7PPJ_1|Chain	34.700	23	821	919	2.800E+01	24
11VE_4|Chains	6FAY_1|Chain	60.000	15	821	1876	2.800E+01	24
11VE_4|Chains	7OTP_1|Chain	20.700	198	821	4148	2.800E+01	24
11VE_4|Chains	7OTW_1|Chain	20.700	198	821	4148	2.800E+01	24
11VE_4|Chains	7OTM_1|Chain	20.700	198	821	4148	2.800E+01	24
11VE_4|Chains	6ZH6_1|Chain	20.700	198	821	4156	2.800E+01	24
11VE_4|Chains	6ZFP_1|Chain	20.700	198	821	4156	2.800E+01	24
11VE_4|Chains	6ZH2_1|Chain	20.700	198	821	4156	2.800E+01	24
11VE_4|Chains	6ZH4_1|Chain	20.700	198	821	4156	2.800E+01	24
11VE_4|Chains	6NTS_1|Chain	27.100	87	821	589	3.689E+01	23
11VE_4|Chains	7SOY_1|Chain	27.100	87	821	589	3.689E+01	23
11VE_4|Chains	7OQH_1|Chains	41.600	24	821	622	3.689E+01	23
11VE_4|Chains	7E5Z_1|Chain	27.100	57	821	995	3.689E+01	23
11VE_4|Chains	7STB_6|Chain	23.800	146	821	401	4.861E+01	23
11VE_4|Chains	7RFE_1|Chains	50.000	22	821	504	4.861E+01	23
11VE_4|Chains	7RFG_1|Chains	50.000	22	821	514	4.861E+01	23
11VE_4|Chains	7RGQ_1|Chains	50.000	22	821	546	4.861E+01	23
11VE_4|Chains	7MKP_2|Chain	20.200	94	821	1340	6.403E+01	23
11VE_4|Chains	7MKD_2|Chain	20.200	94	821	1342	6.403E+01	23
11VE_4|Chains	7SZJ_2|Chain	20.200	94	821	1342	6.403E+01	23
11VE_4|Chains	7MKI_3|Chain	20.200	94	821	1342	6.403E+01	23
11VE_4|Chains	7MKJ_2|Chain	20.200	94	821	1342	6.403E+01	23
11VE_4|Chains	6OMF_2|Chain	20.200	94	821	1342	6.403E+01	23
11VE_4|Chains	7MKE_2|Chain	20.200	94	821	1342	6.403E+01	23
11VE_4|Chains	6GVE_3|Chains	23.200	43	821	334	8.436E+01	22
11VE_4|Chains	8A6T_2|Chains	60.000	15	821	630	8.436E+01	22
11VE_4|Chains	7MEY_1|Chain	31.200	48	821	1950	8.436E+01	22
11VE_4|Chains	7MEX_4|Chain	31.200	48	821	1950	8.436E+01	22
9PQO_1|Chains	7ZYY_1|Chains	24.700	86	207	1143	4.209E-01	27
9PQO_1|Chains	7TFI_3|Chain	40.000	35	207	340	1.751E+00	25
9PQO_1|Chains	8DR4_3|Chain	40.000	35	207	340	1.751E+00	25
9PQO_1|Chains	8DR6_3|Chain	40.000	35	207	340	1.751E+00	25
9PQO_1|Chains	7STB_3|Chain	40.000	35	207	340	1.751E+00	25
9PQO_1|Chains	6KA4_1|Chains	24.100	118	207	701	7.261E+00	23
9PQO_1|Chains	7P1H_1|Chain	26.000	99	207	827	1.282E+01	23
9PQO_1|Chains	7WSF_1|Chain	32.100	28	207	739	3.003E+01	21
9PQO_1|Chains	6KFF_1|Chains	38.800	18	207	389	3.988E+01	21
9PQO_1|Chains	7W84_1|Chain	57.100	14	207	1131	3.988E+01	21
9PQO_1|Chains	7OTP_1|Chain	23.700	130	207	4148	3.988E+01	21
9PQO_1|Chains	7OTW_1|Chain	23.700	130	207	4148	3.988E+01	21
9PQO_1|Chains	7OTM_1|Chain	23.700	130	207	4148	3.988E+01	21
9PQO_1|Chains	6ZH6_1|Chain	23.700	130	207	4156	3.988E+01	21
9PQO_1|Chains	6ZFP_1|Chain	23.700	130	207	4156	3.988E+01	21
9PQO_1|Chains	6ZH2_1|Chain	23.700	130	207	4156	3.988E+01	21
9PQO_1|Chains	6ZH4_1|Chain	23.700	130	207	4156	3.988E+01	21
9PQO_1|Chains	6GVE_3|Chains	34.600	26	207	334	9.332E+01	20
9PQO_1|Chains	7M74_4|Chain	31.900	47	207	373	9.332E+01	20
9PQO_1|Chains	7JHH_4|Chain	31.900	47	207	373	9.332E+01	20
9PQO_1|Chains	7NZM_5|Chain	31.900	47	207	444	9.332E+01	20
9PQO_1|Chains	6YSN_1|Chains	31.900	47	207	1146	9.332E+01	20
9PQO_1|Chains	6DBU_1|Chains	31.900	47	207	1159	9.332E+01	20
9T3X_3|Chain	6DBU_1|Chains	97.100	391	464	1159	8.211E-255	778
9T3X_3|Chain	7P1H_1|Chain	96.600	387	464	827	5.530E-251	767
9T3X_3|Chain	6YSN_1|Chains	96.600	384	464	1146	4.538E-249	761
9T3X_3|Chain	7NZM_5|Chain	100.000	366	464	444	4.110E-248	758
9T3X_3|Chain	7M74_4|Chain	99.100	367	464	373	4.619E-246	752
9T3X_3|Chain	7JHH_4|Chain	99.100	367	464	373	4.619E-246	752
9T3X_3|Chain	8E4N_1|Chains	53.300	30	464	1135	2.817E+00	26
9T3X_3|Chain	8E4M_1|Chains	53.300	30	464	1135	2.817E+00	26
9T3X_3|Chain	8E4L_1|Chains	53.300	30	464	1135	2.817E+00	26
9T3X_3|Chain	6KLX_1|Chains	26.400	121	464	666	8.552E+00	25
9T3X_3|Chain	6NR3_1|Chains	73.300	15	464	1135	8.552E+00	25
9T3X_3|Chain	7ZZY_1|Chains	90.000	10	464	183	2.595E+01	23
9T3X_3|Chain	8AG6_2|Chain	23.000	100	464	1414	2.595E+01	23
9T3X_3|Chain	6SP2_1|Chains	83.300	12	464	513	3.425E+01	23
9T3X_3|Chain	7UWL_1|Chains	75.000	12	464	188	4.521E+01	22
9T3X_3|Chain	7EBF_1|Chains	31.100	45	464	556	4.521E+01	22
9T3X_3|Chain	7LGJ_1|Chains	32.200	57	464	879	4.521E+01	22
9T3X_3|Chain	7LGQ_1|Chains	32.200	57	464	879	4.521E+01	22
9T3X_3|Chain	7LG5_1|Chains	32.200	57	464	879	4.521E+01	22
9T3X_3|Chain	7TXV_1|Chains	32.200	57	464	879	4.521E+01	22
9T3X_3|Chain	6X29_1|Chains	100.000	9	464	1273	4.521E+01	22
9T3X_3|Chain	7UB6_1|Chains	100.000	9	464	1285	4.521E+01	22
9T3X_3|Chain	8DZI_1|Chains	31.100	61	464	1285	4.521E+01	22
9T3X_3|Chain	7TPH_1|Chains	100.000	9	464	1286	4.521E+01	22
9T3X_3|Chain	7TP7_1|Chains	100.000	9	464	1286	4.521E+01	22
9T3X_3|Chain	7KE7_1|Chains	100.000	9	464	1288	4.521E+01	22
9T3X_3|Chain	7KEC_1|Chains	100.000	9	464	1288	4.521E+01	22
9T3X_3|Chain	7KEA_1|Chains	100.000	9	464	1288	4.521E+01	22
9T3X_3|Chain	6VSB_1|Chains	100.000	9	464	1288	4.521E+01	22
9T3X_3|Chain	7KE9_1|Chains	100.000	9	464	1288	4.521E+01	22
9T3X_3|Chain	7RA8_1|Chains	100.000	9	464	1288	4.521E+01	22
9T3X_3|Chain	7KDH_1|Chains	100.000	9	464	1288	4.521E+01	22
9T3X_3|Chain	7KKL_1|Chains	100.000	9	464	1288	4.521E+01	22
9T3X_3|Chain	6XKL_1|Chains	100.000	9	464	1288	4.521E+01	22
9T3X_3|Chain	7KEB_1|Chains	100.000	9	464	1288	4.521E+01	22
9T3X_3|Chain	6XEY_1|Chains	100.000	9	464	1288	4.521E+01	22
9T3X_3|Chain	7LYL_1|Chains	100.000	9	464	1288	4.521E+01	22
9T3X_3|Chain	8CSA_1|Chains	100.000	9	464	1288	4.521E+01	22
9T3X_3|Chain	6ZP5_1|Chains	100.000	9	464	1288	4.521E+01	22
9T3X_3|Chain	7MY3_1|Chains	100.000	9	464	1288	4.521E+01	22
9T3X_3|Chain	7LYM_1|Chains	100.000	9	464	1288	4.521E+01	22
9T3X_3|Chain	7KDJ_1|Chains	100.000	9	464	1288	4.521E+01	22
9T3X_3|Chain	7T6L_1|Chains	24.100	141	464	739	5.967E+01	22
9T3X_3|Chain	7PPJ_1|Chain	81.800	11	464	919	5.967E+01	22
9T3X_3|Chain	7UWL_2|Chains	64.200	14	464	305	7.874E+01	21
9T3X_3|Chain	7UWL_3|Chains	64.200	14	464	319	7.874E+01	21
9T3X_3|Chain	8F6C_1|Chains	28.500	49	464	658	7.874E+01	21
9T3X_3|Chain	7ZPM_2|Chains	27.200	44	464	757	7.874E+01	21
9T3X_3|Chain	7E5Z_1|Chain	30.100	53	464	995	7.874E+01	21
11TL_1|Chain	8DEP_1|Chain	99.000	107	475	678	1.083E-57	206
11TL_1|Chain	7TX7_1|Chain	99.000	107	475	678	1.083E-57	206
11TL_1|Chain	6OVH_1|Chains	77.100	105	475	106	7.555E-37	143
11TL_1|Chain	8CY8_1|Chains	66.600	12	475	328	3.517E+01	23
11TL_1|Chain	7S15_1|Chain	44.400	18	475	399	4.642E+01	22
11TL_1|Chain	7DMP_3|Chains	64.200	14	475	276	6.125E+01	22
11TL_1|Chain	6W8N_1|Chains	61.500	13	475	504	8.083E+01	21
11TL_1|Chain	6W8O_1|Chains	61.500	13	475	504	8.083E+01	21
11TL_1|Chain	6W8P_1|Chains	61.500	13	475	504	8.083E+01	21
11TL_1|Chain	7LF6_1|Chains	61.500	13	475	504	8.083E+01	21
25XL_1|Chain	6Y5A_1|Chains	93.900	33	3989	538	2.027E-11	66
25XL_1|Chain	6Y5B_1|Chains	93.900	33	3989	538	2.027E-11	66
25XL_1|Chain	6Y59_1|Chains	93.900	33	3989	538	2.027E-11	66
25XL_1|Chain	8AG6_2|Chain	100.000	29	3989	1414	1.380E-10	64
25XL_1|Chain	7UDS_4|Chains	100.000	28	3989	206	4.130E-10	62
25XL_1|Chain	7U9G_3|Chains	100.000	28	3989	265	4.130E-10	62
25XL_1|Chain	6R6B_2|Chain	100.000	28	3989	295	4.130E-10	62
25XL_1|Chain	6S3R_2|Chain	100.000	28	3989	300	4.130E-10	62
25XL_1|Chain	6R69_2|Chain	100.000	28	3989	303	4.130E-10	62
25XL_1|Chain	7L7B_2|Chain	93.100	29	3989	1266	9.397E-10	61
25XL_1|Chain	6NQD_2|Chains	92.800	28	3989	184	4.864E-09	59
25XL_1|Chain	6SP2_1|Chains	92.800	28	3989	513	4.864E-09	59
25XL_1|Chain	7N1T_1|Chains	93.100	29	3989	1305	4.356E-08	55
25XL_1|Chain	7N1U_1|Chains	93.100	29	3989	1305	4.356E-08	55
25XL_1|Chain	7N1Q_1|Chains	93.100	29	3989	1305	4.356E-08	55
25XL_1|Chain	7SBL_1|Chains	93.100	29	3989	1308	4.356E-08	55
25XL_1|Chain	7SBK_1|Chains	93.100	29	3989	1308	4.356E-08	55
25XL_1|Chain	7SBS_1|Chains	93.100	29	3989	1310	4.356E-08	55
25XL_1|Chain	7SBP_1|Chains	93.100	29	3989	1310	4.356E-08	55
25XL_1|Chain	7KRS_1|Chains	93.100	29	3989	1310	4.356E-08	55
25XL_1|Chain	6X29_1|Chains	89.600	29	3989	1273	9.910E-08	54
25XL_1|Chain	7UB6_1|Chains	89.600	29	3989	1285	9.910E-08	54
25XL_1|Chain	8DZI_1|Chains	89.600	29	3989	1285	9.910E-08	54
25XL_1|Chain	7TPH_1|Chains	89.600	29	3989	1286	9.910E-08	54
25XL_1|Chain	7TP7_1|Chains	89.600	29	3989	1286	9.910E-08	54
25XL_1|Chain	7KE7_1|Chains	89.600	29	3989	1288	9.910E-08	54
25XL_1|Chain	7KEC_1|Chains	89.600	29	3989	1288	9.910E-08	54
25XL_1|Chain	7KEA_1|Chains	89.600	29	3989	1288	9.910E-08	54
25XL_1|Chain	6VSB_1|Chains	89.600	29	3989	1288	9.910E-08	54
25XL_1|Chain	7KE9_1|Chains	89.600	29	3989	1288	9.910E-08	54
25XL_1|Chain	7RA8_1|Chains	89.600	29	3989	1288	9.910E-08	54
25XL_1|Chain	7KDH_1|Chains	89.600	29	3989	1288	9.910E-08	54
25XL_1|Chain	7KKL_1|Chains	89.600	29	3989	1288	9.910E-08	54
25XL_1|Chain	6XKL_1|Chains	89.600	29	3989	1288	9.910E-08	54
25XL_1|Chain	7KEB_1|Chains	89.600	29	3989	1288	9.910E-08	54
25XL_1|Chain	6XEY_1|Chains	89.600	29	3989	1288	9.910E-08	54
25XL_1|Chain	7LYL_1|Chains	89.600	29	3989	1288	9.910E-08	54
25XL_1|Chain	8CSA_1|Chains	89.600	29	3989	1288	9.910E-08	54
25XL_1|Chain	6ZP5_1|Chains	89.600	29	3989	1288	9.910E-08	54
25XL_1|Chain	7MY3_1|Chains	89.600	29	3989	1288	9.910E-08	54
25XL_1|Chain	7LYM_1|Chains	89.600	29	3989	1288	9.910E-08	54
25XL_1|Chain	7KDJ_1|Chains	89.600	29	3989	1288	9.910E-08	54
25XL_1|Chain	6L42_1|Chain	23.400	294	3989	2109	3.900E-07	52
25XL_1|Chain	7WKS_1|Chains	82.100	28	3989	680	3.493E-06	49
25XL_1|Chain	6KLC_1|Chain	21.500	358	3989	2218	1.375E-05	47
25XL_1|Chain	6J5W_2|Chain	26.200	195	3989	852	1.162E-01	34
25XL_1|Chain	6D05_3|Chains	24.500	173	3989	820	3.477E-01	33
25XL_1|Chain	6D04_3|Chains	24.500	173	3989	820	3.477E-01	33
25XL_1|Chain	7ZPM_2|Chains	38.700	31	3989	757	7.912E-01	31
25XL_1|Chain	7PPJ_1|Chain	24.400	206	3989	919	4.095E+00	29
25XL_1|Chain	7USD_1|Chain	24.700	89	3989	1253	5.386E+00	29
25XL_1|Chain	7MKP_3|Chain	24.300	78	3989	1363	9.317E+00	28
25XL_1|Chain	7MKD_3|Chain	24.300	78	3989	1407	9.317E+00	28
25XL_1|Chain	7MKI_4|Chain	24.300	78	3989	1407	9.317E+00	28
25XL_1|Chain	7MKJ_3|Chain	24.300	78	3989	1407	9.317E+00	28
25XL_1|Chain	7MK2_1|Chains	33.300	54	3989	606	1.225E+01	27
25XL_1|Chain	7YHQ_1|Chain	25.700	95	3989	757	1.612E+01	27
25XL_1|Chain	6DBU_1|Chains	26.300	91	3989	1159	1.612E+01	27
25XL_1|Chain	6SYT_1|Chain	28.000	96	3989	3712	1.612E+01	27
25XL_1|Chain	6NR3_1|Chains	34.700	46	3989	1135	2.120E+01	27
25XL_1|Chain	6VXK_2|Chains	30.900	42	3989	1545	2.120E+01	27
25XL_1|Chain	7LUC_1|Chains	26.700	110	3989	527	2.788E+01	26
25XL_1|Chain	6D05_1|Chains	40.000	35	3989	659	2.788E+01	26
25XL_1|Chain	6D04_1|Chains	40.000	35	3989	659	2.788E+01	26
25XL_1|Chain	6LZ1_1|Chains	34.000	48	3989	1133	2.788E+01	26
25XL_1|Chain	7F3E_1|Chains	28.300	59	3989	195	3.667E+01	26
25XL_1|Chain	7WGR_1|Chains	29.400	50	3989	895	3.667E+01	26
25XL_1|Chain	6O6A_1|Chains	32.600	46	3989	1098	3.667E+01	26
25XL_1|Chain	6O6R_1|Chains	32.600	46	3989	1098	3.667E+01	26
25XL_1|Chain	7L7B_5|Chain	28.800	45	3989	390	4.822E+01	25
25XL_1|Chain	6XOT_1|Chain	21.100	109	3989	1014	4.822E+01	25
25XL_1|Chain	6XOS_1|Chain	21.100	109	3989	1014	4.822E+01	25
25XL_1|Chain	6QXF_2|Chains	100.000	8	3989	302	6.343E+01	25
25XL_1|Chain	6VAK_1|Chains	100.000	8	3989	334	6.343E+01	25
25XL_1|Chain	7P1H_2|Chain	24.600	73	3989	372	6.343E+01	25
25XL_1|Chain	6ZBG_3|Chain	24.300	115	3989	416	6.343E+01	25
25XL_1|Chain	6ZBD_3|Chain	24.300	115	3989	416	6.343E+01	25
25XL_1|Chain	6ZBC_3|Chain	24.300	115	3989	416	6.343E+01	25
25XL_1|Chain	6ZBH_3|Chain	24.300	115	3989	416	6.343E+01	25
25XL_1|Chain	6ZBF_3|Chain	24.300	115	3989	416	6.343E+01	25
25XL_1|Chain	7SOY_2|Chain	27.000	73	3989	449	6.343E+01	25
25XL_1|Chain	8EOB_1|Chains	23.000	73	3989	756	6.343E+01	25
25XL_1|Chain	6ZBL_2|Chains	24.300	115	3989	792	6.343E+01	25
25XL_1|Chain	6ZBJ_2|Chains	24.300	115	3989	792	6.343E+01	25
25XL_1|Chain	7RLB_1|Chains	81.800	11	3989	821	6.343E+01	25
25XL_1|Chain	7RLG_1|Chains	81.800	11	3989	821	6.343E+01	25
25XL_1|Chain	7RLD_1|Chains	81.800	11	3989	821	6.343E+01	25
25XL_1|Chain	6OWT_1|Chain	42.800	28	3989	939	6.343E+01	25
25XL_1|Chain	8B8J_1|Chains	25.500	85	3989	975	6.343E+01	25
25XL_1|Chain	8E4N_1|Chains	25.800	116	3989	1135	6.343E+01	25
25XL_1|Chain	8E4M_1|Chains	25.800	116	3989	1135	6.343E+01	25
25XL_1|Chain	8E4L_1|Chains	25.800	116	3989	1135	6.343E+01	25
25XL_1|Chain	7NZM_3|Chain	27.300	73	3989	375	8.342E+01	25
25XL_1|Chain	7VD9_1|Chains	31.100	45	3989	527	8.342E+01	25
25XL_1|Chain	7P8W_1|Chains	31.100	45	3989	527	8.342E+01	25
25XL_1|Chain	6CVM_1|Chains	40.500	37	3989	1021	8.342E+01	25
25XL_1|Chain	6DRV_1|Chains	40.500	37	3989	1024	8.342E+01	25
9XGX_3|Chain	6XDG_1|Chain	100.000	199	199	251	7.999E-141	434
9XGX_3|Chain	7Y42_1|Chains	100.000	199	199	1121	7.999E-141	434
9XGX_3|Chain	6ZP0_1|Chains	100.000	199	199	1247	7.999E-141	434
9XGX_3|Chain	8CYJ_5|Chain	100.000	199	199	1273	7.999E-141	434
9XGX_3|Chain	7JJI_1|Chains	100.000	199	199	1273	7.999E-141	434
9XGX_3|Chain	7EB0_1|Chains	100.000	199	199	1283	7.999E-141	434
9XGX_3|Chain	7KE7_1|Chains	100.000	199	199	1288	7.999E-141	434
9XGX_3|Chain	7KEC_1|Chains	100.000	199	199	1288	7.999E-141	434
9XGX_3|Chain	7KEA_1|Chains	100.000	199	199	1288	7.999E-141	434
9XGX_3|Chain	6VSB_1|Chains	100.000	199	199	1288	7.999E-141	434
9XGX_3|Chain	7KE9_1|Chains	100.000	199	199	1288	7.999E-141	434
9XGX_3|Chain	7RA8_1|Chains	100.000	199	199	1288	7.999E-141	434
9XGX_3|Chain	7KDH_1|Chains	100.000	199	199	1288	7.999E-141	434
9XGX_3|Chain	7KKL_1|Chains	100.000	199	199	1288	7.999E-141	434
9XGX_3|Chain	6XKL_1|Chains	100.000	199	199	1288	7.999E-141	434
9XGX_3|Chain	7KEB_1|Chains	100.000	199	199	1288	7.999E-141	434
9XGX_3|Chain	6XEY_1|Chains	100.000	199	199	1288	7.999E-141	434
9XGX_3|Chain	6ZP5_1|Chains	100.000	199	199	1288	7.999E-141	434
9XGX_3|Chain	7MY3_1|Chains	100.000	199	199	1288	7.999E-141	434
9XGX_3|Chain	7KDJ_1|Chains	100.000	199	199	1288	7.999E-141	434
9XGX_3|Chain	7KRS_1|Chains	100.000	199	199	1310	7.999E-141	434
9XGX_3|Chain	7E7D_1|Chains	100.000	199	199	1520	7.999E-141	434
9XGX_3|Chain	7TLB_1|Chains	99.400	199	199	1208	3.873E-140	432
9XGX_3|Chain	7TLA_1|Chains	99.400	199	199	1208	3.873E-140	432
9XGX_3|Chain	6ZOY_1|Chains	99.400	199	199	1247	3.873E-140	432
9XGX_3|Chain	6ZOZ_1|Chains	99.400	199	199	1247	3.873E-140	432
9XGX_3|Chain	6X29_1|Chains	99.400	199	199	1273	3.873E-140	432
9XGX_3|Chain	7N1U_1|Chains	99.400	199	199	1305	9.979E-140	430
9XGX_3|Chain	7XU4_1|Chains	99.400	199	199	1127	1.368E-139	430
9XGX_3|Chain	7XU5_1|Chains	99.400	199	199	1127	1.368E-139	430
9XGX_3|Chain	7XU2_1|Chains	99.400	199	199	1127	1.368E-139	430
9XGX_3|Chain	7SBP_1|Chains	98.900	199	199	1310	1.368E-139	430
9XGX_3|Chain	7TPH_1|Chains	98.900	199	199	1286	3.524E-139	429
9XGX_3|Chain	7TP7_1|Chains	98.900	199	199	1286	3.524E-139	429
9XGX_3|Chain	7SBL_1|Chains	98.900	199	199	1308	3.524E-139	429
9XGX_3|Chain	7SBK_1|Chains	98.900	199	199	1308	3.524E-139	429
9XGX_3|Chain	7LYL_1|Chains	98.400	199	199	1288	1.706E-138	427
9XGX_3|Chain	8CSA_1|Chains	98.400	199	199	1288	1.706E-138	427
9XGX_3|Chain	7LYM_1|Chains	98.400	199	199	1288	1.706E-138	427
9XGX_3|Chain	7N1T_1|Chains	98.400	199	199	1305	1.706E-138	427
9XGX_3|Chain	7N1Q_1|Chains	98.400	199	199	1305	1.706E-138	427
9XGX_3|Chain	7SBS_1|Chains	98.400	199	199	1310	2.339E-138	426
9XGX_3|Chain	7WS5_1|Chains	92.400	199	199	1205	1.879E-129	401
9XGX_3|Chain	7XO5_1|Chains	92.400	199	199	1205	1.879E-129	401
9XGX_3|Chain	7WEC_3|Chains	92.400	199	199	1270	1.879E-129	401
9XGX_3|Chain	8DZI_1|Chains	92.400	199	199	1285	1.879E-129	401
9XGX_3|Chain	7UB6_1|Chains	91.900	199	199	1285	6.637E-129	399
9XGX_3|Chain	7YQT_1|Chains	91.400	199	199	1270	1.135E-127	396
9XGX_3|Chain	7CN4_1|Chains	89.400	199	199	1267	2.660E-126	392
9XGX_3|Chain	6ZGF_1|Chains	89.400	199	199	1283	2.660E-126	392
9XGX_3|Chain	7WSF_2|Chain	72.600	183	199	190	7.016E-93	295
9XGX_3|Chain	6DFH_3|Chains	31.500	57	199	233	2.146E+01	22
9XGX_3|Chain	7LZJ_1|Chains	19.800	141	199	907	2.146E+01	22
9XGX_3|Chain	6TGA_1|Chains	28.800	45	199	958	2.851E+01	21
9XGX_3|Chain	6TG9_1|Chains	28.800	45	199	958	2.851E+01	21
9XGX_3|Chain	7U9G_2|Chains	31.000	29	199	217	5.033E+01	21
9XGX_3|Chain	7OTP_1|Chain	44.100	33	199	4148	5.033E+01	21
9XGX_3|Chain	7OTW_1|Chain	44.100	33	199	4148	5.033E+01	21
9XGX_3|Chain	7OTM_1|Chain	44.100	33	199	4148	5.033E+01	21
9XGX_3|Chain	6ZH6_1|Chain	44.100	33	199	4156	5.033E+01	21
9XGX_3|Chain	6ZFP_1|Chain	44.100	33	199	4156	5.033E+01	21
9XGX_3|Chain	6ZH2_1|Chain	44.100	33	199	4156	5.033E+01	21
9XGX_3|Chain	6ZH4_1|Chain	44.100	33	199	4156	5.033E+01	21
9XGX_3|Chain	8AT6_2|Chains	25.800	31	199	309	6.685E+01	20
9XGX_3|Chain	6C6L_6|Chain	44.400	27	199	345	6.685E+01	20
9XGX_3|Chain	6M0S_4|Chain	44.400	27	199	345	6.685E+01	20
9XGX_3|Chain	6DFH_4|Chains	35.000	20	199	214	8.879E+01	20
9XGX_3|Chain	6VTT_1|Chains	33.300	24	199	471	8.879E+01	20
9XGX_3|Chain	7UCG_4|Chains	33.300	24	199	507	8.879E+01	20
9XWM_4|Chain	6VO1_4|Chains	65.400	107	107	107	7.898E-45	152
9XWM_4|Chain	6XDG_2|Chain	64.400	107	107	214	9.915E-44	149
9XWM_4|Chain	7JHH_5|Chain	64.400	107	107	215	4.411E-42	144
9XWM_4|Chain	7M74_5|Chain	65.300	104	107	211	1.139E-41	143
9XWM_4|Chain	6PZZ_2|Chains	58.800	107	107	214	1.043E-40	140
9XWM_4|Chain	6OZC_3|Chains	60.700	107	107	213	1.963E-40	139
9XWM_4|Chain	7WS5_2|Chains	61.100	108	107	108	5.069E-40	138
9XWM_4|Chain	7LG6_5|Chains	59.400	106	107	214	5.069E-40	138
9XWM_4|Chain	7DKJ_3|Chains	56.000	107	107	189	4.640E-39	135
9XWM_4|Chain	6OPQ_2|Chains	60.300	106	107	214	8.735E-39	134
9XWM_4|Chain	6OPO_2|Chains	60.300	106	107	214	8.735E-39	134
9XWM_4|Chain	6X5B_3|Chains	60.300	106	107	214	8.735E-39	134
9XWM_4|Chain	6OPP_1|Chains	60.300	106	107	214	8.735E-39	134
9XWM_4|Chain	7LUC_5|Chains	57.000	107	107	107	1.198E-38	134
9XWM_4|Chain	7UDS_2|Chains	61.300	106	107	209	3.095E-38	133
9XWM_4|Chain	8DZI_3|Chains	58.800	107	107	109	4.247E-38	132
9XWM_4|Chain	6TYS_3|Chains	57.000	107	107	107	7.996E-38	132
9XWM_4|Chain	6V4N_3|Chains	57.000	107	107	214	7.996E-38	132
9XWM_4|Chain	7L5J_2|Chains	58.400	106	107	211	1.097E-37	131
9XWM_4|Chain	7WEC_2|Chains	57.500	106	107	107	2.065E-37	130
9XWM_4|Chain	7LL1_4|Chains	54.700	106	107	214	1.891E-36	128
9XWM_4|Chain	7LG6_3|Chains	54.700	106	107	214	1.891E-36	128
9XWM_4|Chain	7PC2_2|Chains	58.800	107	107	215	3.559E-36	127
9XWM_4|Chain	7LL2_4|Chains	56.700	110	107	217	4.094E-34	121
9XWM_4|Chain	6NQD_4|Chains	52.700	108	107	215	5.618E-34	121
9XWM_4|Chain	7MFG_4|Chains	52.300	107	107	108	1.991E-33	119
9XWM_4|Chain	7LUC_3|Chains	48.200	112	107	112	7.059E-33	117
9XWM_4|Chain	6U59_3|Chains	50.000	112	107	112	1.021E-29	108
9XWM_4|Chain	7U9G_2|Chains	48.600	107	107	217	1.239E-24	94
9XWM_4|Chain	6DFH_4|Chains	46.000	98	107	214	2.333E-24	93
9XWM_4|Chain	7PC2_6|Chains	46.700	107	107	206	8.271E-24	91
9XWM_4|Chain	7RA8_3|Chains	47.900	98	107	113	7.575E-23	89
9XWM_4|Chain	6XEY_3|Chains	45.300	97	107	110	1.039E-22	88
9XWM_4|Chain	7WVF_4|Chain	43.800	104	107	261	1.957E-22	87
9XWM_4|Chain	6XDG_5|Chain	44.000	100	107	216	3.375E-21	84
9XWM_4|Chain	7UCG_3|Chains	44.700	96	107	205	2.252E-20	81
9XWM_4|Chain	6VTT_3|Chain	40.000	108	107	217	1.095E-19	79
9XWM_4|Chain	7UCG_6|Chains	39.800	102	107	216	1.503E-19	79
9XWM_4|Chain	7FJE_6|Chain	28.900	113	107	312	1.285E-07	45
9XWM_4|Chain	6U59_4|Chains	29.900	104	107	119	2.172E-06	41
9XWM_4|Chain	7FJE_5|Chain	31.900	94	107	272	4.068E-06	40
9XWM_4|Chain	7LG6_6|Chains	25.700	105	107	225	1.425E-05	39
9XWM_4|Chain	7MFG_3|Chains	27.100	105	107	120	4.982E-05	37
9XWM_4|Chain	8CYJ_4|Chain	25.600	112	107	127	1.272E-04	36
9XWM_4|Chain	6UKT_5|Chain	26.400	106	107	131	1.272E-04	36
9XWM_4|Chain	7M74_7|Chain	27.200	106	107	120	1.738E-04	36
9XWM_4|Chain	7JHH_7|Chain	27.200	106	107	159	1.738E-04	36
9XWM_4|Chain	6UKT_4|Chain	24.700	109	107	134	3.243E-04	35
9XWM_4|Chain	7L5J_3|Chains	28.000	104	107	221	3.243E-04	35
9XWM_4|Chain	7KKL_2|Chains	26.600	104	107	125	6.049E-04	34
9XWM_4|Chain	6UKT_3|Chain	27.600	99	107	124	1.127E-03	33
9XWM_4|Chain	7M74_6|Chain	29.200	97	107	228	1.127E-03	33
9XWM_4|Chain	7JHH_6|Chain	29.200	97	107	237	1.127E-03	33
9XWM_4|Chain	7DKJ_2|Chains	29.000	106	107	203	2.099E-03	33
9XWM_4|Chain	6TYS_2|Chains	25.200	103	107	120	2.863E-03	32
9XWM_4|Chain	7PC2_1|Chains	24.700	117	107	240	2.863E-03	32
9XWM_4|Chain	6NQD_3|Chains	31.300	85	107	244	2.863E-03	32
9XWM_4|Chain	6VTT_2|Chain	27.600	102	107	257	3.905E-03	32
9XWM_4|Chain	6UKT_6|Chain	30.100	81	107	134	7.257E-03	31
9XWM_4|Chain	6XDG_4|Chain	28.500	105	107	225	7.257E-03	31
9XWM_4|Chain	6XDG_3|Chain	22.800	105	107	226	4.630E-02	29
9XWM_4|Chain	7LL1_3|Chains	28.800	87	107	229	4.630E-02	29
9XWM_4|Chain	7LG6_2|Chains	28.800	87	107	231	4.630E-02	29
9XWM_4|Chain	8CYJ_3|Chain	23.600	113	107	128	1.583E-01	27
9XWM_4|Chain	7WS5_3|Chains	24.000	108	107	123	2.150E-01	27
9XWM_4|Chain	7UCG_2|Chains	23.100	108	107	234	3.964E-01	26
9XWM_4|Chain	7E7D_1|Chains	33.300	45	107	1520	1.340E+00	24
9XWM_4|Chain	6DBU_2|Chains	50.000	16	107	533	2.458E+00	23
9XWM_4|Chain	7UFT_1|Chains	29.700	47	107	1057	4.499E+00	23
9XWM_4|Chain	7Z19_4|Chains	31.200	32	107	281	6.082E+00	22
9XWM_4|Chain	8CYJ_1|Chain	27.900	65	107	127	8.217E+00	22
9XWM_4|Chain	6OZC_4|Chains	25.600	108	107	224	2.724E+01	20
9XWM_4|Chain	7UFS_1|Chains	29.000	31	107	1069	2.724E+01	20
9XWM_4|Chain	7STB_7|Chain	25.300	75	107	646	4.944E+01	19
9XWM_4|Chain	7WSF_1|Chain	43.700	16	107	739	4.944E+01	19
9XWM_4|Chain	7Y42_1|Chains	54.500	11	107	1121	6.655E+01	19
9XWM_4|Chain	7XU4_1|Chains	54.500	11	107	1127	6.655E+01	19
9XWM_4|Chain	7XU5_1|Chains	54.500	11	107	1127	6.655E+01	19
9XWM_4|Chain	7XU2_1|Chains	54.500	11	107	1127	6.655E+01	19
9XWM_4|Chain	7XO5_1|Chains	54.500	11	107	1205	6.655E+01	19
9XWM_4|Chain	7TLB_1|Chains	54.500	11	107	1208	6.655E+01	19
9XWM_4|Chain	7TLA_1|Chains	54.500	11	107	1208	6.655E+01	19
9XWM_4|Chain	6ZOY_1|Chains	54.500	11	107	1247	6.655E+01	19
9XWM_4|Chain	6ZP0_1|Chains	54.500	11	107	1247	6.655E+01	19
9XWM_4|Chain	6ZOZ_1|Chains	54.500	11	107	1247	6.655E+01	19
9XWM_4|Chain	7CN4_1|Chains	54.500	11	107	1267	6.655E+01	19
9XWM_4|Chain	7WEC_3|Chains	54.500	11	107	1270	6.655E+01	19
9XWM_4|Chain	6X29_1|Chains	54.500	11	107	1273	6.655E+01	19
9XWM_4|Chain	8CYJ_5|Chain	54.500	11	107	1273	6.655E+01	19
9XWM_4|Chain	7JJI_1|Chains	54.500	11	107	1273	6.655E+01	19
9XWM_4|Chain	6ZGF_1|Chains	54.500	11	107	1283	6.655E+01	19
9XWM_4|Chain	7EB0_1|Chains	54.500	11	107	1283	6.655E+01	19
9XWM_4|Chain	7UB6_1|Chains	54.500	11	107	1285	6.655E+01	19
9XWM_4|Chain	7TPH_1|Chains	54.500	11	107	1286	6.655E+01	19
9XWM_4|Chain	7TP7_1|Chains	54.500	11	107	1286	6.655E+01	19
9XWM_4|Chain	7KE7_1|Chains	54.500	11	107	1288	6.655E+01	19
9XWM_4|Chain	7KEC_1|Chains	54.500	11	107	1288	6.655E+01	19
9XWM_4|Chain	7KEA_1|Chains	54.500	11	107	1288	6.655E+01	19
9XWM_4|Chain	6VSB_1|Chains	54.500	11	107	1288	6.655E+01	19
9XWM_4|Chain	7KE9_1|Chains	54.500	11	107	1288	6.655E+01	19
9XWM_4|Chain	7KDH_1|Chains	54.500	11	107	1288	6.655E+01	19
9XWM_4|Chain	7KKL_1|Chains	54.500	11	107	1288	6.655E+01	19
9XWM_4|Chain	7KEB_1|Chains	54.500	11	107	1288	6.655E+01	19
9XWM_4|Chain	6XEY_1|Chains	54.500	11	107	1288	6.655E+01	19
9XWM_4|Chain	7LYL_1|Chains	54.500	11	107	1288	6.655E+01	19
9XWM_4|Chain	8CSA_1|Chains	54.500	11	107	1288	6.655E+01	19
9XWM_4|Chain	6ZP5_1|Chains	54.500	11	107	1288	6.655E+01	19
9XWM_4|Chain	7LYM_1|Chains	54.500	11	107	1288	6.655E+01	19
9XWM_4|Chain	7KDJ_1|Chains	54.500	11	107	1288	6.655E+01	19
9XWM_4|Chain	7N1T_1|Chains	54.500	11	107	1305	6.655E+01	19
9XWM_4|Chain	7N1U_1|Chains	54.500	11	107	1305	6.655E+01	19
9XWM_4|Chain	7N1Q_1|Chains	54.500	11	107	1305	6.655E+01	19
9XWM_4|Chain	7SBL_1|Chains	54.500	11	107	1308	6.655E+01	19
9XWM_4|Chain	7SBK_1|Chains	54.500	11	107	1308	6.655E+01	19
9XWM_4|Chain	7SBS_1|Chains	54.500	11	107	1310	6.655E+01	19
9XWM_4|Chain	7SBP_1|Chains	54.500	11	107	1310	6.655E+01	19
9XWM_4|Chain	7KRS_1|Chains	54.500	11	107	1310	6.655E+01	19
9XWM_4|Chain	7WS5_1|Chains	54.500	11	107	1205	8.954E+01	19
9XWM_4|Chain	7YQT_1|Chains	54.500	11	107	1270	8.954E+01	19
9ZBK_2|Chain	7UWF_1|Chains	21.300	148	318	447	4.627E-08	51
9ZBK_2|Chain	6URG_2|Chain	21.800	260	318	587	1.912E-07	49
9ZBK_2|Chain	6BM0_2|Chain	21.800	260	318	587	1.912E-07	49
9ZBK_2|Chain	6BLY_2|Chain	21.800	260	318	587	1.912E-07	49
9ZBK_2|Chain	7VGG_1|Chain	25.400	146	318	704	7.573E-06	44
9ZBK_2|Chain	7JPN_3|Chain	22.200	144	318	372	1.332E-05	43
9ZBK_2|Chain	6UHC_3|Chain	20.800	144	318	372	5.197E-04	38
9ZBK_2|Chain	7MGE_1|Chain	31.700	41	318	459	3.315E-01	29
9ZBK_2|Chain	7L2Z_1|Chains	38.800	18	318	762	1.669E+01	23
9ZBK_2|Chain	6O6A_1|Chains	34.100	40	318	1098	2.208E+01	23
9ZBK_2|Chain	6O6R_1|Chains	34.100	40	318	1098	2.208E+01	23
9ZBK_2|Chain	6NR3_1|Chains	34.100	40	318	1135	2.208E+01	23
9ZBK_2|Chain	8AG6_1|Chain	27.800	61	318	934	3.862E+01	22
9ZBK_2|Chain	7MEY_1|Chain	27.800	61	318	1950	3.862E+01	22
9ZBK_2|Chain	7MEX_4|Chain	27.800	61	318	1950	3.862E+01	22
9ZBK_2|Chain	7EG0_1|Chains	29.600	27	318	434	6.754E+01	21
9ZBK_2|Chain	7EG4_1|Chains	29.600	27	318	434	6.754E+01	21
9ZBK_2|Chain	7EG1_1|Chains	29.600	27	318	434	6.754E+01	21
9ZBK_2|Chain	6XDG_4|Chain	66.600	12	318	225	8.931E+01	21
9ZBK_2|Chain	6URG_1|Chain	37.500	24	318	1443	8.931E+01	21
9ZBK_2|Chain	6BM0_1|Chain	37.500	24	318	1443	8.931E+01	21
9ZBK_2|Chain	6BLY_1|Chain	37.500	24	318	1443	8.931E+01	21
9QJY_1|Chains	7M6S_1|Chains	36.800	399	354	444	2.430E-78	261
9QJY_1|Chains	6Y5A_1|Chains	22.200	334	354	538	2.844E-13	68
9QJY_1|Chains	6Y5B_1|Chains	22.200	334	354	538	2.844E-13	68
9QJY_1|Chains	6Y59_1|Chains	22.200	334	354	538	2.844E-13	68
9QJY_1|Chains	7EKI_1|Chains	20.500	262	354	502	4.678E-10	57
9QJY_1|Chains	7WSF_1|Chain	25.200	99	354	739	3.557E+00	25
9QJY_1|Chains	8DZF_1|Chains	25.300	118	354	534	4.702E+00	25
9QJY_1|Chains	8F6C_1|Chains	21.200	144	354	658	1.086E+01	24
9QJY_1|Chains	7UFR_1|Chains	53.300	15	354	1062	1.897E+01	23
9QJY_1|Chains	7UFU_1|Chains	53.300	15	354	1062	1.897E+01	23
9QJY_1|Chains	6SYT_1|Chain	30.900	55	354	3712	1.897E+01	23
9QJY_1|Chains	6O6A_1|Chains	28.300	60	354	1098	3.315E+01	22
9QJY_1|Chains	6O6R_1|Chains	28.300	60	354	1098	3.315E+01	22
9QJY_1|Chains	7EVP_1|Chains	20.400	133	354	377	5.789E+01	21
9QJY_1|Chains	6YRF_1|Chains	22.200	79	354	803	5.789E+01	21
9QJY_1|Chains	6NR3_1|Chains	63.600	11	354	1135	7.651E+01	21
9VAV_1|Chain	7JHH_7|Chain	46.800	30	436	159	1.983E+00	27
9VAV_1|Chain	6R69_2|Chain	56.500	23	436	303	6.027E+00	25
9VAV_1|Chain	7D3E_2|Chains	58.300	12	436	483	1.387E+01	24
9VAV_1|Chain	7D3F_2|Chains	58.300	12	436	483	1.387E+01	24
9VAV_1|Chain	7ZL1_1|Chains	61.500	13	436	377	2.418E+01	23
9VAV_1|Chain	7N8N_2|Chains	66.600	12	436	297	5.563E+01	22
9VAV_1|Chain	8EOB_1|Chains	75.000	12	436	756	5.563E+01	22
9UNU_9|Chain	8B8J_1|Chains	58.300	12	141	975	7.474E+01	19
11UF_1|Chains	7OCF_2|Chains	98.500	847	1049	860	0.000E+00	1696
11UF_1|Chains	7OCF_1|Chains	72.500	819	1049	915	0.000E+00	1257
11UF_1|Chains	7OCF_4|Chains	31.800	218	1049	423	9.774E-26	111
11UF_1|Chains	7UFR_1|Chains	48.100	27	1049	1062	2.320E+00	28
11UF_1|Chains	7UFU_1|Chains	48.100	27	1049	1062	2.320E+00	28
11UF_1|Chains	7DPT_1|Chains	52.900	17	1049	627	6.977E+00	26
11UF_1|Chains	7D09_4|Chains	23.600	70	1049	226	2.762E+01	24
11UF_1|Chains	7RQ7_1|Chains	26.400	126	1049	473	3.637E+01	24
11UF_1|Chains	7VF2_1|Chain	29.400	67	1049	1812	3.637E+01	24
11UF_1|Chains	6OWT_1|Chain	40.900	22	1049	939	4.790E+01	23
11UF_1|Chains	7WTA_1|Chains	43.400	23	1049	1178	4.790E+01	23
11UF_1|Chains	6VXK_2|Chains	25.700	101	1049	1545	4.790E+01	23
11UF_1|Chains	7VYQ_1|Chains	22.200	175	1049	280	6.307E+01	23
11UF_1|Chains	7MKD_5|Chain	23.000	90	1049	613	6.307E+01	23
11UF_1|Chains	7MKI_6|Chain	23.000	90	1049	613	6.307E+01	23
11UF_1|Chains	7MKJ_5|Chain	23.000	90	1049	613	6.307E+01	23
11UF_1|Chains	7MKE_5|Chain	23.000	90	1049	613	6.307E+01	23
11UF_1|Chains	7SZJ_5|Chain	23.000	90	1049	613	6.307E+01	23
11UF_1|Chains	7LGJ_1|Chains	26.500	98	1049	879	6.307E+01	23
11UF_1|Chains	7LGQ_1|Chains	26.500	98	1049	879	6.307E+01	23
11UF_1|Chains	7LG5_1|Chains	26.500	98	1049	879	6.307E+01	23
11UF_1|Chains	7TXV_1|Chains	26.500	98	1049	879	6.307E+01	23
11UF_1|Chains	7DMP_2|Chains	56.200	16	1049	301	8.305E+01	23
11UF_1|Chains	7USD_2|Chain	26.200	61	1049	1128	8.305E+01	23
11UF_1|Chains	7MEY_1|Chain	27.300	76	1049	1950	8.305E+01	23
11UF_1|Chains	7MEX_4|Chain	27.300	76	1049	1950	8.305E+01	23
9XH2_6|Chain	7UWL_1|Chains	81.800	11	91	188	2.044E+01	20
9XH2_6|Chain	7N8N_1|Chains	31.400	50	91	244	5.096E+01	19
9XH2_6|Chain	6URG_1|Chain	52.600	19	91	1443	5.096E+01	19
9XH2_6|Chain	6BM0_1|Chain	52.600	19	91	1443	5.096E+01	19
9XH2_6|Chain	6BLY_1|Chain	52.600	19	91	1443	5.096E+01	19
9XH2_6|Chain	6JQN_1|Chains	42.100	19	91	688	9.339E+01	18
9XH2_6|Chain	6JQL_1|Chains	42.100	19	91	688	9.339E+01	18
9MZE_5|Chain	7S15_1|Chain	97.900	399	491	399	4.340E-268	818
9MZE_5|Chain	6X29_1|Chains	93.700	16	491	1273	3.851E-03	36
9MZE_5|Chain	7UB6_1|Chains	93.700	16	491	1285	3.851E-03	36
9MZE_5|Chain	8DZI_1|Chains	93.700	16	491	1285	3.851E-03	36
9MZE_5|Chain	7TPH_1|Chains	93.700	16	491	1286	3.851E-03	36
9MZE_5|Chain	7TP7_1|Chains	93.700	16	491	1286	3.851E-03	36
9MZE_5|Chain	7KE7_1|Chains	93.700	16	491	1288	3.851E-03	36
9MZE_5|Chain	7KEC_1|Chains	93.700	16	491	1288	3.851E-03	36
9MZE_5|Chain	7KEA_1|Chains	93.700	16	491	1288	3.851E-03	36
9MZE_5|Chain	6VSB_1|Chains	93.700	16	491	1288	3.851E-03	36
9MZE_5|Chain	7KE9_1|Chains	93.700	16	491	1288	3.851E-03	36
9MZE_5|Chain	7RA8_1|Chains	93.700	16	491	1288	3.851E-03	36
9MZE_5|Chain	7KDH_1|Chains	93.700	16	491	1288	3.851E-03	36
9MZE_5|Chain	7KKL_1|Chains	93.700	16	491	1288	3.851E-03	36
9MZE_5|Chain	6XKL_1|Chains	93.700	16	491	1288	3.851E-03	36
9MZE_5|Chain	7KEB_1|Chains	93.700	16	491	1288	3.851E-03	36
9MZE_5|Chain	6XEY_1|Chains	93.700	16	491	1288	3.851E-03	36
9MZE_5|Chain	7LYL_1|Chains	93.700	16	491	1288	3.851E-03	36
9MZE_5|Chain	8CSA_1|Chains	93.700	16	491	1288	3.851E-03	36
9MZE_5|Chain	6ZP5_1|Chains	93.700	16	491	1288	3.851E-03	36
9MZE_5|Chain	7MY3_1|Chains	93.700	16	491	1288	3.851E-03	36
9MZE_5|Chain	7LYM_1|Chains	93.700	16	491	1288	3.851E-03	36
9MZE_5|Chain	7KDJ_1|Chains	93.700	16	491	1288	3.851E-03	36
9MZE_5|Chain	7STB_7|Chain	68.000	25	491	646	5.084E-03	35
9MZE_5|Chain	7PPJ_1|Chain	93.700	16	491	919	2.690E-02	33
9MZE_5|Chain	6NR3_1|Chains	64.000	25	491	1135	4.687E-02	32
9MZE_5|Chain	8E4N_1|Chains	64.000	25	491	1135	4.687E-02	32
9MZE_5|Chain	8E4M_1|Chains	64.000	25	491	1135	4.687E-02	32
9MZE_5|Chain	8E4L_1|Chains	64.000	25	491	1135	4.687E-02	32
9MZE_5|Chain	7UWL_2|Chains	51.500	33	491	305	8.166E-02	31
9MZE_5|Chain	7UWL_3|Chains	51.500	33	491	319	8.166E-02	31
9MZE_5|Chain	7UWL_1|Chains	48.500	35	491	188	1.423E-01	31
9MZE_5|Chain	7KDT_1|Chain	27.000	48	491	500	3.009E+00	26
9MZE_5|Chain	6J5W_2|Chain	25.700	131	491	852	6.916E+00	25
9MZE_5|Chain	6SP2_1|Chains	90.000	10	491	513	9.126E+00	25
9MZE_5|Chain	7VD9_1|Chains	36.300	33	491	527	9.126E+00	25
9MZE_5|Chain	7P8W_1|Chains	36.300	33	491	527	9.126E+00	25
9MZE_5|Chain	7SBL_1|Chains	26.300	75	491	1308	1.589E+01	24
9MZE_5|Chain	7SBK_1|Chains	26.300	75	491	1308	1.589E+01	24
9MZE_5|Chain	7OSI_4|Chain	43.700	32	491	190	2.097E+01	23
9MZE_5|Chain	7OSG_4|Chain	43.700	32	491	190	2.097E+01	23
9MZE_5|Chain	7OSJ_4|Chain	43.700	32	491	190	2.097E+01	23
9MZE_5|Chain	7OSH_4|Chain	43.700	32	491	190	2.097E+01	23
9MZE_5|Chain	7OSF_4|Chain	43.700	32	491	190	2.097E+01	23
9MZE_5|Chain	7UCG_3|Chains	32.300	34	491	205	2.097E+01	23
9MZE_5|Chain	7OCF_1|Chains	81.800	11	491	915	2.097E+01	23
9MZE_5|Chain	8AG6_2|Chain	28.100	64	491	1414	2.097E+01	23
9MZE_5|Chain	6KLC_1|Chain	30.900	42	491	2218	2.097E+01	23
9MZE_5|Chain	6VTT_1|Chains	32.100	28	491	471	3.651E+01	23
9MZE_5|Chain	8B8J_1|Chains	38.700	31	491	975	3.651E+01	23
9MZE_5|Chain	7OTP_1|Chain	38.000	21	491	4148	4.817E+01	22
9MZE_5|Chain	7OTW_1|Chain	38.000	21	491	4148	4.817E+01	22
9MZE_5|Chain	7OTM_1|Chain	38.000	21	491	4148	4.817E+01	22
9MZE_5|Chain	6ZH6_1|Chain	38.000	21	491	4156	4.817E+01	22
9MZE_5|Chain	6ZFP_1|Chain	38.000	21	491	4156	4.817E+01	22
9MZE_5|Chain	6ZH2_1|Chain	38.000	21	491	4156	4.817E+01	22
9MZE_5|Chain	6ZH4_1|Chain	38.000	21	491	4156	4.817E+01	22
9MZE_5|Chain	7UWF_2|Chains	40.700	27	491	652	6.356E+01	22
9MZE_5|Chain	7STB_1|Chain	100.000	8	491	696	6.356E+01	22
9MZE_5|Chain	7XU4_1|Chains	26.000	72	491	1127	6.356E+01	22
9MZE_5|Chain	7XU5_1|Chains	26.000	72	491	1127	6.356E+01	22
9MZE_5|Chain	7XU2_1|Chains	26.000	72	491	1127	6.356E+01	22
9MZE_5|Chain	6YSN_1|Chains	80.000	10	491	1146	6.356E+01	22
9MZE_5|Chain	7TLB_1|Chains	26.000	72	491	1208	6.356E+01	22
9MZE_5|Chain	7TLA_1|Chains	26.000	72	491	1208	6.356E+01	22
9MZE_5|Chain	6ZOY_1|Chains	26.000	72	491	1247	6.356E+01	22
9MZE_5|Chain	6ZP0_1|Chains	26.000	72	491	1247	6.356E+01	22
9MZE_5|Chain	6ZOZ_1|Chains	26.000	72	491	1247	6.356E+01	22
9MZE_5|Chain	7CN4_1|Chains	100.000	8	491	1267	6.356E+01	22
9MZE_5|Chain	8CYJ_5|Chain	26.000	72	491	1273	6.356E+01	22
9MZE_5|Chain	7JJI_1|Chains	26.000	72	491	1273	6.356E+01	22
9MZE_5|Chain	7EB0_1|Chains	26.000	72	491	1283	6.356E+01	22
9MZE_5|Chain	7SBP_1|Chains	26.000	72	491	1310	6.356E+01	22
9MZE_5|Chain	7KRS_1|Chains	26.000	72	491	1310	6.356E+01	22
9MZE_5|Chain	7E7D_1|Chains	26.000	72	491	1520	6.356E+01	22
9MZE_5|Chain	6UKT_2|Chain	31.200	32	491	323	8.386E+01	21
9MZE_5|Chain	6TYS_1|Chains	66.600	12	491	538	8.386E+01	21
9MZE_5|Chain	6O6A_1|Chains	27.400	51	491	1098	8.386E+01	21
9MZE_5|Chain	6O6R_1|Chains	27.400	51	491	1098	8.386E+01	21
9MZE_5|Chain	6ZGF_1|Chains	27.200	44	491	1283	8.386E+01	21
9UNU_1|Chain	6SYT_2|Chain	26.400	34	752	991	3.356E+01	23
9UNU_1|Chain	6KLC_1|Chain	24.500	114	752	2218	4.423E+01	23
9UNU_1|Chain	7TFI_3|Chain	36.300	33	752	340	5.828E+01	23
9UNU_1|Chain	8DR4_3|Chain	36.300	33	752	340	5.828E+01	23
9UNU_1|Chain	8DR6_3|Chain	36.300	33	752	340	5.828E+01	23
9UNU_1|Chain	7STB_3|Chain	36.300	33	752	340	5.828E+01	23
9UNU_1|Chain	7K0R_1|Chains	25.700	61	752	362	5.828E+01	23
9UNU_1|Chain	7XU4_1|Chains	37.500	40	752	1127	5.828E+01	23
9UNU_1|Chain	7XU5_1|Chains	37.500	40	752	1127	5.828E+01	23
9UNU_1|Chain	7XU2_1|Chains	37.500	40	752	1127	5.828E+01	23
13BV_4|Chain	7M74_1|Chain	25.000	197	1358	484	1.297E-05	46
13BV_4|Chain	7JHH_1|Chain	25.000	197	1358	484	1.297E-05	46
13BV_4|Chain	6NTS_1|Chain	26.800	174	1358	589	6.088E-04	40
13BV_4|Chain	7SOY_1|Chain	26.800	174	1358	589	6.088E-04	40
13BV_4|Chain	6URG_2|Chain	39.500	43	1358	587	1.389E-03	39
13BV_4|Chain	6BM0_2|Chain	39.500	43	1358	587	1.389E-03	39
13BV_4|Chain	6BLY_2|Chain	39.500	43	1358	587	1.389E-03	39
13BV_4|Chain	7UWF_1|Chains	22.000	160	1358	447	4.022E+00	27
13BV_4|Chain	7MGE_1|Chain	29.500	58	1358	459	4.022E+00	27
13BV_4|Chain	7M2Z_3|Chain	22.600	184	1358	823	9.173E+00	26
13BV_4|Chain	7NZM_3|Chain	29.700	47	1358	375	1.208E+01	26
13BV_4|Chain	7YHQ_1|Chain	26.700	71	1358	757	1.208E+01	26
13BV_4|Chain	7P1H_2|Chain	27.600	47	1358	372	1.589E+01	25
13BV_4|Chain	7ZYY_1|Chains	26.400	34	1358	1143	1.589E+01	25
13BV_4|Chain	6OWT_2|Chain	30.100	91	1358	591	2.092E+01	25
13BV_4|Chain	7PTV_1|Chains	24.300	110	1358	702	2.092E+01	25
13BV_4|Chain	7TFI_1|Chain	29.400	77	1358	861	2.754E+01	25
13BV_4|Chain	8DR4_1|Chain	29.400	77	1358	918	2.754E+01	25
13BV_4|Chain	8DR6_1|Chain	29.400	77	1358	918	2.754E+01	25
13BV_4|Chain	6LZ1_1|Chains	20.700	53	1358	1133	2.754E+01	25
13BV_4|Chain	5ZX5_1|Chains	30.000	68	1358	1229	2.754E+01	25
13BV_4|Chain	7M74_3|Chain	33.300	33	1358	306	3.625E+01	24
13BV_4|Chain	7JHH_3|Chain	33.300	33	1358	306	3.625E+01	24
13BV_4|Chain	6C6L_6|Chain	34.800	43	1358	345	3.625E+01	24
13BV_4|Chain	6M0S_4|Chain	34.800	43	1358	345	3.625E+01	24
13BV_4|Chain	6ACF_1|Chains	34.600	48	1358	367	3.625E+01	24
13BV_4|Chain	6ACH_1|Chains	34.600	48	1358	367	3.625E+01	24
13BV_4|Chain	6KA4_1|Chains	24.100	29	1358	701	6.281E+01	23
13BV_4|Chain	7MEY_1|Chain	23.800	102	1358	1950	6.281E+01	23
13BV_4|Chain	7MEX_4|Chain	23.800	102	1358	1950	6.281E+01	23
13BV_4|Chain	8E8O_1|Chains	26.000	170	1358	604	8.268E+01	23
13BV_4|Chain	6YRF_1|Chains	29.000	31	1358	803	8.268E+01	23
13BV_4|Chain	7XO5_2|Chain	24.300	112	1358	805	8.268E+01	23
13BV_4|Chain	7JY5_1|Chains	30.900	55	1358	806	8.268E+01	23
13BV_4|Chain	7RLF_1|Chains	30.900	55	1358	806	8.268E+01	23
13BV_4|Chain	7RLB_1|Chains	30.900	55	1358	821	8.268E+01	23
13BV_4|Chain	7RLD_1|Chains	30.900	55	1358	821	8.268E+01	23
13BV_4|Chain	7T8T_1|Chain	21.900	73	1358	1196	8.268E+01	23
13BV_4|Chain	7MKP_3|Chain	23.400	102	1358	1363	8.268E+01	23
13BV_4|Chain	7MKD_3|Chain	23.400	102	1358	1407	8.268E+01	23
13BV_4|Chain	7MKI_4|Chain	23.400	102	1358	1407	8.268E+01	23
13BV_4|Chain	7MKJ_3|Chain	23.400	102	1358	1407	8.268E+01	23
13BV_4|Chain	6OMF_3|Chain	23.400	102	1358	1407	8.268E+01	23
13BV_4|Chain	7MKE_3|Chain	23.400	102	1358	1407	8.268E+01	23
13BV_4|Chain	7SZJ_3|Chain	23.400	102	1358	1407	8.268E+01	23
13BV_4|Chain	6FAY_1|Chain	30.700	52	1358	1876	8.268E+01	23
13BV_4|Chain	6KLC_1|Chain	23.900	113	1358	2218	8.268E+01	23
9XH2_5|Chain	6AUI_1|Chains	32.200	31	362	812	4.496E+01	22
9XH2_5|Chain	6CVM_1|Chains	36.300	33	362	1021	5.941E+01	21
9XH2_5|Chain	6DRV_1|Chains	36.300	33	362	1024	5.941E+01	21
9ROL_3|Chain	6TGA_2|Chains	39.000	41	76	500	7.642E+00	21
9ROL_3|Chain	6TG9_2|Chains	39.000	41	76	500	7.642E+00	21
9ROL_3|Chain	6M0S_1|Chain	40.700	27	76	825	2.682E+01	19
9ROL_3|Chain	6C6L_7|Chain	40.700	27	76	840	2.682E+01	19
9ROL_3|Chain	7D72_2|Chains	25.700	64	76	420	9.323E+01	18
9ROL_3|Chain	7D73_1|Chains	25.700	64	76	420	9.323E+01	18
9ROL_3|Chain	7D74_1|Chains	25.700	64	76	420	9.323E+01	18
9VQW_1|Chains	6YSN_1|Chains	49.200	772	1128	1146	1.422E-231	743
9VQW_1|Chains	6O6A_1|Chains	23.100	433	1128	1098	8.589E-15	76
9VQW_1|Chains	6O6R_1|Chains	23.100	433	1128	1098	8.589E-15	76
9VQW_1|Chains	6NR3_1|Chains	22.700	433	1128	1135	2.585E-14	74
9VQW_1|Chains	7VQ2_1|Chains	24.400	286	1128	354	9.276E-13	69
9VQW_1|Chains	8E4N_1|Chains	22.200	395	1128	1135	3.676E-12	67
9VQW_1|Chains	8E4M_1|Chains	22.200	395	1128	1135	3.676E-12	67
9VQW_1|Chains	8E4L_1|Chains	22.200	395	1128	1135	3.676E-12	67
9VQW_1|Chains	7T6L_1|Chains	22.000	150	1128	739	1.447E+00	29
9VQW_1|Chains	8DEP_1|Chain	23.500	119	1128	678	4.348E+00	27
9VQW_1|Chains	7TX7_1|Chain	23.500	119	1128	678	4.348E+00	27
9VQW_1|Chains	7VF2_1|Chain	35.100	37	1128	1812	1.721E+01	25
9VQW_1|Chains	6TGA_3|Chains	44.800	29	1128	150	3.927E+01	24
9VQW_1|Chains	6TG9_3|Chains	44.800	29	1128	150	3.927E+01	24
9VQW_1|Chains	7MGE_3|Chain	33.300	40	1128	481	6.808E+01	23
9VQW_1|Chains	7W84_1|Chain	26.000	95	1128	1131	6.808E+01	23
9VQW_1|Chains	6OMF_5|Chain	27.900	62	1128	331	8.964E+01	23
9VQW_1|Chains	7QUC_1|Chain	27.500	40	1128	475	8.964E+01	23
9VQW_1|Chains	6WXH_1|Chains	32.500	43	1128	493	8.964E+01	23
9VQW_1|Chains	7XO5_2|Chain	50.000	20	1128	805	8.964E+01	23
9VQW_1|Chains	7M2Z_2|Chain	28.500	35	1128	846	8.964E+01	23
9Y5R_4|Chains	7L7B_3|Chain	20.600	143	305	1161	5.175E+00	25
9Y5R_4|Chains	6C6L_3|Chain	21.300	75	305	265	1.587E+01	23
9Y5R_4|Chains	6VXK_2|Chains	31.000	29	305	1545	4.861E+01	21
9W0J_5|Chain	7P1H_1|Chain	24.500	100	296	827	1.717E-01	29
9W0J_5|Chain	7PPJ_1|Chain	57.100	14	296	919	4.984E+00	25
9W0J_5|Chain	7E5Z_1|Chain	30.700	52	296	995	6.597E+00	24
9W0J_5|Chain	6O6A_1|Chains	30.000	109	296	1098	1.529E+01	23
9W0J_5|Chain	6O6R_1|Chains	30.000	109	296	1098	1.529E+01	23
9W0J_5|Chain	7OTP_1|Chain	25.800	62	296	4148	1.529E+01	23
9W0J_5|Chain	7OTW_1|Chain	25.800	62	296	4148	1.529E+01	23
9W0J_5|Chain	7OTM_1|Chain	25.800	62	296	4148	1.529E+01	23
9W0J_5|Chain	6ZH6_1|Chain	25.800	62	296	4156	1.529E+01	23
9W0J_5|Chain	6ZFP_1|Chain	25.800	62	296	4156	1.529E+01	23
9W0J_5|Chain	6ZH2_1|Chain	25.800	62	296	4156	1.529E+01	23
9W0J_5|Chain	6ZH4_1|Chain	25.800	62	296	4156	1.529E+01	23
9W0J_5|Chain	7OCF_1|Chains	23.000	64	296	915	3.544E+01	22
9W0J_5|Chain	6NR3_1|Chains	40.900	22	296	1135	3.544E+01	22
36JL_1|Chain	7KVF_1|Chain	31.100	2325	2332	2196	8.954E-291	962
36JL_1|Chain	7KVE_1|Chain	31.100	2325	2332	2196	8.954E-291	962
36JL_1|Chain	7KDT_1|Chain	33.300	45	2332	500	1.998E-01	33
36JL_1|Chain	7WVF_1|Chains	24.600	133	2332	689	2.360E+00	29
36JL_1|Chain	7USD_1|Chain	54.100	24	2332	1253	9.301E+00	27
36JL_1|Chain	6FAY_1|Chain	27.600	47	2332	1876	1.224E+01	27
36JL_1|Chain	7OCF_1|Chains	26.800	41	2332	915	1.610E+01	26
36JL_1|Chain	7YYO_2|Chains	34.000	44	2332	113	2.118E+01	26
36JL_1|Chain	6KLC_1|Chain	27.700	83	2332	2218	2.118E+01	26
36JL_1|Chain	7M74_2|Chain	43.400	23	2332	198	2.786E+01	25
36JL_1|Chain	7JHH_2|Chain	43.400	23	2332	198	2.786E+01	25
36JL_1|Chain	7TU7_1|Chains	30.000	60	2332	464	2.786E+01	25
36JL_1|Chain	7TU8_1|Chains	30.000	60	2332	464	2.786E+01	25
36JL_1|Chain	8B1T_1|Chain	26.800	64	2332	1180	3.666E+01	25
36JL_1|Chain	7MR0_1|Chain	26.800	64	2332	1180	3.666E+01	25
36JL_1|Chain	8B1U_1|Chain	26.800	64	2332	1180	3.666E+01	25
36JL_1|Chain	6T2V_1|Chain	26.800	64	2332	1181	3.666E+01	25
36JL_1|Chain	6T2U_1|Chain	26.800	64	2332	1181	3.666E+01	25
36JL_1|Chain	6SJG_1|Chain	26.800	64	2332	1181	3.666E+01	25
36JL_1|Chain	6SYT_1|Chain	24.200	96	2332	3712	3.666E+01	25
36JL_1|Chain	7X27_1|Chains	25.000	58	2332	1212	4.823E+01	25
36JL_1|Chain	6URG_1|Chain	26.400	84	2332	1443	4.823E+01	25
36JL_1|Chain	6BM0_1|Chain	26.400	84	2332	1443	4.823E+01	25
36JL_1|Chain	6BLY_1|Chain	26.400	84	2332	1443	4.823E+01	25
36JL_1|Chain	7MGE_4|Chain	25.300	63	2332	166	6.345E+01	24
36JL_1|Chain	7NZM_5|Chain	29.700	37	2332	444	6.345E+01	24
36JL_1|Chain	7XO5_2|Chain	28.200	39	2332	805	6.345E+01	24
36JL_1|Chain	7P1H_1|Chain	29.700	37	2332	827	6.345E+01	24
36JL_1|Chain	6YSN_1|Chains	29.700	37	2332	1146	6.345E+01	24
36JL_1|Chain	6DBU_1|Chains	29.700	37	2332	1159	6.345E+01	24
36JL_1|Chain	7SOY_4|Chain	47.300	19	2332	386	8.347E+01	24
36JL_1|Chain	7X0X_1|Chains	20.100	129	2332	612	8.347E+01	24
36JL_1|Chain	6TGA_1|Chains	22.500	139	2332	958	8.347E+01	24
36JL_1|Chain	6TG9_1|Chains	22.500	139	2332	958	8.347E+01	24
36JL_1|Chain	7E5Z_1|Chain	34.700	46	2332	995	8.347E+01	24
9WP6_1|Chains	7V4H_1|Chains	77.300	353	423	356	1.058E-199	616
9WP6_1|Chains	7V4L_1|Chains	76.400	353	423	356	1.187E-197	610
9WP6_1|Chains	7V4I_1|Chains	76.400	353	423	356	1.187E-197	610
9WP6_1|Chains	7U5N_1|Chains	55.800	341	423	373	5.347E-129	412
9WP6_1|Chains	7MKP_2|Chain	28.500	101	423	1340	5.817E+00	25
9WP6_1|Chains	7MKD_2|Chain	28.500	101	423	1342	5.817E+00	25
9WP6_1|Chains	7SZJ_2|Chain	28.500	101	423	1342	5.817E+00	25
9WP6_1|Chains	7MKI_3|Chain	28.500	101	423	1342	5.817E+00	25
9WP6_1|Chains	7MKJ_2|Chain	28.500	101	423	1342	5.817E+00	25
9WP6_1|Chains	6OMF_2|Chain	28.500	101	423	1342	5.817E+00	25
9WP6_1|Chains	7MKE_2|Chain	28.500	101	423	1342	5.817E+00	25
9WP6_1|Chains	6VD7_1|Chains	29.800	57	423	344	1.339E+01	24
9WP6_1|Chains	6SI8_1|Chains	34.200	38	423	431	1.339E+01	24
9WP6_1|Chains	6SHN_1|Chains	34.200	38	423	431	1.339E+01	24
9WP6_1|Chains	6R8U_1|Chains	34.200	38	423	431	1.339E+01	24
9WP6_1|Chains	6SHJ_1|Chains	34.200	38	423	431	1.339E+01	24
9WP6_1|Chains	6R8B_1|Chains	34.200	38	423	431	1.339E+01	24
9WP6_1|Chains	6SHQ_1|Chains	34.200	38	423	431	1.339E+01	24
9WP6_1|Chains	7UCG_4|Chains	26.900	52	423	507	1.339E+01	24
9WP6_1|Chains	7ZYY_1|Chains	30.700	52	423	1143	1.769E+01	23
9WP6_1|Chains	7SZ0_1|Chains	81.800	11	423	1210	3.083E+01	23
9WP6_1|Chains	7K5K_1|Chains	26.000	50	423	555	4.071E+01	22
9WP6_1|Chains	6VO1_1|Chains	34.600	26	423	475	5.375E+01	22
9WP6_1|Chains	7LG6_1|Chains	34.600	26	423	475	5.375E+01	22
9WP6_1|Chains	7EBF_1|Chains	25.100	134	423	556	5.375E+01	22
9WP6_1|Chains	6CVM_1|Chains	21.500	126	423	1021	5.375E+01	22
9WP6_1|Chains	6DRV_1|Chains	21.500	126	423	1024	5.375E+01	22
9WP6_1|Chains	6J5W_1|Chain	46.100	13	423	351	7.097E+01	21
9WP6_1|Chains	7ZPM_2|Chains	46.600	15	423	757	9.370E+01	21
9WP6_1|Chains	7OTP_1|Chain	25.000	68	423	4148	9.370E+01	21
9WP6_1|Chains	7OTW_1|Chain	25.000	68	423	4148	9.370E+01	21
9WP6_1|Chains	7OTM_1|Chain	25.000	68	423	4148	9.370E+01	21
9WP6_1|Chains	6ZH6_1|Chain	25.000	68	423	4156	9.370E+01	21
9WP6_1|Chains	6ZFP_1|Chain	25.000	68	423	4156	9.370E+01	21
9WP6_1|Chains	6ZH2_1|Chain	25.000	68	423	4156	9.370E+01	21
9WP6_1|Chains	6ZH4_1|Chain	25.000	68	423	4156	9.370E+01	21
9ZBK_3|Chain	6D05_3|Chains	21.800	142	1670	820	3.798E+00	28
9ZBK_3|Chain	6D04_3|Chains	21.800	142	1670	820	3.798E+00	28
9ZBK_3|Chain	7PPJ_1|Chain	36.300	44	1670	919	1.499E+01	26
9ZBK_3|Chain	7QH2_3|Chains	32.600	50	1670	467	1.973E+01	25
9ZBK_3|Chain	6URG_1|Chain	27.200	55	1670	1443	1.973E+01	25
9ZBK_3|Chain	6BM0_1|Chain	27.200	55	1670	1443	1.973E+01	25
9ZBK_3|Chain	6BLY_1|Chain	27.200	55	1670	1443	1.973E+01	25
9ZBK_3|Chain	7JK5_3|Chain	26.600	75	1670	462	2.596E+01	25
9ZBK_3|Chain	7M2Z_2|Chain	24.600	65	1670	846	3.417E+01	25
9ZBK_3|Chain	6CVM_1|Chains	39.500	43	1670	1021	3.417E+01	25
9ZBK_3|Chain	6DRV_1|Chains	39.500	43	1670	1024	3.417E+01	25
9ZBK_3|Chain	7D3E_1|Chains	30.400	46	1670	1551	3.417E+01	25
9ZBK_3|Chain	7D3F_1|Chains	30.400	46	1670	1551	3.417E+01	25
9ZBK_3|Chain	6D05_2|Chains	23.600	71	1670	698	4.496E+01	24
9ZBK_3|Chain	6D04_2|Chains	23.600	71	1670	698	4.496E+01	24
9ZBK_3|Chain	7ZPM_3|Chains	54.100	24	1670	759	4.496E+01	24
9ZBK_3|Chain	7T8T_1|Chain	29.600	27	1670	1196	4.496E+01	24
9ZBK_3|Chain	7XO5_2|Chain	19.400	77	1670	805	5.917E+01	24
9ZBK_3|Chain	6L42_1|Chain	31.300	83	1670	2109	5.917E+01	24
9ZBK_3|Chain	7UNK_1|Chain	32.000	50	1670	1081	7.787E+01	23
9ZBK_3|Chain	7KVF_1|Chain	25.100	136	1670	2196	7.787E+01	23
9ZBK_3|Chain	7KVE_1|Chain	25.100	136	1670	2196	7.787E+01	23
9EEL_2|Chains	7WS5_1|Chains	32.600	49	310	1205	2.832E+01	22
9EEL_2|Chains	7XO5_1|Chains	32.600	49	310	1205	2.832E+01	22
9EEL_2|Chains	8DZI_1|Chains	32.600	49	310	1285	2.832E+01	22
9EEL_2|Chains	7WEC_3|Chains	26.400	51	310	1270	3.746E+01	22
9EEL_2|Chains	6XOT_1|Chain	32.600	46	310	1014	4.955E+01	21
9EEL_2|Chains	6XOS_1|Chain	32.600	46	310	1014	4.955E+01	21
9EEL_2|Chains	7D0I_1|Chains	31.800	43	310	710	6.554E+01	21
9EEL_2|Chains	7MKP_2|Chain	20.000	246	310	1340	6.554E+01	21
9EEL_2|Chains	7MKD_2|Chain	20.000	246	310	1342	6.554E+01	21
9EEL_2|Chains	7SZJ_2|Chain	20.000	246	310	1342	6.554E+01	21
9EEL_2|Chains	7MKI_3|Chain	20.000	246	310	1342	6.554E+01	21
9EEL_2|Chains	7MKJ_2|Chain	20.000	246	310	1342	6.554E+01	21
9EEL_2|Chains	6OMF_2|Chain	20.000	246	310	1342	6.554E+01	21
9EEL_2|Chains	7MKE_2|Chain	20.000	246	310	1342	6.554E+01	21
9EEL_2|Chains	6ZZU_1|Chains	20.400	87	310	335	8.669E+01	21
9EEL_2|Chains	7QH2_3|Chains	20.900	43	310	467	8.669E+01	21
9EEL_2|Chains	7DMP_1|Chains	63.600	11	310	716	8.669E+01	21
9EEL_2|Chains	7UI6_1|Chains	32.500	43	310	770	8.669E+01	21
9UWY_1|Chains	7M9B_1|Chains	37.500	32	471	276	3.484E+01	23
9UWY_1|Chains	6LZ1_1|Chains	43.400	23	471	1133	3.484E+01	23
9UWY_1|Chains	5ZX5_1|Chains	25.000	96	471	1229	4.598E+01	22
9UWY_1|Chains	7VO9_3|Chains	22.900	87	471	159	6.067E+01	22
9UWY_1|Chains	7X0X_1|Chains	70.000	10	471	612	6.067E+01	22
9UWY_1|Chains	7CTE_2|Chain	44.000	25	471	711	6.067E+01	22
33BF_1|Chains	7D3E_1|Chains	40.000	25	140	1551	5.538E+01	20
33BF_1|Chains	7D3F_1|Chains	40.000	25	140	1551	5.538E+01	20
33BF_1|Chains	7YHQ_1|Chain	54.500	11	140	757	7.399E+01	19
33BF_1|Chains	6L42_1|Chain	36.000	25	140	2109	7.399E+01	19
9E9E_1|Chains	7OCF_2|Chains	98.500	823	1028	860	0.000E+00	1651
9E9E_1|Chains	7OCF_1|Chains	72.500	819	1028	915	0.000E+00	1258
9E9E_1|Chains	7OCF_4|Chains	60.800	217	1028	423	8.626E-78	280
9E9E_1|Chains	7UFR_1|Chains	48.100	27	1028	1062	2.270E+00	28
9E9E_1|Chains	7UFU_1|Chains	48.100	27	1028	1062	2.270E+00	28
9E9E_1|Chains	7DPT_1|Chains	52.900	17	1028	627	6.827E+00	26
9E9E_1|Chains	6KLC_1|Chain	23.100	67	1028	2218	2.053E+01	25
9E9E_1|Chains	7D09_4|Chains	23.600	70	1028	226	2.704E+01	24
9E9E_1|Chains	7VF2_1|Chain	29.400	67	1028	1812	3.560E+01	24
9E9E_1|Chains	7A7A_1|Chains	31.400	35	1028	740	4.688E+01	23
9E9E_1|Chains	7AG8_1|Chains	31.400	35	1028	740	4.688E+01	23
9E9E_1|Chains	6OWT_1|Chain	40.900	22	1028	939	4.688E+01	23
9E9E_1|Chains	7WTA_1|Chains	43.400	23	1028	1178	4.688E+01	23
9E9E_1|Chains	7VYQ_1|Chains	22.200	175	1028	280	6.174E+01	23
9E9E_1|Chains	6W8N_1|Chains	46.600	30	1028	504	6.174E+01	23
9E9E_1|Chains	6W8O_1|Chains	46.600	30	1028	504	6.174E+01	23
9E9E_1|Chains	6W8P_1|Chains	46.600	30	1028	504	6.174E+01	23
9E9E_1|Chains	7LF6_1|Chains	46.600	30	1028	504	6.174E+01	23
9E9E_1|Chains	7MKD_5|Chain	23.000	90	1028	613	6.174E+01	23
9E9E_1|Chains	7MKI_6|Chain	23.000	90	1028	613	6.174E+01	23
9E9E_1|Chains	7MKJ_5|Chain	23.000	90	1028	613	6.174E+01	23
9E9E_1|Chains	7MKE_5|Chain	23.000	90	1028	613	6.174E+01	23
9E9E_1|Chains	7SZJ_5|Chain	23.000	90	1028	613	6.174E+01	23
9E9E_1|Chains	7LGJ_1|Chains	26.500	98	1028	879	6.174E+01	23
9E9E_1|Chains	7LGQ_1|Chains	26.500	98	1028	879	6.174E+01	23
9E9E_1|Chains	7LG5_1|Chains	26.500	98	1028	879	6.174E+01	23
9E9E_1|Chains	7TXV_1|Chains	26.500	98	1028	879	6.174E+01	23
9E9E_1|Chains	7OTP_1|Chain	28.500	35	1028	4148	6.174E+01	23
9E9E_1|Chains	7OTW_1|Chain	28.500	35	1028	4148	6.174E+01	23
9E9E_1|Chains	7OTM_1|Chain	28.500	35	1028	4148	6.174E+01	23
9E9E_1|Chains	6ZH6_1|Chain	28.500	35	1028	4156	6.174E+01	23
9E9E_1|Chains	6ZFP_1|Chain	28.500	35	1028	4156	6.174E+01	23
9E9E_1|Chains	6ZH2_1|Chain	28.500	35	1028	4156	6.174E+01	23
9E9E_1|Chains	6ZH4_1|Chain	28.500	35	1028	4156	6.174E+01	23
9E9E_1|Chains	7DMP_2|Chains	56.200	16	1028	301	8.130E+01	23
9E9E_1|Chains	7T9F_1|Chains	36.000	25	1028	449	8.130E+01	23
9E9E_1|Chains	6WU3_1|Chains	36.000	25	1028	449	8.130E+01	23
9E9E_1|Chains	7R06_1|Chains	22.900	70	1028	601	8.130E+01	23
9E9E_1|Chains	7Z0Z_1|Chains	22.900	70	1028	601	8.130E+01	23
9E9E_1|Chains	6D05_3|Chains	23.200	109	1028	820	8.130E+01	23
9E9E_1|Chains	6D04_3|Chains	23.200	109	1028	820	8.130E+01	23
9E9E_1|Chains	7USD_2|Chain	26.200	61	1028	1128	8.130E+01	23
13BV_2|Chain	7M74_4|Chain	27.000	96	492	373	3.981E+00	26
13BV_2|Chain	7JHH_4|Chain	27.000	96	492	373	3.981E+00	26
13BV_2|Chain	7F5V_1|Chains	25.800	90	492	776	9.147E+00	25
13BV_2|Chain	7F5X_1|Chains	25.800	90	492	776	9.147E+00	25
13BV_2|Chain	8EOB_1|Chains	21.300	123	492	756	1.207E+01	24
13BV_2|Chain	7NZM_5|Chain	26.000	96	492	444	1.593E+01	24
13BV_2|Chain	6XNZ_1|Chains	32.500	43	492	750	1.593E+01	24
13BV_2|Chain	7P1H_1|Chain	26.000	96	492	827	1.593E+01	24
13BV_2|Chain	6YSN_1|Chains	26.000	96	492	1146	1.593E+01	24
13BV_2|Chain	6DBU_1|Chains	26.000	96	492	1159	1.593E+01	24
13BV_2|Chain	7USD_2|Chain	25.200	87	492	1128	2.102E+01	23
13BV_2|Chain	7ZPM_1|Chains	45.400	22	492	717	2.773E+01	23
13BV_2|Chain	7CTE_1|Chain	50.000	24	492	577	8.405E+01	21
13BV_2|Chain	7L7B_3|Chain	24.600	67	492	1161	8.405E+01	21
20ZD_1|Chain	6UKT_2|Chain	99.600	323	354	323	9.506E-218	664
20ZD_1|Chain	7MGE_4|Chain	30.900	97	354	166	4.317E-08	51
20ZD_1|Chain	8EOB_1|Chains	38.700	31	354	756	1.086E+01	24
20ZD_1|Chain	7XO5_2|Chain	31.100	45	354	805	1.897E+01	23
20ZD_1|Chain	6D05_1|Chains	37.000	27	354	659	3.315E+01	22
20ZD_1|Chain	6D04_1|Chains	37.000	27	354	659	3.315E+01	22
20ZD_1|Chain	6T2V_2|Chain	23.600	117	354	1122	3.315E+01	22
20ZD_1|Chain	6T2U_2|Chain	23.600	117	354	1122	3.315E+01	22
20ZD_1|Chain	8B1T_2|Chain	23.600	117	354	1122	3.315E+01	22
20ZD_1|Chain	7MR0_2|Chain	23.600	117	354	1122	3.315E+01	22
20ZD_1|Chain	6SJG_2|Chain	23.600	117	354	1122	3.315E+01	22
20ZD_1|Chain	8B1U_2|Chain	23.600	117	354	1122	3.315E+01	22
20ZD_1|Chain	6SYT_3|Chain	30.000	39	354	520	4.381E+01	22
20ZD_1|Chain	7R06_1|Chains	27.500	83	354	601	5.789E+01	21
20ZD_1|Chain	7Z0Z_1|Chains	27.500	83	354	601	5.789E+01	21
20ZD_1|Chain	7WAC_1|Chains	29.000	100	354	910	5.789E+01	21
20ZD_1|Chain	7WAD_1|Chains	29.000	100	354	910	5.789E+01	21
20ZD_1|Chain	7JK5_3|Chain	60.000	15	354	462	7.651E+01	21
20ZD_1|Chain	6KLX_1|Chains	45.400	22	354	666	7.651E+01	21
11VE_3|Chain	6SYT_1|Chain	39.200	48	313	3712	2.452E-01	29
11VE_3|Chain	8DTI_1|Chains	31.500	38	313	946	9.356E+00	24
11VE_3|Chain	6VTT_1|Chains	31.000	29	313	471	2.166E+01	23
11VE_3|Chain	6TFK_1|Chains	31.500	56	313	789	2.166E+01	23
11VE_3|Chain	6J5W_2|Chain	25.800	80	313	852	2.865E+01	22
11VE_3|Chain	7WGR_1|Chains	28.000	56	313	895	3.789E+01	22
11VE_3|Chain	7WVF_4|Chain	47.800	23	313	261	6.629E+01	21
11VE_3|Chain	7RJE_3|Chains	50.000	12	313	374	6.629E+01	21
11VE_3|Chain	6ZBJ_1|Chains	23.400	81	313	891	6.629E+01	21
11VE_3|Chain	6ZBL_1|Chains	23.400	81	313	891	6.629E+01	21
11VE_3|Chain	7VD9_1|Chains	28.200	39	313	527	8.768E+01	21
11VE_3|Chain	7P8W_1|Chains	28.200	39	313	527	8.768E+01	21
11VE_3|Chain	6D05_2|Chains	32.100	28	313	698	8.768E+01	21
11VE_3|Chain	6D04_2|Chains	32.100	28	313	698	8.768E+01	21
11VE_3|Chain	6ZBD_1|Chain	30.000	40	313	717	8.768E+01	21
11VE_3|Chain	6ZBC_1|Chain	30.000	40	313	717	8.768E+01	21
11VE_3|Chain	6ZBH_1|Chain	30.000	40	313	717	8.768E+01	21
11VE_3|Chain	6ZBF_1|Chain	30.000	40	313	717	8.768E+01	21
11VE_3|Chain	6ZBG_1|Chain	30.000	40	313	717	8.768E+01	21
11VE_3|Chain	7X27_1|Chains	35.100	37	313	1212	8.768E+01	21
9LNO_1|Chain	7SK2_1|Chain	52.200	545	614	578	4.770E-193	607
9LNO_1|Chain	7OSI_4|Chain	32.200	31	614	190	1.548E+01	24
9LNO_1|Chain	7OSG_4|Chain	32.200	31	614	190	1.548E+01	24
9LNO_1|Chain	7OSJ_4|Chain	32.200	31	614	190	1.548E+01	24
9LNO_1|Chain	7OSH_4|Chain	32.200	31	614	190	1.548E+01	24
9LNO_1|Chain	7OSF_4|Chain	32.200	31	614	190	1.548E+01	24
9LNO_1|Chain	7USD_6|Chain	35.000	40	614	188	2.690E+01	23
9LNO_1|Chain	7UNK_1|Chain	26.800	97	614	1081	3.547E+01	23
9LNO_1|Chain	7LL1_3|Chains	29.800	67	614	229	4.677E+01	23
9LNO_1|Chain	7LG6_2|Chains	29.800	67	614	231	4.677E+01	23
9LNO_1|Chain	8A6T_1|Chains	30.000	20	614	571	4.677E+01	23
9LNO_1|Chain	6WKT_1|Chains	35.700	28	614	108	6.166E+01	22
9I1Z_1|Chain	7CYE_1|Chains	27.800	98	511	374	1.040E+00	28
9I1Z_1|Chain	7CYF_1|Chains	27.800	98	511	374	1.040E+00	28
9I1Z_1|Chain	6C6L_6|Chain	28.200	45	511	345	5.036E+01	22
9I1Z_1|Chain	6M0S_4|Chain	28.200	45	511	345	5.036E+01	22
9I1Z_1|Chain	7PKB_1|Chains	48.000	25	511	206	6.644E+01	22
9I1Z_1|Chain	7PKE_1|Chains	48.000	25	511	206	6.644E+01	22
9I1Z_1|Chain	7OCF_1|Chains	50.000	14	511	915	6.644E+01	22
9I1Z_1|Chain	6SYT_1|Chain	29.100	46	511	3712	6.644E+01	22
9VH5_3|Chains	7KKL_2|Chains	76.000	117	116	125	2.261E-51	171
9VH5_3|Chains	8CYJ_2|Chain	68.800	122	116	125	1.259E-48	163
9VH5_3|Chains	6UKT_5|Chain	67.200	119	116	131	5.107E-46	156
9VH5_3|Chains	6UKT_3|Chain	69.800	116	116	124	2.481E-45	154
9VH5_3|Chains	7M74_7|Chain	66.300	119	116	120	4.268E-44	150
9VH5_3|Chains	8CYJ_3|Chain	63.400	126	116	128	4.268E-44	150
9VH5_3|Chains	7JHH_7|Chain	66.300	119	116	159	4.268E-44	150
9VH5_3|Chains	8CYJ_4|Chain	64.800	125	116	127	5.854E-44	150
9VH5_3|Chains	8CYJ_1|Chain	64.800	125	116	127	5.854E-44	150
9VH5_3|Chains	6UKT_4|Chain	65.800	122	116	134	1.102E-43	149
9VH5_3|Chains	6UKT_6|Chain	63.100	122	116	134	2.073E-43	148
9VH5_3|Chains	7M74_6|Chain	63.700	124	116	228	6.712E-42	144
9VH5_3|Chains	7JHH_6|Chain	63.700	124	116	237	6.712E-42	144
9VH5_3|Chains	6XDG_4|Chain	65.200	118	116	225	1.263E-41	143
9VH5_3|Chains	6XDG_3|Chain	65.200	118	116	226	1.733E-41	143
9VH5_3|Chains	6TYS_2|Chains	65.800	116	116	120	2.377E-41	142
9VH5_3|Chains	7MY3_2|Chains	60.500	119	116	127	6.136E-41	141
9VH5_3|Chains	7WS5_3|Chains	62.800	121	116	123	5.610E-40	138
9VH5_3|Chains	7PC2_1|Chains	56.900	130	116	240	8.825E-38	132
9VH5_3|Chains	7UDS_1|Chains	59.100	119	116	226	2.278E-37	131
9VH5_3|Chains	6VTT_2|Chain	52.400	143	116	257	5.378E-36	127
9VH5_3|Chains	7L5J_3|Chains	54.700	117	116	221	2.184E-33	119
9VH5_3|Chains	7DKJ_2|Chains	53.300	120	116	203	1.456E-32	117
9VH5_3|Chains	7RA8_2|Chains	45.600	124	116	126	1.217E-30	111
9VH5_3|Chains	7MFG_3|Chains	47.400	118	116	120	4.309E-30	110
9VH5_3|Chains	8DZI_2|Chains	50.400	116	116	118	8.110E-30	109
9VH5_3|Chains	6PZZ_3|Chains	46.600	119	116	224	3.940E-29	107
9VH5_3|Chains	6OZC_4|Chains	47.900	121	116	224	4.940E-28	104
9VH5_3|Chains	7LUC_2|Chains	44.500	119	116	121	2.400E-27	102
9VH5_3|Chains	7LUC_4|Chains	46.000	127	116	129	3.292E-27	102
9VH5_3|Chains	6VO1_3|Chains	49.100	116	116	118	1.166E-26	100
9VH5_3|Chains	6DFH_3|Chains	46.000	128	116	233	1.166E-26	100
9VH5_3|Chains	7WEC_1|Chains	42.600	122	116	123	5.662E-26	98
9VH5_3|Chains	7WVF_4|Chain	48.300	120	116	261	5.662E-26	98
9VH5_3|Chains	6XEY_2|Chains	43.300	120	116	122	1.461E-25	97
9VH5_3|Chains	7UCG_2|Chains	42.900	121	116	234	1.832E-24	94
9VH5_3|Chains	6OPO_5|Chains	39.600	126	116	229	5.923E-23	89
9VH5_3|Chains	6OPQ_5|Chains	39.600	126	116	229	5.923E-23	89
9VH5_3|Chains	6X5B_5|Chains	39.600	126	116	229	5.923E-23	89
9VH5_3|Chains	6OPP_5|Chains	39.600	126	116	229	5.923E-23	89
9VH5_3|Chains	7LG6_6|Chains	46.600	119	116	225	2.876E-22	87
9VH5_3|Chains	7U9G_3|Chains	41.400	121	116	265	3.944E-22	87
9VH5_3|Chains	6U59_4|Chains	44.900	117	116	119	5.410E-22	87
9VH5_3|Chains	6V4N_2|Chains	39.000	123	116	244	5.410E-22	87
9VH5_3|Chains	7LL2_3|Chains	38.300	120	116	225	9.291E-21	83
9VH5_3|Chains	7UCG_5|Chains	36.100	130	116	243	3.287E-20	81
9VH5_3|Chains	7PC2_5|Chains	38.200	121	116	226	7.736E-19	78
9VH5_3|Chains	7WEC_2|Chains	39.300	116	116	107	1.209E-16	71
9VH5_3|Chains	6NQD_3|Chains	32.800	130	116	244	1.509E-15	68
9VH5_3|Chains	8DZI_3|Chains	37.600	116	116	109	2.342E-13	62
9VH5_3|Chains	7DKJ_3|Chains	33.800	116	116	189	8.259E-13	60
9VH5_3|Chains	7LG6_5|Chains	38.300	106	116	214	8.259E-13	60
9VH5_3|Chains	6OPQ_2|Chains	37.200	116	116	214	2.125E-12	59
9VH5_3|Chains	6OPO_2|Chains	37.200	116	116	214	2.125E-12	59
9VH5_3|Chains	6X5B_3|Chains	37.200	116	116	214	2.125E-12	59
9VH5_3|Chains	6OPP_1|Chains	37.200	116	116	214	2.125E-12	59
9VH5_3|Chains	7UCG_3|Chains	34.900	103	116	205	2.911E-12	59
9VH5_3|Chains	7U9G_2|Chains	36.500	113	116	217	1.405E-11	57
9VH5_3|Chains	7LL1_3|Chains	30.100	125	116	229	1.924E-11	56
9VH5_3|Chains	7LG6_2|Chains	30.100	125	116	231	1.924E-11	56
9VH5_3|Chains	6XEY_3|Chains	34.600	103	116	110	4.946E-11	55
9VH5_3|Chains	6XDG_5|Chain	35.500	103	116	216	4.946E-11	55
9VH5_3|Chains	7PC2_2|Chains	35.100	106	116	215	1.270E-10	54
9VH5_3|Chains	6DFH_4|Chains	33.900	106	116	214	1.740E-10	53
9VH5_3|Chains	7L5J_2|Chains	34.800	88	116	211	4.467E-10	52
9VH5_3|Chains	7JHH_5|Chain	31.600	116	116	215	8.373E-10	51
9VH5_3|Chains	7RA8_3|Chains	33.900	103	116	113	1.146E-09	51
9VH5_3|Chains	6VO1_4|Chains	32.000	106	116	107	1.569E-09	51
9VH5_3|Chains	6TYS_3|Chains	33.300	95	116	107	2.148E-09	50
9VH5_3|Chains	7WS5_2|Chains	30.700	116	116	108	2.148E-09	50
9VH5_3|Chains	7M74_5|Chain	33.000	106	116	211	2.148E-09	50
9VH5_3|Chains	6XDG_2|Chain	30.700	116	116	214	4.024E-09	49
9VH5_3|Chains	7MFG_4|Chains	33.000	114	116	108	7.536E-09	49
9VH5_3|Chains	7FJE_6|Chain	30.100	105	116	312	1.031E-08	48
9VH5_3|Chains	7FJE_5|Chain	33.900	106	116	272	1.931E-08	48
9VH5_3|Chains	7LUC_5|Chains	33.300	95	116	107	2.641E-08	47
9VH5_3|Chains	6PZZ_2|Chains	35.200	85	116	214	2.641E-08	47
9VH5_3|Chains	6VTT_3|Chain	30.500	106	116	217	2.641E-08	47
9VH5_3|Chains	7UDS_2|Chains	32.600	94	116	209	6.760E-08	46
9VH5_3|Chains	6U59_3|Chains	33.000	102	116	112	9.246E-08	46
9VH5_3|Chains	6V4N_3|Chains	33.600	95	116	214	2.364E-07	44
9VH5_3|Chains	7LL2_4|Chains	29.500	95	116	217	2.364E-07	44
9VH5_3|Chains	6OZC_3|Chains	31.100	106	116	213	6.040E-07	43
9VH5_3|Chains	7PC2_6|Chains	30.200	95	116	206	1.001E-05	40
9VH5_3|Chains	7UCG_6|Chains	28.100	106	116	216	1.428E-03	33
9VH5_3|Chains	7PPJ_1|Chain	33.300	24	116	919	7.535E+01	19
9JCS_1|Chain	7D09_2|Chains	25.300	220	1545	273	8.410E-11	63
9JCS_1|Chain	7Z19_5|Chain	20.900	232	1545	258	1.846E-07	52
9JCS_1|Chain	6XOT_1|Chain	36.300	44	1545	1014	4.607E+00	27
9JCS_1|Chain	6XOS_1|Chain	36.300	44	1545	1014	4.607E+00	27
9JCS_1|Chain	7CTE_3|Chain	48.000	25	1545	436	7.980E+00	27
9JCS_1|Chain	7P1H_1|Chain	40.700	27	1545	827	7.980E+00	27
9JCS_1|Chain	7JK5_3|Chain	45.000	20	1545	462	1.382E+01	26
9JCS_1|Chain	7APD_2|Chains	29.800	63	1545	298	2.394E+01	25
9JCS_1|Chain	7L1Q_2|Chains	27.200	44	1545	484	2.394E+01	25
9JCS_1|Chain	7L1S_2|Chains	27.200	44	1545	484	2.394E+01	25
9JCS_1|Chain	7L1R_2|Chains	27.200	44	1545	484	2.394E+01	25
9JCS_1|Chain	7TU6_1|Chains	32.200	60	1545	464	3.151E+01	25
9JCS_1|Chain	7TU5_1|Chains	32.200	60	1545	464	3.151E+01	25
9JCS_1|Chain	7TU7_1|Chains	32.200	60	1545	464	4.147E+01	24
9JCS_1|Chain	7TU8_1|Chains	32.200	60	1545	464	4.147E+01	24
9JCS_1|Chain	7JY5_1|Chains	24.700	176	1545	806	4.147E+01	24
9JCS_1|Chain	7RLF_1|Chains	24.700	176	1545	806	4.147E+01	24
9JCS_1|Chain	7RLB_1|Chains	24.700	176	1545	821	4.147E+01	24
9JCS_1|Chain	7RLD_1|Chains	24.700	176	1545	821	4.147E+01	24
9JCS_1|Chain	7USD_1|Chain	50.000	24	1545	1253	4.147E+01	24
9JCS_1|Chain	7RLH_1|Chains	24.700	176	1545	806	5.458E+01	24
9JCS_1|Chain	7RLG_1|Chains	24.700	176	1545	821	5.458E+01	24
9JCS_1|Chain	8A6T_2|Chains	24.600	136	1545	630	7.184E+01	23
9JCS_1|Chain	7TLB_1|Chains	31.300	81	1545	1208	7.184E+01	23
9JCS_1|Chain	7TLA_1|Chains	31.300	81	1545	1208	7.184E+01	23
9JCS_1|Chain	6ZOY_1|Chains	31.300	81	1545	1247	7.184E+01	23
9JCS_1|Chain	6ZP0_1|Chains	31.300	81	1545	1247	7.184E+01	23
9JCS_1|Chain	6ZOZ_1|Chains	31.300	81	1545	1247	7.184E+01	23
9JCS_1|Chain	6X29_1|Chains	31.300	81	1545	1273	7.184E+01	23
9JCS_1|Chain	8CYJ_5|Chain	31.300	81	1545	1273	7.184E+01	23
9JCS_1|Chain	7JJI_1|Chains	31.300	81	1545	1273	7.184E+01	23
9JCS_1|Chain	7EB0_1|Chains	31.300	81	1545	1283	7.184E+01	23
9JCS_1|Chain	7TPH_1|Chains	38.200	34	1545	1286	7.184E+01	23
9JCS_1|Chain	7TP7_1|Chains	38.200	34	1545	1286	7.184E+01	23
9JCS_1|Chain	7KE7_1|Chains	31.300	81	1545	1288	7.184E+01	23
9JCS_1|Chain	7KEC_1|Chains	31.300	81	1545	1288	7.184E+01	23
9JCS_1|Chain	7KEA_1|Chains	31.300	81	1545	1288	7.184E+01	23
9JCS_1|Chain	6VSB_1|Chains	31.300	81	1545	1288	7.184E+01	23
9JCS_1|Chain	7KE9_1|Chains	31.300	81	1545	1288	7.184E+01	23
9JCS_1|Chain	7RA8_1|Chains	31.300	81	1545	1288	7.184E+01	23
9JCS_1|Chain	7KDH_1|Chains	31.300	81	1545	1288	7.184E+01	23
9JCS_1|Chain	7KKL_1|Chains	31.300	81	1545	1288	7.184E+01	23
9JCS_1|Chain	6XKL_1|Chains	31.300	81	1545	1288	7.184E+01	23
9JCS_1|Chain	7KEB_1|Chains	31.300	81	1545	1288	7.184E+01	23
9JCS_1|Chain	6XEY_1|Chains	31.300	81	1545	1288	7.184E+01	23
9JCS_1|Chain	7LYL_1|Chains	31.300	81	1545	1288	7.184E+01	23
9JCS_1|Chain	8CSA_1|Chains	31.300	81	1545	1288	7.184E+01	23
9JCS_1|Chain	6ZP5_1|Chains	31.300	81	1545	1288	7.184E+01	23
9JCS_1|Chain	7MY3_1|Chains	31.300	81	1545	1288	7.184E+01	23
9JCS_1|Chain	7LYM_1|Chains	31.300	81	1545	1288	7.184E+01	23
9JCS_1|Chain	7KDJ_1|Chains	31.300	81	1545	1288	7.184E+01	23
9JCS_1|Chain	7N1T_1|Chains	31.300	81	1545	1305	7.184E+01	23
9JCS_1|Chain	7N1U_1|Chains	25.000	55	1545	1305	7.184E+01	23
9JCS_1|Chain	7N1Q_1|Chains	31.300	81	1545	1305	7.184E+01	23
9JCS_1|Chain	7SBL_1|Chains	38.200	34	1545	1308	7.184E+01	23
9JCS_1|Chain	7SBK_1|Chains	38.200	34	1545	1308	7.184E+01	23
9JCS_1|Chain	7SBS_1|Chains	31.300	81	1545	1310	7.184E+01	23
9JCS_1|Chain	7KRS_1|Chains	31.300	81	1545	1310	7.184E+01	23
9JCS_1|Chain	8DZF_1|Chains	30.100	52	1545	534	9.454E+01	23
9JCS_1|Chain	7L7B_3|Chain	32.400	37	1545	1161	9.454E+01	23
9JCS_1|Chain	7OTP_1|Chain	34.200	38	1545	4148	9.454E+01	23
9JCS_1|Chain	7OTW_1|Chain	34.200	38	1545	4148	9.454E+01	23
9JCS_1|Chain	7OTM_1|Chain	34.200	38	1545	4148	9.454E+01	23
9JCS_1|Chain	6ZH6_1|Chain	34.200	38	1545	4156	9.454E+01	23
9JCS_1|Chain	6ZFP_1|Chain	34.200	38	1545	4156	9.454E+01	23
9JCS_1|Chain	6ZH2_1|Chain	34.200	38	1545	4156	9.454E+01	23
9JCS_1|Chain	6ZH4_1|Chain	34.200	38	1545	4156	9.454E+01	23
10ZL_1|Chains	8ENM_2|Chains	52.600	523	511	523	1.563E-181	569
10ZL_1|Chains	8CRS_2|Chains	52.600	521	511	522	4.009E-181	567
10ZL_1|Chains	8ENO_2|Chains	52.600	521	511	522	4.009E-181	567
10ZL_1|Chains	8ENN_2|Chains	52.600	521	511	522	4.009E-181	567
10ZL_1|Chains	6UKT_5|Chain	37.200	57	511	131	5.972E-01	29
10ZL_1|Chains	7MKP_2|Chain	24.500	163	511	1340	1.372E+00	27
10ZL_1|Chains	7MKD_2|Chain	24.500	163	511	1342	1.372E+00	27
10ZL_1|Chains	7SZJ_2|Chain	24.500	163	511	1342	1.372E+00	27
10ZL_1|Chains	7MKI_3|Chain	24.500	163	511	1342	1.372E+00	27
10ZL_1|Chains	7MKJ_2|Chain	24.500	163	511	1342	1.372E+00	27
10ZL_1|Chains	6OMF_2|Chain	24.500	163	511	1342	1.372E+00	27
10ZL_1|Chains	7MKE_2|Chain	24.500	163	511	1342	1.372E+00	27
10ZL_1|Chains	7CN4_1|Chains	29.300	92	511	1267	1.810E+00	27
10ZL_1|Chains	6ZGF_1|Chains	29.300	92	511	1283	1.810E+00	27
10ZL_1|Chains	7Y42_1|Chains	29.300	92	511	1121	2.389E+00	27
10ZL_1|Chains	7XU4_1|Chains	29.300	92	511	1127	2.389E+00	27
10ZL_1|Chains	7XU5_1|Chains	29.300	92	511	1127	2.389E+00	27
10ZL_1|Chains	7XU2_1|Chains	29.300	92	511	1127	2.389E+00	27
10ZL_1|Chains	7TLB_1|Chains	29.300	92	511	1208	2.389E+00	27
10ZL_1|Chains	7TLA_1|Chains	29.300	92	511	1208	2.389E+00	27
10ZL_1|Chains	6ZOY_1|Chains	29.300	92	511	1247	2.389E+00	27
10ZL_1|Chains	6ZP0_1|Chains	29.300	92	511	1247	2.389E+00	27
10ZL_1|Chains	6ZOZ_1|Chains	29.300	92	511	1247	2.389E+00	27
10ZL_1|Chains	7YQT_1|Chains	29.300	92	511	1270	2.389E+00	27
10ZL_1|Chains	6X29_1|Chains	29.300	92	511	1273	2.389E+00	27
10ZL_1|Chains	8CYJ_5|Chain	29.300	92	511	1273	2.389E+00	27
10ZL_1|Chains	7JJI_1|Chains	29.300	92	511	1273	2.389E+00	27
10ZL_1|Chains	7UB6_1|Chains	29.300	92	511	1285	2.389E+00	27
10ZL_1|Chains	7TPH_1|Chains	29.300	92	511	1286	2.389E+00	27
10ZL_1|Chains	7TP7_1|Chains	29.300	92	511	1286	2.389E+00	27
10ZL_1|Chains	7KE7_1|Chains	29.300	92	511	1288	2.389E+00	27
10ZL_1|Chains	7KEC_1|Chains	29.300	92	511	1288	2.389E+00	27
10ZL_1|Chains	7KEA_1|Chains	29.300	92	511	1288	2.389E+00	27
10ZL_1|Chains	6VSB_1|Chains	29.300	92	511	1288	2.389E+00	27
10ZL_1|Chains	7KE9_1|Chains	29.300	92	511	1288	2.389E+00	27
10ZL_1|Chains	7RA8_1|Chains	29.300	92	511	1288	2.389E+00	27
10ZL_1|Chains	7KDH_1|Chains	29.300	92	511	1288	2.389E+00	27
10ZL_1|Chains	7KKL_1|Chains	29.300	92	511	1288	2.389E+00	27
10ZL_1|Chains	6XKL_1|Chains	29.300	92	511	1288	2.389E+00	27
10ZL_1|Chains	7KEB_1|Chains	29.300	92	511	1288	2.389E+00	27
10ZL_1|Chains	6XEY_1|Chains	29.300	92	511	1288	2.389E+00	27
10ZL_1|Chains	7LYL_1|Chains	29.300	92	511	1288	2.389E+00	27
10ZL_1|Chains	8CSA_1|Chains	29.300	92	511	1288	2.389E+00	27
10ZL_1|Chains	6ZP5_1|Chains	29.300	92	511	1288	2.389E+00	27
10ZL_1|Chains	7MY3_1|Chains	29.300	92	511	1288	2.389E+00	27
10ZL_1|Chains	7LYM_1|Chains	29.300	92	511	1288	2.389E+00	27
10ZL_1|Chains	7KDJ_1|Chains	29.300	92	511	1288	2.389E+00	27
10ZL_1|Chains	7N1T_1|Chains	29.300	92	511	1305	2.389E+00	27
10ZL_1|Chains	7N1Q_1|Chains	29.300	92	511	1305	2.389E+00	27
10ZL_1|Chains	7SBL_1|Chains	29.300	92	511	1308	2.389E+00	27
10ZL_1|Chains	7SBK_1|Chains	29.300	92	511	1308	2.389E+00	27
10ZL_1|Chains	7SBS_1|Chains	29.300	92	511	1310	2.389E+00	27
10ZL_1|Chains	7KRS_1|Chains	29.300	92	511	1310	2.389E+00	27
10ZL_1|Chains	7E7D_1|Chains	29.300	92	511	1520	2.389E+00	27
10ZL_1|Chains	7SBP_1|Chains	29.300	92	511	1310	3.152E+00	26
10ZL_1|Chains	7SZ0_1|Chains	18.300	120	511	1210	4.158E+00	26
10ZL_1|Chains	6M0S_1|Chain	21.400	177	511	825	9.551E+00	25
10ZL_1|Chains	6C6L_7|Chain	21.400	177	511	840	9.551E+00	25
10ZL_1|Chains	7UFR_1|Chains	39.500	41	511	1062	9.551E+00	25
10ZL_1|Chains	7UFU_1|Chains	39.500	41	511	1062	9.551E+00	25
10ZL_1|Chains	7N1U_1|Chains	28.200	92	511	1305	1.662E+01	24
10ZL_1|Chains	7YYO_1|Chains	36.100	36	511	470	2.193E+01	23
10ZL_1|Chains	8A6T_2|Chains	24.000	126	511	630	2.193E+01	23
10ZL_1|Chains	7RX2_1|Chains	23.500	65	511	735	2.894E+01	23
10ZL_1|Chains	7CTE_4|Chain	24.200	33	511	435	3.818E+01	23
10ZL_1|Chains	6KNF_1|Chains	29.600	62	511	334	6.644E+01	22
10ZL_1|Chains	6KNG_1|Chains	29.600	62	511	334	6.644E+01	22
10ZL_1|Chains	6LZ1_1|Chains	30.900	53	511	1133	6.644E+01	22
10ZL_1|Chains	6VVZ_6|Chain	30.700	52	511	111	8.765E+01	21
10ZL_1|Chains	6EE8_6|Chain	30.700	52	511	111	8.765E+01	21
10ZL_1|Chains	6VW0_6|Chain	30.700	52	511	111	8.765E+01	21
10ZL_1|Chains	6EEC_6|Chain	30.700	52	511	111	8.765E+01	21
10ZL_1|Chains	6VVX_6|Chain	30.700	52	511	111	8.765E+01	21
10ZL_1|Chains	6VVY_6|Chain	30.700	52	511	111	8.765E+01	21
10ZL_1|Chains	7OCF_3|Chains	32.200	59	511	188	8.765E+01	21
10ZL_1|Chains	7OY2_1|Chain	53.300	15	511	378	8.765E+01	21
10ZL_1|Chains	7QUC_1|Chain	28.100	64	511	475	8.765E+01	21
10ZL_1|Chains	6OF4_2|Chains	36.000	45	511	640	8.765E+01	21
10ZL_1|Chains	6OF3_2|Chains	36.000	45	511	640	8.765E+01	21
10ZL_1|Chains	6OF2_2|Chains	36.000	45	511	640	8.765E+01	21
10ZL_1|Chains	7OCF_2|Chains	25.000	92	511	860	8.765E+01	21
10ZL_1|Chains	7D5K_1|Chains	35.200	34	511	1042	8.765E+01	21
10ZL_1|Chains	6FAY_1|Chain	29.400	34	511	1876	8.765E+01	21
9ZRY_1|Chain	6XDG_3|Chain	78.500	233	243	226	1.379E-111	352
9ZRY_1|Chain	6XDG_4|Chain	78.500	233	243	225	4.864E-111	350
9ZRY_1|Chain	7UDS_1|Chains	76.500	233	243	226	7.523E-109	344
9ZRY_1|Chain	7JHH_6|Chain	76.800	233	243	237	2.653E-108	342
9ZRY_1|Chain	7M74_6|Chain	76.700	232	243	228	4.520E-107	339
9ZRY_1|Chain	6VTT_2|Chain	71.300	248	243	257	6.987E-105	332
9ZRY_1|Chain	6OZC_4|Chains	70.100	231	243	224	3.528E-98	313
9ZRY_1|Chain	7UCG_5|Chains	65.900	243	243	243	2.383E-94	302
9ZRY_1|Chain	6DFH_3|Chains	68.300	233	243	233	1.151E-93	300
9ZRY_1|Chain	6V4N_2|Chains	64.200	244	243	244	2.160E-93	299
9ZRY_1|Chain	6PZZ_3|Chains	66.000	233	243	224	6.897E-92	295
9ZRY_1|Chain	7UCG_2|Chains	63.400	241	243	234	2.202E-90	291
9ZRY_1|Chain	7U9G_3|Chains	66.500	233	243	265	4.133E-90	290
9ZRY_1|Chain	7LG6_6|Chains	65.800	233	243	225	4.647E-88	284
9ZRY_1|Chain	7LL2_3|Chains	63.900	233	243	225	2.031E-86	279
9ZRY_1|Chain	6OPO_5|Chains	64.200	231	243	229	2.783E-86	279
9ZRY_1|Chain	6OPQ_5|Chains	64.200	231	243	229	2.783E-86	279
9ZRY_1|Chain	6X5B_5|Chains	64.200	231	243	229	2.783E-86	279
9ZRY_1|Chain	6OPP_5|Chains	64.200	231	243	229	2.783E-86	279
9ZRY_1|Chain	7PC2_5|Chains	62.400	233	243	226	5.222E-86	278
9ZRY_1|Chain	7LG6_2|Chains	60.500	233	243	231	3.876E-83	270
9ZRY_1|Chain	7LL1_3|Chains	59.900	232	243	229	1.692E-81	265
9ZRY_1|Chain	6NQD_3|Chains	60.200	244	243	244	8.160E-81	263
9ZRY_1|Chain	7L5J_3|Chains	62.200	228	243	221	1.253E-78	257
9ZRY_1|Chain	7PC2_1|Chains	47.900	240	243	240	2.448E-57	195
9ZRY_1|Chain	8CYJ_3|Chain	69.200	130	243	128	3.610E-49	171
9ZRY_1|Chain	7WS5_3|Chains	69.200	130	243	123	4.420E-48	168
9ZRY_1|Chain	6TYS_2|Chains	65.400	132	243	120	8.066E-45	159
9ZRY_1|Chain	7KKL_2|Chains	64.600	130	243	125	5.715E-42	151
9ZRY_1|Chain	8CYJ_4|Chain	60.400	130	243	127	6.949E-41	147
9ZRY_1|Chain	8CYJ_2|Chain	62.400	129	243	125	6.177E-40	145
9ZRY_1|Chain	6UKT_4|Chain	62.100	130	243	134	2.939E-39	143
9ZRY_1|Chain	7JHH_7|Chain	60.700	130	243	159	7.493E-39	141
9ZRY_1|Chain	7M74_7|Chain	60.400	129	243	120	1.909E-38	140
9ZRY_1|Chain	8CYJ_1|Chain	60.900	130	243	127	2.311E-37	137
9ZRY_1|Chain	6UKT_3|Chain	60.700	130	243	124	8.037E-37	136
9ZRY_1|Chain	6UKT_6|Chain	61.500	130	243	134	1.498E-36	135
9ZRY_1|Chain	7DKJ_2|Chains	55.900	132	243	203	9.705E-36	132
9ZRY_1|Chain	6UKT_5|Chain	59.200	130	243	131	4.059E-34	128
9ZRY_1|Chain	7MY3_2|Chains	53.000	130	243	127	2.024E-31	120
9ZRY_1|Chain	6U59_4|Chains	51.900	127	243	119	1.301E-30	117
9ZRY_1|Chain	6XEY_2|Chains	45.300	130	243	122	9.945E-29	112
9ZRY_1|Chain	7WVF_4|Chain	32.700	258	243	261	1.608E-27	108
9ZRY_1|Chain	7MFG_3|Chains	46.900	130	243	120	2.190E-27	108
9ZRY_1|Chain	7RA8_2|Chains	43.100	128	243	126	5.531E-27	107
9ZRY_1|Chain	6VO1_3|Chains	50.000	130	243	118	3.524E-26	104
9ZRY_1|Chain	8DZI_2|Chains	46.100	130	243	118	3.524E-26	104
9ZRY_1|Chain	7LUC_4|Chains	45.300	130	243	129	1.646E-25	102
9ZRY_1|Chain	7LUC_2|Chains	40.700	130	243	121	3.075E-23	96
9ZRY_1|Chain	7WEC_1|Chains	42.500	129	243	123	1.408E-20	88
9ZRY_1|Chain	7UCG_3|Chains	30.600	220	243	205	2.357E-16	75
9ZRY_1|Chain	6XDG_5|Chain	29.900	220	243	216	5.832E-16	74
9ZRY_1|Chain	6DFH_4|Chains	30.200	222	243	214	3.557E-15	72
9ZRY_1|Chain	6OPQ_2|Chains	30.700	226	243	214	3.933E-14	68
9ZRY_1|Chain	6OPO_2|Chains	30.700	226	243	214	3.933E-14	68
9ZRY_1|Chain	6X5B_3|Chains	30.700	226	243	214	3.933E-14	68
9ZRY_1|Chain	6OPP_1|Chains	30.700	226	243	214	3.933E-14	68
9ZRY_1|Chain	6VTT_3|Chain	26.800	220	243	217	1.758E-13	66
9ZRY_1|Chain	7U9G_2|Chains	28.400	230	243	217	1.420E-12	64
9ZRY_1|Chain	7JHH_5|Chain	26.800	233	243	215	2.576E-12	63
9ZRY_1|Chain	7LG6_5|Chains	26.800	222	243	214	8.459E-12	61
9ZRY_1|Chain	6XDG_2|Chain	26.000	233	243	214	1.719E-09	54
9ZRY_1|Chain	7L5J_2|Chains	24.400	213	243	211	3.091E-09	53
9ZRY_1|Chain	7FJE_6|Chain	28.500	178	243	312	3.283E-07	47
9ZRY_1|Chain	7X13_1|Chains	30.600	101	243	245	7.831E-07	46
9ZRY_1|Chain	7RA8_3|Chains	32.100	83	243	113	3.288E-04	38
9ZRY_1|Chain	6VO1_4|Chains	33.700	82	243	107	4.375E-04	37
9ZRY_1|Chain	7WEC_2|Chains	32.900	96	243	107	4.375E-04	37
9ZRY_1|Chain	6XEY_3|Chains	29.400	84	243	110	2.424E-03	35
9ZRY_1|Chain	6U59_3|Chains	23.600	109	243	112	1.719E-01	29
9ZRY_1|Chain	7JPN_4|Chain	33.300	60	243	300	2.909E+00	25
9ZRY_1|Chain	6UHC_4|Chain	33.300	60	243	300	2.909E+00	25
9ZRY_1|Chain	7L7B_5|Chain	53.300	15	243	390	5.117E+00	24
9ZRY_1|Chain	6VW0_5|Chain	53.300	15	243	531	5.117E+00	24
9ZRY_1|Chain	6EE8_5|Chain	53.300	15	243	531	5.117E+00	24
9ZRY_1|Chain	6EEC_5|Chain	53.300	15	243	531	5.117E+00	24
9ZRY_1|Chain	6VVX_5|Chain	53.300	15	243	531	5.117E+00	24
9ZRY_1|Chain	6VVY_5|Chain	53.300	15	243	531	5.117E+00	24
9ZRY_1|Chain	6VVZ_5|Chain	53.300	15	243	531	5.117E+00	24
9ZRY_1|Chain	7MKD_5|Chain	53.300	15	243	613	5.117E+00	24
9ZRY_1|Chain	7MKI_6|Chain	53.300	15	243	613	5.117E+00	24
9ZRY_1|Chain	7MKJ_5|Chain	53.300	15	243	613	5.117E+00	24
9ZRY_1|Chain	7MKE_5|Chain	53.300	15	243	613	5.117E+00	24
9ZRY_1|Chain	7SZJ_5|Chain	53.300	15	243	613	5.117E+00	24
9ZRY_1|Chain	6OMF_5|Chain	57.100	14	243	331	6.786E+00	24
9ZRY_1|Chain	7UFR_1|Chains	34.400	29	243	1062	3.685E+01	21
9ZRY_1|Chain	7UFU_1|Chains	34.400	29	243	1062	3.685E+01	21
9ZRY_1|Chain	7OCF_4|Chains	40.900	22	243	423	6.474E+01	21
9ZRY_1|Chain	6D05_1|Chains	50.000	20	243	659	6.474E+01	21
9ZRY_1|Chain	6D04_1|Chains	50.000	20	243	659	6.474E+01	21
9ZRY_1|Chain	6LZ1_1|Chains	50.000	18	243	1133	8.580E+01	20
9XBY_3|Chain	7WAC_1|Chains	27.200	88	344	910	1.834E+01	23
9XBY_3|Chain	7WAD_1|Chains	27.200	88	344	910	1.834E+01	23
9OI3_1|Chains	7MFG_1|Chains	96.000	326	326	326	3.884E-219	667
9OI3_1|Chains	7DKJ_1|Chains	56.400	326	326	599	3.170E-130	410
9OI3_1|Chains	7RJE_1|Chains	29.100	70	326	387	4.250E+00	25
9OI3_1|Chains	6SYT_1|Chain	43.400	23	326	3712	7.435E+00	24
9OI3_1|Chains	6D05_3|Chains	27.500	29	326	820	3.977E+01	22
9OI3_1|Chains	6D04_3|Chains	27.500	29	326	820	3.977E+01	22
9OI3_1|Chains	7PV4_1|Chains	40.000	30	326	301	5.259E+01	21
9OI3_1|Chains	7XO5_2|Chain	20.100	100	326	805	5.259E+01	21
9OI3_1|Chains	7L2N_1|Chains	45.000	20	326	842	5.259E+01	21
9OI3_1|Chains	7L2O_1|Chains	45.000	20	326	842	5.259E+01	21
9OI3_1|Chains	6O6A_1|Chains	23.700	59	326	1098	6.953E+01	21
9OI3_1|Chains	6O6R_1|Chains	23.700	59	326	1098	6.953E+01	21
9OI3_1|Chains	6NR3_1|Chains	23.700	59	326	1135	6.953E+01	21
9OI3_1|Chains	6URG_1|Chain	31.500	38	326	1443	6.953E+01	21
9OI3_1|Chains	6BM0_1|Chain	31.500	38	326	1443	6.953E+01	21
9OI3_1|Chains	6BLY_1|Chain	31.500	38	326	1443	6.953E+01	21
9OI3_1|Chains	7RJE_3|Chains	45.800	24	326	374	9.193E+01	21
9OI3_1|Chains	6OF4_1|Chains	40.900	22	326	391	9.193E+01	21
9OI3_1|Chains	6OF3_1|Chains	40.900	22	326	391	9.193E+01	21
9OI3_1|Chains	6OF2_1|Chains	40.900	22	326	391	9.193E+01	21
9OI3_1|Chains	6KLX_1|Chains	52.900	17	326	666	9.193E+01	21
9OI3_1|Chains	7B5P_1|Chains	30.500	36	326	1051	9.193E+01	21
9XI7_3|Chains	6PZZ_3|Chains	85.000	227	228	224	2.330E-117	368
9XI7_3|Chains	6OPO_5|Chains	80.700	229	228	229	9.557E-112	351
9XI7_3|Chains	6OPQ_5|Chains	80.700	229	228	229	9.557E-112	351
9XI7_3|Chains	6X5B_5|Chains	80.700	229	228	229	9.557E-112	351
9XI7_3|Chains	6OPP_5|Chains	80.700	229	228	229	9.557E-112	351
9XI7_3|Chains	7UCG_2|Chains	78.900	228	228	234	2.526E-108	342
9XI7_3|Chains	7JHH_6|Chain	75.100	230	228	237	1.520E-106	336
9XI7_3|Chains	6XDG_3|Chain	75.800	228	228	226	1.381E-105	334
9XI7_3|Chains	7M74_6|Chain	74.800	228	228	228	1.254E-104	331
9XI7_3|Chains	6XDG_4|Chain	75.500	228	228	225	4.015E-103	327
9XI7_3|Chains	7PC2_5|Chains	74.800	227	228	226	2.415E-101	321
9XI7_3|Chains	7UDS_1|Chains	71.600	228	228	226	7.733E-100	317
9XI7_3|Chains	6VTT_2|Chain	67.000	249	228	257	4.220E-97	309
9XI7_3|Chains	6NQD_3|Chains	68.900	236	228	244	2.536E-95	304
9XI7_3|Chains	7LG6_2|Chains	69.000	231	228	231	3.154E-94	301
9XI7_3|Chains	6DFH_3|Chains	70.500	233	228	233	3.154E-94	301
9XI7_3|Chains	7LL1_3|Chains	69.200	229	228	229	1.009E-92	297
9XI7_3|Chains	7UCG_5|Chains	66.600	236	228	243	1.383E-92	296
9XI7_3|Chains	7U9G_3|Chains	68.200	228	228	265	1.383E-92	296
9XI7_3|Chains	7LL2_3|Chains	68.500	227	228	225	4.422E-91	292
9XI7_3|Chains	6OZC_4|Chains	67.500	225	228	224	2.136E-90	290
9XI7_3|Chains	7LG6_6|Chains	67.500	228	228	225	2.928E-90	289
9XI7_3|Chains	6V4N_2|Chains	66.000	228	228	244	9.361E-89	285
9XI7_3|Chains	7L5J_3|Chains	53.500	226	228	221	1.297E-69	230
9XI7_3|Chains	7MFG_3|Chains	80.600	124	228	120	5.829E-56	190
9XI7_3|Chains	7RA8_2|Chains	77.400	124	228	126	2.273E-53	183
9XI7_3|Chains	6XEY_2|Chains	70.100	124	228	122	2.501E-48	168
9XI7_3|Chains	7PC2_1|Chains	43.100	221	228	240	4.141E-44	156
9XI7_3|Chains	7LUC_2|Chains	64.500	124	228	121	2.425E-42	151
9XI7_3|Chains	8DZI_2|Chains	62.900	124	228	118	1.585E-41	149
9XI7_3|Chains	7WEC_1|Chains	66.100	123	228	123	3.229E-39	142
9XI7_3|Chains	7LUC_4|Chains	55.700	129	228	129	2.878E-38	139
9XI7_3|Chains	7WS5_3|Chains	52.400	124	228	123	2.456E-34	128
9XI7_3|Chains	6TYS_2|Chains	51.500	126	228	120	1.927E-32	122
9XI7_3|Chains	8CYJ_3|Chain	48.400	128	228	128	9.137E-32	120
9XI7_3|Chains	8CYJ_2|Chain	50.800	124	228	125	1.247E-31	120
9XI7_3|Chains	8CYJ_4|Chain	46.800	127	228	127	2.164E-28	110
9XI7_3|Chains	7JHH_7|Chain	47.600	124	228	159	3.529E-27	107
9XI7_3|Chains	7DKJ_2|Chains	44.500	126	228	203	6.558E-27	106
9XI7_3|Chains	7M74_7|Chain	47.200	123	228	120	8.940E-27	106
9XI7_3|Chains	7KKL_2|Chains	46.700	124	228	125	3.086E-26	104
9XI7_3|Chains	8CYJ_1|Chain	43.800	127	228	127	5.732E-26	103
9XI7_3|Chains	6UKT_4|Chain	46.700	124	228	134	1.064E-25	102
9XI7_3|Chains	6U59_4|Chains	46.200	121	228	119	4.997E-25	100
9XI7_3|Chains	6VO1_3|Chains	44.000	124	228	118	5.917E-24	97
9XI7_3|Chains	6UKT_6|Chain	44.800	124	228	134	8.058E-24	97
9XI7_3|Chains	7WVF_4|Chain	44.500	124	228	261	2.768E-23	95
9XI7_3|Chains	7MY3_2|Chains	42.700	124	228	127	6.029E-22	91
9XI7_3|Chains	6UKT_3|Chain	42.700	124	228	124	9.593E-21	88
9XI7_3|Chains	6UKT_5|Chain	42.700	124	228	131	1.773E-20	87
9XI7_3|Chains	7UCG_3|Chains	32.500	214	228	205	2.061E-19	84
9XI7_3|Chains	6XDG_5|Chain	30.900	227	228	216	9.519E-19	82
9XI7_3|Chains	6OPQ_2|Chains	31.300	212	228	214	3.122E-16	74
9XI7_3|Chains	6OPO_2|Chains	31.300	212	228	214	3.122E-16	74
9XI7_3|Chains	7LG6_5|Chains	29.700	226	228	214	3.122E-16	74
9XI7_3|Chains	6X5B_3|Chains	31.300	212	228	214	3.122E-16	74
9XI7_3|Chains	6OPP_1|Chains	31.300	212	228	214	3.122E-16	74
9XI7_3|Chains	7PC2_2|Chains	29.500	214	228	215	4.231E-16	74
9XI7_3|Chains	6VTT_3|Chain	29.900	214	228	217	4.231E-16	74
9XI7_3|Chains	6DFH_4|Chains	29.000	214	228	214	7.765E-16	73
9XI7_3|Chains	6PZZ_2|Chains	30.400	213	228	214	2.612E-15	72
9XI7_3|Chains	7JHH_5|Chain	28.800	226	228	215	3.536E-15	71
9XI7_3|Chains	7M74_5|Chain	30.000	198	228	211	1.605E-14	69
9XI7_3|Chains	7U9G_2|Chains	29.200	224	228	217	2.938E-14	68
9XI7_3|Chains	7LL2_4|Chains	28.000	226	228	217	3.973E-14	68
9XI7_3|Chains	6NQD_4|Chains	27.500	226	228	215	9.819E-14	67
9XI7_3|Chains	6V4N_3|Chains	29.300	206	228	214	1.089E-12	64
9XI7_3|Chains	6XDG_2|Chain	27.600	226	228	214	8.871E-12	61
9XI7_3|Chains	7FJE_6|Chain	30.100	173	228	312	9.649E-11	58
9XI7_3|Chains	7PC2_6|Chains	25.800	226	228	206	1.394E-09	54
9XI7_3|Chains	7X13_1|Chains	34.100	85	228	245	1.596E-06	45
9XI7_3|Chains	8DZI_3|Chains	32.100	109	228	109	2.855E-06	44
9XI7_3|Chains	7WEC_2|Chains	32.400	109	228	107	1.626E-05	42
9XI7_3|Chains	7FJE_5|Chain	28.100	127	228	272	2.898E-05	41
9XI7_3|Chains	6XEY_3|Chains	31.400	88	228	110	1.635E-04	38
9XI7_3|Chains	7RA8_3|Chains	27.600	109	228	113	5.163E-04	37
9XI7_3|Chains	7WS5_2|Chains	26.200	121	228	108	9.166E-04	36
9XI7_3|Chains	7LUC_5|Chains	28.800	95	228	107	1.221E-03	36
9XI7_3|Chains	6VO1_4|Chains	28.800	88	228	107	2.165E-03	35
9XI7_3|Chains	6U59_3|Chains	29.100	95	228	112	2.883E-03	34
9XI7_3|Chains	7MFG_4|Chains	32.400	104	228	108	3.837E-03	34
9XI7_3|Chains	7L7B_5|Chain	66.600	12	228	390	1.098E+01	23
9XI7_3|Chains	6VW0_5|Chain	66.600	12	228	531	1.098E+01	23
9XI7_3|Chains	6EE8_5|Chain	66.600	12	228	531	1.098E+01	23
9XI7_3|Chains	6EEC_5|Chain	66.600	12	228	531	1.098E+01	23
9XI7_3|Chains	6VVX_5|Chain	66.600	12	228	531	1.098E+01	23
9XI7_3|Chains	6VVY_5|Chain	66.600	12	228	531	1.098E+01	23
9XI7_3|Chains	6VVZ_5|Chain	66.600	12	228	531	1.098E+01	23
9XI7_3|Chains	7MKD_5|Chain	66.600	12	228	613	1.098E+01	23
9XI7_3|Chains	7MKI_6|Chain	66.600	12	228	613	1.098E+01	23
9XI7_3|Chains	7MKJ_5|Chain	66.600	12	228	613	1.098E+01	23
9XI7_3|Chains	7MKE_5|Chain	66.600	12	228	613	1.098E+01	23
9XI7_3|Chains	7SZJ_5|Chain	66.600	12	228	613	1.098E+01	23
9XI7_3|Chains	6OMF_5|Chain	63.600	11	228	331	3.401E+01	21
9XI7_3|Chains	7USD_1|Chain	42.100	19	228	1253	4.511E+01	21
9WMQ_1|Chain	6L42_1|Chain	25.400	55	182	2109	2.563E+00	25
9WMQ_1|Chain	7VFE_1|Chains	24.000	54	182	569	6.055E+00	23
9WMQ_1|Chain	6OWT_1|Chain	25.700	128	182	939	2.529E+01	21
9WMQ_1|Chain	7TFI_1|Chain	58.300	12	182	861	5.953E+01	20
9WMQ_1|Chain	8DR4_1|Chain	58.300	12	182	918	5.953E+01	20
9WMQ_1|Chain	8DR6_1|Chain	58.300	12	182	918	5.953E+01	20
9WMQ_1|Chain	7NZM_4|Chain	44.000	25	182	260	7.916E+01	20
11TD_3|Chain	7JHH_5|Chain	96.700	214	214	215	1.680E-127	396
11TD_3|Chain	7M74_5|Chain	96.600	211	214	211	1.013E-125	391
11TD_3|Chain	6PZZ_2|Chains	91.000	213	214	214	1.475E-119	373
11TD_3|Chain	6XDG_2|Chain	89.200	213	214	214	3.140E-117	366
11TD_3|Chain	6V4N_3|Chains	88.700	213	214	214	5.363E-116	363
11TD_3|Chain	6OZC_3|Chains	87.300	213	214	213	7.351E-116	362
11TD_3|Chain	7UDS_2|Chains	87.200	212	214	209	6.682E-115	360
11TD_3|Chain	7LL2_4|Chains	86.100	215	214	217	1.141E-113	356
11TD_3|Chain	6NQD_4|Chains	84.500	213	214	215	1.772E-111	350
11TD_3|Chain	6OPQ_2|Chains	82.200	214	214	214	3.025E-110	346
11TD_3|Chain	6OPO_2|Chains	82.200	214	214	214	3.025E-110	346
11TD_3|Chain	6X5B_3|Chains	82.200	214	214	214	3.025E-110	346
11TD_3|Chain	6OPP_1|Chains	82.200	214	214	214	3.025E-110	346
11TD_3|Chain	7LG6_5|Chains	82.500	212	214	214	6.435E-108	340
11TD_3|Chain	7PC2_2|Chains	80.200	213	214	215	2.064E-106	335
11TD_3|Chain	7LL1_4|Chains	78.700	212	214	214	1.130E-103	327
11TD_3|Chain	7LG6_3|Chains	78.700	212	214	214	1.130E-103	327
11TD_3|Chain	7PC2_6|Chains	79.300	213	214	206	6.808E-102	322
11TD_3|Chain	7U9G_2|Chains	74.600	212	214	217	6.879E-89	285
11TD_3|Chain	7UCG_6|Chains	68.400	209	214	216	1.014E-79	258
11TD_3|Chain	7L5J_2|Chains	61.600	211	214	211	6.859E-76	247
11TD_3|Chain	7WS5_2|Chains	84.200	108	214	108	4.574E-50	173
11TD_3|Chain	6VO1_4|Chains	79.600	108	214	107	1.605E-46	162
11TD_3|Chain	7LUC_5|Chains	75.900	108	214	107	3.702E-45	158
11TD_3|Chain	6XDG_5|Chain	43.400	203	214	216	2.431E-44	156
11TD_3|Chain	6DFH_4|Chains	42.600	205	214	214	2.683E-42	150
11TD_3|Chain	7UCG_3|Chains	41.500	200	214	205	6.872E-42	149
11TD_3|Chain	8DZI_3|Chains	71.800	109	214	109	4.506E-41	147
11TD_3|Chain	6VTT_3|Chain	41.200	204	214	217	6.164E-41	146
11TD_3|Chain	6TYS_3|Chains	68.500	108	214	107	1.414E-39	142
11TD_3|Chain	7DKJ_3|Chains	64.800	108	214	189	1.549E-37	136
11TD_3|Chain	7WEC_2|Chains	67.500	107	214	107	2.896E-37	136
11TD_3|Chain	7MFG_4|Chains	63.300	108	214	108	1.236E-35	131
11TD_3|Chain	6U59_3|Chains	59.200	112	214	112	8.356E-30	114
11TD_3|Chain	7LUC_3|Chains	51.300	112	214	112	3.094E-27	106
11TD_3|Chain	6XEY_3|Chains	51.400	106	214	110	1.349E-23	96
11TD_3|Chain	7RA8_3|Chains	52.800	106	214	113	2.589E-21	89
11TD_3|Chain	7WVF_4|Chain	49.000	100	214	261	1.211E-20	87
11TD_3|Chain	6XDG_4|Chain	33.900	202	214	225	1.667E-18	81
11TD_3|Chain	6XDG_3|Chain	32.500	202	214	226	1.941E-17	78
11TD_3|Chain	7JHH_6|Chain	31.500	223	214	237	4.866E-17	76
11TD_3|Chain	7M74_6|Chain	31.200	222	214	228	1.219E-16	75
11TD_3|Chain	7FJE_6|Chain	30.000	215	214	312	1.404E-15	72
11TD_3|Chain	7UCG_5|Chains	30.400	193	214	243	6.442E-15	70
11TD_3|Chain	6PZZ_3|Chains	28.300	203	214	224	2.948E-14	68
11TD_3|Chain	7UDS_1|Chains	31.500	182	214	226	7.329E-14	67
11TD_3|Chain	6VTT_2|Chain	30.300	227	214	257	1.820E-13	66
11TD_3|Chain	7PC2_5|Chains	27.300	218	214	226	8.269E-13	64
11TD_3|Chain	7FJE_5|Chain	34.200	138	214	272	2.047E-12	63
11TD_3|Chain	7UCG_2|Chains	28.700	205	214	234	3.077E-11	59
11TD_3|Chain	6OZC_4|Chains	29.400	219	214	224	7.573E-11	58
11TD_3|Chain	7PC2_1|Chains	28.600	186	214	240	7.573E-11	58
11TD_3|Chain	7L5J_3|Chains	26.800	181	214	221	1.022E-10	57
11TD_3|Chain	6OPO_5|Chains	26.500	210	214	229	1.861E-10	57
11TD_3|Chain	6OPQ_5|Chains	26.500	210	214	229	1.861E-10	57
11TD_3|Chain	6X5B_5|Chains	26.500	210	214	229	1.861E-10	57
11TD_3|Chain	6OPP_5|Chains	26.500	210	214	229	1.861E-10	57
11TD_3|Chain	7X13_1|Chains	30.500	95	214	245	1.118E-09	54
11TD_3|Chain	7LL1_3|Chains	26.900	209	214	229	2.028E-09	53
11TD_3|Chain	7LG6_2|Chains	26.900	209	214	231	2.028E-09	53
11TD_3|Chain	6UKT_5|Chain	33.300	105	214	131	3.947E-08	49
11TD_3|Chain	8CYJ_4|Chain	33.600	124	214	127	1.286E-07	48
11TD_3|Chain	6UKT_4|Chain	33.300	108	214	134	1.286E-07	48
11TD_3|Chain	6UKT_3|Chain	35.000	98	214	124	3.255E-06	44
11TD_3|Chain	6UKT_6|Chain	32.700	108	214	134	5.839E-06	43
11TD_3|Chain	7JHH_7|Chain	32.200	120	214	159	1.401E-05	42
11TD_3|Chain	7M74_7|Chain	33.300	105	214	120	1.874E-05	41
11TD_3|Chain	7KKL_2|Chains	32.800	116	214	125	1.874E-05	41
11TD_3|Chain	7DKJ_2|Chains	36.300	83	214	203	2.553E-04	38
11TD_3|Chain	7LUC_4|Chains	28.100	127	214	129	4.551E-04	37
11TD_3|Chain	8CYJ_2|Chain	31.200	95	214	125	6.074E-04	36
11TD_3|Chain	6TYS_2|Chains	32.400	116	214	120	8.105E-04	36
11TD_3|Chain	8CYJ_3|Chain	36.500	82	214	128	1.442E-03	35
11TD_3|Chain	7MY3_2|Chains	32.100	84	214	127	4.558E-03	34
11TD_3|Chain	7WS5_3|Chains	28.600	121	214	123	6.075E-03	33
11TD_3|Chain	8DZI_2|Chains	29.900	116	214	118	8.094E-03	33
11TD_3|Chain	7MFG_3|Chains	29.900	104	214	120	8.094E-03	33
11TD_3|Chain	7RA8_2|Chains	24.500	110	214	126	3.391E-02	31
11TD_3|Chain	8CYJ_1|Chain	27.600	125	214	127	6.008E-02	30
11TD_3|Chain	7LUC_2|Chains	28.000	105	214	121	7.825E-01	27
11TD_3|Chain	7WEC_1|Chains	36.500	41	214	123	1.837E+00	25
11TD_3|Chain	5NV3_1|Chains	30.500	36	214	467	2.362E+01	22
11TD_3|Chain	6PZZ_1|Chains	34.700	23	214	429	7.331E+01	20
9PXL_1|Chains	7WTA_1|Chains	22.200	176	392	1178	2.306E+00	26
9PXL_1|Chains	7WSF_2|Chain	40.000	25	392	190	9.278E+00	24
9PXL_1|Chains	6V0C_1|Chains	25.800	243	392	832	9.278E+00	24
9PXL_1|Chains	6V0D_1|Chains	25.800	243	392	832	9.278E+00	24
9PXL_1|Chains	6WXH_2|Chain	39.200	28	392	198	1.226E+01	24
9PXL_1|Chains	7MEY_1|Chain	30.300	33	392	1950	1.619E+01	23
9PXL_1|Chains	7MEX_4|Chain	30.300	33	392	1950	1.619E+01	23
9PXL_1|Chains	6D05_3|Chains	26.200	80	392	820	2.139E+01	23
9PXL_1|Chains	6D04_3|Chains	26.200	80	392	820	2.139E+01	23
9PXL_1|Chains	7JPN_7|Chain	56.200	16	392	143	2.825E+01	23
9PXL_1|Chains	6UHC_7|Chain	56.200	16	392	151	2.825E+01	23
9PXL_1|Chains	7QUN_1|Chains	56.200	16	392	732	3.731E+01	22
9PXL_1|Chains	7PX8_1|Chains	56.200	16	392	732	3.731E+01	22
9PXL_1|Chains	6XNZ_2|Chains	23.900	46	392	363	4.928E+01	22
9PXL_1|Chains	7Q4W_1|Chains	47.300	19	392	583	4.928E+01	22
9PXL_1|Chains	7PTV_1|Chains	26.200	113	392	702	4.928E+01	22
9PXL_1|Chains	7OTP_1|Chain	28.500	56	392	4148	4.928E+01	22
9PXL_1|Chains	7OTW_1|Chain	28.500	56	392	4148	4.928E+01	22
9PXL_1|Chains	7OTM_1|Chain	28.500	56	392	4148	4.928E+01	22
9PXL_1|Chains	6ZH6_1|Chain	28.500	56	392	4156	4.928E+01	22
9PXL_1|Chains	6ZFP_1|Chain	28.500	56	392	4156	4.928E+01	22
9PXL_1|Chains	6ZH2_1|Chain	28.500	56	392	4156	4.928E+01	22
9PXL_1|Chains	6ZH4_1|Chain	28.500	56	392	4156	4.928E+01	22
9PXL_1|Chains	7VF2_1|Chain	20.300	54	392	1812	6.510E+01	21
9PXL_1|Chains	6OWT_1|Chain	28.200	39	392	939	8.598E+01	21
9PXL_1|Chains	6XOT_1|Chain	28.500	28	392	1014	8.598E+01	21
9PXL_1|Chains	6XOS_1|Chain	28.500	28	392	1014	8.598E+01	21
9ZRY_2|Chain	7LG6_5|Chains	71.600	219	220	214	4.765E-102	323
9ZRY_2|Chain	6XDG_2|Chain	69.000	220	220	214	2.605E-99	315
9ZRY_2|Chain	6PZZ_2|Chains	69.000	220	220	214	2.365E-98	312
9ZRY_2|Chain	7LL1_4|Chains	66.600	219	220	214	2.673E-96	306
9ZRY_2|Chain	7LG6_3|Chains	66.600	219	220	214	2.673E-96	306
9ZRY_2|Chain	7JHH_5|Chain	68.100	220	220	215	1.292E-95	304
9ZRY_2|Chain	7PC2_2|Chains	68.700	220	220	215	3.326E-95	303
9ZRY_2|Chain	6OPQ_2|Chains	68.100	218	220	214	8.562E-95	302
9ZRY_2|Chain	6OPO_2|Chains	68.100	218	220	214	8.562E-95	302
9ZRY_2|Chain	6X5B_3|Chains	68.100	218	220	214	8.562E-95	302
9ZRY_2|Chain	6OPP_1|Chains	68.100	218	220	214	8.562E-95	302
9ZRY_2|Chain	6V4N_3|Chains	67.200	220	220	214	1.173E-94	302
9ZRY_2|Chain	6NQD_4|Chains	66.800	220	220	215	5.672E-94	300
9ZRY_2|Chain	7M74_5|Chain	68.000	216	220	211	2.742E-93	298
9ZRY_2|Chain	6OZC_3|Chains	65.700	219	220	213	7.057E-93	297
9ZRY_2|Chain	7UDS_2|Chains	66.800	217	220	209	2.051E-90	289
9ZRY_2|Chain	7LL2_4|Chains	65.600	220	220	217	3.851E-90	289
9ZRY_2|Chain	7U9G_2|Chains	64.000	218	220	217	1.145E-84	273
9ZRY_2|Chain	7PC2_6|Chains	60.900	220	220	206	1.291E-82	267
9ZRY_2|Chain	7L5J_2|Chains	55.000	216	220	211	1.845E-76	249
9ZRY_2|Chain	7UCG_6|Chains	61.900	211	220	216	3.463E-76	248
9ZRY_2|Chain	7LUC_3|Chains	74.300	113	220	112	8.824E-51	175
9ZRY_2|Chain	6DFH_4|Chains	42.000	217	220	214	1.331E-45	160
9ZRY_2|Chain	6VTT_3|Chain	39.900	218	220	217	1.635E-44	157
9ZRY_2|Chain	6XDG_5|Chain	39.500	217	220	216	1.072E-43	154
9ZRY_2|Chain	7UCG_3|Chains	39.200	217	220	205	7.716E-41	146
9ZRY_2|Chain	8DZI_3|Chains	59.600	114	220	109	2.950E-38	139
9ZRY_2|Chain	7WEC_2|Chains	56.200	112	220	107	7.299E-35	129
9ZRY_2|Chain	6VO1_4|Chains	52.200	113	220	107	3.090E-33	124
9ZRY_2|Chain	7LUC_5|Chains	49.500	113	220	107	3.746E-32	121
9ZRY_2|Chain	7WS5_2|Chains	52.600	113	220	108	1.780E-31	119
9ZRY_2|Chain	7DKJ_3|Chains	50.400	113	220	189	1.780E-31	119
9ZRY_2|Chain	6U59_3|Chains	52.100	113	220	112	3.319E-31	118
9ZRY_2|Chain	6TYS_3|Chains	51.300	113	220	107	6.190E-31	117
9ZRY_2|Chain	7MFG_4|Chains	51.300	113	220	108	6.190E-31	117
9ZRY_2|Chain	7WVF_4|Chain	45.900	110	220	261	1.910E-22	93
9ZRY_2|Chain	6XEY_3|Chains	44.500	109	220	110	4.822E-22	91
9ZRY_2|Chain	7LL2_3|Chains	28.500	212	220	225	3.600E-20	86
9ZRY_2|Chain	7RA8_3|Chains	46.500	110	220	113	4.896E-20	85
9ZRY_2|Chain	7FJE_6|Chain	28.500	242	220	312	5.716E-19	82
9ZRY_2|Chain	6XDG_3|Chain	29.000	212	220	226	1.056E-18	81
9ZRY_2|Chain	7U9G_3|Chains	28.600	215	220	265	9.013E-18	79
9ZRY_2|Chain	7UCG_2|Chains	27.300	213	220	234	5.644E-17	76
9ZRY_2|Chain	7JHH_6|Chain	29.200	218	220	237	5.644E-17	76
9ZRY_2|Chain	7M74_6|Chain	29.700	211	220	228	1.913E-16	75
9ZRY_2|Chain	6DFH_3|Chains	27.900	222	220	233	1.191E-15	72
9ZRY_2|Chain	7LG6_2|Chains	26.400	218	220	231	1.128E-13	66
9ZRY_2|Chain	7LL1_3|Chains	26.700	211	220	229	2.793E-13	65
9ZRY_2|Chain	7L5J_3|Chains	25.900	203	220	221	2.305E-12	63
9ZRY_2|Chain	7X13_1|Chains	29.400	95	220	245	1.137E-10	57
9ZRY_2|Chain	6UKT_5|Chain	27.800	100	220	131	1.119E-05	42
9ZRY_2|Chain	7MFG_3|Chains	23.800	105	220	120	3.574E-05	40
9ZRY_2|Chain	6VO1_3|Chains	33.700	86	220	118	6.378E-05	40
9ZRY_2|Chain	7M74_7|Chain	28.000	108	220	120	1.137E-04	39
9ZRY_2|Chain	6XEY_2|Chains	23.400	107	220	122	1.137E-04	39
9ZRY_2|Chain	7JHH_7|Chain	28.000	108	220	159	1.137E-04	39
9ZRY_2|Chain	7WS5_3|Chains	27.100	110	220	123	2.027E-04	38
9ZRY_2|Chain	8CYJ_2|Chain	29.000	88	220	125	4.813E-04	37
9ZRY_2|Chain	7LUC_4|Chains	27.500	83	220	129	3.599E-03	34
9ZRY_2|Chain	8DZI_2|Chains	26.600	86	220	118	1.132E-02	33
9ZRY_2|Chain	6SYT_3|Chain	38.000	21	220	520	2.538E+00	25
9ZRY_2|Chain	6DBU_2|Chains	29.000	107	220	533	3.370E+00	25
9ZRY_2|Chain	6KLX_1|Chains	26.800	41	220	666	4.475E+00	24
9ZRY_2|Chain	7RUA_3|Chains	32.600	52	220	132	5.942E+00	24
9ZRY_2|Chain	7RU9_3|Chains	32.600	52	220	132	5.942E+00	24
9ZRY_2|Chain	7Z19_4|Chains	29.800	56	220	281	7.889E+00	23
9ZRY_2|Chain	7Z19_3|Chains	26.700	56	220	354	1.390E+01	23
9ZRY_2|Chain	7WHR_1|Chains	27.400	50	220	379	3.249E+01	21
9ZRY_2|Chain	7WHS_1|Chains	27.400	50	220	379	3.249E+01	21
9ZRY_2|Chain	7RFE_1|Chains	52.100	23	220	504	3.249E+01	21
9ZRY_2|Chain	7RFG_1|Chains	52.100	23	220	514	3.249E+01	21
9ZRY_2|Chain	7RGQ_1|Chains	52.100	23	220	546	3.249E+01	21
9ZRY_2|Chain	6U8S_1|Chains	47.800	23	220	514	4.312E+01	21
9ZRY_2|Chain	6UA5_1|Chains	47.800	23	220	519	4.312E+01	21
9ZRY_2|Chain	6UDP_1|Chains	47.800	23	220	519	4.312E+01	21
9ZRY_2|Chain	6UAJ_1|Chains	47.800	23	220	519	4.312E+01	21
9ZRY_2|Chain	6U8E_1|Chains	47.800	23	220	519	4.312E+01	21
9ZRY_2|Chain	6J5W_2|Chain	31.100	43	220	852	4.312E+01	21
9ZRY_2|Chain	6XOT_1|Chain	25.300	66	220	1014	7.590E+01	20
9ZRY_2|Chain	6XOS_1|Chain	25.300	66	220	1014	7.590E+01	20
9XBY_2|Chain	6UHC_8|Chains	32.200	31	392	501	3.046E+00	26
9XBY_2|Chain	6V4N_1|Chains	50.000	22	392	448	7.023E+00	25
9XBY_2|Chain	7JSJ_1|Chains	35.000	40	392	568	1.226E+01	24
9XBY_2|Chain	6SYT_1|Chain	47.800	23	392	3712	1.619E+01	23
9XBY_2|Chain	6YRF_1|Chains	30.200	43	392	803	2.139E+01	23
9XBY_2|Chain	7VYQ_1|Chains	25.400	51	392	280	4.928E+01	22
9XBY_2|Chain	7ZPM_2|Chains	29.700	47	392	757	4.928E+01	22
9XBY_2|Chain	5ZX5_1|Chains	29.000	85	392	1229	4.928E+01	22
9XBY_2|Chain	7X13_1|Chains	35.700	28	392	245	6.510E+01	21
9XBY_2|Chain	7FJE_5|Chain	68.700	16	392	272	6.510E+01	21
9XBY_2|Chain	7A7A_1|Chains	26.300	57	392	740	8.598E+01	21
9XBY_2|Chain	7AG8_1|Chains	26.300	57	392	740	8.598E+01	21
9UNU_11|Chain	7UJN_1|Chains	31.800	22	191	626	1.527E+01	22
9UNU_11|Chain	7MGE_1|Chain	26.500	63	191	459	3.589E+01	21
9UNU_11|Chain	7UI6_1|Chains	26.500	49	191	770	3.589E+01	21
9UNU_11|Chain	6WBM_1|Chains	29.200	41	191	373	8.426E+01	20
9UNU_11|Chain	6WBG_1|Chains	29.200	41	191	373	8.426E+01	20
9UNU_11|Chain	6WBF_1|Chains	29.200	41	191	373	8.426E+01	20
9UNU_11|Chain	7F8O_1|Chains	29.200	41	191	426	8.426E+01	20
9UNU_11|Chain	7F8N_1|Chains	29.200	41	191	426	8.426E+01	20
9UNU_11|Chain	7F8J_1|Chains	29.200	41	191	426	8.426E+01	20
9UNU_11|Chain	6M02_1|Chains	29.200	41	191	426	8.426E+01	20
9UNU_11|Chain	6M67_1|Chains	29.200	41	191	440	8.426E+01	20
9UNU_11|Chain	6URG_2|Chain	46.600	15	191	587	8.426E+01	20
9UNU_11|Chain	6BM0_2|Chain	46.600	15	191	587	8.426E+01	20
9UNU_11|Chain	6BLY_2|Chain	46.600	15	191	587	8.426E+01	20
9W90_2|Chains	8G46_1|Chain	73.000	1140	1140	864	0.000E+00	1558
9W90_2|Chains	6URG_1|Chain	18.800	1428	1140	1443	8.358E-23	102
9W90_2|Chains	6BM0_1|Chain	18.800	1428	1140	1443	8.358E-23	102
9W90_2|Chains	6BLY_1|Chain	18.800	1428	1140	1443	8.358E-23	102
9W90_2|Chains	7P1H_2|Chain	29.500	84	1140	372	3.698E-01	31
9W90_2|Chains	7RLB_1|Chains	21.900	200	1140	821	4.869E-01	30
9W90_2|Chains	7JY5_1|Chains	21.900	200	1140	806	8.441E-01	29
9W90_2|Chains	7RLF_1|Chains	21.900	200	1140	806	8.441E-01	29
9W90_2|Chains	7RLH_1|Chains	21.900	200	1140	806	8.441E-01	29
9W90_2|Chains	7RLG_1|Chains	21.900	200	1140	821	8.441E-01	29
9W90_2|Chains	7RLD_1|Chains	21.900	200	1140	821	8.441E-01	29
9W90_2|Chains	6J5W_2|Chain	24.700	89	1140	852	1.927E+00	28
9W90_2|Chains	6DBU_1|Chains	30.500	72	1140	1159	1.927E+00	28
9W90_2|Chains	7M2Z_1|Chains	22.300	93	1140	473	2.537E+00	28
9W90_2|Chains	7U65_1|Chains	20.700	162	1140	505	2.537E+00	28
9W90_2|Chains	7U66_1|Chains	20.700	162	1140	505	2.537E+00	28
9W90_2|Chains	7U67_1|Chains	20.700	162	1140	505	2.537E+00	28
9W90_2|Chains	6LZ1_1|Chains	24.200	69	1140	1133	3.340E+00	27
9W90_2|Chains	7OTP_1|Chain	30.800	67	1140	4148	4.398E+00	27
9W90_2|Chains	7OTW_1|Chain	30.800	67	1140	4148	4.398E+00	27
9W90_2|Chains	7OTM_1|Chain	30.800	67	1140	4148	4.398E+00	27
9W90_2|Chains	6ZH6_1|Chain	30.800	67	1140	4156	4.398E+00	27
9W90_2|Chains	6ZFP_1|Chain	30.800	67	1140	4156	4.398E+00	27
9W90_2|Chains	6ZH2_1|Chain	30.800	67	1140	4156	4.398E+00	27
9W90_2|Chains	6ZH4_1|Chain	30.800	67	1140	4156	4.398E+00	27
9W90_2|Chains	7WAC_1|Chains	35.700	55	1140	910	5.790E+00	27
9W90_2|Chains	7WAD_1|Chains	35.700	55	1140	910	5.790E+00	27
9W90_2|Chains	7QUC_2|Chain	27.900	86	1140	447	7.624E+00	26
9W90_2|Chains	7DPW_1|Chains	20.400	94	1140	556	7.624E+00	26
9W90_2|Chains	7DPT_1|Chains	20.400	94	1140	627	7.624E+00	26
9W90_2|Chains	7B5P_1|Chains	32.200	58	1140	1051	7.624E+00	26
9W90_2|Chains	7STB_8|Chain	27.000	85	1140	474	1.322E+01	25
9W90_2|Chains	7JK5_1|Chain	23.000	143	1140	618	1.322E+01	25
9W90_2|Chains	6DRV_1|Chains	24.600	121	1140	1024	2.291E+01	25
9W90_2|Chains	7M2Z_3|Chain	30.600	85	1140	823	3.016E+01	24
9W90_2|Chains	8E4N_1|Chains	21.800	217	1140	1135	3.016E+01	24
9W90_2|Chains	8E4M_1|Chains	21.800	217	1140	1135	3.016E+01	24
9W90_2|Chains	8E4L_1|Chains	21.800	217	1140	1135	3.016E+01	24
9W90_2|Chains	7USD_1|Chain	21.300	89	1140	1253	3.016E+01	24
9W90_2|Chains	7PTV_1|Chains	26.200	80	1140	702	3.971E+01	24
9W90_2|Chains	7WTA_1|Chains	21.100	132	1140	1178	3.971E+01	24
9W90_2|Chains	7SZ0_1|Chains	34.200	64	1140	1210	3.971E+01	24
9W90_2|Chains	7L6O_1|Chains	20.900	62	1140	466	5.229E+01	23
9W90_2|Chains	7VGG_1|Chain	30.300	56	1140	704	5.229E+01	23
9W90_2|Chains	6SYT_1|Chain	32.700	55	1140	3712	5.229E+01	23
9W90_2|Chains	7T6L_1|Chains	25.000	87	1140	739	6.885E+01	23
9W90_2|Chains	6LVE_1|Chains	36.800	37	1140	775	6.885E+01	23
9W90_2|Chains	7W8J_1|Chains	36.800	37	1140	775	6.885E+01	23
9W90_2|Chains	6LVB_1|Chains	36.800	37	1140	775	6.885E+01	23
9W90_2|Chains	6LVC_1|Chains	36.800	37	1140	775	6.885E+01	23
9W90_2|Chains	6LVD_1|Chains	36.800	37	1140	775	6.885E+01	23
9W90_2|Chains	6CVM_1|Chains	24.600	121	1140	1021	6.885E+01	23
9W90_2|Chains	7QET_1|Chains	37.900	29	1140	230	9.064E+01	23
9W90_2|Chains	7QEQ_1|Chains	37.900	29	1140	230	9.064E+01	23
9W90_2|Chains	7QER_1|Chains	37.900	29	1140	230	9.064E+01	23
9W90_2|Chains	7NZM_4|Chain	43.400	23	1140	260	9.064E+01	23
9W90_2|Chains	7MSX_1|Chain	16.300	105	1140	638	9.064E+01	23
9W90_2|Chains	7MFF_2|Chains	22.600	75	1140	766	9.064E+01	23
9W90_2|Chains	6UAN_2|Chains	22.600	75	1140	768	9.064E+01	23
9W90_2|Chains	6V0C_1|Chains	40.000	25	1140	832	9.064E+01	23
9W90_2|Chains	6V0D_1|Chains	40.000	25	1140	832	9.064E+01	23
20ZD_4|Chain	7JHH_7|Chain	46.800	30	436	159	1.983E+00	27
20ZD_4|Chain	6R69_2|Chain	56.500	23	436	303	6.027E+00	25
20ZD_4|Chain	7D3E_2|Chains	58.300	12	436	483	1.387E+01	24
20ZD_4|Chain	7D3F_2|Chains	58.300	12	436	483	1.387E+01	24
20ZD_4|Chain	7ZL1_1|Chains	61.500	13	436	377	2.418E+01	23
20ZD_4|Chain	7N8N_2|Chains	66.600	12	436	297	5.563E+01	22
20ZD_4|Chain	8EOB_1|Chains	75.000	12	436	756	5.563E+01	22
10XW_1|Chain	6Y5A_1|Chains	23.100	155	241	538	6.713E+00	24
10XW_1|Chain	6Y5B_1|Chains	23.100	155	241	538	6.713E+00	24
10XW_1|Chain	6Y59_1|Chains	23.100	155	241	538	6.713E+00	24
10XW_1|Chain	7D72_2|Chains	25.300	66	241	420	3.647E+01	21
10XW_1|Chain	7D73_1|Chains	25.300	66	241	420	3.647E+01	21
10XW_1|Chain	7D74_1|Chains	25.300	66	241	420	3.647E+01	21
9NJ3_5|Chain	6DFH_4|Chains	84.100	214	218	214	1.373E-113	356
9NJ3_5|Chain	6XDG_5|Chain	78.400	213	218	216	6.563E-103	325
9NJ3_5|Chain	6VTT_3|Chain	75.200	214	218	217	1.017E-100	319
9NJ3_5|Chain	7UCG_3|Chains	77.500	209	218	205	6.124E-99	314
9NJ3_5|Chain	7UCG_6|Chains	46.600	211	218	216	1.689E-54	186
9NJ3_5|Chain	7U9G_2|Chains	44.900	214	218	217	3.525E-52	179
9NJ3_5|Chain	7LL1_4|Chains	42.700	211	218	214	1.114E-47	166
9NJ3_5|Chain	7LG6_3|Chains	42.700	211	218	214	1.114E-47	166
9NJ3_5|Chain	7LG6_5|Chains	41.300	211	218	214	4.808E-46	161
9NJ3_5|Chain	7JHH_5|Chain	41.100	212	218	215	2.307E-45	159
9NJ3_5|Chain	6OPQ_2|Chains	43.000	200	218	214	4.320E-45	158
9NJ3_5|Chain	6OPO_2|Chains	43.000	200	218	214	4.320E-45	158
9NJ3_5|Chain	6XDG_2|Chain	41.100	212	218	214	4.320E-45	158
9NJ3_5|Chain	6X5B_3|Chains	43.000	200	218	214	4.320E-45	158
9NJ3_5|Chain	6OPP_1|Chains	43.000	200	218	214	4.320E-45	158
9NJ3_5|Chain	7M74_5|Chain	41.500	198	218	211	5.912E-45	158
9NJ3_5|Chain	7L5J_2|Chains	43.000	198	218	211	1.107E-44	157
9NJ3_5|Chain	6PZZ_2|Chains	41.300	211	218	214	1.860E-43	154
9NJ3_5|Chain	6OZC_3|Chains	41.700	197	218	213	2.545E-43	153
9NJ3_5|Chain	7UDS_2|Chains	42.000	197	218	209	8.915E-43	152
9NJ3_5|Chain	6V4N_3|Chains	40.600	212	218	214	1.220E-42	151
9NJ3_5|Chain	7WVF_4|Chain	66.600	105	218	261	2.506E-40	145
9NJ3_5|Chain	7PC2_2|Chains	39.700	212	218	215	4.688E-40	144
9NJ3_5|Chain	6NQD_4|Chains	37.600	213	218	215	6.412E-40	143
9NJ3_5|Chain	7LL2_4|Chains	39.400	215	218	217	5.736E-39	141
9NJ3_5|Chain	7PC2_6|Chains	37.800	209	218	206	5.128E-38	138
9NJ3_5|Chain	6XEY_3|Chains	58.800	107	218	110	2.883E-33	124
9NJ3_5|Chain	7RA8_3|Chains	50.900	110	218	113	2.579E-27	107
9NJ3_5|Chain	8DZI_3|Chains	47.000	102	218	109	8.443E-22	91
9NJ3_5|Chain	7DKJ_3|Chains	44.700	105	218	189	8.443E-22	91
9NJ3_5|Chain	6U59_3|Chains	45.300	108	218	112	9.949E-21	87
9NJ3_5|Chain	6VO1_4|Chains	44.500	101	218	107	1.842E-20	87
9NJ3_5|Chain	7MFG_4|Chains	44.100	102	218	108	1.842E-20	87
9NJ3_5|Chain	6XDG_4|Chain	30.600	212	218	225	6.309E-20	85
9NJ3_5|Chain	7LG6_6|Chains	31.900	213	218	225	6.309E-20	85
9NJ3_5|Chain	6TYS_3|Chains	44.100	102	218	107	1.167E-19	84
9NJ3_5|Chain	7WS5_2|Chains	45.600	103	218	108	1.587E-19	84
9NJ3_5|Chain	7WEC_2|Chains	44.200	104	218	107	2.935E-19	83
9NJ3_5|Chain	7LUC_5|Chains	40.100	102	218	107	1.002E-18	81
9NJ3_5|Chain	6V4N_2|Chains	29.000	217	218	244	1.851E-18	81
9NJ3_5|Chain	7U9G_3|Chains	29.800	215	218	265	2.516E-18	80
9NJ3_5|Chain	7LUC_3|Chains	41.500	106	218	112	3.418E-18	80
9NJ3_5|Chain	6XDG_3|Chain	29.700	212	218	226	4.644E-18	79
9NJ3_5|Chain	7UCG_2|Chains	29.000	224	218	234	3.959E-17	77
9NJ3_5|Chain	7UCG_5|Chains	28.100	224	218	243	5.375E-17	76
9NJ3_5|Chain	6NQD_3|Chains	28.700	222	218	244	5.375E-17	76
9NJ3_5|Chain	7FJE_6|Chain	31.300	213	218	312	5.375E-17	76
9NJ3_5|Chain	7PC2_5|Chains	28.900	224	218	226	2.475E-16	74
9NJ3_5|Chain	7LL2_3|Chains	29.000	212	218	225	3.358E-16	74
9NJ3_5|Chain	6DFH_3|Chains	29.300	222	218	233	6.180E-16	73
9NJ3_5|Chain	7UDS_1|Chains	28.200	213	218	226	1.137E-15	72
9NJ3_5|Chain	6PZZ_3|Chains	28.500	211	218	224	7.055E-15	70
9NJ3_5|Chain	7JHH_6|Chain	30.300	218	218	237	7.055E-15	70
9NJ3_5|Chain	6OPO_5|Chains	28.400	215	218	229	1.295E-14	69
9NJ3_5|Chain	6OPQ_5|Chains	28.400	215	218	229	1.295E-14	69
9NJ3_5|Chain	6X5B_5|Chains	28.400	215	218	229	1.295E-14	69
9NJ3_5|Chain	6OPP_5|Chains	28.400	215	218	229	1.295E-14	69
9NJ3_5|Chain	7M74_6|Chain	30.200	215	218	228	5.903E-14	67
9NJ3_5|Chain	7LG6_2|Chains	26.500	217	218	231	6.635E-13	64
9NJ3_5|Chain	7X13_1|Chains	34.700	92	218	245	2.996E-12	62
9NJ3_5|Chain	7LL1_3|Chains	26.400	214	218	229	5.469E-12	61
9NJ3_5|Chain	6VTT_2|Chain	26.300	237	218	257	1.347E-11	60
9NJ3_5|Chain	6OZC_4|Chains	32.800	134	218	224	1.098E-10	57
9NJ3_5|Chain	7L5J_3|Chains	26.800	207	218	221	2.164E-09	53
9NJ3_5|Chain	7PC2_1|Chains	25.200	210	218	240	7.912E-07	46
9NJ3_5|Chain	8DZI_2|Chains	28.900	114	218	118	1.489E-04	38
9NJ3_5|Chain	7MFG_3|Chains	24.100	116	218	120	1.114E-02	33
9NJ3_5|Chain	7LUC_2|Chains	22.200	117	218	121	8.042E-01	27
9NJ3_5|Chain	6L42_1|Chain	26.900	26	218	2109	2.420E+01	22
9NJ3_5|Chain	8CYJ_1|Chain	23.900	91	218	127	3.211E+01	21
9NJ3_5|Chain	7OTP_1|Chain	28.100	32	218	4148	5.655E+01	21
9NJ3_5|Chain	7OTW_1|Chain	28.100	32	218	4148	5.655E+01	21
9NJ3_5|Chain	7OTM_1|Chain	28.100	32	218	4148	5.655E+01	21
9NJ3_5|Chain	6ZH6_1|Chain	28.100	32	218	4156	5.655E+01	21
9NJ3_5|Chain	6ZFP_1|Chain	28.100	32	218	4156	5.655E+01	21
9NJ3_5|Chain	6ZH2_1|Chain	28.100	32	218	4156	5.655E+01	21
9NJ3_5|Chain	6ZH4_1|Chain	28.100	32	218	4156	5.655E+01	21
9NJ3_5|Chain	6AUI_1|Chains	26.900	52	218	812	7.503E+01	20
9MIX_1|Chains	6X29_1|Chains	90.000	20	981	1273	1.676E-03	38
9MIX_1|Chains	7UB6_1|Chains	90.000	20	981	1285	1.676E-03	38
9MIX_1|Chains	8DZI_1|Chains	90.000	20	981	1285	1.676E-03	38
9MIX_1|Chains	7TPH_1|Chains	90.000	20	981	1286	1.676E-03	38
9MIX_1|Chains	7TP7_1|Chains	90.000	20	981	1286	1.676E-03	38
9MIX_1|Chains	7KE7_1|Chains	90.000	20	981	1288	1.676E-03	38
9MIX_1|Chains	7KEC_1|Chains	90.000	20	981	1288	1.676E-03	38
9MIX_1|Chains	7KEA_1|Chains	90.000	20	981	1288	1.676E-03	38
9MIX_1|Chains	6VSB_1|Chains	90.000	20	981	1288	1.676E-03	38
9MIX_1|Chains	7KE9_1|Chains	90.000	20	981	1288	1.676E-03	38
9MIX_1|Chains	7RA8_1|Chains	90.000	20	981	1288	1.676E-03	38
9MIX_1|Chains	7KDH_1|Chains	90.000	20	981	1288	1.676E-03	38
9MIX_1|Chains	7KKL_1|Chains	90.000	20	981	1288	1.676E-03	38
9MIX_1|Chains	6XKL_1|Chains	90.000	20	981	1288	1.676E-03	38
9MIX_1|Chains	7KEB_1|Chains	90.000	20	981	1288	1.676E-03	38
9MIX_1|Chains	6XEY_1|Chains	90.000	20	981	1288	1.676E-03	38
9MIX_1|Chains	7LYL_1|Chains	90.000	20	981	1288	1.676E-03	38
9MIX_1|Chains	8CSA_1|Chains	90.000	20	981	1288	1.676E-03	38
9MIX_1|Chains	6ZP5_1|Chains	90.000	20	981	1288	1.676E-03	38
9MIX_1|Chains	7MY3_1|Chains	90.000	20	981	1288	1.676E-03	38
9MIX_1|Chains	7LYM_1|Chains	90.000	20	981	1288	1.676E-03	38
9MIX_1|Chains	7KDJ_1|Chains	90.000	20	981	1288	1.676E-03	38
9MIX_1|Chains	6NR3_1|Chains	66.600	27	981	1135	7.925E-02	33
9MIX_1|Chains	8E4N_1|Chains	66.600	27	981	1135	7.925E-02	33
9MIX_1|Chains	8E4M_1|Chains	66.600	27	981	1135	7.925E-02	33
9MIX_1|Chains	8E4L_1|Chains	66.600	27	981	1135	7.925E-02	33
9MIX_1|Chains	6D05_2|Chains	46.800	32	981	698	2.843E+00	27
9MIX_1|Chains	6D04_2|Chains	46.800	32	981	698	2.843E+00	27
9MIX_1|Chains	6EE8_2|Chain	23.200	56	981	1134	8.551E+00	26
9MIX_1|Chains	6VVY_2|Chain	23.200	56	981	1179	8.551E+00	26
9MIX_1|Chains	6EEC_2|Chain	23.200	56	981	1179	8.551E+00	26
9MIX_1|Chains	6VVX_2|Chain	23.200	56	981	1179	8.551E+00	26
9MIX_1|Chains	7QP9_1|Chains	38.200	47	981	376	1.953E+01	25
9MIX_1|Chains	7QPC_1|Chains	38.200	47	981	376	1.953E+01	25
9MIX_1|Chains	7QPA_1|Chains	38.200	47	981	376	1.953E+01	25
9MIX_1|Chains	6VXK_1|Chains	61.100	18	981	398	1.953E+01	25
9MIX_1|Chains	7OY2_2|Chain	50.000	14	981	514	1.953E+01	25
9MIX_1|Chains	7WTA_1|Chains	28.800	89	981	1178	3.388E+01	24
9MIX_1|Chains	6VW0_2|Chain	21.400	56	981	1179	4.462E+01	23
9MIX_1|Chains	6VVZ_2|Chain	21.400	56	981	1179	4.462E+01	23
9MIX_1|Chains	7CN4_1|Chains	100.000	9	981	1267	4.462E+01	23
9MIX_1|Chains	7QUC_2|Chain	64.200	14	981	447	5.876E+01	23
9MIX_1|Chains	7MEY_1|Chain	36.100	47	981	1950	5.876E+01	23
9MIX_1|Chains	7MEX_4|Chain	36.100	47	981	1950	5.876E+01	23
9MIX_1|Chains	6KLC_1|Chain	29.200	41	981	2218	5.876E+01	23
9MIX_1|Chains	7SZ0_2|Chains	58.300	12	981	53	7.738E+01	23
9MIX_1|Chains	6S3R_3|Chains	44.400	27	981	89	7.738E+01	23
9MIX_1|Chains	7L1Q_1|Chains	24.600	76	981	510	7.738E+01	23
9MIX_1|Chains	7L1S_1|Chains	24.600	76	981	510	7.738E+01	23
9MIX_1|Chains	7L1R_1|Chains	24.600	76	981	510	7.738E+01	23
9UNU_4|Chain	6URG_1|Chain	24.000	75	142	1443	2.368E+01	21
9UNU_4|Chain	6BM0_1|Chain	24.000	75	142	1443	2.368E+01	21
9UNU_4|Chain	6BLY_1|Chain	24.000	75	142	1443	2.368E+01	21
9UNU_4|Chain	7B5P_1|Chains	53.300	15	142	1051	3.165E+01	21
9UNU_4|Chain	7KVF_1|Chain	25.000	44	142	2196	3.165E+01	21
9UNU_4|Chain	7KVE_1|Chain	25.000	44	142	2196	3.165E+01	21
9UNU_4|Chain	7OTP_1|Chain	21.400	56	142	4148	4.230E+01	20
9UNU_4|Chain	7OTW_1|Chain	21.400	56	142	4148	4.230E+01	20
9UNU_4|Chain	7OTM_1|Chain	21.400	56	142	4148	4.230E+01	20
9UNU_4|Chain	6ZH6_1|Chain	21.400	56	142	4156	4.230E+01	20
9UNU_4|Chain	6ZFP_1|Chain	21.400	56	142	4156	4.230E+01	20
9UNU_4|Chain	6ZH2_1|Chain	21.400	56	142	4156	4.230E+01	20
9UNU_4|Chain	6ZH4_1|Chain	21.400	56	142	4156	4.230E+01	20
9UNU_4|Chain	7QUN_1|Chains	30.700	38	142	732	7.548E+01	19
9UNU_4|Chain	7PX8_1|Chains	30.700	38	142	732	7.548E+01	19
9Z49_2|Chains	6URG_2|Chain	23.900	142	307	587	1.372E-08	52
9Z49_2|Chains	6BM0_2|Chain	23.900	142	307	587	1.372E-08	52
9Z49_2|Chains	6BLY_2|Chain	23.900	142	307	587	1.372E-08	52
9Z49_2|Chains	7VGG_1|Chain	21.000	124	307	704	2.110E-04	39
9Z49_2|Chains	7MGE_1|Chain	24.100	90	307	459	8.639E-04	37
9Z49_2|Chains	7UWF_1|Chains	24.600	124	307	447	3.531E-03	35
9Z49_2|Chains	7OSF_2|Chains	50.000	14	307	308	4.898E+01	21
9Z49_2|Chains	7OSI_2|Chains	50.000	14	307	308	4.898E+01	21
9Z49_2|Chains	7OSG_2|Chains	50.000	14	307	308	4.898E+01	21
9Z49_2|Chains	7OSJ_2|Chains	50.000	14	307	308	4.898E+01	21
9Z49_2|Chains	7O12_1|Chains	50.000	14	307	308	4.898E+01	21
9Z49_2|Chains	7O11_2|Chains	50.000	14	307	308	4.898E+01	21
9Z49_2|Chains	7OSH_2|Chains	50.000	14	307	308	4.898E+01	21
9W90_1|Chains	7VGG_1|Chain	39.300	629	731	704	3.028E-137	450
9W90_1|Chains	6URG_2|Chain	28.600	148	731	587	1.874E-11	64
9W90_1|Chains	6BM0_2|Chain	28.600	148	731	587	1.874E-11	64
9W90_1|Chains	6BLY_2|Chain	28.600	148	731	587	1.874E-11	64
9W90_1|Chains	7UWF_1|Chains	20.400	220	731	447	9.924E-05	42
9W90_1|Chains	6XNZ_1|Chains	33.700	86	731	750	3.598E-03	36
9W90_1|Chains	6DBU_1|Chains	31.500	54	731	1159	5.693E-02	33
9W90_1|Chains	7MGE_1|Chain	21.700	101	731	459	9.001E-01	29
9W90_1|Chains	6J5W_2|Chain	23.500	51	731	852	2.470E+01	24
9W90_1|Chains	7FJE_4|Chain	25.200	93	731	182	3.255E+01	23
9W90_1|Chains	6M0S_1|Chain	23.900	71	731	825	3.255E+01	23
9W90_1|Chains	6C6L_7|Chain	23.900	71	731	840	3.255E+01	23
9W90_1|Chains	6PZZ_1|Chains	63.600	11	731	429	4.290E+01	23
9W90_1|Chains	6WXH_1|Chains	30.700	39	731	493	5.653E+01	23
9W90_1|Chains	7E5Z_1|Chain	23.600	110	731	995	5.653E+01	23
9W90_1|Chains	7VFE_1|Chains	38.000	39	731	569	7.449E+01	22
9W90_1|Chains	7MK2_1|Chains	40.900	22	731	606	7.449E+01	22
9W90_1|Chains	7TFI_1|Chain	29.100	45	731	861	7.449E+01	22
9W90_1|Chains	8DR4_1|Chain	29.100	45	731	918	7.449E+01	22
9W90_1|Chains	8DR6_1|Chain	29.100	45	731	918	7.449E+01	22
9W90_1|Chains	6SYT_2|Chain	21.700	69	731	991	7.449E+01	22
9W90_1|Chains	6VXK_2|Chains	26.000	92	731	1545	9.816E+01	22
9Z49_1|Chains	8E4N_1|Chains	30.700	77	625	1135	1.729E+00	27
9Z49_1|Chains	8E4M_1|Chains	30.700	77	625	1135	1.729E+00	27
9Z49_1|Chains	8E4L_1|Chains	30.700	77	625	1135	1.729E+00	27
9Z49_1|Chains	6SYT_1|Chain	23.800	110	625	3712	2.279E+00	27
9Z49_1|Chains	8G46_1|Chain	30.100	53	625	864	9.080E+00	25
9Z49_1|Chains	8B1T_1|Chain	35.200	34	625	1180	1.578E+01	24
9Z49_1|Chains	7MR0_1|Chain	35.200	34	625	1180	1.578E+01	24
9Z49_1|Chains	8B1U_1|Chain	35.200	34	625	1180	1.578E+01	24
9Z49_1|Chains	6T2V_1|Chain	35.200	34	625	1181	1.578E+01	24
9Z49_1|Chains	6T2U_1|Chain	35.200	34	625	1181	1.578E+01	24
9Z49_1|Chains	6SJG_1|Chain	35.200	34	625	1181	1.578E+01	24
9Z49_1|Chains	6T2U_3|Chain	35.000	40	625	608	2.081E+01	24
9Z49_1|Chains	8B1T_3|Chain	35.000	40	625	608	2.081E+01	24
9Z49_1|Chains	7MR0_3|Chain	35.000	40	625	608	2.081E+01	24
9Z49_1|Chains	6SJG_3|Chain	35.000	40	625	608	2.081E+01	24
9Z49_1|Chains	8B1U_3|Chain	35.000	40	625	608	2.081E+01	24
9Z49_1|Chains	6T2V_3|Chain	35.000	40	625	608	2.081E+01	24
9Z49_1|Chains	7ZYY_1|Chains	19.200	146	625	1143	3.617E+01	23
9Z49_1|Chains	6FAY_1|Chain	26.200	60	625	1876	4.768E+01	23
9Z49_1|Chains	6YRF_1|Chains	22.300	197	625	803	6.287E+01	22
9Z49_1|Chains	7MEY_1|Chain	22.800	84	625	1950	8.288E+01	22
9Z49_1|Chains	7MEX_4|Chain	22.800	84	625	1950	8.288E+01	22
9YNK_1|Chains	6SP2_1|Chains	88.200	34	2745	513	2.347E-11	66
9YNK_1|Chains	6NQD_2|Chains	96.700	31	2745	184	4.062E-11	65
9YNK_1|Chains	8AG6_2|Chain	62.200	53	2745	1414	9.247E-11	64
9YNK_1|Chains	7UDS_4|Chains	93.300	30	2745	206	1.600E-10	63
9YNK_1|Chains	7U9G_3|Chains	93.300	30	2745	265	1.600E-10	63
9YNK_1|Chains	6Y5A_1|Chains	82.300	34	2745	538	2.105E-10	63
9YNK_1|Chains	6Y5B_1|Chains	82.300	34	2745	538	2.105E-10	63
9YNK_1|Chains	6Y59_1|Chains	82.300	34	2745	538	2.105E-10	63
9YNK_1|Chains	7L7B_2|Chain	100.000	28	2745	1266	2.105E-10	63
9YNK_1|Chains	6R6B_2|Chain	92.800	28	2745	295	1.435E-09	60
9YNK_1|Chains	6S3R_2|Chain	92.800	28	2745	300	1.435E-09	60
9YNK_1|Chains	6R69_2|Chain	92.800	28	2745	303	1.435E-09	60
9YNK_1|Chains	6X29_1|Chains	96.500	29	2745	1273	4.299E-09	58
9YNK_1|Chains	7UB6_1|Chains	96.500	29	2745	1285	4.299E-09	58
9YNK_1|Chains	8DZI_1|Chains	96.500	29	2745	1285	4.299E-09	58
9YNK_1|Chains	7TPH_1|Chains	96.500	29	2745	1286	4.299E-09	58
9YNK_1|Chains	7TP7_1|Chains	96.500	29	2745	1286	4.299E-09	58
9YNK_1|Chains	7KE7_1|Chains	96.500	29	2745	1288	4.299E-09	58
9YNK_1|Chains	7KEC_1|Chains	96.500	29	2745	1288	4.299E-09	58
9YNK_1|Chains	7KEA_1|Chains	96.500	29	2745	1288	4.299E-09	58
9YNK_1|Chains	6VSB_1|Chains	96.500	29	2745	1288	4.299E-09	58
9YNK_1|Chains	7KE9_1|Chains	96.500	29	2745	1288	4.299E-09	58
9YNK_1|Chains	7RA8_1|Chains	96.500	29	2745	1288	4.299E-09	58
9YNK_1|Chains	7KDH_1|Chains	96.500	29	2745	1288	4.299E-09	58
9YNK_1|Chains	7KKL_1|Chains	96.500	29	2745	1288	4.299E-09	58
9YNK_1|Chains	6XKL_1|Chains	96.500	29	2745	1288	4.299E-09	58
9YNK_1|Chains	7KEB_1|Chains	96.500	29	2745	1288	4.299E-09	58
9YNK_1|Chains	6XEY_1|Chains	96.500	29	2745	1288	4.299E-09	58
9YNK_1|Chains	7LYL_1|Chains	96.500	29	2745	1288	4.299E-09	58
9YNK_1|Chains	8CSA_1|Chains	96.500	29	2745	1288	4.299E-09	58
9YNK_1|Chains	6ZP5_1|Chains	96.500	29	2745	1288	4.299E-09	58
9YNK_1|Chains	7MY3_1|Chains	96.500	29	2745	1288	4.299E-09	58
9YNK_1|Chains	7LYM_1|Chains	96.500	29	2745	1288	4.299E-09	58
9YNK_1|Chains	7KDJ_1|Chains	96.500	29	2745	1288	4.299E-09	58
9YNK_1|Chains	7N1T_1|Chains	96.500	29	2745	1305	4.299E-09	58
9YNK_1|Chains	7N1U_1|Chains	96.500	29	2745	1305	4.299E-09	58
9YNK_1|Chains	7N1Q_1|Chains	96.500	29	2745	1305	4.299E-09	58
9YNK_1|Chains	7SBL_1|Chains	96.500	29	2745	1308	4.299E-09	58
9YNK_1|Chains	7SBK_1|Chains	96.500	29	2745	1308	4.299E-09	58
9YNK_1|Chains	7SBS_1|Chains	96.500	29	2745	1310	4.299E-09	58
9YNK_1|Chains	7SBP_1|Chains	96.500	29	2745	1310	4.299E-09	58
9YNK_1|Chains	7KRS_1|Chains	96.500	29	2745	1310	4.299E-09	58
9YNK_1|Chains	7WKS_1|Chains	89.200	28	2745	680	1.519E-07	53
9YNK_1|Chains	7RUA_2|Chains	26.900	149	2745	333	3.114E-01	32
9YNK_1|Chains	7RU9_2|Chains	26.900	149	2745	333	3.114E-01	32
9YNK_1|Chains	7M74_3|Chain	21.500	150	2745	306	5.388E-01	31
9YNK_1|Chains	7JHH_3|Chain	21.500	150	2745	306	5.388E-01	31
9YNK_1|Chains	6VAK_1|Chains	72.200	18	2745	334	2.123E+00	29
9YNK_1|Chains	7SNF_1|Chains	22.000	219	2745	523	2.123E+00	29
9YNK_1|Chains	7TOE_1|Chains	22.000	219	2745	523	2.123E+00	29
9YNK_1|Chains	7SNG_1|Chains	22.000	219	2745	523	2.123E+00	29
9YNK_1|Chains	7SNI_1|Chains	22.000	219	2745	523	2.123E+00	29
9YNK_1|Chains	7UC2_1|Chains	22.000	219	2745	523	2.123E+00	29
9YNK_1|Chains	7UAL_1|Chains	22.000	219	2745	523	2.123E+00	29
9YNK_1|Chains	7SNH_1|Chains	22.000	219	2745	523	2.123E+00	29
9YNK_1|Chains	6EE8_2|Chain	25.200	112	2745	1134	3.673E+00	29
9YNK_1|Chains	6VVY_2|Chain	25.200	112	2745	1179	3.673E+00	29
9YNK_1|Chains	6VW0_2|Chain	25.200	112	2745	1179	3.673E+00	29
9YNK_1|Chains	6EEC_2|Chain	25.200	112	2745	1179	3.673E+00	29
9YNK_1|Chains	6VVX_2|Chain	25.200	112	2745	1179	3.673E+00	29
9YNK_1|Chains	6VVZ_2|Chain	25.200	112	2745	1179	3.673E+00	29
9YNK_1|Chains	6PK4_1|Chains	30.000	40	2745	586	4.832E+00	28
9YNK_1|Chains	7VF2_1|Chain	25.000	84	2745	1812	4.832E+00	28
9YNK_1|Chains	7PCH_3|Chains	100.000	10	2745	372	8.362E+00	27
9YNK_1|Chains	7U9G_1|Chains	34.000	42	2745	439	8.362E+00	27
9YNK_1|Chains	6QXF_2|Chains	90.000	10	2745	302	1.447E+01	27
9YNK_1|Chains	6D05_3|Chains	26.600	108	2745	820	1.447E+01	27
9YNK_1|Chains	6D04_3|Chains	26.600	108	2745	820	1.447E+01	27
9YNK_1|Chains	8DTI_1|Chains	30.100	63	2745	946	1.447E+01	27
9YNK_1|Chains	6VD7_1|Chains	90.000	10	2745	344	1.903E+01	26
9YNK_1|Chains	7MK2_1|Chains	100.000	9	2745	606	1.903E+01	26
9YNK_1|Chains	7LUC_1|Chains	21.800	55	2745	527	4.333E+01	25
9YNK_1|Chains	7WAC_1|Chains	23.500	260	2745	910	4.333E+01	25
9YNK_1|Chains	7WAD_1|Chains	23.500	260	2745	910	4.333E+01	25
9YNK_1|Chains	7UFR_1|Chains	22.700	88	2745	1062	4.333E+01	25
9YNK_1|Chains	7UFU_1|Chains	22.700	88	2745	1062	4.333E+01	25
9YNK_1|Chains	7L7B_3|Chain	29.500	71	2745	1161	4.333E+01	25
9YNK_1|Chains	7RFE_1|Chains	24.500	53	2745	504	5.700E+01	25
9YNK_1|Chains	7RFG_1|Chains	24.500	53	2745	514	5.700E+01	25
9YNK_1|Chains	6MRD_1|Chains	28.300	53	2745	528	5.700E+01	25
9YNK_1|Chains	7RGQ_1|Chains	24.500	53	2745	546	5.700E+01	25
9YNK_1|Chains	7ZPM_1|Chains	26.400	86	2745	717	5.700E+01	25
9YNK_1|Chains	7L7I_2|Chains	27.000	48	2745	732	5.700E+01	25
9YNK_1|Chains	8EOB_1|Chains	27.000	48	2745	756	5.700E+01	25
9YNK_1|Chains	7CN4_1|Chains	100.000	8	2745	1267	5.700E+01	25
9YNK_1|Chains	7MEY_1|Chain	25.500	86	2745	1950	5.700E+01	25
9YNK_1|Chains	7MEX_4|Chain	25.500	86	2745	1950	5.700E+01	25
9YNK_1|Chains	7U65_1|Chains	26.000	69	2745	505	7.498E+01	24
9YNK_1|Chains	7U66_1|Chains	26.000	69	2745	505	7.498E+01	24
9YNK_1|Chains	7U67_1|Chains	26.000	69	2745	505	7.498E+01	24
9YNK_1|Chains	7CTE_2|Chain	22.900	217	2745	711	7.498E+01	24
9YNK_1|Chains	6QXF_1|Chains	25.200	85	2745	219	9.863E+01	24
9YNK_1|Chains	8CY8_1|Chains	41.600	24	2745	328	9.863E+01	24
9YNK_1|Chains	7EG0_1|Chains	34.300	32	2745	434	9.863E+01	24
9YNK_1|Chains	7EG4_1|Chains	34.300	32	2745	434	9.863E+01	24
9YNK_1|Chains	7EG1_1|Chains	34.300	32	2745	434	9.863E+01	24
9YNK_1|Chains	6J5W_2|Chain	40.000	25	2745	852	9.863E+01	24
9YNK_1|Chains	6DBU_1|Chains	26.100	82	2745	1159	9.863E+01	24
9YNK_1|Chains	6VXK_2|Chains	25.900	54	2745	1545	9.863E+01	24
9YNK_1|Chains	7OTP_1|Chain	22.200	69	2745	4148	9.863E+01	24
9YNK_1|Chains	7OTW_1|Chain	22.200	69	2745	4148	9.863E+01	24
9YNK_1|Chains	7OTM_1|Chain	22.200	69	2745	4148	9.863E+01	24
9YNK_1|Chains	6ZH6_1|Chain	22.200	69	2745	4156	9.863E+01	24
9YNK_1|Chains	6ZFP_1|Chain	22.200	69	2745	4156	9.863E+01	24
9YNK_1|Chains	6ZH2_1|Chain	22.200	69	2745	4156	9.863E+01	24
9YNK_1|Chains	6ZH4_1|Chain	22.200	69	2745	4156	9.863E+01	24
20ZD_2|Chain	6URG_2|Chain	24.600	282	358	587	5.108E-18	83
20ZD_2|Chain	6BM0_2|Chain	24.600	282	358	587	5.108E-18	83
20ZD_2|Chain	6BLY_2|Chain	24.600	282	358	587	5.108E-18	83
20ZD_2|Chain	7VGG_1|Chain	23.700	202	358	704	2.936E-13	68
20ZD_2|Chain	7UWF_1|Chains	25.000	193	358	447	2.720E-10	58
20ZD_2|Chain	6UHC_3|Chain	25.600	121	358	372	6.988E-06	44
20ZD_2|Chain	7JPN_3|Chain	25.600	121	358	372	1.226E-05	43
20ZD_2|Chain	7MGE_1|Chain	20.500	198	358	459	2.682E-04	39
20ZD_2|Chain	7ZZY_1|Chains	62.500	24	358	183	2.923E-01	29
20ZD_2|Chain	6SP2_1|Chains	92.300	13	358	513	2.923E-01	29
20ZD_2|Chain	7UWL_2|Chains	62.500	16	358	305	1.181E+00	27
20ZD_2|Chain	7UWL_3|Chains	62.500	16	358	319	1.181E+00	27
20ZD_2|Chain	7UWL_1|Chains	83.300	12	358	188	1.561E+00	27
20ZD_2|Chain	7STB_7|Chain	90.900	11	358	646	6.301E+00	25
20ZD_2|Chain	7STB_1|Chain	62.500	16	358	696	1.101E+01	24
20ZD_2|Chain	6DBU_1|Chains	61.100	18	358	1159	1.101E+01	24
20ZD_2|Chain	7RLB_1|Chains	44.400	27	358	821	1.455E+01	23
20ZD_2|Chain	7RLG_1|Chains	44.400	27	358	821	1.455E+01	23
20ZD_2|Chain	7RLD_1|Chains	44.400	27	358	821	1.455E+01	23
20ZD_2|Chain	7CN4_1|Chains	100.000	9	358	1267	1.455E+01	23
20ZD_2|Chain	6X29_1|Chains	100.000	9	358	1273	1.455E+01	23
20ZD_2|Chain	7UB6_1|Chains	100.000	9	358	1285	1.455E+01	23
20ZD_2|Chain	8DZI_1|Chains	100.000	9	358	1285	1.455E+01	23
20ZD_2|Chain	7TPH_1|Chains	100.000	9	358	1286	1.455E+01	23
20ZD_2|Chain	7TP7_1|Chains	100.000	9	358	1286	1.455E+01	23
20ZD_2|Chain	7KE7_1|Chains	100.000	9	358	1288	1.455E+01	23
20ZD_2|Chain	7KEC_1|Chains	100.000	9	358	1288	1.455E+01	23
20ZD_2|Chain	7KEA_1|Chains	100.000	9	358	1288	1.455E+01	23
20ZD_2|Chain	6VSB_1|Chains	100.000	9	358	1288	1.455E+01	23
20ZD_2|Chain	7KE9_1|Chains	100.000	9	358	1288	1.455E+01	23
20ZD_2|Chain	7RA8_1|Chains	100.000	9	358	1288	1.455E+01	23
20ZD_2|Chain	7KDH_1|Chains	100.000	9	358	1288	1.455E+01	23
20ZD_2|Chain	7KKL_1|Chains	100.000	9	358	1288	1.455E+01	23
20ZD_2|Chain	6XKL_1|Chains	100.000	9	358	1288	1.455E+01	23
20ZD_2|Chain	7KEB_1|Chains	100.000	9	358	1288	1.455E+01	23
20ZD_2|Chain	6XEY_1|Chains	100.000	9	358	1288	1.455E+01	23
20ZD_2|Chain	7LYL_1|Chains	100.000	9	358	1288	1.455E+01	23
20ZD_2|Chain	8CSA_1|Chains	100.000	9	358	1288	1.455E+01	23
20ZD_2|Chain	6ZP5_1|Chains	100.000	9	358	1288	1.455E+01	23
20ZD_2|Chain	7MY3_1|Chains	100.000	9	358	1288	1.455E+01	23
20ZD_2|Chain	7LYM_1|Chains	100.000	9	358	1288	1.455E+01	23
20ZD_2|Chain	7KDJ_1|Chains	100.000	9	358	1288	1.455E+01	23
20ZD_2|Chain	7Q4W_2|Chains	34.300	61	358	470	1.923E+01	23
20ZD_2|Chain	7QUC_1|Chain	47.800	23	358	475	1.923E+01	23
20ZD_2|Chain	6Q2O_1|Chains	36.300	22	358	102	2.541E+01	23
20ZD_2|Chain	7PPJ_1|Chain	62.500	16	358	919	2.541E+01	23
20ZD_2|Chain	6SYT_1|Chain	40.600	32	358	3712	2.541E+01	23
20ZD_2|Chain	8AG6_1|Chain	35.000	20	358	934	3.358E+01	22
20ZD_2|Chain	6M0S_5|Chain	88.800	9	358	198	4.438E+01	22
20ZD_2|Chain	6C6L_2|Chain	88.800	9	358	213	4.438E+01	22
20ZD_2|Chain	6L42_1|Chain	30.000	39	358	2109	4.438E+01	22
20ZD_2|Chain	7OTP_1|Chain	31.000	29	358	4148	5.865E+01	21
20ZD_2|Chain	7OTW_1|Chain	31.000	29	358	4148	5.865E+01	21
20ZD_2|Chain	7OTM_1|Chain	31.000	29	358	4148	5.865E+01	21
20ZD_2|Chain	6ZH6_1|Chain	31.000	29	358	4156	5.865E+01	21
20ZD_2|Chain	6ZFP_1|Chain	31.000	29	358	4156	5.865E+01	21
20ZD_2|Chain	6ZH2_1|Chain	31.000	29	358	4156	5.865E+01	21
20ZD_2|Chain	6ZH4_1|Chain	31.000	29	358	4156	5.865E+01	21
20ZD_2|Chain	7MSX_1|Chain	45.000	20	358	638	7.751E+01	21
9QGU_2|Chains	7OSF_2|Chains	27.700	197	263	308	2.102E-18	82
9QGU_2|Chains	7OSI_2|Chains	27.700	197	263	308	2.102E-18	82
9QGU_2|Chains	7OSG_2|Chains	27.700	197	263	308	2.102E-18	82
9QGU_2|Chains	7OSJ_2|Chains	27.700	197	263	308	2.102E-18	82
9QGU_2|Chains	7O12_1|Chains	27.700	197	263	308	2.102E-18	82
9QGU_2|Chains	7O11_2|Chains	27.700	197	263	308	2.102E-18	82
9QGU_2|Chains	7OSH_2|Chains	27.700	197	263	308	2.102E-18	82
9QGU_2|Chains	7D09_2|Chains	25.100	151	263	273	2.986E-07	48
9QGU_2|Chains	7Z19_5|Chain	22.800	206	263	258	1.256E-06	46
9QGU_2|Chains	6GVE_3|Chains	45.400	22	263	334	1.388E+00	26
9QGU_2|Chains	7TC7_2|Chains	28.000	50	263	389	4.283E+00	25
9QGU_2|Chains	7L1Q_2|Chains	31.100	45	263	484	7.520E+00	24
9QGU_2|Chains	7L1S_2|Chains	31.100	45	263	484	7.520E+00	24
9QGU_2|Chains	7L1R_2|Chains	31.100	45	263	484	7.520E+00	24
9QGU_2|Chains	6YRF_1|Chains	26.400	34	263	803	1.320E+01	23
9QGU_2|Chains	6FAY_1|Chain	19.400	121	263	1876	3.069E+01	22
9QGU_2|Chains	7JK5_4|Chain	57.100	14	263	460	5.383E+01	21
9QGU_2|Chains	7OQH_1|Chains	33.300	27	263	622	5.383E+01	21
9QGU_2|Chains	8G46_1|Chain	26.300	75	263	864	5.383E+01	21
9QGU_2|Chains	7LGJ_1|Chains	31.100	44	263	879	5.383E+01	21
9QGU_2|Chains	7LGQ_1|Chains	31.100	44	263	879	5.383E+01	21
9QGU_2|Chains	7LG5_1|Chains	31.100	44	263	879	5.383E+01	21
9QGU_2|Chains	7TXV_1|Chains	31.100	44	263	879	5.383E+01	21
9QGU_2|Chains	7F94_1|Chains	54.500	11	263	257	7.129E+01	21
9QGU_2|Chains	7XQG_1|Chains	54.500	11	263	257	7.129E+01	21
9QGU_2|Chains	6TGA_1|Chains	29.100	24	263	958	7.129E+01	21
9QGU_2|Chains	6TG9_1|Chains	29.100	24	263	958	7.129E+01	21
9QGU_2|Chains	7RFE_1|Chains	47.300	19	263	504	9.442E+01	20
9QGU_2|Chains	7RFG_1|Chains	47.300	19	263	514	9.442E+01	20
9QGU_2|Chains	8DZF_1|Chains	23.500	97	263	534	9.442E+01	20
9QGU_2|Chains	7RGQ_1|Chains	47.300	19	263	546	9.442E+01	20
9QGU_2|Chains	7M2Z_2|Chain	57.800	19	263	846	9.442E+01	20
9NJ3_3|Chains	6XDG_5|Chain	83.400	217	217	216	1.633E-112	353
9NJ3_3|Chains	6VTT_3|Chain	81.100	217	217	217	1.849E-110	347
9NJ3_3|Chains	7UCG_3|Chains	78.300	217	217	205	2.681E-104	329
9NJ3_3|Chains	6DFH_4|Chains	79.400	214	217	214	2.681E-104	329
9NJ3_3|Chains	7U9G_2|Chains	55.600	217	217	217	2.306E-70	231
9NJ3_3|Chains	7RA8_3|Chains	80.500	113	217	113	4.164E-54	184
9NJ3_3|Chains	7UCG_6|Chains	46.400	206	217	216	1.190E-48	169
9NJ3_3|Chains	7L5J_2|Chains	44.900	207	217	211	7.827E-48	166
9NJ3_3|Chains	6OPQ_2|Chains	42.900	202	217	214	1.065E-44	157
9NJ3_3|Chains	6OPO_2|Chains	42.900	202	217	214	1.065E-44	157
9NJ3_3|Chains	6X5B_3|Chains	42.900	202	217	214	1.065E-44	157
9NJ3_3|Chains	6OPP_1|Chains	42.900	202	217	214	1.065E-44	157
9NJ3_3|Chains	6XDG_2|Chain	43.800	214	217	214	1.994E-44	156
9NJ3_3|Chains	6PZZ_2|Chains	43.600	215	217	214	5.109E-44	155
9NJ3_3|Chains	6XEY_3|Chains	68.400	111	217	110	9.565E-44	154
9NJ3_3|Chains	7JHH_5|Chain	43.800	214	217	215	3.352E-43	153
9NJ3_3|Chains	7M74_5|Chain	44.300	202	217	211	1.174E-42	151
9NJ3_3|Chains	7LG6_5|Chains	41.500	214	217	214	3.007E-42	150
9NJ3_3|Chains	6OZC_3|Chains	42.200	203	217	213	4.113E-42	150
9NJ3_3|Chains	6V4N_3|Chains	42.000	214	217	214	5.627E-42	149
9NJ3_3|Chains	7UDS_2|Chains	42.900	202	217	209	1.971E-41	148
9NJ3_3|Chains	6NQD_4|Chains	41.500	214	217	215	1.971E-41	148
9NJ3_3|Chains	7PC2_2|Chains	40.900	215	217	215	5.044E-41	147
9NJ3_3|Chains	7LL1_4|Chains	39.600	217	217	214	9.437E-41	146
9NJ3_3|Chains	7LG6_3|Chains	39.600	217	217	214	9.437E-41	146
9NJ3_3|Chains	7PC2_6|Chains	40.600	214	217	206	2.956E-39	141
9NJ3_3|Chains	7WVF_4|Chain	65.700	111	217	261	7.561E-39	140
9NJ3_3|Chains	7LL2_4|Chains	39.900	214	217	217	1.414E-38	139
9NJ3_3|Chains	8DZI_3|Chains	50.400	108	217	109	3.249E-22	92
9NJ3_3|Chains	7PC2_5|Chains	31.100	213	217	226	6.026E-22	91
9NJ3_3|Chains	6XDG_4|Chain	32.400	210	217	225	3.838E-21	89
9NJ3_3|Chains	7JHH_6|Chain	33.000	216	217	237	3.838E-21	89
9NJ3_3|Chains	7WEC_2|Chains	50.400	108	217	107	5.224E-21	88
9NJ3_3|Chains	7UDS_1|Chains	32.700	211	217	226	5.224E-21	88
9NJ3_3|Chains	7LUC_5|Chains	49.500	107	217	107	1.792E-20	87
9NJ3_3|Chains	7WS5_2|Chains	49.500	107	217	108	1.792E-20	87
9NJ3_3|Chains	7M74_6|Chain	33.000	213	217	228	3.317E-20	86
9NJ3_3|Chains	7LG6_6|Chains	29.700	211	217	225	8.352E-20	85
9NJ3_3|Chains	6XDG_3|Chain	31.100	210	217	226	1.545E-19	84
9NJ3_3|Chains	6VO1_4|Chains	44.900	108	217	107	2.857E-19	83
9NJ3_3|Chains	6TYS_3|Chains	45.300	107	217	107	2.857E-19	83
9NJ3_3|Chains	7UCG_2|Chains	31.100	213	217	234	5.283E-19	82
9NJ3_3|Chains	7DKJ_3|Chains	44.200	110	217	189	9.763E-19	81
9NJ3_3|Chains	7MFG_4|Chains	44.800	106	217	108	6.151E-18	79
9NJ3_3|Chains	6NQD_3|Chains	28.900	222	217	244	6.151E-18	79
9NJ3_3|Chains	6U59_3|Chains	45.000	109	217	112	8.356E-18	79
9NJ3_3|Chains	7UCG_5|Chains	30.900	216	217	243	1.135E-17	78
9NJ3_3|Chains	6V4N_2|Chains	30.000	215	217	244	2.844E-17	77
9NJ3_3|Chains	6OPO_5|Chains	29.500	215	217	229	7.119E-17	76
9NJ3_3|Chains	6OPQ_5|Chains	29.500	215	217	229	7.119E-17	76
9NJ3_3|Chains	6X5B_5|Chains	29.500	215	217	229	7.119E-17	76
9NJ3_3|Chains	6OPP_5|Chains	29.500	215	217	229	7.119E-17	76
9NJ3_3|Chains	6PZZ_3|Chains	29.100	211	217	224	1.312E-16	75
9NJ3_3|Chains	7LG6_2|Chains	28.800	217	217	231	1.781E-16	75
9NJ3_3|Chains	6VTT_2|Chain	30.000	235	217	257	3.279E-16	74
9NJ3_3|Chains	6DFH_3|Chains	29.000	216	217	233	4.449E-16	74
9NJ3_3|Chains	7LL1_3|Chains	28.700	214	217	229	1.506E-15	72
9NJ3_3|Chains	7LUC_3|Chains	40.500	109	217	112	2.042E-15	72
9NJ3_3|Chains	7LL2_3|Chains	29.000	212	217	225	2.042E-15	72
9NJ3_3|Chains	7U9G_3|Chains	29.600	213	217	265	2.042E-15	72
9NJ3_3|Chains	7FJE_6|Chain	30.400	201	217	312	9.349E-15	70
9NJ3_3|Chains	6OZC_4|Chains	29.400	209	217	224	1.433E-13	66
9NJ3_3|Chains	7L5J_3|Chains	27.900	205	217	221	4.806E-13	64
9NJ3_3|Chains	7X13_1|Chains	34.700	92	217	245	3.970E-12	62
9NJ3_3|Chains	7PC2_1|Chains	28.000	208	217	240	4.392E-11	59
9NJ3_3|Chains	7M74_7|Chain	29.900	106	217	120	4.517E-06	43
9NJ3_3|Chains	7WS5_3|Chains	30.200	108	217	123	4.517E-06	43
9NJ3_3|Chains	7JHH_7|Chain	29.900	106	217	159	4.517E-06	43
9NJ3_3|Chains	6UKT_5|Chain	29.200	105	217	131	6.047E-06	43
9NJ3_3|Chains	6UKT_3|Chain	29.100	99	217	124	8.093E-06	42
9NJ3_3|Chains	6TYS_2|Chains	27.800	103	217	120	1.449E-05	42
9NJ3_3|Chains	7DKJ_2|Chains	28.800	110	217	203	1.104E-04	39
9NJ3_3|Chains	7KKL_2|Chains	29.600	103	217	125	1.475E-04	38
9NJ3_3|Chains	6UKT_4|Chain	26.600	108	217	134	4.682E-04	37
9NJ3_3|Chains	7LUC_2|Chains	26.100	106	217	121	6.246E-04	36
9NJ3_3|Chains	7WEC_1|Chains	27.500	109	217	123	6.246E-04	36
9NJ3_3|Chains	8CYJ_4|Chain	26.700	111	217	127	6.246E-04	36
9NJ3_3|Chains	8CYJ_2|Chain	26.300	109	217	125	1.975E-03	35
9NJ3_3|Chains	6U59_4|Chains	25.900	103	217	119	2.633E-03	34
9NJ3_3|Chains	7MFG_3|Chains	25.400	105	217	120	2.633E-03	34
9NJ3_3|Chains	8CYJ_3|Chain	25.400	113	217	128	3.509E-03	34
9NJ3_3|Chains	8CYJ_1|Chain	25.000	111	217	127	1.105E-02	33
9NJ3_3|Chains	6UKT_6|Chain	30.200	108	217	134	2.608E-02	31
9NJ3_3|Chains	6AUI_1|Chains	29.500	44	217	812	5.622E+01	21
13BV_3|Chain	7JPN_4|Chain	50.000	20	450	300	1.899E+01	23
13BV_3|Chain	6UHC_4|Chain	50.000	20	450	300	1.899E+01	23
13BV_3|Chain	7SOY_2|Chain	29.100	71	450	449	1.899E+01	23
13BV_3|Chain	8DR4_5|Chain	27.900	43	450	354	5.765E+01	22
13BV_3|Chain	8DR6_5|Chain	27.900	43	450	354	5.765E+01	22
13BV_3|Chain	7STB_5|Chain	27.900	43	450	354	5.765E+01	22
13BV_3|Chain	7TFI_5|Chain	27.900	43	450	354	5.765E+01	22
13BV_3|Chain	7X0X_1|Chains	37.900	29	450	612	5.765E+01	22
13BV_3|Chain	6LZ3_1|Chains	40.000	20	450	688	5.765E+01	22
13BV_3|Chain	7P1H_1|Chain	37.000	27	450	827	5.765E+01	22
13BV_3|Chain	6CVM_1|Chains	36.000	25	450	1021	7.609E+01	21
13BV_3|Chain	6DRV_1|Chains	36.000	25	450	1024	7.609E+01	21
25SB_3|Chains	6XDG_5|Chain	90.100	214	214	216	4.460E-124	386
25SB_3|Chains	7UCG_3|Chains	82.700	214	214	205	1.610E-110	347
25SB_3|Chains	6VTT_3|Chain	78.100	214	214	217	6.435E-108	340
25SB_3|Chains	6DFH_4|Chains	79.100	211	214	214	1.369E-105	333
25SB_3|Chains	7U9G_2|Chains	54.300	204	214	217	6.583E-66	218
25SB_3|Chains	6XEY_3|Chains	93.600	111	214	110	7.390E-64	213
25SB_3|Chains	7L5J_2|Chains	44.700	206	214	211	2.712E-48	168
25SB_3|Chains	7UCG_6|Chains	48.200	175	214	216	3.712E-48	167
25SB_3|Chains	6XDG_2|Chain	45.000	201	214	214	5.081E-48	167
25SB_3|Chains	6OZC_3|Chains	43.100	201	214	213	1.055E-45	160
25SB_3|Chains	6OPQ_2|Chains	44.100	201	214	214	1.444E-45	160
25SB_3|Chains	6OPO_2|Chains	44.100	201	214	214	1.444E-45	160
25SB_3|Chains	6X5B_3|Chains	44.100	201	214	214	1.444E-45	160
25SB_3|Chains	6OPP_1|Chains	44.100	201	214	214	1.444E-45	160
25SB_3|Chains	6PZZ_2|Chains	44.300	201	214	214	5.066E-45	158
25SB_3|Chains	7M74_5|Chain	43.100	201	214	211	1.777E-44	156
25SB_3|Chains	7JHH_5|Chain	43.100	201	214	215	1.777E-44	156
25SB_3|Chains	6NQD_4|Chains	42.100	201	214	215	7.657E-43	152
25SB_3|Chains	7LG6_5|Chains	40.600	201	214	214	6.872E-42	149
25SB_3|Chains	7WVF_4|Chain	66.900	112	214	261	6.872E-42	149
25SB_3|Chains	7UDS_2|Chains	42.600	201	214	209	3.294E-41	147
25SB_3|Chains	6V4N_3|Chains	44.200	171	214	214	4.506E-41	147
25SB_3|Chains	7RA8_3|Chains	65.400	113	214	113	8.433E-41	146
25SB_3|Chains	7PC2_2|Chains	43.200	201	214	215	1.154E-40	145
25SB_3|Chains	7LL1_4|Chains	41.400	204	214	214	1.578E-40	145
25SB_3|Chains	7LG6_3|Chains	41.400	204	214	214	1.578E-40	145
25SB_3|Chains	7PC2_6|Chains	41.100	201	214	206	2.953E-40	144
25SB_3|Chains	7LL2_4|Chains	40.300	201	214	217	2.953E-40	144
25SB_3|Chains	6TYS_3|Chains	47.200	107	214	107	2.186E-22	92
25SB_3|Chains	8DZI_3|Chains	47.200	107	214	109	2.186E-22	92
25SB_3|Chains	6U59_3|Chains	46.300	108	214	112	2.186E-22	92
25SB_3|Chains	6VO1_4|Chains	47.200	107	214	107	1.025E-21	90
25SB_3|Chains	7WS5_2|Chains	48.600	107	214	108	1.396E-21	90
25SB_3|Chains	6XDG_4|Chain	33.600	207	214	225	1.396E-21	90
25SB_3|Chains	7WEC_2|Chains	47.200	107	214	107	1.901E-21	89
25SB_3|Chains	7M74_6|Chain	33.600	213	214	228	2.589E-21	89
25SB_3|Chains	7JHH_6|Chain	33.600	213	214	237	2.589E-21	89
25SB_3|Chains	6XDG_3|Chain	33.400	207	214	226	6.534E-21	88
25SB_3|Chains	7FJE_6|Chain	34.400	201	214	312	6.534E-21	88
25SB_3|Chains	7LUC_5|Chains	45.800	107	214	107	1.211E-20	87
25SB_3|Chains	7DKJ_3|Chains	44.400	107	214	189	1.648E-20	87
25SB_3|Chains	7LG6_6|Chains	30.800	208	214	225	5.655E-20	85
25SB_3|Chains	7UDS_1|Chains	31.900	208	214	226	1.424E-19	84
25SB_3|Chains	6OPO_5|Chains	31.900	215	214	229	2.636E-19	83
25SB_3|Chains	6OPQ_5|Chains	31.900	215	214	229	2.636E-19	83
25SB_3|Chains	6X5B_5|Chains	31.900	215	214	229	2.636E-19	83
25SB_3|Chains	6OPP_5|Chains	31.900	215	214	229	2.636E-19	83
25SB_3|Chains	7LUC_3|Chains	43.400	96	214	112	4.877E-19	82
25SB_3|Chains	6V4N_2|Chains	30.500	212	214	244	4.877E-19	82
25SB_3|Chains	7PC2_5|Chains	30.600	210	214	226	1.667E-18	81
25SB_3|Chains	6DFH_3|Chains	30.900	217	214	233	5.693E-18	79
25SB_3|Chains	7UCG_5|Chains	30.200	219	214	243	5.693E-18	79
25SB_3|Chains	7U9G_3|Chains	30.300	210	214	265	1.429E-17	78
25SB_3|Chains	7MFG_4|Chains	41.400	94	214	108	1.941E-17	78
25SB_3|Chains	7UCG_2|Chains	30.200	210	214	234	1.941E-17	78
25SB_3|Chains	6NQD_3|Chains	29.100	219	214	244	2.637E-17	77
25SB_3|Chains	6PZZ_3|Chains	31.100	208	214	224	4.866E-17	76
25SB_3|Chains	7LL2_3|Chains	31.900	193	214	225	2.247E-16	74
25SB_3|Chains	7L5J_3|Chains	30.200	205	214	221	2.583E-15	71
25SB_3|Chains	6VTT_2|Chain	30.000	232	214	257	6.442E-15	70
25SB_3|Chains	7LL1_3|Chains	27.900	214	214	229	5.411E-14	67
25SB_3|Chains	7LG6_2|Chains	27.900	214	214	231	5.411E-14	67
25SB_3|Chains	6OZC_4|Chains	29.500	209	214	224	8.269E-13	64
25SB_3|Chains	7X13_1|Chains	34.700	92	214	245	3.742E-12	62
25SB_3|Chains	7PC2_1|Chains	28.700	208	214	240	1.861E-10	57
25SB_3|Chains	7FJE_5|Chain	30.800	130	214	272	8.971E-09	51
25SB_3|Chains	6UKT_4|Chain	34.800	108	214	134	2.936E-08	50
25SB_3|Chains	6UKT_5|Chain	31.800	105	214	131	9.577E-08	48
25SB_3|Chains	7M74_7|Chain	32.400	106	214	120	5.605E-07	46
25SB_3|Chains	6UKT_3|Chain	32.600	99	214	124	5.605E-07	46
25SB_3|Chains	7JHH_7|Chain	32.400	106	214	159	5.605E-07	46
25SB_3|Chains	7KKL_2|Chains	34.200	103	214	125	1.008E-06	45
25SB_3|Chains	7DKJ_2|Chains	34.000	86	214	203	7.819E-06	42
25SB_3|Chains	6TYS_2|Chains	30.700	103	214	120	1.047E-05	42
25SB_3|Chains	8CYJ_2|Chain	30.900	109	214	125	1.401E-05	42
25SB_3|Chains	7MFG_3|Chains	31.700	105	214	120	3.354E-05	40
25SB_3|Chains	7WEC_1|Chains	31.800	109	214	123	3.354E-05	40
25SB_3|Chains	8CYJ_4|Chain	26.700	111	214	127	1.912E-04	38
25SB_3|Chains	6XEY_2|Chains	32.100	107	214	122	4.551E-04	37
25SB_3|Chains	8CYJ_3|Chain	28.900	113	214	128	8.105E-04	36
25SB_3|Chains	7WS5_3|Chains	28.400	108	214	123	1.924E-03	35
25SB_3|Chains	8CYJ_1|Chain	28.500	91	214	127	4.558E-03	34
25SB_3|Chains	6UKT_6|Chain	29.300	108	214	134	6.075E-03	33
25SB_3|Chains	6VO1_3|Chains	28.500	103	214	118	8.094E-03	33
25SB_3|Chains	7JSJ_1|Chains	70.000	10	214	568	9.728E+01	20
9T8H_1|Chain	6Y5A_1|Chains	83.300	35	5188	538	4.138E-10	63
9T8H_1|Chain	6Y5B_1|Chains	83.300	35	5188	538	4.138E-10	63
9T8H_1|Chain	6Y59_1|Chains	83.300	35	5188	538	4.138E-10	63
9T8H_1|Chain	8AG6_2|Chain	65.900	43	5188	1414	1.166E-06	51
9T8H_1|Chain	6R6B_2|Chain	80.000	29	5188	295	4.586E-06	49
9T8H_1|Chain	6S3R_2|Chain	80.000	29	5188	300	4.586E-06	49
9T8H_1|Chain	6R69_2|Chain	80.000	29	5188	303	4.586E-06	49
9T8H_1|Chain	7UDS_4|Chains	77.400	30	5188	206	6.031E-06	49
9T8H_1|Chain	7U9G_3|Chains	77.400	30	5188	265	6.031E-06	49
9T8H_1|Chain	7WKS_1|Chains	72.400	29	5188	680	1.043E-05	48
9T8H_1|Chain	6NQD_2|Chains	63.300	30	5188	184	1.372E-05	48
9T8H_1|Chain	6SP2_1|Chains	64.200	28	5188	513	3.120E-05	46
9T8H_1|Chain	7L7B_2|Chain	64.200	28	5188	1266	3.120E-05	46
9T8H_1|Chain	6X29_1|Chains	68.900	29	5188	1273	4.103E-05	46
9T8H_1|Chain	7UB6_1|Chains	68.900	29	5188	1285	4.103E-05	46
9T8H_1|Chain	8DZI_1|Chains	68.900	29	5188	1285	4.103E-05	46
9T8H_1|Chain	7TPH_1|Chains	68.900	29	5188	1286	4.103E-05	46
9T8H_1|Chain	7TP7_1|Chains	68.900	29	5188	1286	4.103E-05	46
9T8H_1|Chain	7KE7_1|Chains	68.900	29	5188	1288	4.103E-05	46
9T8H_1|Chain	7KEC_1|Chains	68.900	29	5188	1288	4.103E-05	46
9T8H_1|Chain	7KEA_1|Chains	68.900	29	5188	1288	4.103E-05	46
9T8H_1|Chain	6VSB_1|Chains	68.900	29	5188	1288	4.103E-05	46
9T8H_1|Chain	7KE9_1|Chains	68.900	29	5188	1288	4.103E-05	46
9T8H_1|Chain	7RA8_1|Chains	68.900	29	5188	1288	4.103E-05	46
9T8H_1|Chain	7KDH_1|Chains	68.900	29	5188	1288	4.103E-05	46
9T8H_1|Chain	7KKL_1|Chains	68.900	29	5188	1288	4.103E-05	46
9T8H_1|Chain	6XKL_1|Chains	68.900	29	5188	1288	4.103E-05	46
9T8H_1|Chain	7KEB_1|Chains	68.900	29	5188	1288	4.103E-05	46
9T8H_1|Chain	6XEY_1|Chains	68.900	29	5188	1288	4.103E-05	46
9T8H_1|Chain	7LYL_1|Chains	68.900	29	5188	1288	4.103E-05	46
9T8H_1|Chain	8CSA_1|Chains	68.900	29	5188	1288	4.103E-05	46
9T8H_1|Chain	6ZP5_1|Chains	68.900	29	5188	1288	4.103E-05	46
9T8H_1|Chain	7MY3_1|Chains	68.900	29	5188	1288	4.103E-05	46
9T8H_1|Chain	7LYM_1|Chains	68.900	29	5188	1288	4.103E-05	46
9T8H_1|Chain	7KDJ_1|Chains	68.900	29	5188	1288	4.103E-05	46
9T8H_1|Chain	7N1T_1|Chains	73.300	29	5188	1305	5.396E-05	46
9T8H_1|Chain	7N1U_1|Chains	73.300	29	5188	1305	5.396E-05	46
9T8H_1|Chain	7N1Q_1|Chains	73.300	29	5188	1305	5.396E-05	46
9T8H_1|Chain	7SBL_1|Chains	73.300	29	5188	1308	5.396E-05	46
9T8H_1|Chain	7SBK_1|Chains	73.300	29	5188	1308	5.396E-05	46
9T8H_1|Chain	7SBS_1|Chains	73.300	29	5188	1310	5.396E-05	46
9T8H_1|Chain	7SBP_1|Chains	73.300	29	5188	1310	5.396E-05	46
9T8H_1|Chain	7KRS_1|Chains	73.300	29	5188	1310	5.396E-05	46
9T8H_1|Chain	7JY5_1|Chains	27.600	76	5188	806	1.789E+00	31
9T8H_1|Chain	7RLF_1|Chains	27.600	76	5188	806	1.789E+00	31
9T8H_1|Chain	7RLH_1|Chains	27.600	76	5188	806	1.789E+00	31
9T8H_1|Chain	7RLB_1|Chains	27.600	76	5188	821	1.789E+00	31
9T8H_1|Chain	7RLG_1|Chains	27.600	76	5188	821	1.789E+00	31
9T8H_1|Chain	7RLD_1|Chains	27.600	76	5188	821	1.789E+00	31
9T8H_1|Chain	6DBU_1|Chains	35.800	39	5188	1159	3.094E+00	30
9T8H_1|Chain	6L42_1|Chain	20.400	200	5188	2109	3.094E+00	30
9T8H_1|Chain	7WTA_1|Chains	26.000	138	5188	1178	4.069E+00	29
9T8H_1|Chain	6SYT_1|Chain	22.200	219	5188	3712	4.069E+00	29
9T8H_1|Chain	6XNZ_1|Chains	38.400	39	5188	750	5.351E+00	29
9T8H_1|Chain	7MEY_1|Chain	26.400	116	5188	1950	7.037E+00	29
9T8H_1|Chain	7MEX_4|Chain	26.400	116	5188	1950	7.037E+00	29
9T8H_1|Chain	7RGQ_1|Chains	25.500	92	5188	546	9.254E+00	28
9T8H_1|Chain	7DKJ_1|Chains	26.000	125	5188	599	9.254E+00	28
9T8H_1|Chain	6XOT_1|Chain	22.500	205	5188	1014	9.254E+00	28
9T8H_1|Chain	6XOS_1|Chain	22.500	205	5188	1014	9.254E+00	28
9T8H_1|Chain	6VAK_1|Chains	83.300	12	5188	334	1.601E+01	27
9T8H_1|Chain	6AUI_1|Chains	25.900	104	5188	812	1.601E+01	27
9T8H_1|Chain	6QXF_2|Chains	90.000	10	5188	302	2.768E+01	27
9T8H_1|Chain	6UHC_3|Chain	28.500	77	5188	372	2.768E+01	27
9T8H_1|Chain	7ZPM_1|Chains	23.400	81	5188	717	2.768E+01	27
9T8H_1|Chain	7MK2_1|Chains	100.000	9	5188	606	3.640E+01	26
9T8H_1|Chain	8DTI_1|Chains	100.000	9	5188	946	3.640E+01	26
9T8H_1|Chain	8B8J_1|Chains	27.500	40	5188	975	3.640E+01	26
9T8H_1|Chain	7UFR_1|Chains	33.300	54	5188	1062	3.640E+01	26
9T8H_1|Chain	7UFU_1|Chains	33.300	54	5188	1062	3.640E+01	26
9T8H_1|Chain	6T2V_2|Chain	21.500	139	5188	1122	3.640E+01	26
9T8H_1|Chain	6T2U_2|Chain	21.500	139	5188	1122	3.640E+01	26
9T8H_1|Chain	8B1T_2|Chain	21.500	139	5188	1122	3.640E+01	26
9T8H_1|Chain	7MR0_2|Chain	21.500	139	5188	1122	3.640E+01	26
9T8H_1|Chain	6SJG_2|Chain	21.500	139	5188	1122	3.640E+01	26
9T8H_1|Chain	8B1U_2|Chain	21.500	139	5188	1122	3.640E+01	26
9T8H_1|Chain	6KLC_1|Chain	23.800	105	5188	2218	3.640E+01	26
9T8H_1|Chain	6GVE_3|Chains	42.100	19	5188	334	4.787E+01	26
9T8H_1|Chain	8AMX_1|Chains	36.300	33	5188	342	4.787E+01	26
9T8H_1|Chain	8AMW_1|Chains	36.300	33	5188	342	4.787E+01	26
9T8H_1|Chain	7L7B_3|Chain	22.500	137	5188	1161	4.787E+01	26
9T8H_1|Chain	7WS5_1|Chains	31.900	47	5188	1205	4.787E+01	26
9T8H_1|Chain	7YQT_1|Chains	31.900	47	5188	1270	4.787E+01	26
9T8H_1|Chain	6FAY_1|Chain	34.600	52	5188	1876	4.787E+01	26
9T8H_1|Chain	7Z19_5|Chain	58.800	17	5188	258	6.296E+01	25
9T8H_1|Chain	7D09_2|Chains	39.200	28	5188	273	6.296E+01	25
9T8H_1|Chain	8CRS_2|Chains	19.800	125	5188	522	6.296E+01	25
9T8H_1|Chain	8ENO_2|Chains	19.800	125	5188	522	6.296E+01	25
9T8H_1|Chain	8ENN_2|Chains	19.800	125	5188	522	6.296E+01	25
9T8H_1|Chain	8ENM_2|Chains	19.800	125	5188	523	6.296E+01	25
9T8H_1|Chain	7XO5_2|Chain	25.600	78	5188	805	6.296E+01	25
9T8H_1|Chain	7VF2_1|Chain	23.800	64	5188	1812	6.296E+01	25
9T8H_1|Chain	7M74_3|Chain	23.000	104	5188	306	8.280E+01	25
9T8H_1|Chain	7JHH_3|Chain	23.000	104	5188	306	8.280E+01	25
9T8H_1|Chain	6ZZU_1|Chains	32.100	82	5188	335	8.280E+01	25
9T8H_1|Chain	6XFA_1|Chains	22.300	114	5188	484	8.280E+01	25
9T8H_1|Chain	7Q4W_1|Chains	37.700	45	5188	583	8.280E+01	25
9T8H_1|Chain	7VGG_1|Chain	35.800	39	5188	704	8.280E+01	25
9T8H_1|Chain	7M2Z_3|Chain	21.800	150	5188	823	8.280E+01	25
9T8H_1|Chain	7D5K_1|Chains	24.000	136	5188	1042	8.280E+01	25
25SB_1|Chains	7ZL1_1|Chains	27.700	54	71	377	2.536E+00	22
25SB_1|Chains	6VYI_1|Chains	33.300	18	71	488	6.584E+00	21
25SB_1|Chains	7MSX_1|Chain	27.200	33	71	638	1.242E+01	20
25SB_1|Chains	7R06_1|Chains	36.600	30	71	601	1.705E+01	20
25SB_1|Chains	7Z0Z_1|Chains	36.600	30	71	601	1.705E+01	20
25SB_1|Chains	7UNK_1|Chain	60.000	15	71	1081	1.705E+01	20
25SB_1|Chains	6D05_1|Chains	54.500	11	71	659	2.339E+01	19
25SB_1|Chains	6D04_1|Chains	54.500	11	71	659	2.339E+01	19
25SB_1|Chains	6KA4_1|Chains	42.100	19	71	701	8.241E+01	18
9O8R_4|Chains	6XEY_3|Chains	80.900	110	109	110	2.122E-54	179
9O8R_4|Chains	6XDG_5|Chain	82.700	110	109	216	7.514E-54	178
9O8R_4|Chains	7UCG_3|Chains	68.800	109	109	205	5.296E-43	147
9O8R_4|Chains	7RA8_3|Chains	63.700	113	109	113	6.082E-41	141
9O8R_4|Chains	6VTT_3|Chain	58.000	111	109	217	1.204E-37	131
9O8R_4|Chains	7WVF_4|Chain	64.500	109	109	261	1.204E-37	131
9O8R_4|Chains	7U9G_2|Chains	60.300	110	109	217	3.109E-37	130
9O8R_4|Chains	6DFH_4|Chains	59.200	106	109	214	4.108E-33	118
9O8R_4|Chains	6XDG_2|Chain	48.100	105	109	214	1.856E-24	93
9O8R_4|Chains	7M74_5|Chain	49.000	105	109	211	4.794E-24	92
9O8R_4|Chains	7JHH_5|Chain	49.000	105	109	215	4.794E-24	92
9O8R_4|Chains	6OZC_3|Chains	47.100	105	109	213	1.238E-23	91
9O8R_4|Chains	8DZI_3|Chains	49.000	105	109	109	1.699E-23	91
9O8R_4|Chains	7L5J_2|Chains	48.600	108	109	211	2.331E-23	90
9O8R_4|Chains	7WS5_2|Chains	49.500	105	109	108	4.389E-23	89
9O8R_4|Chains	6PZZ_2|Chains	48.100	105	109	214	1.134E-22	88
9O8R_4|Chains	6OPQ_2|Chains	50.900	105	109	214	1.555E-22	88
9O8R_4|Chains	6OPO_2|Chains	50.900	105	109	214	1.555E-22	88
9O8R_4|Chains	6X5B_3|Chains	50.900	105	109	214	1.555E-22	88
9O8R_4|Chains	6OPP_1|Chains	50.900	105	109	214	1.555E-22	88
9O8R_4|Chains	7UCG_6|Chains	47.500	98	109	216	1.038E-21	85
9O8R_4|Chains	7WEC_2|Chains	49.000	105	109	107	1.424E-21	85
9O8R_4|Chains	6V4N_3|Chains	45.200	105	109	214	1.953E-21	85
9O8R_4|Chains	7LUC_5|Chains	46.200	105	109	107	2.680E-21	84
9O8R_4|Chains	6TYS_3|Chains	45.200	105	109	107	2.680E-21	84
9O8R_4|Chains	7LG6_5|Chains	43.300	105	109	214	9.496E-21	83
9O8R_4|Chains	7DKJ_3|Chains	43.300	105	109	189	1.303E-20	82
9O8R_4|Chains	6VO1_4|Chains	44.300	105	109	107	1.787E-20	82
9O8R_4|Chains	6NQD_4|Chains	43.300	105	109	215	1.787E-20	82
9O8R_4|Chains	7PC2_2|Chains	47.600	105	109	215	4.616E-20	81
9O8R_4|Chains	6U59_3|Chains	45.400	108	109	112	8.689E-20	80
9O8R_4|Chains	7MFG_4|Chains	45.100	103	109	108	1.192E-19	79
9O8R_4|Chains	7LL1_4|Chains	42.000	106	109	214	4.223E-19	78
9O8R_4|Chains	7LG6_3|Chains	42.000	106	109	214	4.223E-19	78
9O8R_4|Chains	7PC2_6|Chains	45.000	90	109	206	2.052E-18	76
9O8R_4|Chains	7UDS_2|Chains	45.200	105	109	209	2.052E-18	76
9O8R_4|Chains	7LL2_4|Chains	44.100	106	109	217	3.863E-18	75
9O8R_4|Chains	7LUC_3|Chains	38.000	105	109	112	4.845E-17	72
9O8R_4|Chains	7M74_7|Chain	32.100	106	109	120	3.158E-09	49
9O8R_4|Chains	7JHH_7|Chain	32.100	106	109	159	3.158E-09	49
9O8R_4|Chains	6UKT_5|Chain	33.000	105	109	131	4.326E-09	49
9O8R_4|Chains	6UKT_3|Chain	33.600	99	109	124	1.523E-08	48
9O8R_4|Chains	8DZI_2|Chains	34.600	103	109	118	2.857E-08	47
9O8R_4|Chains	6UKT_4|Chain	29.300	108	109	134	3.529E-07	44
9O8R_4|Chains	6XDG_4|Chain	33.700	85	109	225	3.529E-07	44
9O8R_4|Chains	6TYS_2|Chains	34.200	103	109	120	1.238E-06	42
9O8R_4|Chains	7M74_6|Chain	33.300	86	109	228	1.238E-06	42
9O8R_4|Chains	7JHH_6|Chain	33.300	86	109	237	1.238E-06	42
9O8R_4|Chains	7KKL_2|Chains	30.400	103	109	125	1.694E-06	42
9O8R_4|Chains	7RA8_2|Chains	26.700	111	109	126	3.169E-06	41
9O8R_4|Chains	7MFG_3|Chains	30.500	105	109	120	4.335E-06	40
9O8R_4|Chains	7WEC_1|Chains	29.200	109	109	123	5.929E-06	40
9O8R_4|Chains	6DFH_3|Chains	27.800	115	109	233	8.109E-06	40
9O8R_4|Chains	8CYJ_2|Chain	29.000	109	109	125	1.109E-05	39
9O8R_4|Chains	7DKJ_2|Chains	30.200	107	109	203	1.109E-05	39
9O8R_4|Chains	6XDG_3|Chain	30.100	105	109	226	1.516E-05	39
9O8R_4|Chains	6NQD_3|Chains	27.500	86	109	244	2.833E-05	38
9O8R_4|Chains	8CYJ_4|Chain	28.200	84	109	127	3.871E-05	38
9O8R_4|Chains	7PC2_1|Chains	30.500	117	109	240	5.290E-05	37
9O8R_4|Chains	7L5J_3|Chains	28.300	104	109	221	7.228E-05	37
9O8R_4|Chains	6OPO_5|Chains	27.300	83	109	229	1.842E-04	36
9O8R_4|Chains	6OPQ_5|Chains	27.300	83	109	229	1.842E-04	36
9O8R_4|Chains	6X5B_5|Chains	27.300	83	109	229	1.842E-04	36
9O8R_4|Chains	6OPP_5|Chains	27.300	83	109	229	1.842E-04	36
9O8R_4|Chains	6PZZ_3|Chains	28.000	106	109	224	2.515E-04	35
9O8R_4|Chains	8CYJ_3|Chain	29.700	83	109	128	4.687E-04	34
9O8R_4|Chains	7LL1_3|Chains	24.700	88	109	229	4.687E-04	34
9O8R_4|Chains	7LG6_2|Chains	24.700	88	109	231	4.687E-04	34
9O8R_4|Chains	7UCG_2|Chains	27.500	108	109	234	4.687E-04	34
9O8R_4|Chains	6XEY_2|Chains	27.700	107	109	122	1.191E-03	33
9O8R_4|Chains	7UDS_1|Chains	25.000	106	109	226	1.624E-03	33
9O8R_4|Chains	7WS5_3|Chains	26.900	88	109	123	2.214E-03	33
9O8R_4|Chains	7LUC_2|Chains	26.300	106	109	121	3.019E-03	32
9O8R_4|Chains	7PC2_5|Chains	22.000	108	109	226	5.606E-03	31
9O8R_4|Chains	6VTT_2|Chain	29.400	83	109	257	2.623E-02	29
9O8R_4|Chains	6UKT_6|Chain	26.600	108	109	134	3.569E-02	29
9O8R_4|Chains	8CYJ_1|Chain	27.600	111	109	127	4.853E-02	29
9O8R_4|Chains	7MFF_2|Chains	42.100	38	109	766	1.654E-01	27
9O8R_4|Chains	6UAN_2|Chains	42.100	38	109	768	1.654E-01	27
9O8R_4|Chains	6OZC_4|Chains	25.600	107	109	224	2.246E-01	27
9O8R_4|Chains	6XOT_1|Chain	31.400	53	109	1014	1.547E+01	21
9O8R_4|Chains	6XOS_1|Chain	31.400	53	109	1014	1.547E+01	21
9O8R_4|Chains	7U5M_1|Chains	36.000	25	109	333	3.784E+01	20
9O8R_4|Chains	7B5P_1|Chains	38.800	36	109	1051	3.784E+01	20
9O8R_4|Chains	6WUN_2|Chains	58.300	12	109	512	9.211E+01	19
9O8R_4|Chains	7VDA_1|Chains	26.900	26	109	558	9.211E+01	19
9O8R_4|Chains	7MSX_1|Chain	31.800	22	109	638	9.211E+01	19
9VH5_2|Chains	7MFG_2|Chains	55.800	170	172	222	2.781E-63	209
9VH5_2|Chains	7DKJ_1|Chains	52.600	171	172	599	1.224E-61	204
9VH5_2|Chains	6L42_1|Chain	43.300	30	172	2109	7.427E+00	23
9VH5_2|Chains	7B2L_1|Chains	42.800	21	172	162	4.148E+01	21
9VH5_2|Chains	6D05_1|Chains	70.000	10	172	659	5.522E+01	20
9VH5_2|Chains	6D04_1|Chains	70.000	10	172	659	5.522E+01	20
9VH5_2|Chains	7YQT_1|Chains	23.200	56	172	1270	5.522E+01	20
9VH5_2|Chains	7XO5_2|Chain	34.600	26	172	805	9.782E+01	19
31IC_2|Chain	8CYJ_2|Chain	75.000	123	166	125	1.128E-53	181
31IC_2|Chain	8CYJ_4|Chain	70.500	127	166	127	1.055E-49	169
31IC_2|Chain	7JHH_7|Chain	70.000	126	166	159	5.100E-49	167
31IC_2|Chain	7KKL_2|Chains	71.200	125	166	125	1.313E-48	166
31IC_2|Chain	7M74_7|Chain	70.400	124	166	120	2.466E-48	165
31IC_2|Chain	8CYJ_3|Chain	66.900	128	166	128	2.034E-46	160
31IC_2|Chain	6UKT_4|Chain	68.500	125	166	134	2.034E-46	160
31IC_2|Chain	8CYJ_1|Chain	66.600	125	166	127	7.175E-46	158
31IC_2|Chain	6UKT_6|Chain	68.200	125	166	134	3.468E-45	156
31IC_2|Chain	6XDG_4|Chain	64.600	133	166	225	8.926E-45	155
31IC_2|Chain	6XDG_3|Chain	64.400	133	166	226	2.857E-43	151
31IC_2|Chain	7JHH_6|Chain	61.700	134	166	237	3.551E-42	147
31IC_2|Chain	7M74_6|Chain	62.400	131	166	228	6.667E-42	147
31IC_2|Chain	7UDS_1|Chains	60.100	133	166	226	9.136E-42	146
31IC_2|Chain	6UKT_5|Chain	63.200	125	166	131	7.511E-40	141
31IC_2|Chain	7WS5_3|Chains	64.500	123	166	123	1.029E-39	140
31IC_2|Chain	6TYS_2|Chains	62.600	123	166	120	1.932E-39	139
31IC_2|Chain	7PC2_1|Chains	57.600	135	166	240	2.398E-38	136
31IC_2|Chain	6UKT_3|Chain	58.400	125	166	124	9.486E-36	129
31IC_2|Chain	7MY3_2|Chains	55.200	125	166	127	3.340E-35	127
31IC_2|Chain	6VTT_2|Chain	51.200	151	166	257	4.575E-35	127
31IC_2|Chain	7L5J_3|Chains	50.700	126	166	221	1.316E-32	120
31IC_2|Chain	7DKJ_2|Chains	49.600	134	166	203	1.802E-32	119
31IC_2|Chain	6OZC_4|Chains	51.800	131	166	224	5.722E-31	115
31IC_2|Chain	6U59_4|Chains	50.000	122	166	119	9.678E-27	103
31IC_2|Chain	6PZZ_3|Chains	42.500	133	166	224	3.395E-26	101
31IC_2|Chain	7WVF_4|Chain	46.400	125	166	261	3.050E-25	98
31IC_2|Chain	7MFG_3|Chains	42.400	125	166	120	3.745E-24	95
31IC_2|Chain	6VO1_3|Chains	46.800	125	166	118	7.008E-24	94
31IC_2|Chain	7LUC_2|Chains	40.400	125	166	121	1.794E-23	93
31IC_2|Chain	7UCG_5|Chains	42.200	138	166	243	1.794E-23	93
31IC_2|Chain	7RA8_2|Chains	41.700	124	166	126	2.453E-23	93
31IC_2|Chain	7U9G_3|Chains	43.600	133	166	265	2.453E-23	93
31IC_2|Chain	8DZI_2|Chains	45.100	123	166	118	3.356E-23	93
31IC_2|Chain	6DFH_3|Chains	42.800	136	166	233	3.356E-23	93
31IC_2|Chain	6XEY_2|Chains	41.600	125	166	122	8.586E-23	91
31IC_2|Chain	7LUC_4|Chains	41.000	127	166	129	5.616E-22	89
31IC_2|Chain	7LG6_6|Chains	43.200	131	166	225	6.857E-21	86
31IC_2|Chain	6OPO_5|Chains	35.700	134	166	229	6.112E-20	83
31IC_2|Chain	6OPQ_5|Chains	35.700	134	166	229	6.112E-20	83
31IC_2|Chain	6X5B_5|Chains	35.700	134	166	229	6.112E-20	83
31IC_2|Chain	6OPP_5|Chains	35.700	134	166	229	6.112E-20	83
31IC_2|Chain	6V4N_2|Chains	40.000	133	166	244	6.112E-20	83
31IC_2|Chain	7UCG_2|Chains	38.300	133	166	234	2.132E-19	81
31IC_2|Chain	7WEC_1|Chains	41.200	124	166	123	3.980E-19	81
31IC_2|Chain	7LL2_3|Chains	36.000	133	166	225	7.429E-19	80
31IC_2|Chain	7PC2_5|Chains	33.500	133	166	226	2.766E-16	72
31IC_2|Chain	6NQD_3|Chains	31.400	135	166	244	1.150E-14	68
31IC_2|Chain	7LL1_3|Chains	27.500	133	166	229	3.056E-10	55
31IC_2|Chain	7LG6_2|Chains	27.500	133	166	231	3.056E-10	55
31IC_2|Chain	7FJE_6|Chain	31.300	114	166	312	6.527E-09	51
31IC_2|Chain	7M74_5|Chain	33.300	119	166	211	1.371E-07	47
31IC_2|Chain	7JHH_5|Chain	33.300	119	166	215	1.371E-07	47
31IC_2|Chain	7DKJ_3|Chains	30.100	125	166	189	2.089E-06	43
31IC_2|Chain	8DZI_3|Chains	32.200	120	166	109	2.824E-06	43
31IC_2|Chain	7UCG_3|Chains	31.200	109	166	205	2.824E-06	43
31IC_2|Chain	7WEC_2|Chains	35.500	104	166	107	5.158E-06	42
31IC_2|Chain	6NR3_1|Chains	54.300	46	166	1135	5.158E-06	42
31IC_2|Chain	6XEY_3|Chains	31.200	109	166	110	6.968E-06	42
31IC_2|Chain	6PZZ_2|Chains	31.700	119	166	214	6.968E-06	42
31IC_2|Chain	6XDG_5|Chain	31.200	109	166	216	9.411E-06	41
31IC_2|Chain	8E4N_1|Chains	55.500	45	166	1135	9.411E-06	41
31IC_2|Chain	8E4M_1|Chains	55.500	45	166	1135	9.411E-06	41
31IC_2|Chain	8E4L_1|Chains	55.500	45	166	1135	9.411E-06	41
31IC_2|Chain	6OPQ_2|Chains	33.300	122	166	214	2.315E-05	40
31IC_2|Chain	6OPO_2|Chains	33.300	122	166	214	2.315E-05	40
31IC_2|Chain	7LG6_5|Chains	33.000	114	166	214	2.315E-05	40
31IC_2|Chain	6X5B_3|Chains	33.300	122	166	214	2.315E-05	40
31IC_2|Chain	6OPP_1|Chains	33.300	122	166	214	2.315E-05	40
31IC_2|Chain	7U9G_2|Chains	32.000	104	166	217	7.660E-05	38
31IC_2|Chain	7MFG_4|Chains	31.700	104	166	108	1.032E-04	38
31IC_2|Chain	7UDS_2|Chains	30.500	114	166	209	1.032E-04	38
31IC_2|Chain	6TYS_3|Chains	32.500	83	166	107	3.398E-04	36
31IC_2|Chain	7L5J_2|Chains	28.700	94	166	211	4.573E-04	36
31IC_2|Chain	7PC2_2|Chains	31.700	122	166	215	4.573E-04	36
31IC_2|Chain	7FJE_5|Chain	30.900	113	166	272	4.573E-04	36
31IC_2|Chain	7WS5_2|Chains	33.700	83	166	108	6.153E-04	36
31IC_2|Chain	6VO1_4|Chains	28.300	109	166	107	8.277E-04	35
31IC_2|Chain	7LUC_5|Chains	31.300	95	166	107	1.113E-03	35
31IC_2|Chain	6DFH_4|Chains	29.200	112	166	214	1.113E-03	35
31IC_2|Chain	6V4N_3|Chains	28.500	100	166	214	1.113E-03	35
31IC_2|Chain	7LL2_4|Chains	28.900	100	166	217	2.011E-03	34
31IC_2|Chain	6U59_3|Chains	30.900	109	166	112	3.629E-03	33
31IC_2|Chain	7RA8_3|Chains	30.200	92	166	113	4.873E-03	33
31IC_2|Chain	6XDG_2|Chain	30.600	83	166	214	1.178E-02	32
31IC_2|Chain	7PC2_6|Chains	28.900	83	166	206	5.095E-02	30
31IC_2|Chain	7UWL_2|Chains	53.600	41	166	305	2.189E-01	28
31IC_2|Chain	7UWL_3|Chains	55.000	40	166	319	2.927E-01	27
31IC_2|Chain	8B8J_1|Chains	71.400	14	166	975	1.247E+00	25
31IC_2|Chain	7UWL_1|Chains	90.000	10	166	188	3.960E+00	24
31IC_2|Chain	6TYS_1|Chains	90.900	11	166	538	3.960E+00	24
31IC_2|Chain	6SP2_1|Chains	90.000	10	166	513	5.283E+00	23
31IC_2|Chain	6X29_1|Chains	64.200	14	166	1273	5.283E+00	23
31IC_2|Chain	7UB6_1|Chains	64.200	14	166	1285	5.283E+00	23
31IC_2|Chain	8DZI_1|Chains	64.200	14	166	1285	5.283E+00	23
31IC_2|Chain	7TPH_1|Chains	64.200	14	166	1286	5.283E+00	23
31IC_2|Chain	7TP7_1|Chains	64.200	14	166	1286	5.283E+00	23
31IC_2|Chain	7KE7_1|Chains	64.200	14	166	1288	5.283E+00	23
31IC_2|Chain	7KEC_1|Chains	64.200	14	166	1288	5.283E+00	23
31IC_2|Chain	7KEA_1|Chains	64.200	14	166	1288	5.283E+00	23
31IC_2|Chain	6VSB_1|Chains	64.200	14	166	1288	5.283E+00	23
31IC_2|Chain	7KE9_1|Chains	64.200	14	166	1288	5.283E+00	23
31IC_2|Chain	7RA8_1|Chains	64.200	14	166	1288	5.283E+00	23
31IC_2|Chain	7KDH_1|Chains	64.200	14	166	1288	5.283E+00	23
31IC_2|Chain	7KKL_1|Chains	64.200	14	166	1288	5.283E+00	23
31IC_2|Chain	6XKL_1|Chains	64.200	14	166	1288	5.283E+00	23
31IC_2|Chain	7KEB_1|Chains	64.200	14	166	1288	5.283E+00	23
31IC_2|Chain	6XEY_1|Chains	64.200	14	166	1288	5.283E+00	23
31IC_2|Chain	7LYL_1|Chains	64.200	14	166	1288	5.283E+00	23
31IC_2|Chain	8CSA_1|Chains	64.200	14	166	1288	5.283E+00	23
31IC_2|Chain	6ZP5_1|Chains	64.200	14	166	1288	5.283E+00	23
31IC_2|Chain	7MY3_1|Chains	64.200	14	166	1288	5.283E+00	23
31IC_2|Chain	7LYM_1|Chains	64.200	14	166	1288	5.283E+00	23
31IC_2|Chain	7KDJ_1|Chains	64.200	14	166	1288	5.283E+00	23
31IC_2|Chain	8AG6_2|Chain	100.000	9	166	1414	5.283E+00	23
31IC_2|Chain	7ZZY_1|Chains	80.000	10	166	183	1.253E+01	22
31IC_2|Chain	6DBU_1|Chains	80.000	10	166	1159	1.253E+01	22
31IC_2|Chain	6M0S_1|Chain	30.300	33	166	825	2.966E+01	21
31IC_2|Chain	6C6L_7|Chain	30.300	33	166	840	2.966E+01	21
31IC_2|Chain	6ACF_1|Chains	33.300	15	166	367	7.010E+01	20
31IC_2|Chain	6ACH_1|Chains	33.300	15	166	367	7.010E+01	20
31IC_2|Chain	7OCF_2|Chains	26.400	34	166	860	9.335E+01	19
9O8R_2|Chains	7MFG_2|Chains	85.200	222	233	222	8.192E-131	407
9O8R_2|Chains	7DKJ_1|Chains	76.500	233	233	599	1.187E-124	389
9O8R_2|Chains	6X29_1|Chains	52.100	92	233	1273	1.076E-18	82
9O8R_2|Chains	7UB6_1|Chains	52.100	92	233	1285	1.076E-18	82
9O8R_2|Chains	8DZI_1|Chains	52.100	92	233	1285	1.076E-18	82
9O8R_2|Chains	7TPH_1|Chains	52.100	92	233	1286	1.076E-18	82
9O8R_2|Chains	7TP7_1|Chains	52.100	92	233	1286	1.076E-18	82
9O8R_2|Chains	7KE7_1|Chains	52.100	92	233	1288	1.076E-18	82
9O8R_2|Chains	7KEC_1|Chains	52.100	92	233	1288	1.076E-18	82
9O8R_2|Chains	7KEA_1|Chains	52.100	92	233	1288	1.076E-18	82
9O8R_2|Chains	6VSB_1|Chains	52.100	92	233	1288	1.076E-18	82
9O8R_2|Chains	7KE9_1|Chains	52.100	92	233	1288	1.076E-18	82
9O8R_2|Chains	7RA8_1|Chains	52.100	92	233	1288	1.076E-18	82
9O8R_2|Chains	7KDH_1|Chains	52.100	92	233	1288	1.076E-18	82
9O8R_2|Chains	7KKL_1|Chains	52.100	92	233	1288	1.076E-18	82
9O8R_2|Chains	6XKL_1|Chains	52.100	92	233	1288	1.076E-18	82
9O8R_2|Chains	7KEB_1|Chains	52.100	92	233	1288	1.076E-18	82
9O8R_2|Chains	6XEY_1|Chains	52.100	92	233	1288	1.076E-18	82
9O8R_2|Chains	7LYL_1|Chains	52.100	92	233	1288	1.076E-18	82
9O8R_2|Chains	8CSA_1|Chains	52.100	92	233	1288	1.076E-18	82
9O8R_2|Chains	6ZP5_1|Chains	52.100	92	233	1288	1.076E-18	82
9O8R_2|Chains	7MY3_1|Chains	52.100	92	233	1288	1.076E-18	82
9O8R_2|Chains	7LYM_1|Chains	52.100	92	233	1288	1.076E-18	82
9O8R_2|Chains	7KDJ_1|Chains	52.100	92	233	1288	1.076E-18	82
9O8R_2|Chains	7CN4_1|Chains	72.000	50	233	1267	4.165E-17	77
9O8R_2|Chains	6ZOY_1|Chains	79.000	43	233	1247	1.902E-16	75
9O8R_2|Chains	6ZP0_1|Chains	79.000	43	233	1247	1.902E-16	75
9O8R_2|Chains	6ZOZ_1|Chains	79.000	43	233	1247	1.902E-16	75
9O8R_2|Chains	6ZGF_1|Chains	79.000	43	233	1283	1.902E-16	75
9O8R_2|Chains	7LUC_1|Chains	88.800	36	233	527	6.396E-16	74
9O8R_2|Chains	7EB0_1|Chains	43.700	96	233	1283	3.930E-15	71
9O8R_2|Chains	8DTI_1|Chains	37.100	78	233	946	4.021E-06	44
9O8R_2|Chains	7UWL_1|Chains	100.000	15	233	188	5.383E-04	37
9O8R_2|Chains	7SBL_1|Chains	20.700	53	233	1308	1.175E+00	26
9O8R_2|Chains	7SBK_1|Chains	20.700	53	233	1308	1.175E+00	26
9O8R_2|Chains	7N1T_1|Chains	18.800	53	233	1305	4.838E+00	24
9O8R_2|Chains	7N1Q_1|Chains	18.800	53	233	1305	4.838E+00	24
9O8R_2|Chains	7SBS_1|Chains	18.800	53	233	1310	4.838E+00	24
9O8R_2|Chains	7KRS_1|Chains	18.800	53	233	1310	4.838E+00	24
9O8R_2|Chains	7E7D_1|Chains	18.800	53	233	1520	4.838E+00	24
9O8R_2|Chains	7N1U_1|Chains	18.800	53	233	1305	6.419E+00	24
9O8R_2|Chains	7XU4_1|Chains	18.800	53	233	1127	8.516E+00	23
9O8R_2|Chains	7XU5_1|Chains	18.800	53	233	1127	8.516E+00	23
9O8R_2|Chains	7XU2_1|Chains	18.800	53	233	1127	8.516E+00	23
9O8R_2|Chains	7M2Z_3|Chain	29.400	51	233	823	1.499E+01	23
9O8R_2|Chains	8G46_1|Chain	66.600	12	233	864	1.499E+01	23
9O8R_2|Chains	7Y42_1|Chains	22.900	48	233	1121	1.499E+01	23
9O8R_2|Chains	8CYJ_5|Chain	22.900	48	233	1273	1.499E+01	23
9O8R_2|Chains	7JJI_1|Chains	22.900	48	233	1273	1.499E+01	23
9O8R_2|Chains	6LVE_1|Chains	31.400	54	233	775	1.988E+01	22
9O8R_2|Chains	7W8J_1|Chains	31.400	54	233	775	1.988E+01	22
9O8R_2|Chains	6LVB_1|Chains	31.400	54	233	775	1.988E+01	22
9O8R_2|Chains	6LVC_1|Chains	31.400	54	233	775	1.988E+01	22
9O8R_2|Chains	6LVD_1|Chains	31.400	54	233	775	1.988E+01	22
9O8R_2|Chains	8DZF_1|Chains	46.600	15	233	534	2.636E+01	22
9O8R_2|Chains	7TLB_1|Chains	19.500	46	233	1208	3.496E+01	21
9O8R_2|Chains	7TLA_1|Chains	19.500	46	233	1208	3.496E+01	21
9O8R_2|Chains	6X17_1|Chains	42.800	21	233	422	4.636E+01	21
9O8R_2|Chains	6L42_1|Chain	100.000	6	233	2109	8.149E+01	20
9WUY_1|Chains	7MFF_2|Chains	27.700	160	452	766	9.966E-10	57
9WUY_1|Chains	6UAN_2|Chains	27.700	160	452	768	9.966E-10	57
9WUY_1|Chains	7M74_1|Chain	28.300	159	452	484	1.321E-05	44
9WUY_1|Chains	7JHH_1|Chain	28.300	159	452	484	1.321E-05	44
9WUY_1|Chains	7ZL1_1|Chains	53.300	30	452	377	4.571E-03	35
9WUY_1|Chains	7SZ0_1|Chains	24.600	129	452	1210	5.585E-02	32
9WUY_1|Chains	7RLB_1|Chains	39.600	59	452	821	2.242E-01	30
9WUY_1|Chains	7RLG_1|Chains	39.600	59	452	821	2.242E-01	30
9WUY_1|Chains	7RLD_1|Chains	39.600	59	452	821	2.242E-01	30
9WUY_1|Chains	7OCF_3|Chains	50.000	26	452	188	2.960E-01	29
9WUY_1|Chains	8DR4_1|Chain	41.900	31	452	918	2.070E+00	27
9WUY_1|Chains	8DR6_1|Chain	41.900	31	452	918	2.070E+00	27
9WUY_1|Chains	8EOB_1|Chains	38.800	36	452	756	3.607E+00	26
9WUY_1|Chains	7N8N_2|Chains	37.800	37	452	297	4.761E+00	25
9WUY_1|Chains	6ZOY_1|Chains	100.000	9	452	1247	8.298E+00	25
9WUY_1|Chains	6ZP0_1|Chains	100.000	9	452	1247	8.298E+00	25
9WUY_1|Chains	6ZOZ_1|Chains	100.000	9	452	1247	8.298E+00	25
9WUY_1|Chains	6ZGF_1|Chains	100.000	9	452	1283	8.298E+00	25
9WUY_1|Chains	7JPN_6|Chain	37.100	35	452	168	2.519E+01	23
9WUY_1|Chains	6UHC_6|Chain	37.100	35	452	168	2.519E+01	23
9WUY_1|Chains	7L7I_2|Chains	38.700	31	452	732	3.325E+01	23
9WUY_1|Chains	7M2Z_2|Chain	36.000	61	452	846	5.794E+01	22
9WUY_1|Chains	7KVF_1|Chain	34.700	23	452	2196	5.794E+01	22
9WUY_1|Chains	7KVE_1|Chain	34.700	23	452	2196	5.794E+01	22
9WUY_1|Chains	6M0S_1|Chain	27.000	48	452	825	7.647E+01	21
9WUY_1|Chains	6C6L_7|Chain	27.000	48	452	840	7.647E+01	21
9WUY_1|Chains	6X29_1|Chains	47.600	21	452	1273	7.647E+01	21
9WUY_1|Chains	7UB6_1|Chains	47.600	21	452	1285	7.647E+01	21
9WUY_1|Chains	7TPH_1|Chains	47.600	21	452	1286	7.647E+01	21
9WUY_1|Chains	7TP7_1|Chains	47.600	21	452	1286	7.647E+01	21
9WUY_1|Chains	7KE7_1|Chains	47.600	21	452	1288	7.647E+01	21
9WUY_1|Chains	7KEC_1|Chains	47.600	21	452	1288	7.647E+01	21
9WUY_1|Chains	7KEA_1|Chains	47.600	21	452	1288	7.647E+01	21
9WUY_1|Chains	6VSB_1|Chains	47.600	21	452	1288	7.647E+01	21
9WUY_1|Chains	7KE9_1|Chains	47.600	21	452	1288	7.647E+01	21
9WUY_1|Chains	7RA8_1|Chains	47.600	21	452	1288	7.647E+01	21
9WUY_1|Chains	7KDH_1|Chains	47.600	21	452	1288	7.647E+01	21
9WUY_1|Chains	7KKL_1|Chains	47.600	21	452	1288	7.647E+01	21
9WUY_1|Chains	6XKL_1|Chains	47.600	21	452	1288	7.647E+01	21
9WUY_1|Chains	7KEB_1|Chains	47.600	21	452	1288	7.647E+01	21
9WUY_1|Chains	6XEY_1|Chains	47.600	21	452	1288	7.647E+01	21
9WUY_1|Chains	7LYL_1|Chains	47.600	21	452	1288	7.647E+01	21
9WUY_1|Chains	8CSA_1|Chains	47.600	21	452	1288	7.647E+01	21
9WUY_1|Chains	6ZP5_1|Chains	47.600	21	452	1288	7.647E+01	21
9WUY_1|Chains	7MY3_1|Chains	47.600	21	452	1288	7.647E+01	21
9WUY_1|Chains	7LYM_1|Chains	47.600	21	452	1288	7.647E+01	21
9WUY_1|Chains	7KDJ_1|Chains	47.600	21	452	1288	7.647E+01	21
9T3X_2|Chain	6URG_2|Chain	99.700	415	466	587	8.419E-296	896
9T3X_2|Chain	6BM0_2|Chain	99.700	415	466	587	8.419E-296	896
9T3X_2|Chain	6BLY_2|Chain	99.700	415	466	587	8.419E-296	896
9T3X_2|Chain	8AG6_2|Chain	87.500	40	466	1414	3.487E-15	75
9T3X_2|Chain	6SP2_1|Chains	100.000	30	466	513	1.271E-12	66
9T3X_2|Chain	7VGG_1|Chain	25.100	206	466	704	1.271E-12	66
9T3X_2|Chain	6NQD_2|Chains	100.000	29	466	184	2.947E-12	65
9T3X_2|Chain	7L7B_2|Chain	100.000	28	466	1266	9.038E-12	64
9T3X_2|Chain	6Y5A_1|Chains	74.300	39	466	538	1.196E-11	63
9T3X_2|Chain	6Y5B_1|Chains	74.300	39	466	538	1.196E-11	63
9T3X_2|Chain	6Y59_1|Chains	74.300	39	466	538	1.196E-11	63
9T3X_2|Chain	6X29_1|Chains	96.700	31	466	1273	2.770E-11	62
9T3X_2|Chain	7UB6_1|Chains	96.700	31	466	1285	2.770E-11	62
9T3X_2|Chain	8DZI_1|Chains	96.700	31	466	1285	2.770E-11	62
9T3X_2|Chain	7TPH_1|Chains	96.700	31	466	1286	2.770E-11	62
9T3X_2|Chain	7TP7_1|Chains	96.700	31	466	1286	2.770E-11	62
9T3X_2|Chain	7KE7_1|Chains	96.700	31	466	1288	2.770E-11	62
9T3X_2|Chain	7KEC_1|Chains	96.700	31	466	1288	2.770E-11	62
9T3X_2|Chain	7KEA_1|Chains	96.700	31	466	1288	2.770E-11	62
9T3X_2|Chain	6VSB_1|Chains	96.700	31	466	1288	2.770E-11	62
9T3X_2|Chain	7KE9_1|Chains	96.700	31	466	1288	2.770E-11	62
9T3X_2|Chain	7RA8_1|Chains	96.700	31	466	1288	2.770E-11	62
9T3X_2|Chain	7KDH_1|Chains	96.700	31	466	1288	2.770E-11	62
9T3X_2|Chain	7KKL_1|Chains	96.700	31	466	1288	2.770E-11	62
9T3X_2|Chain	6XKL_1|Chains	96.700	31	466	1288	2.770E-11	62
9T3X_2|Chain	7KEB_1|Chains	96.700	31	466	1288	2.770E-11	62
9T3X_2|Chain	6XEY_1|Chains	96.700	31	466	1288	2.770E-11	62
9T3X_2|Chain	7LYL_1|Chains	96.700	31	466	1288	2.770E-11	62
9T3X_2|Chain	8CSA_1|Chains	96.700	31	466	1288	2.770E-11	62
9T3X_2|Chain	6ZP5_1|Chains	96.700	31	466	1288	2.770E-11	62
9T3X_2|Chain	7MY3_1|Chains	96.700	31	466	1288	2.770E-11	62
9T3X_2|Chain	7LYM_1|Chains	96.700	31	466	1288	2.770E-11	62
9T3X_2|Chain	7KDJ_1|Chains	96.700	31	466	1288	2.770E-11	62
9T3X_2|Chain	7N1T_1|Chains	96.700	31	466	1305	2.770E-11	62
9T3X_2|Chain	7N1U_1|Chains	96.700	31	466	1305	2.770E-11	62
9T3X_2|Chain	7N1Q_1|Chains	96.700	31	466	1305	2.770E-11	62
9T3X_2|Chain	7SBL_1|Chains	96.700	31	466	1308	2.770E-11	62
9T3X_2|Chain	7SBK_1|Chains	96.700	31	466	1308	2.770E-11	62
9T3X_2|Chain	7SBS_1|Chains	96.700	31	466	1310	2.770E-11	62
9T3X_2|Chain	7SBP_1|Chains	96.700	31	466	1310	2.770E-11	62
9T3X_2|Chain	7KRS_1|Chains	96.700	31	466	1310	2.770E-11	62
9T3X_2|Chain	6R6B_2|Chain	89.600	29	466	295	4.848E-11	61
9T3X_2|Chain	6S3R_2|Chain	89.600	29	466	300	4.848E-11	61
9T3X_2|Chain	6R69_2|Chain	89.600	29	466	303	4.848E-11	61
9T3X_2|Chain	7UDS_4|Chains	92.800	28	466	206	6.413E-11	61
9T3X_2|Chain	7U9G_3|Chains	92.800	28	466	265	6.413E-11	61
9T3X_2|Chain	7WKS_1|Chains	89.200	28	466	680	7.420E-09	54
9T3X_2|Chain	7UWF_1|Chains	22.200	249	466	447	1.486E-06	47
9T3X_2|Chain	6UHC_3|Chain	24.100	116	466	372	5.549E-05	42
9T3X_2|Chain	7JPN_3|Chain	20.900	169	466	372	1.689E-04	40
9T3X_2|Chain	7MGE_1|Chain	23.900	138	466	459	1.689E-04	40
9T3X_2|Chain	6VAK_1|Chains	100.000	11	466	334	2.327E-01	30
9T3X_2|Chain	7L2Z_1|Chains	51.800	27	466	762	2.327E-01	30
9T3X_2|Chain	7PCH_3|Chains	100.000	10	466	372	9.327E-01	28
9T3X_2|Chain	6VD7_1|Chains	90.000	10	466	344	2.145E+00	27
9T3X_2|Chain	6QXF_2|Chains	90.000	10	466	302	2.832E+00	26
9T3X_2|Chain	8E4N_1|Chains	25.800	58	466	1135	4.934E+00	25
9T3X_2|Chain	8E4M_1|Chains	25.800	58	466	1135	4.934E+00	25
9T3X_2|Chain	8E4L_1|Chains	25.800	58	466	1135	4.934E+00	25
9T3X_2|Chain	6NR3_1|Chains	76.900	13	466	1135	6.512E+00	25
9T3X_2|Chain	8FEI_1|Chain	26.500	77	466	705	8.595E+00	25
9T3X_2|Chain	7L7I_2|Chains	21.800	55	466	732	1.134E+01	24
9T3X_2|Chain	7YHQ_1|Chain	29.700	45	466	757	1.497E+01	24
9T3X_2|Chain	7PKB_1|Chains	29.700	37	466	206	1.976E+01	23
9T3X_2|Chain	7PKE_1|Chains	29.700	37	466	206	1.976E+01	23
9T3X_2|Chain	7Y0D_1|Chains	26.400	53	466	383	1.976E+01	23
9T3X_2|Chain	7D0I_1|Chains	24.400	98	466	710	1.976E+01	23
9T3X_2|Chain	7UWL_1|Chains	55.500	18	466	188	2.608E+01	23
9T3X_2|Chain	7UWL_3|Chains	81.800	11	466	319	2.608E+01	23
9T3X_2|Chain	8DR4_1|Chain	23.000	139	466	918	2.608E+01	23
9T3X_2|Chain	8DR6_1|Chain	23.000	139	466	918	2.608E+01	23
9T3X_2|Chain	6O6A_1|Chains	22.000	144	466	1098	2.608E+01	23
9T3X_2|Chain	6O6R_1|Chains	22.000	144	466	1098	2.608E+01	23
9T3X_2|Chain	7KVF_1|Chain	26.100	82	466	2196	2.608E+01	23
9T3X_2|Chain	7KVE_1|Chain	26.100	82	466	2196	2.608E+01	23
9T3X_2|Chain	7UWL_2|Chains	90.000	10	466	305	3.442E+01	23
9T3X_2|Chain	7YIM_1|Chain	25.000	48	466	609	3.442E+01	23
9T3X_2|Chain	7E5Z_1|Chain	47.000	17	466	995	3.442E+01	23
9T3X_2|Chain	7STB_7|Chain	56.200	16	466	646	4.543E+01	22
9T3X_2|Chain	6XNZ_1|Chains	48.000	25	466	750	4.543E+01	22
9T3X_2|Chain	7PPJ_1|Chain	24.000	74	466	919	4.543E+01	22
9T3X_2|Chain	7MEY_1|Chain	36.800	19	466	1950	4.543E+01	22
9T3X_2|Chain	7MEX_4|Chain	36.800	19	466	1950	4.543E+01	22
9T3X_2|Chain	6SYT_1|Chain	50.000	22	466	3712	4.543E+01	22
9T3X_2|Chain	6YSN_1|Chains	61.500	13	466	1146	5.995E+01	22
9T3X_2|Chain	7SOY_2|Chain	23.400	80	466	449	7.912E+01	21
9T3X_2|Chain	7OUH_2|Chains	23.400	80	466	697	7.912E+01	21
9T3X_2|Chain	7OUG_2|Chains	23.400	80	466	697	7.912E+01	21
9T3X_2|Chain	7OUF_2|Chains	23.400	80	466	697	7.912E+01	21
9VH5_1|Chains	7MFG_1|Chains	35.600	324	321	326	5.409E-63	215
9VH5_1|Chains	7DKJ_1|Chains	33.800	319	321	599	6.329E-54	189
9VH5_1|Chains	7OCF_3|Chains	100.000	9	321	188	1.801E+00	26
9VH5_1|Chains	7UWF_1|Chains	100.000	9	321	447	1.801E+00	26
9VH5_1|Chains	8EOB_1|Chains	100.000	9	321	756	1.801E+00	26
9VH5_1|Chains	6XOT_1|Chain	29.400	75	321	1014	5.515E+00	25
9VH5_1|Chains	6XOS_1|Chain	29.400	75	321	1014	5.515E+00	25
9VH5_1|Chains	6XNZ_2|Chains	44.000	25	321	363	1.276E+01	23
9VH5_1|Chains	6U8S_1|Chains	45.400	22	321	514	3.905E+01	22
9VH5_1|Chains	6UA5_1|Chains	45.400	22	321	519	3.905E+01	22
9VH5_1|Chains	6UDP_1|Chains	45.400	22	321	519	3.905E+01	22
9VH5_1|Chains	6UAJ_1|Chains	45.400	22	321	519	3.905E+01	22
9VH5_1|Chains	6U8E_1|Chains	45.400	22	321	519	3.905E+01	22
9VH5_1|Chains	7MKP_2|Chain	47.000	17	321	1340	3.905E+01	22
9VH5_1|Chains	7MKD_2|Chain	47.000	17	321	1342	3.905E+01	22
9VH5_1|Chains	7SZJ_2|Chain	47.000	17	321	1342	3.905E+01	22
9VH5_1|Chains	7MKI_3|Chain	47.000	17	321	1342	3.905E+01	22
9VH5_1|Chains	7MKJ_2|Chain	47.000	17	321	1342	3.905E+01	22
9VH5_1|Chains	6OMF_2|Chain	47.000	17	321	1342	3.905E+01	22
9VH5_1|Chains	7MKE_2|Chain	47.000	17	321	1342	3.905E+01	22
9VH5_1|Chains	7Z19_1|Chains	55.000	20	321	150	6.829E+01	21
9VH5_1|Chains	7ZPM_1|Chains	24.400	45	321	717	6.829E+01	21
9VH5_1|Chains	7O6Q_1|Chains	47.000	17	321	290	9.030E+01	21
9VH5_1|Chains	6UHC_8|Chains	34.700	45	321	501	9.030E+01	21
9VH5_1|Chains	6EE8_2|Chain	34.700	23	321	1134	9.030E+01	21
9VH5_1|Chains	6VVY_2|Chain	34.700	23	321	1179	9.030E+01	21
9VH5_1|Chains	6VW0_2|Chain	34.700	23	321	1179	9.030E+01	21
9VH5_1|Chains	6EEC_2|Chain	34.700	23	321	1179	9.030E+01	21
9VH5_1|Chains	6VVX_2|Chain	34.700	23	321	1179	9.030E+01	21
9VH5_1|Chains	6VVZ_2|Chain	34.700	23	321	1179	9.030E+01	21
9VH5_1|Chains	6SYT_1|Chain	24.100	84	321	3712	9.030E+01	21
31IC_1|Chains	6X17_1|Chains	31.600	445	487	422	7.095E-52	189
31IC_1|Chains	6XDG_5|Chain	62.500	16	487	216	6.298E+01	22
31IC_1|Chains	6XEY_3|Chains	56.200	16	487	110	8.310E+01	21
9OW6_1|Chains	6KLX_1|Chains	24.300	139	900	666	8.600E-01	29
9OW6_1|Chains	7T8T_1|Chain	24.800	183	900	1196	1.492E+00	28
9OW6_1|Chains	6URG_4|Chain	26.300	139	900	782	2.589E+00	27
9OW6_1|Chains	6OWT_1|Chain	27.100	81	900	939	2.589E+00	27
9OW6_1|Chains	7R06_1|Chains	26.800	41	900	601	1.027E+01	25
9OW6_1|Chains	7Z0Z_1|Chains	26.800	41	900	601	1.027E+01	25
9OW6_1|Chains	7XO5_2|Chain	26.300	38	900	805	1.027E+01	25
9OW6_1|Chains	7M74_3|Chain	22.100	95	900	306	1.352E+01	25
9OW6_1|Chains	7JHH_3|Chain	22.100	95	900	306	1.352E+01	25
9OW6_1|Chains	7JPN_2|Chain	23.400	140	900	377	1.352E+01	25
9OW6_1|Chains	6UHC_2|Chain	23.400	140	900	394	1.352E+01	25
9OW6_1|Chains	7Y42_1|Chains	27.900	83	900	1121	1.352E+01	25
9OW6_1|Chains	7TLB_1|Chains	27.900	83	900	1208	1.352E+01	25
9OW6_1|Chains	7TLA_1|Chains	27.900	83	900	1208	1.352E+01	25
9OW6_1|Chains	6X29_1|Chains	27.900	83	900	1273	1.352E+01	25
9OW6_1|Chains	8CYJ_5|Chain	27.900	83	900	1273	1.352E+01	25
9OW6_1|Chains	7JJI_1|Chains	27.900	83	900	1273	1.352E+01	25
9OW6_1|Chains	7EB0_1|Chains	27.900	83	900	1283	1.352E+01	25
9OW6_1|Chains	7KE7_1|Chains	27.900	83	900	1288	1.352E+01	25
9OW6_1|Chains	7KEC_1|Chains	27.900	83	900	1288	1.352E+01	25
9OW6_1|Chains	7KEA_1|Chains	27.900	83	900	1288	1.352E+01	25
9OW6_1|Chains	6VSB_1|Chains	27.900	83	900	1288	1.352E+01	25
9OW6_1|Chains	7KE9_1|Chains	27.900	83	900	1288	1.352E+01	25
9OW6_1|Chains	7RA8_1|Chains	27.900	83	900	1288	1.352E+01	25
9OW6_1|Chains	7KDH_1|Chains	27.900	83	900	1288	1.352E+01	25
9OW6_1|Chains	7KKL_1|Chains	27.900	83	900	1288	1.352E+01	25
9OW6_1|Chains	6XKL_1|Chains	27.900	83	900	1288	1.352E+01	25
9OW6_1|Chains	7KEB_1|Chains	27.900	83	900	1288	1.352E+01	25
9OW6_1|Chains	6XEY_1|Chains	27.900	83	900	1288	1.352E+01	25
9OW6_1|Chains	7LYL_1|Chains	27.900	83	900	1288	1.352E+01	25
9OW6_1|Chains	8CSA_1|Chains	27.900	83	900	1288	1.352E+01	25
9OW6_1|Chains	6ZP5_1|Chains	27.900	83	900	1288	1.352E+01	25
9OW6_1|Chains	7MY3_1|Chains	27.900	83	900	1288	1.352E+01	25
9OW6_1|Chains	7LYM_1|Chains	27.900	83	900	1288	1.352E+01	25
9OW6_1|Chains	7KDJ_1|Chains	27.900	83	900	1288	1.352E+01	25
9OW6_1|Chains	7N1U_1|Chains	27.900	83	900	1305	1.352E+01	25
9OW6_1|Chains	7SBS_1|Chains	27.900	83	900	1310	1.352E+01	25
9OW6_1|Chains	7SBP_1|Chains	27.900	83	900	1310	1.352E+01	25
9OW6_1|Chains	7KRS_1|Chains	27.900	83	900	1310	1.352E+01	25
9OW6_1|Chains	7E7D_1|Chains	27.900	83	900	1520	1.352E+01	25
9OW6_1|Chains	7MEY_1|Chain	32.300	34	900	1950	1.352E+01	25
9OW6_1|Chains	7MEX_4|Chain	32.300	34	900	1950	1.352E+01	25
9OW6_1|Chains	7PV4_1|Chains	36.300	33	900	301	1.781E+01	25
9OW6_1|Chains	7KVF_1|Chain	19.200	135	900	2196	3.090E+01	24
9OW6_1|Chains	7KVE_1|Chain	19.200	135	900	2196	3.090E+01	24
9OW6_1|Chains	7K5K_1|Chains	28.200	73	900	555	4.071E+01	23
9OW6_1|Chains	7LZJ_1|Chains	20.400	98	900	907	4.071E+01	23
9OW6_1|Chains	6FAY_1|Chain	23.200	121	900	1876	4.071E+01	23
9OW6_1|Chains	7OTP_1|Chain	24.500	61	900	4148	4.071E+01	23
9OW6_1|Chains	7OTW_1|Chain	24.500	61	900	4148	4.071E+01	23
9OW6_1|Chains	7OTM_1|Chain	24.500	61	900	4148	4.071E+01	23
9OW6_1|Chains	6ZH6_1|Chain	24.500	61	900	4156	4.071E+01	23
9OW6_1|Chains	6ZFP_1|Chain	24.500	61	900	4156	4.071E+01	23
9OW6_1|Chains	6ZH2_1|Chain	24.500	61	900	4156	4.071E+01	23
9OW6_1|Chains	6ZH4_1|Chain	24.500	61	900	4156	4.071E+01	23
9OW6_1|Chains	7YYO_1|Chains	22.500	79	900	470	5.362E+01	23
9OW6_1|Chains	7MSX_1|Chain	32.600	49	900	638	5.362E+01	23
9OW6_1|Chains	7UB6_1|Chains	26.700	83	900	1285	7.062E+01	23
9OW6_1|Chains	6L42_1|Chain	19.300	163	900	2109	7.062E+01	23
9OW6_1|Chains	8D45_1|Chains	40.700	27	900	406	9.302E+01	22
9OW6_1|Chains	6X17_1|Chains	36.300	22	900	422	9.302E+01	22
9OW6_1|Chains	6XOT_1|Chain	20.300	112	900	1014	9.302E+01	22
9OW6_1|Chains	6XOS_1|Chain	20.300	112	900	1014	9.302E+01	22
9OW6_1|Chains	7USD_1|Chain	25.300	67	900	1253	9.302E+01	22
9O8R_1|Chains	7MFG_1|Chains	70.300	327	344	326	7.145E-165	511
9O8R_1|Chains	7DKJ_1|Chains	54.500	330	344	599	1.449E-127	404
9O8R_1|Chains	7XO5_2|Chain	18.800	196	344	805	6.004E+00	25
9O8R_1|Chains	7L7B_3|Chain	23.000	153	344	1161	1.049E+01	24
9O8R_1|Chains	6SYT_1|Chain	28.300	53	344	3712	1.049E+01	24
9O8R_1|Chains	7F5V_1|Chains	31.200	32	344	776	1.834E+01	23
9O8R_1|Chains	7F5X_1|Chains	31.200	32	344	776	1.834E+01	23
9O8R_1|Chains	7DKJ_3|Chains	33.300	30	344	189	2.424E+01	23
9O8R_1|Chains	7Y0D_1|Chains	27.400	51	344	383	2.424E+01	23
9O8R_1|Chains	7L2N_1|Chains	34.800	43	344	842	2.424E+01	23
9O8R_1|Chains	7L2O_1|Chains	34.800	43	344	842	2.424E+01	23
9O8R_1|Chains	8CRS_2|Chains	28.900	69	344	522	4.236E+01	22
9O8R_1|Chains	8ENO_2|Chains	28.900	69	344	522	4.236E+01	22
9O8R_1|Chains	8ENN_2|Chains	28.900	69	344	522	4.236E+01	22
9O8R_1|Chains	8ENM_2|Chains	28.900	69	344	523	4.236E+01	22
9O8R_1|Chains	6KA4_1|Chains	29.400	17	344	701	4.236E+01	22
9O8R_1|Chains	8B8J_1|Chains	42.800	21	344	975	4.236E+01	22
9O8R_1|Chains	6KLC_1|Chain	50.000	18	344	2218	4.236E+01	22
9O8R_1|Chains	7S15_1|Chain	87.500	8	344	399	5.600E+01	21
9O8R_1|Chains	7KVF_1|Chain	21.500	78	344	2196	5.600E+01	21
9O8R_1|Chains	7KVE_1|Chain	21.500	78	344	2196	5.600E+01	21
9O8R_1|Chains	6XNZ_1|Chains	27.200	66	344	750	7.402E+01	21
9O8R_1|Chains	7EBF_1|Chains	23.600	73	344	556	9.783E+01	21
9O8R_1|Chains	7OTP_1|Chain	22.300	85	344	4148	9.783E+01	21
9O8R_1|Chains	7OTW_1|Chain	22.300	85	344	4148	9.783E+01	21
9O8R_1|Chains	7OTM_1|Chain	22.300	85	344	4148	9.783E+01	21
9O8R_1|Chains	6ZH6_1|Chain	22.300	85	344	4156	9.783E+01	21
9O8R_1|Chains	6ZFP_1|Chain	22.300	85	344	4156	9.783E+01	21
9O8R_1|Chains	6ZH2_1|Chain	22.300	85	344	4156	9.783E+01	21
9O8R_1|Chains	6ZH4_1|Chain	22.300	85	344	4156	9.783E+01	21
9W0J_4|Chain	7T6L_1|Chains	53.300	15	133	739	6.878E+01	19
30QN_1|Chain	7OSI_3|Chains	24.300	190	761	276	1.635E+00	28
30QN_1|Chain	7OSG_3|Chains	24.300	190	761	276	1.635E+00	28
30QN_1|Chain	7OSJ_3|Chains	24.300	190	761	276	1.635E+00	28
30QN_1|Chain	7O12_3|Chains	24.300	190	761	276	1.635E+00	28
30QN_1|Chain	7O11_3|Chains	24.300	190	761	276	1.635E+00	28
30QN_1|Chain	7OSH_3|Chains	24.300	190	761	276	1.635E+00	28
30QN_1|Chain	7OSF_3|Chains	24.300	190	761	276	1.635E+00	28
30QN_1|Chain	7D09_1|Chains	21.000	74	761	258	4.929E+00	26
30QN_1|Chain	7KA3_1|Chains	25.800	90	761	363	8.559E+00	25
30QN_1|Chain	7KA2_1|Chains	25.800	90	761	363	8.559E+00	25
30QN_1|Chain	7K9X_1|Chains	25.800	90	761	363	8.559E+00	25
30QN_1|Chain	7KA4_1|Chains	25.800	90	761	363	8.559E+00	25
30QN_1|Chain	7VDC_1|Chains	25.800	90	761	364	8.559E+00	25
30QN_1|Chain	8EHG_1|Chains	25.800	90	761	364	8.559E+00	25
30QN_1|Chain	7SK2_1|Chain	25.400	94	761	578	8.559E+00	25
30QN_1|Chain	7D0I_1|Chains	36.000	50	761	710	8.559E+00	25
30QN_1|Chain	7OCF_1|Chains	22.500	58	761	915	8.559E+00	25
30QN_1|Chain	7UNK_1|Chain	27.900	64	761	1081	2.580E+01	24
30QN_1|Chain	7UWQ_1|Chains	37.500	40	761	492	3.400E+01	23
30QN_1|Chain	6KLC_1|Chain	42.300	26	761	2218	3.400E+01	23
30QN_1|Chain	8D44_1|Chains	24.700	90	761	364	4.480E+01	23
30QN_1|Chain	6UHC_2|Chain	33.300	30	761	394	4.480E+01	23
30QN_1|Chain	6VXK_1|Chains	53.800	13	761	398	5.903E+01	23
30QN_1|Chain	7L1Q_2|Chains	41.300	29	761	484	5.903E+01	23
30QN_1|Chain	7L1S_2|Chains	41.300	29	761	484	5.903E+01	23
30QN_1|Chain	7L1R_2|Chains	41.300	29	761	484	5.903E+01	23
30QN_1|Chain	7PPJ_1|Chain	29.300	58	761	919	7.778E+01	22
30QN_1|Chain	7UFS_1|Chains	34.100	41	761	1069	7.778E+01	22
30QN_1|Chain	7MR0_1|Chain	26.500	83	761	1180	7.778E+01	22
9Y7X_1|Chains	7M6S_1|Chains	80.000	421	466	444	1.994E-224	690
9Y7X_1|Chains	6Y5A_1|Chains	26.200	264	466	538	2.362E-13	69
9Y7X_1|Chains	6Y5B_1|Chains	26.200	264	466	538	2.362E-13	69
9Y7X_1|Chains	6Y59_1|Chains	26.200	264	466	538	2.362E-13	69
9Y7X_1|Chains	7EKI_1|Chains	27.300	229	466	502	1.196E-11	63
9Y7X_1|Chains	7WVF_1|Chains	92.300	13	466	689	1.762E-01	30
9Y7X_1|Chains	7TU6_1|Chains	33.900	56	466	464	8.595E+00	25
9Y7X_1|Chains	7TU7_1|Chains	33.900	56	466	464	8.595E+00	25
9Y7X_1|Chains	7TU5_1|Chains	33.900	56	466	464	8.595E+00	25
9Y7X_1|Chains	7TU8_1|Chains	33.900	56	466	464	8.595E+00	25
9Y7X_1|Chains	6YRF_1|Chains	30.000	30	466	803	1.976E+01	23
9Y7X_1|Chains	6TFK_1|Chains	25.500	88	466	789	3.442E+01	23
9Y7X_1|Chains	6SYT_1|Chain	45.000	20	466	3712	3.442E+01	23
9Y7X_1|Chains	6VTT_2|Chain	39.100	23	466	257	4.543E+01	22
9Y7X_1|Chains	6FAY_1|Chain	26.100	65	466	1876	7.912E+01	21
32QB_1|Chain	7OCF_3|Chains	29.400	153	146	188	8.357E-15	67
32QB_1|Chain	6TYS_1|Chains	90.000	10	146	538	1.033E+01	22
32QB_1|Chain	7VF2_1|Chain	70.000	10	146	1812	2.468E+01	21
32QB_1|Chain	6KFF_1|Chains	52.000	25	146	389	7.846E+01	19
9Y5R_6|Chains	7NZM_1|Chain	100.000	186	222	186	5.508E-119	372
9Y5R_6|Chains	7UFT_1|Chains	100.000	24	222	1057	1.359E-08	51
9Y5R_6|Chains	7UFR_1|Chains	100.000	24	222	1062	1.359E-08	51
9Y5R_6|Chains	7UFU_1|Chains	100.000	24	222	1062	1.359E-08	51
9Y5R_6|Chains	7UFS_1|Chains	100.000	24	222	1069	1.359E-08	51
9Y5R_6|Chains	7O6P_1|Chains	100.000	22	222	303	1.433E-07	48
9Y5R_6|Chains	7O6Q_1|Chains	88.000	25	222	290	2.577E-07	47
9Y5R_6|Chains	7VO9_3|Chains	100.000	21	222	159	4.629E-07	46
9Y5R_6|Chains	6AUI_1|Chains	100.000	21	222	812	4.629E-07	46
9Y5R_6|Chains	7P1H_1|Chain	100.000	21	222	827	4.629E-07	46
9Y5R_6|Chains	7OQH_1|Chains	95.200	21	222	622	1.490E-06	45
9Y5R_6|Chains	7VGG_2|Chain	100.000	20	222	468	1.995E-06	44
9Y5R_6|Chains	7OTP_1|Chain	40.700	27	222	4148	3.413E+00	25
9Y5R_6|Chains	7OTW_1|Chain	40.700	27	222	4148	3.413E+00	25
9Y5R_6|Chains	7OTM_1|Chain	40.700	27	222	4148	3.413E+00	25
9Y5R_6|Chains	6ZH6_1|Chain	40.700	27	222	4156	3.413E+00	25
9Y5R_6|Chains	6ZFP_1|Chain	40.700	27	222	4156	3.413E+00	25
9Y5R_6|Chains	6ZH2_1|Chain	40.700	27	222	4156	3.413E+00	25
9Y5R_6|Chains	6ZH4_1|Chain	40.700	27	222	4156	3.413E+00	25
9Y5R_6|Chains	6J5W_2|Chain	38.800	18	222	852	4.361E+01	21
9Y5R_6|Chains	7ZPM_3|Chains	31.000	29	222	759	5.786E+01	21
9Y5R_6|Chains	7E5Z_1|Chain	70.000	10	222	995	7.676E+01	20
23DJ_1|Chain	7M74_1|Chain	33.300	48	1098	484	1.270E+01	25
23DJ_1|Chain	7JHH_1|Chain	33.300	48	1098	484	1.270E+01	25
23DJ_1|Chain	7UFT_1|Chains	34.700	23	1098	1057	1.270E+01	25
23DJ_1|Chain	6T2U_3|Chain	32.400	77	1098	608	1.672E+01	25
23DJ_1|Chain	8B1T_3|Chain	32.400	77	1098	608	1.672E+01	25
23DJ_1|Chain	7MR0_3|Chain	32.400	77	1098	608	1.672E+01	25
23DJ_1|Chain	6SJG_3|Chain	32.400	77	1098	608	1.672E+01	25
23DJ_1|Chain	8B1U_3|Chain	32.400	77	1098	608	1.672E+01	25
23DJ_1|Chain	6T2V_3|Chain	32.400	77	1098	608	1.672E+01	25
23DJ_1|Chain	7SZ0_1|Chains	31.400	54	1098	1210	1.672E+01	25
23DJ_1|Chain	7TC7_3|Chains	37.500	32	1098	170	2.202E+01	25
23DJ_1|Chain	7STB_1|Chain	32.100	56	1098	696	2.899E+01	24
23DJ_1|Chain	6SYT_2|Chain	29.000	62	1098	991	2.899E+01	24
23DJ_1|Chain	6VW0_5|Chain	34.200	35	1098	531	3.817E+01	24
23DJ_1|Chain	6EE8_5|Chain	34.200	35	1098	531	3.817E+01	24
23DJ_1|Chain	6EEC_5|Chain	34.200	35	1098	531	3.817E+01	24
23DJ_1|Chain	6VVX_5|Chain	34.200	35	1098	531	3.817E+01	24
23DJ_1|Chain	6VVY_5|Chain	34.200	35	1098	531	3.817E+01	24
23DJ_1|Chain	6VVZ_5|Chain	34.200	35	1098	531	3.817E+01	24
23DJ_1|Chain	6OWT_1|Chain	21.600	154	1098	939	3.817E+01	24
23DJ_1|Chain	6CVM_1|Chains	29.600	50	1098	1021	5.026E+01	23
23DJ_1|Chain	6DRV_1|Chains	29.600	50	1098	1024	5.026E+01	23
23DJ_1|Chain	6VO1_4|Chains	41.100	17	1098	107	8.714E+01	23
23DJ_1|Chain	7L7I_1|Chain	32.000	25	1098	457	8.714E+01	23
23DJ_1|Chain	7OTP_1|Chain	38.000	21	1098	4148	8.714E+01	23
23DJ_1|Chain	7OTW_1|Chain	38.000	21	1098	4148	8.714E+01	23
23DJ_1|Chain	7OTM_1|Chain	38.000	21	1098	4148	8.714E+01	23
23DJ_1|Chain	6ZH6_1|Chain	38.000	21	1098	4156	8.714E+01	23
23DJ_1|Chain	6ZFP_1|Chain	38.000	21	1098	4156	8.714E+01	23
23DJ_1|Chain	6ZH2_1|Chain	38.000	21	1098	4156	8.714E+01	23
23DJ_1|Chain	6ZH4_1|Chain	38.000	21	1098	4156	8.714E+01	23
9XGW_3|Chain	6XDG_1|Chain	100.000	184	184	251	4.886E-130	402
9XGW_3|Chain	7Y42_1|Chains	100.000	184	184	1121	4.886E-130	402
9XGW_3|Chain	6ZP0_1|Chains	100.000	184	184	1247	4.886E-130	402
9XGW_3|Chain	8CYJ_5|Chain	100.000	184	184	1273	4.886E-130	402
9XGW_3|Chain	7JJI_1|Chains	100.000	184	184	1273	4.886E-130	402
9XGW_3|Chain	7EB0_1|Chains	100.000	184	184	1283	4.886E-130	402
9XGW_3|Chain	7KE7_1|Chains	100.000	184	184	1288	4.886E-130	402
9XGW_3|Chain	7KEC_1|Chains	100.000	184	184	1288	4.886E-130	402
9XGW_3|Chain	7KEA_1|Chains	100.000	184	184	1288	4.886E-130	402
9XGW_3|Chain	6VSB_1|Chains	100.000	184	184	1288	4.886E-130	402
9XGW_3|Chain	7KE9_1|Chains	100.000	184	184	1288	4.886E-130	402
9XGW_3|Chain	7RA8_1|Chains	100.000	184	184	1288	4.886E-130	402
9XGW_3|Chain	7KDH_1|Chains	100.000	184	184	1288	4.886E-130	402
9XGW_3|Chain	7KKL_1|Chains	100.000	184	184	1288	4.886E-130	402
9XGW_3|Chain	6XKL_1|Chains	100.000	184	184	1288	4.886E-130	402
9XGW_3|Chain	7KEB_1|Chains	100.000	184	184	1288	4.886E-130	402
9XGW_3|Chain	6XEY_1|Chains	100.000	184	184	1288	4.886E-130	402
9XGW_3|Chain	6ZP5_1|Chains	100.000	184	184	1288	4.886E-130	402
9XGW_3|Chain	7MY3_1|Chains	100.000	184	184	1288	4.886E-130	402
9XGW_3|Chain	7KDJ_1|Chains	100.000	184	184	1288	4.886E-130	402
9XGW_3|Chain	7KRS_1|Chains	100.000	184	184	1310	4.886E-130	402
9XGW_3|Chain	7E7D_1|Chains	100.000	184	184	1520	4.886E-130	402
9XGW_3|Chain	7TLB_1|Chains	99.400	184	184	1208	2.366E-129	400
9XGW_3|Chain	7TLA_1|Chains	99.400	184	184	1208	2.366E-129	400
9XGW_3|Chain	6ZOY_1|Chains	99.400	184	184	1247	2.366E-129	400
9XGW_3|Chain	6ZOZ_1|Chains	99.400	184	184	1247	2.366E-129	400
9XGW_3|Chain	6X29_1|Chains	99.400	184	184	1273	2.366E-129	400
9XGW_3|Chain	7N1U_1|Chains	99.400	184	184	1305	6.097E-129	398
9XGW_3|Chain	7XU4_1|Chains	99.400	184	184	1127	8.359E-129	398
9XGW_3|Chain	7XU5_1|Chains	99.400	184	184	1127	8.359E-129	398
9XGW_3|Chain	7XU2_1|Chains	99.400	184	184	1127	8.359E-129	398
9XGW_3|Chain	7SBP_1|Chains	98.900	184	184	1310	8.359E-129	398
9XGW_3|Chain	7TPH_1|Chains	98.900	184	184	1286	2.154E-128	397
9XGW_3|Chain	7TP7_1|Chains	98.900	184	184	1286	2.154E-128	397
9XGW_3|Chain	7SBL_1|Chains	98.900	184	184	1308	2.154E-128	397
9XGW_3|Chain	7SBK_1|Chains	98.900	184	184	1308	2.154E-128	397
9XGW_3|Chain	7LYL_1|Chains	98.300	184	184	1288	1.043E-127	395
9XGW_3|Chain	8CSA_1|Chains	98.300	184	184	1288	1.043E-127	395
9XGW_3|Chain	7LYM_1|Chains	98.300	184	184	1288	1.043E-127	395
9XGW_3|Chain	7N1T_1|Chains	98.300	184	184	1305	1.043E-127	395
9XGW_3|Chain	7N1Q_1|Chains	98.300	184	184	1305	1.043E-127	395
9XGW_3|Chain	7SBS_1|Chains	98.300	184	184	1310	1.430E-127	394
9XGW_3|Chain	7WS5_1|Chains	91.800	184	184	1205	1.153E-118	369
9XGW_3|Chain	7XO5_1|Chains	91.800	184	184	1205	1.153E-118	369
9XGW_3|Chain	7WEC_3|Chains	91.800	184	184	1270	1.153E-118	369
9XGW_3|Chain	8DZI_1|Chains	91.800	184	184	1285	1.153E-118	369
9XGW_3|Chain	7UB6_1|Chains	91.300	184	184	1285	4.073E-118	367
9XGW_3|Chain	7YQT_1|Chains	90.700	184	184	1270	6.969E-117	364
9XGW_3|Chain	7CN4_1|Chains	89.100	184	184	1267	1.796E-116	362
9XGW_3|Chain	6ZGF_1|Chains	89.100	184	184	1283	1.796E-116	362
9XGW_3|Chain	7WSF_2|Chain	72.600	183	184	190	2.564E-93	296
9XGW_3|Chain	6DFH_3|Chains	31.500	57	184	233	1.930E+01	22
9XGW_3|Chain	7LZJ_1|Chains	19.800	141	184	907	1.930E+01	22
9XGW_3|Chain	6TGA_1|Chains	28.800	45	184	958	2.567E+01	21
9XGW_3|Chain	6TG9_1|Chains	28.800	45	184	958	2.567E+01	21
9XGW_3|Chain	7U9G_2|Chains	31.000	29	184	217	4.541E+01	21
9XGW_3|Chain	7OTP_1|Chain	44.100	33	184	4148	4.541E+01	21
9XGW_3|Chain	7OTW_1|Chain	44.100	33	184	4148	4.541E+01	21
9XGW_3|Chain	7OTM_1|Chain	44.100	33	184	4148	4.541E+01	21
9XGW_3|Chain	6ZH6_1|Chain	44.100	33	184	4156	4.541E+01	21
9XGW_3|Chain	6ZFP_1|Chain	44.100	33	184	4156	4.541E+01	21
9XGW_3|Chain	6ZH2_1|Chain	44.100	33	184	4156	4.541E+01	21
9XGW_3|Chain	6ZH4_1|Chain	44.100	33	184	4156	4.541E+01	21
9XGW_3|Chain	8AT6_2|Chains	25.800	31	184	309	6.039E+01	20
9XGW_3|Chain	6C6L_6|Chain	44.400	27	184	345	6.039E+01	20
9XGW_3|Chain	6M0S_4|Chain	44.400	27	184	345	6.039E+01	20
9XGW_3|Chain	6DFH_4|Chains	35.000	20	184	214	8.030E+01	20
9XGW_3|Chain	6VTT_1|Chains	33.300	24	184	471	8.030E+01	20
9XGW_3|Chain	7UCG_4|Chains	33.300	24	184	507	8.030E+01	20
9XH2_4|Chain	7WVF_4|Chain	48.200	249	256	261	7.688E-60	203
9XH2_4|Chain	6TYS_2|Chains	71.900	121	256	120	1.676E-49	173
9XH2_4|Chain	6XDG_3|Chain	68.000	120	256	226	4.283E-49	172
9XH2_4|Chain	7WS5_3|Chains	67.400	123	256	123	9.762E-48	168
9XH2_4|Chain	6XDG_4|Chain	68.300	120	256	225	5.672E-46	163
9XH2_4|Chain	7UDS_1|Chains	65.000	120	256	226	1.978E-45	161
9XH2_4|Chain	7M74_6|Chain	64.200	126	256	228	5.048E-45	160
9XH2_4|Chain	7JHH_6|Chain	64.200	126	256	237	5.048E-45	160
9XH2_4|Chain	7PC2_1|Chains	62.400	131	256	240	6.898E-45	160
9XH2_4|Chain	7LUC_3|Chains	67.800	112	256	112	3.286E-44	158
9XH2_4|Chain	7L5J_3|Chains	61.100	121	256	221	2.137E-43	155
9XH2_4|Chain	8CYJ_3|Chain	60.600	127	256	128	5.449E-43	154
9XH2_4|Chain	8CYJ_4|Chain	59.500	126	256	127	3.797E-40	146
9XH2_4|Chain	6VTT_2|Chain	54.800	144	256	257	1.320E-39	144
9XH2_4|Chain	7JHH_7|Chain	58.300	120	256	159	6.259E-39	142
9XH2_4|Chain	7M74_7|Chain	57.900	119	256	120	1.592E-38	141
9XH2_4|Chain	7KKL_2|Chains	60.600	120	256	125	7.544E-38	139
9XH2_4|Chain	8CYJ_2|Chain	58.000	124	256	125	1.918E-37	138
9XH2_4|Chain	6UKT_4|Chain	56.900	123	256	134	9.077E-37	136
9XH2_4|Chain	7L5J_2|Chains	57.600	111	256	211	9.077E-37	136
9XH2_4|Chain	6OZC_4|Chains	57.300	122	256	224	5.857E-36	134
9XH2_4|Chain	6UKT_3|Chain	60.800	120	256	124	2.029E-35	132
9XH2_4|Chain	6VO1_4|Chains	55.300	112	256	107	3.775E-35	131
9XH2_4|Chain	8DZI_3|Chains	55.300	112	256	109	3.775E-35	131
9XH2_4|Chain	8CYJ_1|Chain	58.200	127	256	127	5.149E-35	131
9XH2_4|Chain	6UKT_6|Chain	58.800	123	256	134	7.024E-35	130
9XH2_4|Chain	6PZZ_3|Chains	50.800	120	256	224	1.307E-34	130
9XH2_4|Chain	7DKJ_2|Chains	53.200	123	256	203	2.430E-34	129
9XH2_4|Chain	7LG6_5|Chains	55.800	111	256	214	2.430E-34	129
9XH2_4|Chain	6XEY_2|Chains	48.800	121	256	122	1.146E-33	127
9XH2_4|Chain	6XDG_2|Chain	53.500	112	256	214	1.563E-33	126
9XH2_4|Chain	6PZZ_2|Chains	54.400	112	256	214	2.131E-33	126
9XH2_4|Chain	7LUC_5|Chains	53.500	112	256	107	3.960E-33	125
9XH2_4|Chain	7MY3_2|Chains	53.700	120	256	127	3.960E-33	125
9XH2_4|Chain	7WEC_2|Chains	54.000	111	256	107	5.399E-33	125
9XH2_4|Chain	7MFG_3|Chains	53.300	120	256	120	7.361E-33	124
9XH2_4|Chain	7LUC_2|Chains	47.500	120	256	121	1.368E-32	124
9XH2_4|Chain	7WS5_2|Chains	55.700	112	256	108	2.541E-32	123
9XH2_4|Chain	7DKJ_3|Chains	50.700	126	256	189	2.541E-32	123
9XH2_4|Chain	6UKT_5|Chain	57.000	120	256	131	3.464E-32	123
9XH2_4|Chain	6TYS_3|Chains	54.400	112	256	107	6.434E-32	122
9XH2_4|Chain	6U59_4|Chains	54.900	119	256	119	8.769E-32	121
9XH2_4|Chain	6OZC_3|Chains	49.100	112	256	213	8.769E-32	121
9XH2_4|Chain	6NQD_4|Chains	53.500	112	256	215	8.769E-32	121
9XH2_4|Chain	8DZI_2|Chains	49.500	121	256	118	1.195E-31	121
9XH2_4|Chain	7RA8_2|Chains	49.500	123	256	126	1.195E-31	121
9XH2_4|Chain	7JHH_5|Chain	53.000	113	256	215	2.219E-31	120
9XH2_4|Chain	6OPQ_2|Chains	50.800	112	256	214	7.648E-31	119
9XH2_4|Chain	6OPO_2|Chains	50.800	112	256	214	7.648E-31	119
9XH2_4|Chain	6X5B_3|Chains	50.800	112	256	214	7.648E-31	119
9XH2_4|Chain	6OPP_1|Chains	50.800	112	256	214	7.648E-31	119
9XH2_4|Chain	6U59_3|Chains	53.400	112	256	112	2.634E-30	117
9XH2_4|Chain	7MFG_4|Chains	50.800	112	256	108	9.064E-30	115
9XH2_4|Chain	7M74_5|Chain	52.200	109	256	211	9.064E-30	115
9XH2_4|Chain	6V4N_3|Chains	50.800	112	256	214	9.064E-30	115
9XH2_4|Chain	7PC2_2|Chains	51.300	112	256	215	1.681E-29	115
9XH2_4|Chain	7LUC_4|Chains	43.900	129	256	129	1.985E-28	111
9XH2_4|Chain	7UCG_2|Chains	45.900	122	256	234	3.678E-28	111
9XH2_4|Chain	6VO1_3|Chains	46.200	120	256	118	1.262E-27	109
9XH2_4|Chain	7LL1_4|Chains	44.100	111	256	214	1.262E-27	109
9XH2_4|Chain	7LG6_3|Chains	44.100	111	256	214	1.262E-27	109
9XH2_4|Chain	6DFH_3|Chains	47.300	129	256	233	8.003E-27	107
9XH2_4|Chain	7U9G_3|Chains	47.600	122	256	265	8.003E-27	107
9XH2_4|Chain	7UDS_2|Chains	50.400	111	256	209	2.014E-26	106
9XH2_4|Chain	7LL2_4|Chains	47.400	112	256	217	5.065E-26	104
9XH2_4|Chain	7LG6_6|Chains	45.900	121	256	225	1.273E-25	103
9XH2_4|Chain	7WEC_1|Chains	45.000	122	256	123	1.731E-25	103
9XH2_4|Chain	6OPO_5|Chains	42.100	127	256	229	4.348E-25	102
9XH2_4|Chain	6OPQ_5|Chains	42.100	127	256	229	4.348E-25	102
9XH2_4|Chain	6X5B_5|Chains	42.100	127	256	229	4.348E-25	102
9XH2_4|Chain	6OPP_5|Chains	42.100	127	256	229	4.348E-25	102
9XH2_4|Chain	7UCG_5|Chains	41.400	131	256	243	8.032E-25	101
9XH2_4|Chain	6V4N_2|Chains	43.200	124	256	244	1.720E-23	97
9XH2_4|Chain	7U9G_2|Chains	47.800	113	256	217	4.307E-23	96
9XH2_4|Chain	7LL1_3|Chains	37.300	126	256	229	4.307E-23	96
9XH2_4|Chain	7LG6_2|Chains	37.300	126	256	231	4.307E-23	96
9XH2_4|Chain	7PC2_5|Chains	39.500	122	256	226	5.848E-23	95
9XH2_4|Chain	6XEY_3|Chains	49.400	96	256	110	1.463E-22	94
9XH2_4|Chain	6DFH_4|Chains	46.700	104	256	214	2.279E-21	91
9XH2_4|Chain	6VTT_3|Chain	45.400	107	256	217	5.684E-21	89
9XH2_4|Chain	7LL2_3|Chains	38.500	121	256	225	3.526E-20	87
9XH2_4|Chain	6XDG_5|Chain	44.100	110	256	216	4.778E-20	87
9XH2_4|Chain	7PC2_6|Chains	42.800	112	256	206	6.474E-20	86
9XH2_4|Chain	7RA8_3|Chains	49.100	108	256	113	8.771E-20	86
9XH2_4|Chain	7UCG_3|Chains	46.000	100	256	205	1.113E-17	79
9XH2_4|Chain	7UCG_6|Chains	39.200	102	256	216	4.947E-14	68
9XH2_4|Chain	6NQD_3|Chains	32.500	130	256	244	3.967E-13	66
9XH2_4|Chain	7FJE_5|Chain	33.000	109	256	272	8.697E-05	40
9XH2_4|Chain	7FJE_6|Chain	29.300	109	256	312	2.047E-04	38
9XH2_4|Chain	7L7B_5|Chain	46.600	15	256	390	1.690E+01	23
9XH2_4|Chain	6VW0_5|Chain	46.600	15	256	531	1.690E+01	23
9XH2_4|Chain	6EE8_5|Chain	46.600	15	256	531	1.690E+01	23
9XH2_4|Chain	6EEC_5|Chain	46.600	15	256	531	1.690E+01	23
9XH2_4|Chain	6VVX_5|Chain	46.600	15	256	531	1.690E+01	23
9XH2_4|Chain	6VVY_5|Chain	46.600	15	256	531	1.690E+01	23
9XH2_4|Chain	6VVZ_5|Chain	46.600	15	256	531	1.690E+01	23
9XH2_4|Chain	7MKD_5|Chain	46.600	15	256	613	1.690E+01	23
9XH2_4|Chain	7MKI_6|Chain	46.600	15	256	613	1.690E+01	23
9XH2_4|Chain	7MKJ_5|Chain	46.600	15	256	613	1.690E+01	23
9XH2_4|Chain	7MKE_5|Chain	46.600	15	256	613	1.690E+01	23
9XH2_4|Chain	7SZJ_5|Chain	46.600	15	256	613	1.690E+01	23
9XH2_4|Chain	7D0I_1|Chains	81.800	11	256	710	1.690E+01	23
9XH2_4|Chain	6X29_1|Chains	100.000	11	256	1273	9.140E+01	20
9XH2_4|Chain	7UB6_1|Chains	100.000	11	256	1285	9.140E+01	20
9XH2_4|Chain	8DZI_1|Chains	100.000	11	256	1285	9.140E+01	20
9XH2_4|Chain	7TPH_1|Chains	100.000	11	256	1286	9.140E+01	20
9XH2_4|Chain	7TP7_1|Chains	100.000	11	256	1286	9.140E+01	20
9XH2_4|Chain	7KE7_1|Chains	100.000	11	256	1288	9.140E+01	20
9XH2_4|Chain	7KEC_1|Chains	100.000	11	256	1288	9.140E+01	20
9XH2_4|Chain	7KEA_1|Chains	100.000	11	256	1288	9.140E+01	20
9XH2_4|Chain	6VSB_1|Chains	100.000	11	256	1288	9.140E+01	20
9XH2_4|Chain	7KE9_1|Chains	100.000	11	256	1288	9.140E+01	20
9XH2_4|Chain	7RA8_1|Chains	100.000	11	256	1288	9.140E+01	20
9XH2_4|Chain	7KDH_1|Chains	100.000	11	256	1288	9.140E+01	20
9XH2_4|Chain	7KKL_1|Chains	100.000	11	256	1288	9.140E+01	20
9XH2_4|Chain	6XKL_1|Chains	100.000	11	256	1288	9.140E+01	20
9XH2_4|Chain	7KEB_1|Chains	100.000	11	256	1288	9.140E+01	20
9XH2_4|Chain	6XEY_1|Chains	100.000	11	256	1288	9.140E+01	20
9XH2_4|Chain	7LYL_1|Chains	100.000	11	256	1288	9.140E+01	20
9XH2_4|Chain	8CSA_1|Chains	100.000	11	256	1288	9.140E+01	20
9XH2_4|Chain	6ZP5_1|Chains	100.000	11	256	1288	9.140E+01	20
9XH2_4|Chain	7MY3_1|Chains	100.000	11	256	1288	9.140E+01	20
9XH2_4|Chain	7LYM_1|Chains	100.000	11	256	1288	9.140E+01	20
9XH2_4|Chain	7KDJ_1|Chains	100.000	11	256	1288	9.140E+01	20
9ROL_2|Chain	6J5W_1|Chain	45.000	20	319	351	1.267E+01	23
9ROL_2|Chain	7L7I_2|Chains	25.300	67	319	732	1.267E+01	23
9ROL_2|Chain	6D05_3|Chains	18.700	32	319	820	2.931E+01	22
9ROL_2|Chain	6D04_3|Chains	18.700	32	319	820	2.931E+01	22
9ROL_2|Chain	7USD_1|Chain	32.100	28	319	1253	2.931E+01	22
9ROL_2|Chain	7OTP_1|Chain	29.700	37	319	4148	2.931E+01	22
9ROL_2|Chain	7OTW_1|Chain	29.700	37	319	4148	2.931E+01	22
9ROL_2|Chain	7OTM_1|Chain	29.700	37	319	4148	2.931E+01	22
9ROL_2|Chain	6ZH6_1|Chain	29.700	37	319	4156	2.931E+01	22
9ROL_2|Chain	6ZFP_1|Chain	29.700	37	319	4156	2.931E+01	22
9ROL_2|Chain	6ZH2_1|Chain	29.700	37	319	4156	2.931E+01	22
9ROL_2|Chain	6ZH4_1|Chain	29.700	37	319	4156	2.931E+01	22
9ROL_2|Chain	6TYS_1|Chains	45.400	22	319	538	3.876E+01	22
9ROL_2|Chain	6D05_1|Chains	31.700	41	319	659	3.876E+01	22
9ROL_2|Chain	6D04_1|Chains	31.700	41	319	659	3.876E+01	22
9ROL_2|Chain	7KDT_1|Chain	66.600	12	319	500	5.126E+01	21
9ROL_2|Chain	6SXA_1|Chain	36.300	33	319	916	6.779E+01	21
9ROL_2|Chain	6VO1_3|Chains	50.000	18	319	118	8.964E+01	21
9ROL_2|Chain	7OCF_1|Chains	29.700	37	319	915	8.964E+01	21
9YSK_1|Chains	7UB6_1|Chains	96.000	1285	1283	1285	0.000E+00	2510
9YSK_1|Chains	8DZI_1|Chains	95.300	1285	1283	1285	0.000E+00	2500
9YSK_1|Chains	7RA8_1|Chains	94.400	1288	1283	1288	0.000E+00	2468
9YSK_1|Chains	6XKL_1|Chains	94.400	1288	1283	1288	0.000E+00	2468
9YSK_1|Chains	7MY3_1|Chains	94.400	1288	1283	1288	0.000E+00	2468
9YSK_1|Chains	8CSA_1|Chains	94.200	1288	1283	1288	0.000E+00	2457
9YSK_1|Chains	6VSB_1|Chains	94.100	1288	1283	1288	0.000E+00	2454
9YSK_1|Chains	7KKL_1|Chains	94.100	1288	1283	1288	0.000E+00	2454
9YSK_1|Chains	6XEY_1|Chains	94.100	1288	1283	1288	0.000E+00	2454
9YSK_1|Chains	6ZP5_1|Chains	94.100	1288	1283	1288	0.000E+00	2454
9YSK_1|Chains	7TPH_1|Chains	94.100	1286	1283	1286	0.000E+00	2452
9YSK_1|Chains	7TP7_1|Chains	94.100	1286	1283	1286	0.000E+00	2452
9YSK_1|Chains	7KE7_1|Chains	94.000	1288	1283	1288	0.000E+00	2450
9YSK_1|Chains	7KEC_1|Chains	94.000	1288	1283	1288	0.000E+00	2450
9YSK_1|Chains	7KEA_1|Chains	94.000	1288	1283	1288	0.000E+00	2450
9YSK_1|Chains	7KE9_1|Chains	94.000	1288	1283	1288	0.000E+00	2450
9YSK_1|Chains	7KEB_1|Chains	94.000	1288	1283	1288	0.000E+00	2450
9YSK_1|Chains	7KDH_1|Chains	93.900	1288	1283	1288	0.000E+00	2447
9YSK_1|Chains	7LYL_1|Chains	93.800	1288	1283	1288	0.000E+00	2445
9YSK_1|Chains	7LYM_1|Chains	93.800	1288	1283	1288	0.000E+00	2445
9YSK_1|Chains	7KDJ_1|Chains	93.700	1288	1283	1288	0.000E+00	2441
9YSK_1|Chains	6X29_1|Chains	94.100	1272	1283	1273	0.000E+00	2428
9YSK_1|Chains	7YQT_1|Chains	95.900	1205	1283	1270	0.000E+00	2353
9YSK_1|Chains	7EB0_1|Chains	91.300	1283	1283	1283	0.000E+00	2347
9YSK_1|Chains	7WS5_1|Chains	95.000	1205	1283	1205	0.000E+00	2330
9YSK_1|Chains	7CN4_1|Chains	90.300	1267	1283	1267	0.000E+00	2328
9YSK_1|Chains	6ZGF_1|Chains	91.100	1252	1283	1283	0.000E+00	2319
9YSK_1|Chains	7XO5_1|Chains	94.700	1205	1283	1205	0.000E+00	2316
9YSK_1|Chains	6ZOY_1|Chains	91.300	1244	1283	1247	0.000E+00	2312
9YSK_1|Chains	6ZOZ_1|Chains	91.300	1244	1283	1247	0.000E+00	2312
9YSK_1|Chains	6ZP0_1|Chains	91.300	1244	1283	1247	0.000E+00	2311
9YSK_1|Chains	7N1U_1|Chains	88.700	1305	1283	1305	0.000E+00	2310
9YSK_1|Chains	7SBL_1|Chains	88.500	1308	1283	1308	0.000E+00	2309
9YSK_1|Chains	7SBK_1|Chains	88.500	1308	1283	1308	0.000E+00	2309
9YSK_1|Chains	7KRS_1|Chains	88.300	1310	1283	1310	0.000E+00	2307
9YSK_1|Chains	7SBS_1|Chains	88.300	1310	1283	1310	0.000E+00	2305
9YSK_1|Chains	7WEC_3|Chains	94.200	1205	1283	1270	0.000E+00	2302
9YSK_1|Chains	7SBP_1|Chains	88.100	1310	1283	1310	0.000E+00	2301
9YSK_1|Chains	7N1T_1|Chains	88.400	1305	1283	1305	0.000E+00	2293
9YSK_1|Chains	7N1Q_1|Chains	88.400	1305	1283	1305	0.000E+00	2293
9YSK_1|Chains	7TLB_1|Chains	93.500	1208	1283	1208	0.000E+00	2278
9YSK_1|Chains	7TLA_1|Chains	93.500	1208	1283	1208	0.000E+00	2278
9YSK_1|Chains	7JJI_1|Chains	93.400	1208	1283	1273	0.000E+00	2278
9YSK_1|Chains	8CYJ_5|Chain	93.400	1208	1283	1273	0.000E+00	2277
9YSK_1|Chains	7E7D_1|Chains	93.300	1208	1283	1520	0.000E+00	2270
9YSK_1|Chains	7Y42_1|Chains	93.600	1121	1283	1121	0.000E+00	2132
9YSK_1|Chains	7XU4_1|Chains	92.800	1124	1283	1127	0.000E+00	2122
9YSK_1|Chains	7XU5_1|Chains	92.800	1124	1283	1127	0.000E+00	2122
9YSK_1|Chains	7XU2_1|Chains	92.700	1124	1283	1127	0.000E+00	2119
9YSK_1|Chains	7X27_1|Chains	32.400	972	1283	1212	1.695E-132	454
9YSK_1|Chains	6XDG_1|Chain	86.500	223	1283	251	7.360E-119	412
9YSK_1|Chains	7WSF_2|Chain	69.700	182	1283	190	2.247E-76	278
9YSK_1|Chains	7DKJ_1|Chains	73.500	53	1283	599	1.807E-17	85
9YSK_1|Chains	7MFG_2|Chains	76.500	47	1283	222	7.697E-15	76
9YSK_1|Chains	7LUC_1|Chains	62.900	61	1283	527	7.697E-15	76
9YSK_1|Chains	6SP2_1|Chains	74.500	55	1283	513	2.091E-13	71
9YSK_1|Chains	8AG6_2|Chain	80.900	41	1283	1414	6.284E-13	70
9YSK_1|Chains	6NQD_2|Chains	93.500	31	1283	184	6.098E-10	60
9YSK_1|Chains	7L7B_2|Chain	96.500	29	1283	1266	2.413E-09	58
9YSK_1|Chains	7UDS_4|Chains	83.800	31	1283	206	1.257E-08	55
9YSK_1|Chains	7U9G_3|Chains	83.800	31	1283	265	1.257E-08	55
9YSK_1|Chains	6R6B_2|Chain	86.600	30	1283	295	1.257E-08	55
9YSK_1|Chains	6S3R_2|Chain	86.600	30	1283	300	1.257E-08	55
9YSK_1|Chains	6R69_2|Chain	86.600	30	1283	303	1.257E-08	55
9YSK_1|Chains	6Y5A_1|Chains	86.600	30	1283	538	1.257E-08	55
9YSK_1|Chains	6Y5B_1|Chains	86.600	30	1283	538	1.257E-08	55
9YSK_1|Chains	6Y59_1|Chains	86.600	30	1283	538	1.257E-08	55
9YSK_1|Chains	7WKS_1|Chains	86.200	29	1283	680	1.494E-07	52
9YSK_1|Chains	7UWL_3|Chains	43.500	39	1283	319	8.942E-03	36
9YSK_1|Chains	8E4N_1|Chains	50.000	34	1283	1135	1.177E-02	36
9YSK_1|Chains	8E4M_1|Chains	50.000	34	1283	1135	1.177E-02	36
9YSK_1|Chains	8E4L_1|Chains	50.000	34	1283	1135	1.177E-02	36
9YSK_1|Chains	6NR3_1|Chains	65.300	26	1283	1135	2.040E-02	35
9YSK_1|Chains	7UWL_2|Chains	53.100	32	1283	305	4.655E-02	34
9YSK_1|Chains	7UWL_1|Chains	48.400	33	1283	188	5.528E-01	30
9YSK_1|Chains	6VAK_1|Chains	100.000	11	1283	334	1.261E+00	29
9YSK_1|Chains	7STB_1|Chain	84.600	13	1283	696	2.877E+00	28
9YSK_1|Chains	6BWD_1|Chains	29.800	67	1283	955	2.877E+00	28
9YSK_1|Chains	7PCH_3|Chains	100.000	10	1283	372	3.787E+00	27
9YSK_1|Chains	7U65_1|Chains	27.300	83	1283	505	4.986E+00	27
9YSK_1|Chains	7U66_1|Chains	27.300	83	1283	505	4.986E+00	27
9YSK_1|Chains	7U67_1|Chains	27.300	83	1283	505	4.986E+00	27
9YSK_1|Chains	7USD_1|Chain	22.500	98	1283	1253	4.986E+00	27
9YSK_1|Chains	6VD7_1|Chains	90.000	10	1283	344	8.640E+00	26
9YSK_1|Chains	7LZJ_1|Chains	23.000	169	1283	907	8.640E+00	26
9YSK_1|Chains	7SZ0_1|Chains	34.600	52	1283	1210	8.640E+00	26
9YSK_1|Chains	6SYT_1|Chain	36.200	58	1283	3712	8.640E+00	26
9YSK_1|Chains	6QXF_2|Chains	90.000	10	1283	302	1.137E+01	26
9YSK_1|Chains	7A7A_1|Chains	44.700	38	1283	740	1.137E+01	26
9YSK_1|Chains	7AG8_1|Chains	44.700	38	1283	740	1.137E+01	26
9YSK_1|Chains	6FAY_1|Chain	19.700	217	1283	1876	1.971E+01	25
9YSK_1|Chains	7R06_1|Chains	20.200	140	1283	601	2.595E+01	25
9YSK_1|Chains	7Z0Z_1|Chains	20.200	140	1283	601	2.595E+01	25
9YSK_1|Chains	7WGR_1|Chains	24.000	140	1283	895	2.595E+01	25
9YSK_1|Chains	7OTP_1|Chain	20.600	188	1283	4148	2.595E+01	25
9YSK_1|Chains	7OTW_1|Chain	20.600	188	1283	4148	2.595E+01	25
9YSK_1|Chains	7OTM_1|Chain	20.600	188	1283	4148	2.595E+01	25
9YSK_1|Chains	6ZH6_1|Chain	20.600	188	1283	4156	2.595E+01	25
9YSK_1|Chains	6ZFP_1|Chain	20.600	188	1283	4156	2.595E+01	25
9YSK_1|Chains	6ZH2_1|Chain	20.600	188	1283	4156	2.595E+01	25
9YSK_1|Chains	6ZH4_1|Chain	20.600	188	1283	4156	2.595E+01	25
9YSK_1|Chains	7U9G_1|Chains	20.400	111	1283	439	4.496E+01	24
9YSK_1|Chains	7STB_7|Chain	100.000	9	1283	646	4.496E+01	24
9YSK_1|Chains	6D05_3|Chains	26.900	52	1283	820	4.496E+01	24
9YSK_1|Chains	6D04_3|Chains	26.900	52	1283	820	4.496E+01	24
9YSK_1|Chains	7W84_1|Chain	25.900	81	1283	1131	4.496E+01	24
9YSK_1|Chains	6L42_1|Chain	24.500	99	1283	2109	4.496E+01	24
9YSK_1|Chains	7TFI_4|Chain	32.600	49	1283	353	5.919E+01	23
9YSK_1|Chains	8DR4_4|Chain	32.600	49	1283	353	5.919E+01	23
9YSK_1|Chains	8DR6_4|Chain	32.600	49	1283	353	5.919E+01	23
9YSK_1|Chains	7STB_4|Chain	32.600	49	1283	353	5.919E+01	23
9YSK_1|Chains	7L1Q_2|Chains	100.000	8	1283	484	5.919E+01	23
9YSK_1|Chains	7L1S_2|Chains	100.000	8	1283	484	5.919E+01	23
9YSK_1|Chains	7L1R_2|Chains	100.000	8	1283	484	5.919E+01	23
9YSK_1|Chains	7MSX_1|Chain	28.400	84	1283	638	5.919E+01	23
9YSK_1|Chains	6DBU_1|Chains	35.000	40	1283	1159	5.919E+01	23
9YSK_1|Chains	6VVY_3|Chain	100.000	8	1283	1326	5.919E+01	23
9YSK_1|Chains	6VW0_3|Chain	100.000	8	1283	1326	5.919E+01	23
9YSK_1|Chains	6EEC_3|Chain	100.000	8	1283	1326	5.919E+01	23
9YSK_1|Chains	6EE8_3|Chain	100.000	8	1283	1326	5.919E+01	23
9YSK_1|Chains	6VVX_3|Chain	100.000	8	1283	1326	5.919E+01	23
9YSK_1|Chains	6VVZ_3|Chain	100.000	8	1283	1326	5.919E+01	23
9YSK_1|Chains	7MKP_2|Chain	27.500	116	1283	1340	5.919E+01	23
9YSK_1|Chains	7MKD_2|Chain	27.500	116	1283	1342	5.919E+01	23
9YSK_1|Chains	7SZJ_2|Chain	27.500	116	1283	1342	5.919E+01	23
9YSK_1|Chains	7MKI_3|Chain	27.500	116	1283	1342	5.919E+01	23
9YSK_1|Chains	7MKJ_2|Chain	27.500	116	1283	1342	5.919E+01	23
9YSK_1|Chains	6OMF_2|Chain	27.500	116	1283	1342	5.919E+01	23
9YSK_1|Chains	7MKE_2|Chain	27.500	116	1283	1342	5.919E+01	23
9YSK_1|Chains	6LZ1_1|Chains	36.600	30	1283	1133	7.792E+01	23
9YSK_1|Chains	7KVF_1|Chain	26.200	94	1283	2196	7.792E+01	23
9YSK_1|Chains	7KVE_1|Chain	26.200	94	1283	2196	7.792E+01	23
9ROL_1|Chain	7P1H_2|Chain	37.800	37	1013	372	1.166E+01	25
9ROL_1|Chain	7NZM_3|Chain	37.800	37	1013	375	1.166E+01	25
9ROL_1|Chain	6VXK_2|Chains	21.100	52	1013	1545	3.505E+01	24
9ROL_1|Chain	7OTP_1|Chain	36.100	36	1013	4148	3.505E+01	24
9ROL_1|Chain	7OTW_1|Chain	36.100	36	1013	4148	3.505E+01	24
9ROL_1|Chain	7OTM_1|Chain	36.100	36	1013	4148	3.505E+01	24
9ROL_1|Chain	6ZH6_1|Chain	36.100	36	1013	4156	3.505E+01	24
9ROL_1|Chain	6ZFP_1|Chain	36.100	36	1013	4156	3.505E+01	24
9ROL_1|Chain	6ZH2_1|Chain	36.100	36	1013	4156	3.505E+01	24
9ROL_1|Chain	6ZH4_1|Chain	36.100	36	1013	4156	3.505E+01	24
9ROL_1|Chain	7L1Q_2|Chains	31.100	45	1013	484	4.616E+01	23
9ROL_1|Chain	7L1S_2|Chains	31.100	45	1013	484	4.616E+01	23
9ROL_1|Chain	7L1R_2|Chains	31.100	45	1013	484	4.616E+01	23
9ROL_1|Chain	7D0I_1|Chains	23.400	158	1013	710	4.616E+01	23
9ROL_1|Chain	7SK2_1|Chain	28.300	67	1013	578	6.079E+01	23
9ROL_1|Chain	6L42_1|Chain	21.900	128	1013	2109	6.079E+01	23
9ROL_1|Chain	6KQ4_1|Chains	71.400	14	1013	333	8.005E+01	23
9ROL_1|Chain	6KPK_1|Chains	71.400	14	1013	333	8.005E+01	23
9ROL_1|Chain	6KQJ_1|Chains	71.400	14	1013	333	8.005E+01	23
9ROL_1|Chain	6KQ8_1|Chains	71.400	14	1013	333	8.005E+01	23
9ROL_1|Chain	6KPJ_1|Chains	71.400	14	1013	333	8.005E+01	23
9ROL_1|Chain	6KPI_1|Chains	71.400	14	1013	333	8.005E+01	23
9ROL_1|Chain	6KPA_1|Chains	71.400	14	1013	333	8.005E+01	23
9ROL_1|Chain	6JCW_1|Chains	71.400	14	1013	333	8.005E+01	23
9ROL_1|Chain	6KOU_1|Chains	71.400	14	1013	333	8.005E+01	23
9ROL_1|Chain	6JCV_1|Chains	71.400	14	1013	333	8.005E+01	23
9ROL_1|Chain	7L1Q_1|Chains	31.100	93	1013	510	8.005E+01	23
9ROL_1|Chain	7L1S_1|Chains	31.100	93	1013	510	8.005E+01	23
9ROL_1|Chain	7L1R_1|Chains	31.100	93	1013	510	8.005E+01	23
9ROL_1|Chain	7VF2_1|Chain	31.400	50	1013	1812	8.005E+01	23
9OI3_4|Chains	6OZC_3|Chains	82.400	114	114	213	1.194E-59	195
9OI3_4|Chains	7JHH_5|Chain	82.400	114	114	215	1.876E-57	188
9OI3_4|Chains	6XDG_2|Chain	78.900	114	114	214	1.715E-56	186
9OI3_4|Chains	7M74_5|Chain	82.100	112	114	211	4.426E-56	184
9OI3_4|Chains	6PZZ_2|Chains	79.800	114	114	214	4.044E-55	182
9OI3_4|Chains	7WS5_2|Chains	83.300	108	114	108	2.695E-54	179
9OI3_4|Chains	7UDS_2|Chains	79.600	113	114	209	1.795E-53	177
9OI3_4|Chains	7LL2_4|Chains	77.900	117	114	217	3.378E-53	176
9OI3_4|Chains	6V4N_3|Chains	75.400	114	114	214	2.251E-52	174
9OI3_4|Chains	6NQD_4|Chains	71.300	115	114	215	3.088E-52	173
9OI3_4|Chains	6VO1_4|Chains	77.500	107	114	107	2.822E-51	171
9OI3_4|Chains	6OPQ_2|Chains	71.500	116	114	214	2.822E-51	171
9OI3_4|Chains	6OPO_2|Chains	71.500	116	114	214	2.822E-51	171
9OI3_4|Chains	6X5B_3|Chains	71.500	116	114	214	2.822E-51	171
9OI3_4|Chains	6OPP_1|Chains	71.500	116	114	214	2.822E-51	171
9OI3_4|Chains	7LUC_5|Chains	73.800	107	114	107	1.253E-49	166
9OI3_4|Chains	7LG6_5|Chains	69.000	113	114	214	8.350E-49	164
9OI3_4|Chains	8DZI_3|Chains	69.700	109	114	109	9.573E-47	158
9OI3_4|Chains	6TYS_3|Chains	69.100	107	114	107	6.380E-46	155
9OI3_4|Chains	7PC2_2|Chains	66.000	115	114	215	2.260E-45	154
9OI3_4|Chains	7WEC_2|Chains	65.400	107	114	107	2.370E-42	145
9OI3_4|Chains	7MFG_4|Chains	63.800	108	114	108	3.251E-42	145
9OI3_4|Chains	7DKJ_3|Chains	65.400	107	114	189	6.118E-42	144
9OI3_4|Chains	7LL1_4|Chains	61.000	113	114	214	2.973E-41	142
9OI3_4|Chains	7LG6_3|Chains	61.000	113	114	214	2.973E-41	142
9OI3_4|Chains	7L5J_2|Chains	59.200	113	114	211	3.729E-40	139
9OI3_4|Chains	7PC2_6|Chains	63.100	114	114	206	6.419E-39	135
9OI3_4|Chains	6U59_3|Chains	58.400	112	114	112	4.491E-35	124
9OI3_4|Chains	7LUC_3|Chains	46.400	112	114	112	1.527E-30	111
9OI3_4|Chains	7U9G_2|Chains	51.300	114	114	217	5.677E-27	101
9OI3_4|Chains	6DFH_4|Chains	46.900	114	114	214	3.460E-25	96
9OI3_4|Chains	6XEY_3|Chains	47.600	106	114	110	1.681E-24	94
9OI3_4|Chains	6XDG_5|Chain	45.500	112	114	216	1.120E-23	91
9OI3_4|Chains	7WVF_4|Chain	46.100	103	114	261	2.108E-23	91
9OI3_4|Chains	6VTT_3|Chain	45.200	105	114	217	1.024E-22	89
9OI3_4|Chains	7RA8_3|Chains	48.100	109	114	113	1.404E-22	88
9OI3_4|Chains	7UCG_3|Chains	43.500	107	114	205	6.232E-21	83
9OI3_4|Chains	7UCG_6|Chains	39.600	111	114	216	3.459E-18	76
9OI3_4|Chains	7FJE_5|Chain	36.200	113	114	272	1.440E-12	59
9OI3_4|Chains	6UKT_5|Chain	31.400	105	114	131	1.465E-09	51
9OI3_4|Chains	6UKT_3|Chain	32.300	98	114	124	1.320E-08	48
9OI3_4|Chains	8CYJ_4|Chain	32.400	111	114	127	1.320E-08	48
9OI3_4|Chains	6UKT_4|Chain	31.400	108	114	134	1.807E-08	48
9OI3_4|Chains	7KKL_2|Chains	33.000	103	114	125	8.666E-08	46
9OI3_4|Chains	7FJE_6|Chain	29.700	110	114	312	1.186E-07	45
9OI3_4|Chains	7M74_7|Chain	31.400	105	114	120	4.149E-07	44
9OI3_4|Chains	7JHH_7|Chain	31.400	105	114	159	4.149E-07	44
9OI3_4|Chains	6UKT_6|Chain	31.400	108	114	134	1.061E-06	42
9OI3_4|Chains	8CYJ_2|Chain	28.400	109	114	125	3.701E-06	41
9OI3_4|Chains	7MFG_3|Chains	31.700	104	114	120	6.909E-06	40
9OI3_4|Chains	6U59_4|Chains	29.900	103	114	119	6.114E-05	37
9OI3_4|Chains	7M74_6|Chain	30.300	89	114	228	2.118E-04	36
9OI3_4|Chains	7JHH_6|Chain	30.300	89	114	237	2.118E-04	36
9OI3_4|Chains	8CYJ_3|Chain	31.900	93	114	128	2.888E-04	35
9OI3_4|Chains	7DKJ_2|Chains	30.200	86	114	203	3.938E-04	35
9OI3_4|Chains	6PZZ_3|Chains	28.500	105	114	224	3.938E-04	35
9OI3_4|Chains	7LL2_3|Chains	24.200	105	114	225	5.368E-04	34
9OI3_4|Chains	6XEY_2|Chains	25.400	106	114	122	7.315E-04	34
9OI3_4|Chains	7MY3_2|Chains	30.200	86	114	127	7.315E-04	34
9OI3_4|Chains	7UDS_1|Chains	29.300	105	114	226	9.967E-04	34
9OI3_4|Chains	7UCG_5|Chains	27.500	80	114	243	9.967E-04	34
9OI3_4|Chains	7PC2_1|Chains	29.200	82	114	240	1.358E-03	33
9OI3_4|Chains	7PC2_5|Chains	26.100	107	114	226	2.517E-03	33
9OI3_4|Chains	6VTT_2|Chain	31.700	82	114	257	2.517E-03	33
9OI3_4|Chains	7RA8_2|Chains	24.500	110	114	126	4.663E-03	32
9OI3_4|Chains	6OPO_4|Chains	33.300	77	114	208	6.344E-03	31
9OI3_4|Chains	6OPQ_4|Chains	33.300	77	114	208	6.344E-03	31
9OI3_4|Chains	6X5B_4|Chains	33.300	77	114	208	6.344E-03	31
9OI3_4|Chains	6OPP_4|Chains	33.300	77	114	208	6.344E-03	31
9OI3_4|Chains	8CYJ_1|Chain	29.300	91	114	127	8.629E-03	31
9OI3_4|Chains	7UCG_2|Chains	23.300	107	114	234	2.167E-02	30
9OI3_4|Chains	7LUC_2|Chains	26.200	75	114	121	2.944E-02	29
9OI3_4|Chains	6ACF_1|Chains	34.600	26	114	367	1.671E+01	21
9OI3_4|Chains	6ACH_1|Chains	34.600	26	114	367	1.671E+01	21
9OI3_4|Chains	7TFI_3|Chain	77.700	9	114	340	2.249E+01	21
9OI3_4|Chains	8DR4_3|Chain	77.700	9	114	340	2.249E+01	21
9OI3_4|Chains	8DR6_3|Chain	77.700	9	114	340	2.249E+01	21
9OI3_4|Chains	7STB_3|Chain	77.700	9	114	340	2.249E+01	21
9OI3_4|Chains	7E7D_1|Chains	25.300	65	114	1520	3.025E+01	20
9OI3_4|Chains	8AT6_1|Chains	42.800	14	114	456	4.066E+01	20
9OI3_4|Chains	7RJE_3|Chains	47.000	17	114	374	7.340E+01	19
9OI3_4|Chains	7E4X_1|Chains	72.700	11	114	436	7.340E+01	19
9Y5R_2|Chains	7VF2_1|Chain	26.600	60	368	1812	8.608E+00	24
9Y5R_2|Chains	8DTI_1|Chains	100.000	9	368	946	2.625E+01	23
9Y5R_2|Chains	6QXF_1|Chains	20.500	39	368	219	3.468E+01	22
9Y5R_2|Chains	8AT6_2|Chains	21.000	76	368	309	3.468E+01	22
9Y5R_2|Chains	7OCF_3|Chains	90.000	10	368	188	4.582E+01	22
9Y5R_2|Chains	6ZOY_1|Chains	60.000	15	368	1247	4.582E+01	22
9Y5R_2|Chains	6ZP0_1|Chains	60.000	15	368	1247	4.582E+01	22
9Y5R_2|Chains	6ZOZ_1|Chains	60.000	15	368	1247	4.582E+01	22
9Y5R_2|Chains	7YHQ_1|Chain	25.700	35	368	757	6.055E+01	21
9Y5R_2|Chains	8B1T_1|Chain	23.600	72	368	1180	6.055E+01	21
9Y5R_2|Chains	7MR0_1|Chain	23.600	72	368	1180	6.055E+01	21
9Y5R_2|Chains	8B1U_1|Chain	23.600	72	368	1180	6.055E+01	21
9Y5R_2|Chains	6T2V_1|Chain	23.600	72	368	1181	6.055E+01	21
9Y5R_2|Chains	6T2U_1|Chain	23.600	72	368	1181	6.055E+01	21
9Y5R_2|Chains	6SJG_1|Chain	23.600	72	368	1181	6.055E+01	21
9Y5R_2|Chains	8AG6_2|Chain	40.700	27	368	1414	6.055E+01	21
9SHN_1|Chains	7RFE_1|Chains	18.700	133	510	504	6.480E-02	32
9SHN_1|Chains	7RFG_1|Chains	18.700	133	510	514	6.480E-02	32
9SHN_1|Chains	7RGQ_1|Chains	18.700	133	510	546	6.480E-02	32
9SHN_1|Chains	6NTS_1|Chain	26.400	114	510	589	2.383E+00	27
9SHN_1|Chains	7SOY_1|Chain	26.400	114	510	589	2.383E+00	27
9SHN_1|Chains	7VF2_1|Chain	28.700	71	510	1812	1.659E+01	24
9SHN_1|Chains	7MFG_1|Chains	42.800	28	510	326	2.887E+01	23
9SHN_1|Chains	6URG_4|Chain	23.700	93	510	782	2.887E+01	23
9SHN_1|Chains	7TFI_3|Chain	47.600	21	510	340	3.809E+01	23
9SHN_1|Chains	8DR4_3|Chain	47.600	21	510	340	3.809E+01	23
9SHN_1|Chains	8DR6_3|Chain	47.600	21	510	340	3.809E+01	23
9SHN_1|Chains	7STB_3|Chain	47.600	21	510	340	3.809E+01	23
9SHN_1|Chains	7UFR_1|Chains	25.000	69	510	1062	3.809E+01	23
9SHN_1|Chains	7UFU_1|Chains	25.000	69	510	1062	3.809E+01	23
9SHN_1|Chains	7P1H_1|Chain	27.100	58	510	827	5.025E+01	22
9SHN_1|Chains	6T2U_3|Chain	29.500	61	510	608	6.630E+01	22
9SHN_1|Chains	8B1T_3|Chain	29.500	61	510	608	6.630E+01	22
9SHN_1|Chains	7MR0_3|Chain	29.500	61	510	608	6.630E+01	22
9SHN_1|Chains	6SJG_3|Chain	29.500	61	510	608	6.630E+01	22
9SHN_1|Chains	8B1U_3|Chain	29.500	61	510	608	6.630E+01	22
9SHN_1|Chains	6T2V_3|Chain	29.500	61	510	608	6.630E+01	22
9SHN_1|Chains	6YRF_1|Chains	28.300	51	510	803	6.630E+01	22
9SHN_1|Chains	7ZYY_1|Chains	40.900	22	510	1143	6.630E+01	22
9SHN_1|Chains	7WTA_1|Chains	37.200	42	510	1178	6.630E+01	22
9XGW_1|Chain	7WS5_3|Chains	82.600	127	127	123	6.580E-64	208
9XGW_1|Chain	6XDG_3|Chain	70.800	127	127	226	1.406E-54	181
9XGW_1|Chain	8CYJ_3|Chain	72.000	128	127	128	2.644E-54	180
9XGW_1|Chain	6XDG_4|Chain	72.600	127	127	225	4.974E-54	179
9XGW_1|Chain	7PC2_1|Chains	64.700	132	127	240	2.519E-50	169
9XGW_1|Chain	6VTT_2|Chain	62.700	145	127	257	1.116E-48	164
9XGW_1|Chain	7M74_6|Chain	66.100	127	127	228	2.880E-48	163
9XGW_1|Chain	7JHH_6|Chain	66.100	127	127	237	2.880E-48	163
9XGW_1|Chain	7UDS_1|Chains	66.100	127	127	226	3.950E-48	162
9XGW_1|Chain	7L5J_3|Chains	63.700	127	127	221	9.304E-47	158
9XGW_1|Chain	6TYS_2|Chains	66.100	127	127	120	2.400E-46	157
9XGW_1|Chain	8CYJ_2|Chain	63.800	126	127	125	1.598E-45	155
9XGW_1|Chain	7KKL_2|Chains	62.900	127	127	125	3.764E-44	151
9XGW_1|Chain	6UKT_6|Chain	65.300	127	127	134	3.764E-44	151
9XGW_1|Chain	8CYJ_4|Chain	59.700	127	127	127	9.710E-44	150
9XGW_1|Chain	6UKT_4|Chain	60.600	127	127	134	4.713E-43	148
9XGW_1|Chain	7JHH_7|Chain	61.400	127	127	159	1.216E-42	147
9XGW_1|Chain	7M74_7|Chain	61.100	126	127	120	4.302E-42	145
9XGW_1|Chain	8CYJ_1|Chain	59.200	127	127	127	5.387E-41	142
9XGW_1|Chain	6PZZ_3|Chains	49.600	127	127	224	2.178E-38	134
9XGW_1|Chain	6OZC_4|Chains	54.700	126	127	224	2.178E-38	134
9XGW_1|Chain	6UKT_3|Chain	59.000	127	127	124	2.987E-38	134
9XGW_1|Chain	7DKJ_2|Chains	55.800	127	127	203	5.619E-38	133
9XGW_1|Chain	6XEY_2|Chains	50.000	127	127	122	2.489E-36	128
9XGW_1|Chain	6UKT_5|Chain	59.000	127	127	131	2.489E-36	128
9XGW_1|Chain	7RA8_2|Chains	47.200	127	127	126	2.271E-35	126
9XGW_1|Chain	7MFG_3|Chains	50.700	127	127	120	3.115E-35	125
9XGW_1|Chain	7MY3_2|Chains	52.700	127	127	127	1.511E-34	123
9XGW_1|Chain	7UCG_2|Chains	46.400	127	127	234	3.557E-33	119
9XGW_1|Chain	7LUC_2|Chains	45.600	127	127	121	4.878E-33	119
9XGW_1|Chain	6OPO_5|Chains	47.200	128	127	229	4.878E-33	119
9XGW_1|Chain	6OPQ_5|Chains	47.200	128	127	229	4.878E-33	119
9XGW_1|Chain	6X5B_5|Chains	47.200	128	127	229	4.878E-33	119
9XGW_1|Chain	6OPP_5|Chains	47.200	128	127	229	4.878E-33	119
9XGW_1|Chain	7U9G_3|Chains	49.600	127	127	265	3.245E-32	117
9XGW_1|Chain	6VO1_3|Chains	46.800	127	127	118	1.148E-31	115
9XGW_1|Chain	6U59_4|Chains	51.500	124	127	119	2.159E-31	114
9XGW_1|Chain	8DZI_2|Chains	45.600	127	127	118	1.436E-30	112
9XGW_1|Chain	7WVF_4|Chain	48.100	127	127	261	1.436E-30	112
9XGW_1|Chain	6DFH_3|Chains	46.300	130	127	233	2.700E-30	111
9XGW_1|Chain	7UCG_5|Chains	46.600	132	127	243	2.700E-30	111
9XGW_1|Chain	6V4N_2|Chains	46.800	127	127	244	5.077E-30	110
9XGW_1|Chain	7LUC_4|Chains	43.600	129	127	129	6.962E-30	110
9XGW_1|Chain	7WEC_1|Chains	44.800	126	127	123	2.462E-29	108
9XGW_1|Chain	7LG6_6|Chains	43.700	127	127	225	5.275E-27	102
9XGW_1|Chain	7PC2_5|Chains	41.200	127	127	226	1.360E-26	100
9XGW_1|Chain	7LL2_3|Chains	41.700	127	127	225	2.329E-25	97
9XGW_1|Chain	7LL1_3|Chains	36.300	127	127	229	2.329E-25	97
9XGW_1|Chain	7LG6_2|Chains	36.300	127	127	231	2.329E-25	97
9XGW_1|Chain	6NQD_3|Chains	36.500	132	127	244	9.633E-20	81
9XGW_1|Chain	7L5J_2|Chains	34.000	88	127	211	1.296E-07	46
9XGW_1|Chain	7WEC_2|Chains	31.700	125	127	107	7.304E-06	40
9XGW_1|Chain	8DZI_3|Chains	30.900	125	127	109	1.355E-05	40
9XGW_1|Chain	7RA8_3|Chains	30.000	112	127	113	1.355E-05	40
9XGW_1|Chain	7UCG_3|Chains	26.300	114	127	205	3.419E-05	38
9XGW_1|Chain	7FJE_6|Chain	25.800	116	127	312	1.593E-04	36
9XGW_1|Chain	6DFH_4|Chains	29.400	114	127	214	2.165E-04	36
9XGW_1|Chain	7U9G_2|Chains	30.300	112	127	217	2.165E-04	36
9XGW_1|Chain	7JHH_5|Chain	30.700	124	127	215	5.432E-04	35
9XGW_1|Chain	7M74_5|Chain	31.800	111	127	211	1.002E-03	34
9XGW_1|Chain	6XEY_3|Chains	31.300	112	127	110	1.360E-03	34
9XGW_1|Chain	6OPQ_2|Chains	32.600	96	127	214	1.360E-03	34
9XGW_1|Chain	6OPO_2|Chains	32.600	96	127	214	1.360E-03	34
9XGW_1|Chain	6X5B_3|Chains	32.600	96	127	214	1.360E-03	34
9XGW_1|Chain	6OPP_1|Chains	32.600	96	127	214	1.360E-03	34
9XGW_1|Chain	7WS5_2|Chains	27.500	124	127	108	1.845E-03	33
9XGW_1|Chain	6XDG_5|Chain	32.500	83	127	216	2.503E-03	33
9XGW_1|Chain	6PZZ_2|Chains	32.500	87	127	214	6.238E-03	32
9XGW_1|Chain	7MFG_4|Chains	27.700	125	127	108	1.145E-02	31
9XGW_1|Chain	6XDG_2|Chain	28.000	124	127	214	1.145E-02	31
9XGW_1|Chain	6U59_3|Chains	27.900	111	127	112	2.098E-02	30
9XGW_1|Chain	6VO1_4|Chains	32.100	82	127	107	2.839E-02	30
9XGW_1|Chain	7LL1_4|Chains	23.800	125	127	214	3.841E-02	29
9XGW_1|Chain	7LG6_3|Chains	23.800	125	127	214	3.841E-02	29
9XGW_1|Chain	7LUC_5|Chains	31.000	95	127	107	1.281E-01	28
9XGW_1|Chain	7UDS_2|Chains	26.000	95	127	209	4.247E-01	26
9XGW_1|Chain	6OMF_5|Chain	35.800	38	127	331	1.398E+00	25
9XGW_1|Chain	6V4N_3|Chains	27.000	92	127	214	1.882E+00	24
9XGW_1|Chain	6VW0_5|Chain	32.500	39	127	531	1.882E+00	24
9XGW_1|Chain	6EE8_5|Chain	32.500	39	127	531	1.882E+00	24
9XGW_1|Chain	6EEC_5|Chain	32.500	39	127	531	1.882E+00	24
9XGW_1|Chain	6VVX_5|Chain	32.500	39	127	531	1.882E+00	24
9XGW_1|Chain	6VVY_5|Chain	32.500	39	127	531	1.882E+00	24
9XGW_1|Chain	6VVZ_5|Chain	32.500	39	127	531	1.882E+00	24
9XGW_1|Chain	7L7B_5|Chain	53.300	15	127	390	2.531E+00	24
9XGW_1|Chain	7MKD_5|Chain	53.300	15	127	613	2.531E+00	24
9XGW_1|Chain	7MKI_6|Chain	53.300	15	127	613	2.531E+00	24
9XGW_1|Chain	7MKJ_5|Chain	53.300	15	127	613	2.531E+00	24
9XGW_1|Chain	7MKE_5|Chain	53.300	15	127	613	2.531E+00	24
9XGW_1|Chain	7SZJ_5|Chain	53.300	15	127	613	2.531E+00	24
9XGW_1|Chain	6D05_1|Chains	24.500	57	127	659	1.487E+01	21
9XGW_1|Chain	6D04_1|Chains	24.500	57	127	659	1.487E+01	21
9XGW_1|Chain	7JK5_1|Chain	35.000	37	127	618	6.432E+01	19
9XGW_1|Chain	7P1H_1|Chain	26.900	51	127	827	6.432E+01	19
9MZE_1|Chain	6UKT_2|Chain	41.300	348	394	323	4.115E-73	248
9MZE_1|Chain	7MGE_4|Chain	29.000	93	394	166	1.764E-04	40
9MZE_1|Chain	7E4X_1|Chains	38.000	38	394	436	3.065E+00	26
9MZE_1|Chain	7PCH_3|Chains	16.700	152	394	372	1.233E+01	24
9MZE_1|Chain	7YYO_1|Chains	75.000	12	394	470	1.233E+01	24
9MZE_1|Chain	7STB_1|Chain	44.800	28	394	696	1.233E+01	24
9MZE_1|Chain	7M2Z_3|Chain	32.200	86	394	823	1.233E+01	24
9MZE_1|Chain	6LVE_1|Chains	40.900	22	394	775	1.629E+01	23
9MZE_1|Chain	7W8J_1|Chains	40.900	22	394	775	1.629E+01	23
9MZE_1|Chain	6LVB_1|Chains	40.900	22	394	775	1.629E+01	23
9MZE_1|Chain	6LVC_1|Chains	40.900	22	394	775	1.629E+01	23
9MZE_1|Chain	6LVD_1|Chains	40.900	22	394	775	1.629E+01	23
9MZE_1|Chain	6D05_3|Chains	27.100	59	394	820	1.629E+01	23
9MZE_1|Chain	6D04_3|Chains	27.100	59	394	820	1.629E+01	23
9MZE_1|Chain	7PTV_1|Chains	30.000	50	394	702	3.753E+01	22
9MZE_1|Chain	6T2V_2|Chain	23.900	46	394	1122	4.957E+01	22
9MZE_1|Chain	6T2U_2|Chain	23.900	46	394	1122	4.957E+01	22
9MZE_1|Chain	8B1T_2|Chain	23.900	46	394	1122	4.957E+01	22
9MZE_1|Chain	7MR0_2|Chain	23.900	46	394	1122	4.957E+01	22
9MZE_1|Chain	6SJG_2|Chain	23.900	46	394	1122	4.957E+01	22
9MZE_1|Chain	8B1U_2|Chain	23.900	46	394	1122	4.957E+01	22
9MZE_1|Chain	7M74_7|Chain	39.200	28	394	120	6.548E+01	21
9MZE_1|Chain	7JHH_7|Chain	39.200	28	394	159	6.548E+01	21
9MZE_1|Chain	7RUA_1|Chains	23.300	75	394	343	6.548E+01	21
9MZE_1|Chain	7RU9_1|Chains	23.300	75	394	343	6.548E+01	21
9MZE_1|Chain	7JK5_3|Chain	50.000	18	394	462	6.548E+01	21
9MZE_1|Chain	8AG6_1|Chain	27.200	33	394	934	6.548E+01	21
9MZE_1|Chain	6DBU_1|Chains	30.700	39	394	1159	8.648E+01	21
9XH2_2|Chain	6URG_2|Chain	24.600	282	345	587	4.377E-18	83
9XH2_2|Chain	6BM0_2|Chain	24.600	282	345	587	4.377E-18	83
9XH2_2|Chain	6BLY_2|Chain	24.600	282	345	587	4.377E-18	83
9XH2_2|Chain	7VGG_1|Chain	23.700	202	345	704	2.639E-13	68
9XH2_2|Chain	7UWF_1|Chains	25.000	193	345	447	2.502E-10	58
9XH2_2|Chain	6UHC_3|Chain	25.600	121	345	372	6.573E-06	44
9XH2_2|Chain	7JPN_3|Chain	25.600	121	345	372	1.154E-05	43
9XH2_2|Chain	7MGE_1|Chain	20.500	198	345	459	2.536E-04	39
9XH2_2|Chain	7Q4W_2|Chains	34.300	61	345	470	1.840E+01	23
9XH2_2|Chain	6Q2O_1|Chains	36.300	22	345	102	2.433E+01	23
9XH2_2|Chain	6SYT_1|Chain	40.600	32	345	3712	2.433E+01	23
9XH2_2|Chain	8AG6_1|Chain	35.000	20	345	934	3.216E+01	22
9XH2_2|Chain	6DRV_1|Chains	33.300	45	345	1024	3.216E+01	22
9XH2_2|Chain	6M0S_5|Chain	88.800	9	345	198	4.251E+01	22
9XH2_2|Chain	6C6L_2|Chain	88.800	9	345	213	4.251E+01	22
9XH2_2|Chain	7OTP_1|Chain	31.000	29	345	4148	5.619E+01	21
9XH2_2|Chain	7OTW_1|Chain	31.000	29	345	4148	5.619E+01	21
9XH2_2|Chain	7OTM_1|Chain	31.000	29	345	4148	5.619E+01	21
9XH2_2|Chain	6ZH6_1|Chain	31.000	29	345	4156	5.619E+01	21
9XH2_2|Chain	6ZFP_1|Chain	31.000	29	345	4156	5.619E+01	21
9XH2_2|Chain	6ZH2_1|Chain	31.000	29	345	4156	5.619E+01	21
9XH2_2|Chain	6ZH4_1|Chain	31.000	29	345	4156	5.619E+01	21
9XH2_2|Chain	7MSX_1|Chain	45.000	20	345	638	7.427E+01	21
9ZBK_5|Chain	7M74_1|Chain	38.500	253	338	484	3.893E-44	161
9ZBK_5|Chain	7JHH_1|Chain	38.500	253	338	484	3.893E-44	161
9ZBK_5|Chain	7MFF_2|Chains	27.600	242	338	766	9.236E-19	85
9ZBK_5|Chain	6UAN_2|Chains	27.600	242	338	768	9.236E-19	85
9ZBK_5|Chain	7SZ0_1|Chains	24.200	205	338	1210	1.622E-07	49
9ZBK_5|Chain	6NTS_2|Chain	34.000	40	338	486	4.444E+00	25
9ZBK_5|Chain	7KVF_1|Chain	39.300	32	338	2196	2.374E+01	23
9ZBK_5|Chain	7KVE_1|Chain	39.300	32	338	2196	2.374E+01	23
9ZBK_5|Chain	7OSI_4|Chain	35.200	51	338	190	3.139E+01	22
9ZBK_5|Chain	7OSG_4|Chain	35.200	51	338	190	3.139E+01	22
9ZBK_5|Chain	7OSJ_4|Chain	35.200	51	338	190	3.139E+01	22
9ZBK_5|Chain	7OSH_4|Chain	35.200	51	338	190	3.139E+01	22
9ZBK_5|Chain	7OSF_4|Chain	35.200	51	338	190	3.139E+01	22
9ZBK_5|Chain	7USD_2|Chain	24.000	48	338	1128	4.150E+01	22
9ZBK_5|Chain	8DZI_2|Chains	36.000	25	338	118	5.486E+01	21
9ZBK_5|Chain	7PV4_1|Chains	52.900	17	338	301	7.252E+01	21
9ZBK_5|Chain	7U5N_1|Chains	66.600	12	338	373	7.252E+01	21
9ZBK_5|Chain	6XFA_1|Chains	52.300	21	338	484	9.587E+01	21
9ZBK_5|Chain	7ZYY_1|Chains	24.500	56	338	1143	9.587E+01	21
9XTI_2|Chains	7D3E_1|Chains	33.000	111	149	1551	3.607E-10	54
9XTI_2|Chains	7D3F_1|Chains	33.000	111	149	1551	3.607E-10	54
9XTI_2|Chains	6OMF_6|Chain	43.700	16	149	136	2.542E+01	21
9XTI_2|Chains	7OTP_1|Chain	41.000	38	149	4148	2.542E+01	21
9XTI_2|Chains	7OTW_1|Chain	41.000	38	149	4148	2.542E+01	21
9XTI_2|Chains	7OTM_1|Chain	41.000	38	149	4148	2.542E+01	21
9XTI_2|Chains	6ZH6_1|Chain	41.000	38	149	4156	2.542E+01	21
9XTI_2|Chains	6ZFP_1|Chain	41.000	38	149	4156	2.542E+01	21
9XTI_2|Chains	6ZH2_1|Chain	41.000	38	149	4156	2.542E+01	21
9XTI_2|Chains	6ZH4_1|Chain	41.000	38	149	4156	2.542E+01	21
9XTI_2|Chains	8D45_1|Chains	26.300	72	149	406	6.048E+01	20
22ZO_1|Chain	6KLX_1|Chains	46.000	482	750	666	3.391E-116	389
22ZO_1|Chain	6YRF_1|Chains	25.200	102	750	803	1.768E-01	31
22ZO_1|Chain	7TFI_1|Chain	31.900	47	750	861	3.681E+00	27
22ZO_1|Chain	8DR4_1|Chain	31.900	47	750	918	3.681E+00	27
22ZO_1|Chain	8DR6_1|Chain	31.900	47	750	918	3.681E+00	27
22ZO_1|Chain	8CRS_2|Chains	22.000	86	750	522	6.392E+00	26
22ZO_1|Chain	8ENO_2|Chains	22.000	86	750	522	6.392E+00	26
22ZO_1|Chain	8ENN_2|Chains	22.000	86	750	522	6.392E+00	26
22ZO_1|Chain	8ENM_2|Chains	22.000	86	750	523	6.392E+00	26
22ZO_1|Chain	7JK5_2|Chain	28.800	56	750	721	1.110E+01	25
22ZO_1|Chain	6D05_3|Chains	20.900	158	750	820	1.110E+01	25
22ZO_1|Chain	6D04_3|Chains	20.900	158	750	820	1.110E+01	25
22ZO_1|Chain	6V0C_1|Chains	25.600	168	750	832	1.463E+01	25
22ZO_1|Chain	6V0D_1|Chains	25.600	168	750	832	1.463E+01	25
22ZO_1|Chain	7T8T_1|Chain	24.100	111	750	1196	2.540E+01	24
22ZO_1|Chain	8FEI_1|Chain	40.000	25	750	705	4.410E+01	23
22ZO_1|Chain	7R06_1|Chains	27.100	70	750	601	5.811E+01	23
22ZO_1|Chain	7Z0Z_1|Chains	27.100	70	750	601	5.811E+01	23
11ND_2|Chains	8ENM_2|Chains	100.000	523	523	523	0.000E+00	1108
11ND_2|Chains	8CRS_2|Chains	100.000	522	523	522	0.000E+00	1106
11ND_2|Chains	8ENO_2|Chains	100.000	522	523	522	0.000E+00	1106
11ND_2|Chains	8ENN_2|Chains	100.000	522	523	522	0.000E+00	1106
11ND_2|Chains	8ENO_1|Chains	23.200	138	523	477	1.535E-01	31
11ND_2|Chains	8ENN_1|Chains	23.200	138	523	477	1.535E-01	31
11ND_2|Chains	8CRS_1|Chains	23.200	138	523	480	1.535E-01	31
11ND_2|Chains	8ENM_1|Chains	23.200	138	523	492	1.535E-01	31
11ND_2|Chains	7DNI_2|Chains	28.700	73	523	208	4.270E+00	26
11ND_2|Chains	7DNJ_1|Chains	28.700	73	523	208	4.270E+00	26
11ND_2|Chains	6EE8_2|Chain	34.300	64	523	1134	4.270E+00	26
11ND_2|Chains	6VVY_2|Chain	34.300	64	523	1179	4.270E+00	26
11ND_2|Chains	6VW0_2|Chain	34.300	64	523	1179	4.270E+00	26
11ND_2|Chains	6EEC_2|Chain	34.300	64	523	1179	4.270E+00	26
11ND_2|Chains	6VVX_2|Chain	34.300	64	523	1179	4.270E+00	26
11ND_2|Chains	6VVZ_2|Chain	34.300	64	523	1179	4.270E+00	26
11ND_2|Chains	7CTE_3|Chain	31.800	43	523	436	7.433E+00	25
11ND_2|Chains	7VF2_3|Chains	50.000	18	523	396	1.294E+01	24
11ND_2|Chains	7PTV_1|Chains	21.500	164	523	702	1.294E+01	24
11ND_2|Chains	6AUI_1|Chains	22.800	132	523	812	1.706E+01	24
11ND_2|Chains	6T2V_2|Chain	28.400	87	523	1122	1.706E+01	24
11ND_2|Chains	6T2U_2|Chain	28.400	87	523	1122	1.706E+01	24
11ND_2|Chains	8B1T_2|Chain	28.400	87	523	1122	1.706E+01	24
11ND_2|Chains	7MR0_2|Chain	28.400	87	523	1122	1.706E+01	24
11ND_2|Chains	6SJG_2|Chain	28.400	87	523	1122	1.706E+01	24
11ND_2|Chains	8B1U_2|Chain	28.400	87	523	1122	1.706E+01	24
11ND_2|Chains	7MKP_2|Chain	20.800	146	523	1340	1.706E+01	24
11ND_2|Chains	7MKD_2|Chain	20.800	146	523	1342	1.706E+01	24
11ND_2|Chains	7SZJ_2|Chain	20.800	146	523	1342	1.706E+01	24
11ND_2|Chains	7MKI_3|Chain	20.800	146	523	1342	1.706E+01	24
11ND_2|Chains	7MKJ_2|Chain	20.800	146	523	1342	1.706E+01	24
11ND_2|Chains	6OMF_2|Chain	20.800	146	523	1342	1.706E+01	24
11ND_2|Chains	7MKE_2|Chain	20.800	146	523	1342	1.706E+01	24
11ND_2|Chains	7VF2_1|Chain	35.400	31	523	1812	1.706E+01	24
11ND_2|Chains	7ZL1_1|Chains	21.500	176	523	377	2.251E+01	23
11ND_2|Chains	6V0C_1|Chains	27.500	110	523	832	2.251E+01	23
11ND_2|Chains	6V0D_1|Chains	27.500	110	523	832	2.251E+01	23
11ND_2|Chains	7OTP_1|Chain	23.200	118	523	4148	2.251E+01	23
11ND_2|Chains	7OTW_1|Chain	23.200	118	523	4148	2.251E+01	23
11ND_2|Chains	7OTM_1|Chain	23.200	118	523	4148	2.251E+01	23
11ND_2|Chains	6ZH6_1|Chain	23.200	118	523	4156	2.251E+01	23
11ND_2|Chains	6ZFP_1|Chain	23.200	118	523	4156	2.251E+01	23
11ND_2|Chains	6ZH2_1|Chain	23.200	118	523	4156	2.251E+01	23
11ND_2|Chains	6ZH4_1|Chain	23.200	118	523	4156	2.251E+01	23
11ND_2|Chains	8A6T_2|Chains	25.900	54	523	630	2.970E+01	23
11ND_2|Chains	8B1T_1|Chain	42.800	21	523	1180	2.970E+01	23
11ND_2|Chains	7MR0_1|Chain	42.800	21	523	1180	2.970E+01	23
11ND_2|Chains	8B1U_1|Chain	42.800	21	523	1180	2.970E+01	23
11ND_2|Chains	6T2V_1|Chain	42.800	21	523	1181	2.970E+01	23
11ND_2|Chains	6T2U_1|Chain	42.800	21	523	1181	2.970E+01	23
11ND_2|Chains	6SJG_1|Chain	42.800	21	523	1181	2.970E+01	23
11ND_2|Chains	7XU4_1|Chains	35.800	39	523	1127	3.918E+01	23
11ND_2|Chains	7XU5_1|Chains	35.800	39	523	1127	3.918E+01	23
11ND_2|Chains	7XU2_1|Chains	35.800	39	523	1127	3.918E+01	23
11ND_2|Chains	7CN4_1|Chains	35.800	39	523	1267	3.918E+01	23
11ND_2|Chains	6ZGF_1|Chains	35.800	39	523	1283	3.918E+01	23
11ND_2|Chains	6SP2_1|Chains	29.600	52	523	513	5.168E+01	22
11ND_2|Chains	6SYT_1|Chain	21.900	227	523	3712	5.168E+01	22
11ND_2|Chains	7U5M_1|Chains	28.100	32	523	333	6.817E+01	22
11ND_2|Chains	7L7B_2|Chain	25.300	79	523	1266	6.817E+01	22
11ND_2|Chains	7QUC_2|Chain	29.300	58	523	447	8.993E+01	21
11ND_2|Chains	7UI6_1|Chains	40.000	30	523	770	8.993E+01	21
11ND_2|Chains	7ZYY_1|Chains	29.200	41	523	1143	8.993E+01	21
9S3Q_1|Chains	7OCF_1|Chains	98.800	888	888	915	0.000E+00	1805
9S3Q_1|Chains	7OCF_2|Chains	73.200	823	888	860	0.000E+00	1279
9S3Q_1|Chains	7D09_4|Chains	23.100	92	888	226	1.470E+00	28
9S3Q_1|Chains	6J5W_2|Chain	25.800	87	888	852	1.937E+00	28
9S3Q_1|Chains	6VXK_2|Chains	22.400	121	888	1545	3.361E+00	27
9S3Q_1|Chains	7UFR_1|Chains	44.400	27	888	1062	5.832E+00	26
9S3Q_1|Chains	7UFU_1|Chains	44.400	27	888	1062	5.832E+00	26
9S3Q_1|Chains	7DPT_1|Chains	52.900	17	888	627	7.682E+00	26
9S3Q_1|Chains	7XO5_2|Chain	19.600	101	888	805	1.756E+01	25
9S3Q_1|Chains	7QH2_3|Chains	27.100	79	888	467	3.046E+01	24
9S3Q_1|Chains	6KLC_1|Chain	38.800	36	888	2218	3.046E+01	24
9S3Q_1|Chains	6ZH6_2|Chain	18.700	135	888	192	4.013E+01	23
9S3Q_1|Chains	7UFT_1|Chains	24.400	45	888	1057	4.013E+01	23
9S3Q_1|Chains	6PXM_1|Chains	19.700	152	888	175	5.286E+01	23
9S3Q_1|Chains	7MGE_1|Chain	26.200	79	888	459	5.286E+01	23
9S3Q_1|Chains	7VFE_1|Chains	22.800	111	888	569	5.286E+01	23
9S3Q_1|Chains	6XNZ_1|Chains	37.200	49	888	750	5.286E+01	23
9S3Q_1|Chains	6ZBJ_1|Chains	28.300	72	888	891	5.286E+01	23
9S3Q_1|Chains	6ZBL_1|Chains	28.300	72	888	891	5.286E+01	23
9S3Q_1|Chains	7E5Z_1|Chain	21.500	102	888	995	5.286E+01	23
9S3Q_1|Chains	7VYQ_1|Chains	26.200	80	888	280	6.962E+01	23
9S3Q_1|Chains	7CTE_3|Chain	24.400	90	888	436	6.962E+01	23
9S3Q_1|Chains	6PK4_1|Chains	38.000	21	888	586	6.962E+01	23
9S3Q_1|Chains	8A6T_2|Chains	24.500	48	888	630	6.962E+01	23
9S3Q_1|Chains	7CTE_2|Chain	24.200	96	888	711	6.962E+01	23
9S3Q_1|Chains	6RJH_1|Chains	19.700	142	888	171	9.171E+01	22
9S3Q_1|Chains	6U8S_1|Chains	28.200	93	888	514	9.171E+01	22
9S3Q_1|Chains	6UA5_1|Chains	28.200	93	888	519	9.171E+01	22
9S3Q_1|Chains	6UDP_1|Chains	28.200	93	888	519	9.171E+01	22
9S3Q_1|Chains	6UAJ_1|Chains	28.200	93	888	519	9.171E+01	22
9S3Q_1|Chains	6U8E_1|Chains	28.200	93	888	519	9.171E+01	22
9S3Q_1|Chains	8CRS_2|Chains	18.300	120	888	522	9.171E+01	22
9S3Q_1|Chains	8ENO_2|Chains	18.300	120	888	522	9.171E+01	22
9S3Q_1|Chains	8ENN_2|Chains	18.300	120	888	522	9.171E+01	22
9S3Q_1|Chains	8ENM_2|Chains	18.300	120	888	523	9.171E+01	22
9S3Q_1|Chains	7USD_1|Chain	24.000	54	888	1253	9.171E+01	22
9S3Q_1|Chains	7OTP_1|Chain	28.500	42	888	4148	9.171E+01	22
9S3Q_1|Chains	7OTW_1|Chain	28.500	42	888	4148	9.171E+01	22
9S3Q_1|Chains	7OTM_1|Chain	28.500	42	888	4148	9.171E+01	22
9S3Q_1|Chains	6ZH6_1|Chain	28.500	42	888	4156	9.171E+01	22
9S3Q_1|Chains	6ZFP_1|Chain	28.500	42	888	4156	9.171E+01	22
9S3Q_1|Chains	6ZH2_1|Chain	28.500	42	888	4156	9.171E+01	22
9S3Q_1|Chains	6ZH4_1|Chain	28.500	42	888	4156	9.171E+01	22
9UNU_2|Chain	6KLC_1|Chain	31.600	60	734	2218	9.043E-01	29
9UNU_2|Chain	6TGA_1|Chains	25.500	87	734	958	3.595E+00	27
9UNU_2|Chain	6TG9_1|Chains	25.500	87	734	958	3.595E+00	27
9UNU_2|Chain	7TC7_2|Chains	26.000	87	734	389	6.243E+00	26
9UNU_2|Chain	6LVE_1|Chains	32.400	37	734	775	1.084E+01	25
9UNU_2|Chain	7W8J_1|Chains	32.400	37	734	775	1.084E+01	25
9UNU_2|Chain	6LVB_1|Chains	32.400	37	734	775	1.084E+01	25
9UNU_2|Chain	6LVC_1|Chains	32.400	37	734	775	1.084E+01	25
9UNU_2|Chain	6LVD_1|Chains	32.400	37	734	775	1.084E+01	25
9UNU_2|Chain	6SP2_1|Chains	28.700	66	734	513	2.481E+01	24
9UNU_2|Chain	7FJE_1|Chains	40.700	27	734	165	3.270E+01	23
9UNU_2|Chain	6NR3_1|Chains	27.000	48	734	1135	7.482E+01	22
9UNU_2|Chain	7CYE_1|Chains	32.100	28	734	374	9.859E+01	22
9UNU_2|Chain	7CYF_1|Chains	32.100	28	734	374	9.859E+01	22
9UNU_2|Chain	7YYO_1|Chains	26.500	64	734	470	9.859E+01	22
9UNU_2|Chain	7EKI_1|Chains	32.500	39	734	502	9.859E+01	22
9OSU_3|Chains	7WS5_3|Chains	73.200	127	127	123	6.537E-57	188
9OSU_3|Chains	6XDG_3|Chain	70.000	127	127	226	1.686E-56	186
9OSU_3|Chains	7UDS_1|Chains	67.700	127	127	226	1.283E-53	178
9OSU_3|Chains	6XDG_4|Chain	70.000	127	127	225	2.414E-53	177
9OSU_3|Chains	8CYJ_3|Chain	67.400	128	127	128	2.204E-52	175
9OSU_3|Chains	7M74_6|Chain	70.000	127	127	228	3.785E-51	171
9OSU_3|Chains	7JHH_6|Chain	70.000	127	127	237	3.785E-51	171
9OSU_3|Chains	6TYS_2|Chains	65.300	127	127	120	1.837E-50	169
9OSU_3|Chains	7PC2_1|Chains	63.400	132	127	240	1.677E-49	166
9OSU_3|Chains	6VTT_2|Chain	59.300	145	127	257	7.430E-48	162
9OSU_3|Chains	7KKL_2|Chains	63.700	127	127	125	1.276E-46	158
9OSU_3|Chains	6UKT_4|Chain	62.900	127	127	134	1.750E-46	158
9OSU_3|Chains	7JHH_7|Chain	60.600	127	127	159	4.516E-46	156
9OSU_3|Chains	8CYJ_2|Chain	63.700	126	127	125	1.165E-45	155
9OSU_3|Chains	7M74_7|Chain	60.300	126	127	120	1.598E-45	155
9OSU_3|Chains	7L5J_3|Chains	60.600	127	127	221	4.123E-45	154
9OSU_3|Chains	8CYJ_4|Chain	60.700	127	127	127	2.744E-44	151
9OSU_3|Chains	7DKJ_2|Chains	58.100	127	127	203	1.216E-42	147
9OSU_3|Chains	6UKT_6|Chain	62.500	127	127	134	3.927E-41	142
9OSU_3|Chains	8CYJ_1|Chain	61.500	127	127	127	1.906E-40	140
9OSU_3|Chains	6UKT_3|Chain	59.800	127	127	124	9.250E-40	138
9OSU_3|Chains	6OZC_4|Chains	54.700	126	127	224	1.740E-39	138
9OSU_3|Chains	6PZZ_3|Chains	49.200	127	127	224	2.386E-39	137
9OSU_3|Chains	6XEY_2|Chains	48.800	127	127	122	4.489E-39	136
9OSU_3|Chains	8DZI_2|Chains	52.700	127	127	118	2.987E-38	134
9OSU_3|Chains	7MY3_2|Chains	56.600	127	127	127	4.097E-38	134
9OSU_3|Chains	7RA8_2|Chains	48.800	127	127	126	1.988E-37	132
9OSU_3|Chains	7LUC_2|Chains	44.800	127	127	121	9.647E-37	130
9OSU_3|Chains	7LUC_4|Chains	48.800	129	127	129	9.647E-37	130
9OSU_3|Chains	6UKT_5|Chain	56.600	127	127	131	1.207E-35	126
9OSU_3|Chains	7MFG_3|Chains	48.800	127	127	120	4.272E-35	125
9OSU_3|Chains	6U59_4|Chains	54.400	124	127	119	2.842E-34	123
9OSU_3|Chains	6OPO_5|Chains	47.600	128	127	229	1.891E-33	120
9OSU_3|Chains	6OPQ_5|Chains	47.600	128	127	229	1.891E-33	120
9OSU_3|Chains	6X5B_5|Chains	47.600	128	127	229	1.891E-33	120
9OSU_3|Chains	6OPP_5|Chains	47.600	128	127	229	1.891E-33	120
9OSU_3|Chains	6DFH_3|Chains	52.200	130	127	233	1.891E-33	120
9OSU_3|Chains	7U9G_3|Chains	48.800	127	127	265	2.594E-33	120
9OSU_3|Chains	7UCG_5|Chains	47.000	132	127	243	3.557E-33	119
9OSU_3|Chains	7LG6_6|Chains	50.000	127	127	225	1.725E-32	117
9OSU_3|Chains	7UCG_2|Chains	46.800	127	127	234	3.245E-32	117
9OSU_3|Chains	7WEC_1|Chains	45.600	126	127	123	8.369E-32	115
9OSU_3|Chains	6VO1_3|Chains	47.600	127	127	118	5.567E-31	113
9OSU_3|Chains	6V4N_2|Chains	44.800	127	127	244	3.702E-30	111
9OSU_3|Chains	7WVF_4|Chain	47.600	127	127	261	6.962E-30	110
9OSU_3|Chains	7PC2_5|Chains	39.600	127	127	226	1.194E-28	106
9OSU_3|Chains	7LL2_3|Chains	43.300	127	127	225	5.788E-28	104
9OSU_3|Chains	7LL1_3|Chains	37.800	127	127	229	3.506E-26	99
9OSU_3|Chains	7LG6_2|Chains	37.800	127	127	231	3.506E-26	99
9OSU_3|Chains	6NQD_3|Chains	35.800	132	127	244	1.642E-18	77
9OSU_3|Chains	8DZI_3|Chains	31.700	125	127	109	2.733E-08	48
9OSU_3|Chains	6OPQ_2|Chains	35.300	98	127	214	1.296E-07	46
9OSU_3|Chains	6OPO_2|Chains	35.300	98	127	214	1.296E-07	46
9OSU_3|Chains	6X5B_3|Chains	35.300	98	127	214	1.296E-07	46
9OSU_3|Chains	6OPP_1|Chains	35.300	98	127	214	1.296E-07	46
9OSU_3|Chains	7JHH_5|Chain	30.900	125	127	215	1.769E-07	45
9OSU_3|Chains	7UCG_3|Chains	30.400	114	127	205	2.413E-07	45
9OSU_3|Chains	7DKJ_3|Chains	30.900	96	127	189	8.356E-07	43
9OSU_3|Chains	7PC2_2|Chains	32.100	112	127	215	8.356E-07	43
9OSU_3|Chains	6XEY_3|Chains	33.300	93	127	110	1.140E-06	43
9OSU_3|Chains	7M74_5|Chain	31.500	114	127	211	1.140E-06	43
9OSU_3|Chains	7WEC_2|Chains	33.300	98	127	107	1.554E-06	42
9OSU_3|Chains	6XDG_5|Chain	33.300	83	127	216	7.304E-06	40
9OSU_3|Chains	7FJE_6|Chain	30.300	112	127	312	7.304E-06	40
9OSU_3|Chains	7WS5_2|Chains	27.700	125	127	108	9.950E-06	40
9OSU_3|Chains	7LUC_5|Chains	31.300	98	127	107	2.512E-05	39
9OSU_3|Chains	6PZZ_2|Chains	32.100	87	127	214	2.512E-05	39
9OSU_3|Chains	6U59_3|Chains	24.600	125	127	112	3.419E-05	38
9OSU_3|Chains	7RA8_3|Chains	30.900	112	127	113	3.419E-05	38
9OSU_3|Chains	7L5J_2|Chains	30.600	87	127	211	3.419E-05	38
9OSU_3|Chains	7LG6_5|Chains	33.700	86	127	214	4.653E-05	38
9OSU_3|Chains	6TYS_3|Chains	32.100	87	127	107	8.613E-05	37
9OSU_3|Chains	7PC2_6|Chains	25.600	116	127	206	8.613E-05	37
9OSU_3|Chains	6DFH_4|Chains	28.500	112	127	214	8.613E-05	37
9OSU_3|Chains	6XDG_2|Chain	28.200	98	127	214	1.593E-04	36
9OSU_3|Chains	7MFG_4|Chains	30.300	98	127	108	2.165E-04	36
9OSU_3|Chains	6VO1_4|Chains	28.500	87	127	107	5.432E-04	35
9OSU_3|Chains	7U9G_2|Chains	29.700	84	127	217	5.432E-04	35
9OSU_3|Chains	7UDS_2|Chains	29.000	97	127	209	1.002E-03	34
9OSU_3|Chains	7LL2_4|Chains	27.500	106	127	217	1.360E-03	34
9OSU_3|Chains	6V4N_3|Chains	26.900	125	127	214	1.145E-02	31
9OSU_3|Chains	7LL1_4|Chains	24.400	86	127	214	5.193E-02	29
9OSU_3|Chains	7LG6_3|Chains	24.400	86	127	214	5.193E-02	29
9OSU_3|Chains	7Z19_5|Chain	39.000	41	127	258	3.404E+00	23
9OSU_3|Chains	7L7B_5|Chain	53.300	15	127	390	3.404E+00	23
9OSU_3|Chains	6VW0_5|Chain	53.300	15	127	531	3.404E+00	23
9OSU_3|Chains	6EE8_5|Chain	53.300	15	127	531	3.404E+00	23
9OSU_3|Chains	6EEC_5|Chain	53.300	15	127	531	3.404E+00	23
9OSU_3|Chains	6VVX_5|Chain	53.300	15	127	531	3.404E+00	23
9OSU_3|Chains	6VVY_5|Chain	53.300	15	127	531	3.404E+00	23
9OSU_3|Chains	6VVZ_5|Chain	53.300	15	127	531	3.404E+00	23
9OSU_3|Chains	7MKD_5|Chain	53.300	15	127	613	3.404E+00	23
9OSU_3|Chains	7MKI_6|Chain	53.300	15	127	613	3.404E+00	23
9OSU_3|Chains	7MKJ_5|Chain	53.300	15	127	613	3.404E+00	23
9OSU_3|Chains	7MKE_5|Chain	53.300	15	127	613	3.404E+00	23
9OSU_3|Chains	7SZJ_5|Chain	53.300	15	127	613	3.404E+00	23
9OSU_3|Chains	6OMF_5|Chain	57.100	14	127	331	4.575E+00	23
9OSU_3|Chains	6LZ3_1|Chains	50.000	16	127	688	2.674E+01	21
9OSU_3|Chains	7MKP_3|Chain	46.100	13	127	1363	2.674E+01	21
9OSU_3|Chains	7MKD_3|Chain	46.100	13	127	1407	2.674E+01	21
9OSU_3|Chains	7MKI_4|Chain	46.100	13	127	1407	2.674E+01	21
9OSU_3|Chains	7MKJ_3|Chain	46.100	13	127	1407	2.674E+01	21
9OSU_3|Chains	6OMF_3|Chain	46.100	13	127	1407	2.674E+01	21
9OSU_3|Chains	7MKE_3|Chain	46.100	13	127	1407	2.674E+01	21
9OSU_3|Chains	7SZJ_3|Chain	46.100	13	127	1407	2.674E+01	21
9O8D_1|Chains	5ZX5_1|Chains	58.100	1228	1306	1229	0.000E+00	1441
9O8D_1|Chains	6BWD_1|Chains	52.600	794	1306	955	8.767E-254	816
9O8D_1|Chains	6O6A_1|Chains	28.900	1122	1306	1098	1.207E-134	461
9O8D_1|Chains	6O6R_1|Chains	28.900	1122	1306	1098	1.207E-134	461
9O8D_1|Chains	8E4N_1|Chains	28.100	1121	1306	1135	1.302E-129	446
9O8D_1|Chains	8E4M_1|Chains	28.100	1121	1306	1135	1.302E-129	446
9O8D_1|Chains	8E4L_1|Chains	28.100	1121	1306	1135	1.302E-129	446
9O8D_1|Chains	6NR3_1|Chains	28.200	1122	1306	1135	5.881E-124	428
9O8D_1|Chains	7VQ2_1|Chains	35.600	307	1306	354	4.180E-48	186
9O8D_1|Chains	6YSN_1|Chains	21.100	332	1306	1146	8.457E-13	69
9O8D_1|Chains	7MKP_1|Chains	28.900	83	1306	237	2.932E+00	28
9O8D_1|Chains	6OMF_1|Chains	28.900	83	1306	239	2.932E+00	28
9O8D_1|Chains	7SZJ_1|Chains	28.900	83	1306	329	2.932E+00	28
9O8D_1|Chains	7MKD_1|Chains	28.900	83	1306	329	2.932E+00	28
9O8D_1|Chains	7MKI_2|Chains	28.900	83	1306	329	2.932E+00	28
9O8D_1|Chains	7MKJ_1|Chains	28.900	83	1306	329	2.932E+00	28
9O8D_1|Chains	7MKE_1|Chains	28.900	83	1306	329	2.932E+00	28
9O8D_1|Chains	7TFI_4|Chain	23.600	72	1306	353	6.688E+00	27
9O8D_1|Chains	8DR4_4|Chain	23.600	72	1306	353	6.688E+00	27
9O8D_1|Chains	8DR6_4|Chain	23.600	72	1306	353	6.688E+00	27
9O8D_1|Chains	7STB_4|Chain	23.600	72	1306	353	6.688E+00	27
9O8D_1|Chains	8F6C_1|Chains	29.000	93	1306	658	8.804E+00	26
9O8D_1|Chains	6ZG1_1|Chains	27.500	58	1306	164	1.526E+01	25
9O8D_1|Chains	6VVY_2|Chain	50.000	16	1306	1179	1.526E+01	25
9O8D_1|Chains	6VW0_2|Chain	50.000	16	1306	1179	1.526E+01	25
9O8D_1|Chains	6EEC_2|Chain	50.000	16	1306	1179	1.526E+01	25
9O8D_1|Chains	6VVX_2|Chain	50.000	16	1306	1179	1.526E+01	25
9O8D_1|Chains	6VVZ_2|Chain	50.000	16	1306	1179	1.526E+01	25
9O8D_1|Chains	7L1Q_2|Chains	41.900	31	1306	484	2.008E+01	25
9O8D_1|Chains	7L1S_2|Chains	41.900	31	1306	484	2.008E+01	25
9O8D_1|Chains	7L1R_2|Chains	41.900	31	1306	484	2.008E+01	25
9O8D_1|Chains	8B8J_1|Chains	26.200	79	1306	975	2.008E+01	25
9O8D_1|Chains	7ZZY_1|Chains	42.100	19	1306	183	2.644E+01	25
9O8D_1|Chains	7E5Z_2|Chain	31.200	62	1306	572	2.644E+01	25
9O8D_1|Chains	6SYT_2|Chain	33.300	36	1306	991	2.644E+01	25
9O8D_1|Chains	7F94_1|Chains	31.800	62	1306	257	3.480E+01	24
9O8D_1|Chains	7XQG_1|Chains	31.800	62	1306	257	3.480E+01	24
9O8D_1|Chains	7Q4W_1|Chains	30.000	30	1306	583	4.581E+01	24
9O8D_1|Chains	6LZ3_1|Chains	37.500	24	1306	688	4.581E+01	24
9O8D_1|Chains	7T8T_1|Chain	20.300	206	1306	1196	4.581E+01	24
9O8D_1|Chains	7MEY_1|Chain	38.400	26	1306	1950	4.581E+01	24
9O8D_1|Chains	7MEX_4|Chain	38.400	26	1306	1950	4.581E+01	24
9O8D_1|Chains	7USD_2|Chain	21.800	64	1306	1128	6.030E+01	23
9O8D_1|Chains	7ZYY_1|Chains	30.200	43	1306	1143	6.030E+01	23
9O8D_1|Chains	6OWT_4|Chains	28.200	46	1306	275	7.938E+01	23
9O8D_1|Chains	7TFI_2|Chain	32.700	60	1306	323	7.938E+01	23
9O8D_1|Chains	8DR4_2|Chain	32.700	60	1306	323	7.938E+01	23
9O8D_1|Chains	8DR6_2|Chain	32.700	60	1306	323	7.938E+01	23
9O8D_1|Chains	7STB_2|Chain	32.700	60	1306	323	7.938E+01	23
9O8D_1|Chains	6SI8_1|Chains	27.200	77	1306	431	7.938E+01	23
9O8D_1|Chains	6SHN_1|Chains	27.200	77	1306	431	7.938E+01	23
9O8D_1|Chains	6R8U_1|Chains	27.200	77	1306	431	7.938E+01	23
9O8D_1|Chains	6SHJ_1|Chains	27.200	77	1306	431	7.938E+01	23
9O8D_1|Chains	6R8B_1|Chains	27.200	77	1306	431	7.938E+01	23
9O8D_1|Chains	6SHQ_1|Chains	27.200	77	1306	431	7.938E+01	23
9O8D_1|Chains	6ZBD_1|Chain	26.900	52	1306	717	7.938E+01	23
9O8D_1|Chains	6ZBC_1|Chain	26.900	52	1306	717	7.938E+01	23
9O8D_1|Chains	6ZBH_1|Chain	26.900	52	1306	717	7.938E+01	23
9O8D_1|Chains	6ZBF_1|Chain	26.900	52	1306	717	7.938E+01	23
9O8D_1|Chains	6ZBG_1|Chain	26.900	52	1306	717	7.938E+01	23
9O8D_1|Chains	6URG_4|Chain	21.400	56	1306	782	7.938E+01	23
9O8D_1|Chains	6ZBJ_1|Chains	26.900	52	1306	891	7.938E+01	23
9O8D_1|Chains	6ZBL_1|Chains	26.900	52	1306	891	7.938E+01	23
9O8D_1|Chains	7MKP_2|Chain	20.900	110	1306	1340	7.938E+01	23
9O8D_1|Chains	7MKD_2|Chain	20.900	110	1306	1342	7.938E+01	23
9O8D_1|Chains	7SZJ_2|Chain	20.900	110	1306	1342	7.938E+01	23
9O8D_1|Chains	7MKI_3|Chain	20.900	110	1306	1342	7.938E+01	23
9O8D_1|Chains	7MKJ_2|Chain	20.900	110	1306	1342	7.938E+01	23
9O8D_1|Chains	6OMF_2|Chain	20.900	110	1306	1342	7.938E+01	23
9O8D_1|Chains	7MKE_2|Chain	20.900	110	1306	1342	7.938E+01	23
9O8D_1|Chains	7OTP_1|Chain	37.500	32	1306	4148	7.938E+01	23
9O8D_1|Chains	7OTW_1|Chain	37.500	32	1306	4148	7.938E+01	23
9O8D_1|Chains	7OTM_1|Chain	37.500	32	1306	4148	7.938E+01	23
9O8D_1|Chains	6ZH6_1|Chain	37.500	32	1306	4156	7.938E+01	23
9O8D_1|Chains	6ZFP_1|Chain	37.500	32	1306	4156	7.938E+01	23
9O8D_1|Chains	6ZH2_1|Chain	37.500	32	1306	4156	7.938E+01	23
9O8D_1|Chains	6ZH4_1|Chain	37.500	32	1306	4156	7.938E+01	23
9XGX_2|Chain	6OPQ_2|Chains	91.700	109	109	214	3.033E-65	211
9XGX_2|Chain	6OPO_2|Chains	91.700	109	109	214	3.033E-65	211
9XGX_2|Chain	6X5B_3|Chains	91.700	109	109	214	3.033E-65	211
9XGX_2|Chain	6OPP_1|Chains	91.700	109	109	214	3.033E-65	211
9XGX_2|Chain	7PC2_2|Chains	83.400	109	109	215	5.226E-57	187
9XGX_2|Chain	8DZI_3|Chains	84.500	109	109	109	4.367E-55	181
9XGX_2|Chain	7LG6_5|Chains	78.700	108	109	214	3.338E-52	173
9XGX_2|Chain	7WEC_2|Chains	79.800	108	109	107	7.880E-51	169
9XGX_2|Chain	7MFG_4|Chains	76.300	109	109	108	2.334E-48	162
9XGX_2|Chain	7WS5_2|Chains	70.600	109	109	108	1.134E-47	160
9XGX_2|Chain	6VO1_4|Chains	65.100	109	109	107	1.786E-45	154
9XGX_2|Chain	7JHH_5|Chain	68.800	109	109	215	3.362E-45	153
9XGX_2|Chain	7M74_5|Chain	69.800	106	109	211	1.191E-44	151
9XGX_2|Chain	6PZZ_2|Chains	66.900	109	109	214	1.634E-44	151
9XGX_2|Chain	6OZC_3|Chains	66.000	109	109	213	2.242E-44	151
9XGX_2|Chain	7LL1_4|Chains	63.300	109	109	214	7.942E-44	149
9XGX_2|Chain	7LG6_3|Chains	63.300	109	109	214	7.942E-44	149
9XGX_2|Chain	6XDG_2|Chain	64.200	109	109	214	2.051E-43	148
9XGX_2|Chain	7DKJ_3|Chains	61.400	109	109	189	4.845E-42	144
9XGX_2|Chain	7LUC_5|Chains	64.200	109	109	107	9.120E-42	143
9XGX_2|Chain	6V4N_3|Chains	63.300	109	109	214	8.345E-41	140
9XGX_2|Chain	7UDS_2|Chains	62.000	108	109	209	1.571E-40	139
9XGX_2|Chain	6NQD_4|Chains	59.000	109	109	215	2.155E-40	139
9XGX_2|Chain	6TYS_3|Chains	60.500	109	109	107	4.057E-40	138
9XGX_2|Chain	7L5J_2|Chains	60.500	109	109	211	1.048E-39	137
9XGX_2|Chain	7LL2_4|Chains	61.900	110	109	217	1.315E-38	134
9XGX_2|Chain	7LUC_3|Chains	53.500	112	109	112	7.350E-36	126
9XGX_2|Chain	6U59_3|Chains	53.500	112	109	112	2.384E-34	122
9XGX_2|Chain	7U9G_2|Chains	54.600	107	109	217	8.142E-30	109
9XGX_2|Chain	7WVF_4|Chain	54.700	106	109	261	5.433E-29	106
9XGX_2|Chain	6DFH_4|Chains	53.300	105	109	214	7.454E-29	106
9XGX_2|Chain	7RA8_3|Chains	50.400	112	109	113	1.023E-28	106
9XGX_2|Chain	7PC2_6|Chains	45.800	109	109	206	2.027E-25	96
9XGX_2|Chain	6XEY_3|Chains	48.600	106	109	110	2.782E-25	96
9XGX_2|Chain	6XDG_5|Chain	48.100	106	109	216	1.353E-24	94
9XGX_2|Chain	6VTT_3|Chain	46.700	108	109	217	3.494E-24	93
9XGX_2|Chain	7UCG_3|Chains	45.700	105	109	205	8.262E-23	89
9XGX_2|Chain	7UCG_6|Chains	44.100	102	109	216	4.616E-20	81
9XGX_2|Chain	6UKT_3|Chain	33.600	101	109	124	7.912E-12	57
9XGX_2|Chain	7MFG_3|Chains	32.700	105	109	120	3.158E-09	49
9XGX_2|Chain	6UKT_5|Chain	31.800	108	109	131	3.158E-09	49
9XGX_2|Chain	6XDG_4|Chain	35.100	107	109	225	4.326E-09	49
9XGX_2|Chain	6UKT_4|Chain	32.100	108	109	134	1.112E-08	48
9XGX_2|Chain	7KKL_2|Chains	34.500	106	109	125	2.857E-08	47
9XGX_2|Chain	7RA8_2|Chains	29.700	111	109	126	3.913E-08	46
9XGX_2|Chain	7M74_6|Chain	31.800	113	109	228	1.005E-07	45
9XGX_2|Chain	7JHH_6|Chain	31.800	113	109	237	1.005E-07	45
9XGX_2|Chain	8CYJ_4|Chain	34.400	114	109	127	1.375E-07	45
9XGX_2|Chain	6XDG_3|Chain	32.700	107	109	226	1.375E-07	45
9XGX_2|Chain	7FJE_5|Chain	32.300	103	109	272	1.375E-07	45
9XGX_2|Chain	7M74_7|Chain	29.800	108	109	120	2.578E-07	44
9XGX_2|Chain	6UKT_6|Chain	31.300	111	109	134	2.578E-07	44
9XGX_2|Chain	7JHH_7|Chain	29.800	108	109	159	2.578E-07	44
9XGX_2|Chain	7FJE_6|Chain	29.700	110	109	312	2.578E-07	44
9XGX_2|Chain	6XEY_2|Chains	28.000	107	109	122	4.830E-07	43
9XGX_2|Chain	6TYS_2|Chains	31.400	105	109	120	1.694E-06	42
9XGX_2|Chain	7DKJ_2|Chains	31.300	109	109	203	1.694E-06	42
9XGX_2|Chain	6VO1_3|Chains	32.000	105	109	118	2.317E-06	41
9XGX_2|Chain	8CYJ_2|Chain	30.300	112	109	125	2.317E-06	41
9XGX_2|Chain	7PC2_1|Chains	34.100	85	109	240	3.169E-06	41
9XGX_2|Chain	8CYJ_3|Chain	30.400	115	109	128	5.929E-06	40
9XGX_2|Chain	7WEC_1|Chains	33.000	109	109	123	8.109E-06	40
9XGX_2|Chain	6PZZ_3|Chains	29.300	106	109	224	8.109E-06	40
9XGX_2|Chain	7WS5_3|Chains	29.700	110	109	123	1.109E-05	39
9XGX_2|Chain	7LUC_2|Chains	28.100	106	109	121	1.516E-05	39
9XGX_2|Chain	7LUC_4|Chains	28.100	127	109	129	1.516E-05	39
9XGX_2|Chain	7UDS_1|Chains	30.200	108	109	226	3.871E-05	38
9XGX_2|Chain	7PC2_5|Chains	26.800	108	109	226	5.290E-05	37
9XGX_2|Chain	7UCG_2|Chains	30.500	108	109	234	5.290E-05	37
9XGX_2|Chain	7MY3_2|Chains	29.300	109	109	127	7.228E-05	37
9XGX_2|Chain	6VTT_2|Chain	35.200	85	109	257	9.874E-05	36
9XGX_2|Chain	6DFH_3|Chains	32.900	85	109	233	1.349E-04	36
9XGX_2|Chain	8DZI_2|Chains	28.200	116	109	118	1.842E-04	36
9XGX_2|Chain	7U9G_3|Chains	28.500	84	109	265	3.434E-04	35
9XGX_2|Chain	6OPO_5|Chains	25.600	113	109	229	6.396E-04	34
9XGX_2|Chain	6OPQ_5|Chains	25.600	113	109	229	6.396E-04	34
9XGX_2|Chain	6X5B_5|Chains	25.600	113	109	229	6.396E-04	34
9XGX_2|Chain	6OPP_5|Chains	25.600	113	109	229	6.396E-04	34
9XGX_2|Chain	8CYJ_1|Chain	28.900	114	109	127	8.727E-04	34
9XGX_2|Chain	6NQD_3|Chains	28.500	117	109	244	1.191E-03	33
9XGX_2|Chain	7UCG_5|Chains	27.300	84	109	243	1.624E-03	33
9XGX_2|Chain	7L5J_3|Chains	26.600	106	109	221	3.019E-03	32
9XGX_2|Chain	7LL1_3|Chains	22.800	112	109	229	1.654E-01	27
9XGX_2|Chain	7LG6_2|Chains	22.800	112	109	231	1.654E-01	27
9XGX_2|Chain	6OZC_4|Chains	26.600	105	109	224	4.134E-01	26
9XGX_2|Chain	7DMP_1|Chains	32.400	37	109	716	7.596E-01	25
9XGX_2|Chain	7MFF_2|Chains	40.900	22	109	766	1.886E+00	24
9XGX_2|Chain	6UAN_2|Chains	40.900	22	109	768	1.886E+00	24
9XGX_2|Chain	7Y42_1|Chains	58.300	12	109	1121	2.810E+01	20
9XGX_2|Chain	7XU4_1|Chains	58.300	12	109	1127	2.810E+01	20
9XGX_2|Chain	7XU5_1|Chains	58.300	12	109	1127	2.810E+01	20
9XGX_2|Chain	7XU2_1|Chains	58.300	12	109	1127	2.810E+01	20
9XGX_2|Chain	7XO5_1|Chains	58.300	12	109	1205	2.810E+01	20
9XGX_2|Chain	7TLB_1|Chains	58.300	12	109	1208	2.810E+01	20
9XGX_2|Chain	7TLA_1|Chains	58.300	12	109	1208	2.810E+01	20
9XGX_2|Chain	6ZOY_1|Chains	58.300	12	109	1247	2.810E+01	20
9XGX_2|Chain	6ZP0_1|Chains	58.300	12	109	1247	2.810E+01	20
9XGX_2|Chain	6ZOZ_1|Chains	58.300	12	109	1247	2.810E+01	20
9XGX_2|Chain	7CN4_1|Chains	58.300	12	109	1267	2.810E+01	20
9XGX_2|Chain	7WEC_3|Chains	58.300	12	109	1270	2.810E+01	20
9XGX_2|Chain	6X29_1|Chains	58.300	12	109	1273	2.810E+01	20
9XGX_2|Chain	8CYJ_5|Chain	58.300	12	109	1273	2.810E+01	20
9XGX_2|Chain	7JJI_1|Chains	58.300	12	109	1273	2.810E+01	20
9XGX_2|Chain	6ZGF_1|Chains	58.300	12	109	1283	2.810E+01	20
9XGX_2|Chain	7EB0_1|Chains	58.300	12	109	1283	2.810E+01	20
9XGX_2|Chain	7UB6_1|Chains	58.300	12	109	1285	2.810E+01	20
9XGX_2|Chain	7TPH_1|Chains	58.300	12	109	1286	2.810E+01	20
9XGX_2|Chain	7TP7_1|Chains	58.300	12	109	1286	2.810E+01	20
9XGX_2|Chain	7KE7_1|Chains	58.300	12	109	1288	2.810E+01	20
9XGX_2|Chain	7KEC_1|Chains	58.300	12	109	1288	2.810E+01	20
9XGX_2|Chain	7KEA_1|Chains	58.300	12	109	1288	2.810E+01	20
9XGX_2|Chain	6VSB_1|Chains	58.300	12	109	1288	2.810E+01	20
9XGX_2|Chain	7KE9_1|Chains	58.300	12	109	1288	2.810E+01	20
9XGX_2|Chain	7KDH_1|Chains	58.300	12	109	1288	2.810E+01	20
9XGX_2|Chain	7KKL_1|Chains	58.300	12	109	1288	2.810E+01	20
9XGX_2|Chain	7KEB_1|Chains	58.300	12	109	1288	2.810E+01	20
9XGX_2|Chain	6XEY_1|Chains	58.300	12	109	1288	2.810E+01	20
9XGX_2|Chain	7LYL_1|Chains	58.300	12	109	1288	2.810E+01	20
9XGX_2|Chain	8CSA_1|Chains	58.300	12	109	1288	2.810E+01	20
9XGX_2|Chain	6ZP5_1|Chains	58.300	12	109	1288	2.810E+01	20
9XGX_2|Chain	7LYM_1|Chains	58.300	12	109	1288	2.810E+01	20
9XGX_2|Chain	7KDJ_1|Chains	58.300	12	109	1288	2.810E+01	20
9XGX_2|Chain	7N1T_1|Chains	58.300	12	109	1305	2.810E+01	20
9XGX_2|Chain	7N1U_1|Chains	58.300	12	109	1305	2.810E+01	20
9XGX_2|Chain	7N1Q_1|Chains	58.300	12	109	1305	2.810E+01	20
9XGX_2|Chain	7SBL_1|Chains	58.300	12	109	1308	2.810E+01	20
9XGX_2|Chain	7SBK_1|Chains	58.300	12	109	1308	2.810E+01	20
9XGX_2|Chain	7SBS_1|Chains	58.300	12	109	1310	2.810E+01	20
9XGX_2|Chain	7SBP_1|Chains	58.300	12	109	1310	2.810E+01	20
9XGX_2|Chain	7KRS_1|Chains	58.300	12	109	1310	2.810E+01	20
9XGX_2|Chain	7E7D_1|Chains	58.300	12	109	1520	2.810E+01	20
9XGX_2|Chain	7WS5_1|Chains	58.300	12	109	1205	3.784E+01	20
9XGX_2|Chain	7YQT_1|Chains	31.400	69	109	1270	3.784E+01	20
9XGX_2|Chain	8DZI_1|Chains	58.300	12	109	1285	3.784E+01	20
9XGX_2|Chain	7RA8_1|Chains	58.300	12	109	1288	3.784E+01	20
9XGX_2|Chain	6XKL_1|Chains	58.300	12	109	1288	3.784E+01	20
9XGX_2|Chain	7MY3_1|Chains	58.300	12	109	1288	3.784E+01	20
9XWM_3|Chain	6XDG_2|Chain	61.200	111	111	214	5.816E-43	147
9XWM_3|Chain	7WS5_2|Chains	63.300	111	111	108	2.060E-42	145
9XWM_3|Chain	6PZZ_2|Chains	60.300	111	111	214	1.885E-41	142
9XWM_3|Chain	6OPQ_2|Chains	60.100	111	111	214	1.150E-39	137
9XWM_3|Chain	6OPO_2|Chains	60.100	111	111	214	1.150E-39	137
9XWM_3|Chain	6X5B_3|Chains	60.100	111	111	214	1.150E-39	137
9XWM_3|Chain	6OPP_1|Chains	60.100	111	111	214	1.150E-39	137
9XWM_3|Chain	7L5J_2|Chains	60.900	110	111	211	1.577E-39	137
9XWM_3|Chain	7LG6_5|Chains	59.000	110	111	214	1.577E-39	137
9XWM_3|Chain	7JHH_5|Chain	61.200	111	111	215	1.577E-39	137
9XWM_3|Chain	7LUC_5|Chains	56.700	111	111	107	2.164E-39	136
9XWM_3|Chain	6V4N_3|Chains	58.500	111	111	214	2.164E-39	136
9XWM_3|Chain	7DKJ_3|Chains	57.600	111	111	189	1.052E-38	134
9XWM_3|Chain	8DZI_3|Chains	57.600	111	111	109	1.980E-38	134
9XWM_3|Chain	7M74_5|Chain	60.500	109	111	211	3.727E-38	133
9XWM_3|Chain	6TYS_3|Chains	55.800	111	111	107	1.320E-37	131
9XWM_3|Chain	6VO1_4|Chains	55.800	111	111	107	3.410E-37	130
9XWM_3|Chain	7WEC_2|Chains	54.500	110	111	107	2.274E-36	128
9XWM_3|Chain	7UDS_2|Chains	58.100	110	111	209	5.873E-36	126
9XWM_3|Chain	7LUC_3|Chains	53.500	112	111	112	1.904E-34	122
9XWM_3|Chain	6OZC_3|Chains	54.000	111	111	213	2.612E-34	122
9XWM_3|Chain	7LL1_4|Chains	53.600	110	111	214	3.584E-34	121
9XWM_3|Chain	7LG6_3|Chains	53.600	110	111	214	3.584E-34	121
9XWM_3|Chain	7MFG_4|Chains	51.300	111	111	108	2.390E-33	119
9XWM_3|Chain	7PC2_2|Chains	52.600	111	111	215	1.459E-31	114
9XWM_3|Chain	7LL2_4|Chains	51.300	111	111	217	3.768E-31	113
9XWM_3|Chain	6NQD_4|Chains	47.700	111	111	215	7.094E-31	112
9XWM_3|Chain	6U59_3|Chains	48.600	112	111	112	1.832E-30	111
9XWM_3|Chain	7PC2_6|Chains	45.000	111	111	206	7.842E-25	94
9XWM_3|Chain	7U9G_2|Chains	47.700	107	111	217	5.230E-24	92
9XWM_3|Chain	7WVF_4|Chain	45.300	107	111	261	1.853E-23	91
9XWM_3|Chain	6XDG_5|Chain	45.300	107	111	216	2.542E-23	90
9XWM_3|Chain	7RA8_3|Chains	49.100	109	111	113	3.488E-23	90
9XWM_3|Chain	6DFH_4|Chains	45.400	108	111	214	4.785E-23	89
9XWM_3|Chain	6XEY_3|Chains	44.400	107	111	110	2.326E-22	87
9XWM_3|Chain	6VTT_3|Chain	40.900	107	111	217	5.022E-20	81
9XWM_3|Chain	7UCG_3|Chains	41.100	107	111	205	5.258E-17	72
9XWM_3|Chain	7UCG_6|Chains	38.600	102	111	216	9.030E-16	68
9XWM_3|Chain	6UKT_5|Chain	29.700	118	111	131	1.632E-08	48
9XWM_3|Chain	7PC2_5|Chains	28.000	120	111	226	5.155E-07	43
9XWM_3|Chain	7LUC_2|Chains	31.000	95	111	121	7.053E-07	43
9XWM_3|Chain	6NQD_3|Chains	30.200	85	111	244	9.648E-07	42
9XWM_3|Chain	6UKT_4|Chain	27.900	108	111	134	1.320E-06	42
9XWM_3|Chain	7KKL_2|Chains	26.600	116	111	125	8.624E-06	40
9XWM_3|Chain	7M74_7|Chain	26.800	118	111	120	1.611E-05	39
9XWM_3|Chain	7JHH_7|Chain	26.800	118	111	159	1.611E-05	39
9XWM_3|Chain	8CYJ_4|Chain	26.400	103	111	127	2.201E-05	38
9XWM_3|Chain	6XEY_2|Chains	29.000	119	111	122	1.046E-04	36
9XWM_3|Chain	6V4N_2|Chains	30.300	79	111	244	1.046E-04	36
9XWM_3|Chain	6UKT_6|Chain	26.600	121	111	134	3.630E-04	35
9XWM_3|Chain	7UDS_1|Chains	28.700	95	111	226	3.630E-04	35
9XWM_3|Chain	6OZC_4|Chains	29.700	96	111	224	9.212E-04	34
9XWM_3|Chain	7UCG_2|Chains	28.800	120	111	234	9.212E-04	34
9XWM_3|Chain	7LG6_6|Chains	26.800	119	111	225	1.256E-03	33
9XWM_3|Chain	8CYJ_2|Chain	24.700	106	111	125	1.712E-03	33
9XWM_3|Chain	7JHH_6|Chain	28.200	111	111	237	3.179E-03	32
9XWM_3|Chain	8DZI_2|Chains	26.100	116	111	118	1.093E-02	31
9XWM_3|Chain	6TYS_2|Chains	27.700	116	111	120	1.093E-02	31
9XWM_3|Chain	6OPO_5|Chains	27.500	82	111	229	1.093E-02	31
9XWM_3|Chain	6OPQ_5|Chains	27.500	82	111	229	1.093E-02	31
9XWM_3|Chain	6X5B_5|Chains	27.500	82	111	229	1.093E-02	31
9XWM_3|Chain	6OPP_5|Chains	27.500	82	111	229	1.093E-02	31
9XWM_3|Chain	6U59_4|Chains	25.900	102	111	119	2.750E-02	29
9XWM_3|Chain	7E7D_1|Chains	25.400	51	111	1520	1.956E+00	24
9XWM_3|Chain	7JSJ_1|Chains	43.700	16	111	568	7.046E+01	19
11ND_1|Chains	8ENM_1|Chains	100.000	492	492	492	0.000E+00	1023
11ND_1|Chains	8CRS_1|Chains	100.000	480	492	480	0.000E+00	1003
11ND_1|Chains	8ENO_1|Chains	100.000	477	492	477	0.000E+00	996
11ND_1|Chains	8ENN_1|Chains	100.000	477	492	477	0.000E+00	996
11ND_1|Chains	8CRS_2|Chains	23.200	138	492	522	5.710E-01	29
11ND_1|Chains	8ENO_2|Chains	23.200	138	492	522	5.710E-01	29
11ND_1|Chains	8ENN_2|Chains	23.200	138	492	522	5.710E-01	29
11ND_1|Chains	8ENM_2|Chains	23.200	138	492	523	5.710E-01	29
11ND_1|Chains	7OTP_1|Chain	40.000	35	492	4148	2.286E+00	27
11ND_1|Chains	7OTW_1|Chain	40.000	35	492	4148	2.286E+00	27
11ND_1|Chains	7OTM_1|Chain	40.000	35	492	4148	2.286E+00	27
11ND_1|Chains	6ZH6_1|Chain	40.000	35	492	4156	2.286E+00	27
11ND_1|Chains	6ZFP_1|Chain	40.000	35	492	4156	2.286E+00	27
11ND_1|Chains	6ZH2_1|Chain	40.000	35	492	4156	2.286E+00	27
11ND_1|Chains	6ZH4_1|Chain	40.000	35	492	4156	2.286E+00	27
11ND_1|Chains	7LUC_1|Chains	24.300	74	492	527	1.593E+01	24
11ND_1|Chains	7D3E_2|Chains	33.300	36	492	483	4.828E+01	22
11ND_1|Chains	7D3F_2|Chains	33.300	36	492	483	4.828E+01	22
11ND_1|Chains	7MKP_3|Chain	29.200	41	492	1363	4.828E+01	22
11ND_1|Chains	7MKD_3|Chain	29.200	41	492	1407	4.828E+01	22
11ND_1|Chains	7MKI_4|Chain	29.200	41	492	1407	4.828E+01	22
11ND_1|Chains	7MKJ_3|Chain	29.200	41	492	1407	4.828E+01	22
11ND_1|Chains	6OMF_3|Chain	29.200	41	492	1407	4.828E+01	22
11ND_1|Chains	7MKE_3|Chain	29.200	41	492	1407	4.828E+01	22
11ND_1|Chains	7SZJ_3|Chain	29.200	41	492	1407	4.828E+01	22
11ND_1|Chains	7MEY_1|Chain	29.300	58	492	1950	4.828E+01	22
11ND_1|Chains	7MEX_4|Chain	29.300	58	492	1950	4.828E+01	22
11ND_1|Chains	7ZYY_1|Chains	45.000	20	492	1143	6.370E+01	22
11ND_1|Chains	7MKP_2|Chain	27.600	91	492	1340	6.370E+01	22
11ND_1|Chains	7MKD_2|Chain	27.600	91	492	1342	6.370E+01	22
11ND_1|Chains	7SZJ_2|Chain	27.600	91	492	1342	6.370E+01	22
11ND_1|Chains	7MKI_3|Chain	27.600	91	492	1342	6.370E+01	22
11ND_1|Chains	7MKJ_2|Chain	27.600	91	492	1342	6.370E+01	22
11ND_1|Chains	6OMF_2|Chain	27.600	91	492	1342	6.370E+01	22
11ND_1|Chains	7MKE_2|Chain	27.600	91	492	1342	6.370E+01	22
11ND_1|Chains	8AG6_1|Chain	38.700	31	492	934	8.405E+01	21
9VAV_6|Chain	7WVF_4|Chain	49.000	258	259	261	9.692E-64	214
9VAV_6|Chain	6TYS_2|Chains	71.900	121	259	120	1.871E-49	173
9VAV_6|Chain	6XDG_3|Chain	68.000	120	259	226	4.780E-49	172
9VAV_6|Chain	7WS5_3|Chains	67.400	123	259	123	1.088E-47	168
9VAV_6|Chain	6XDG_4|Chain	68.300	120	259	225	6.314E-46	163
9VAV_6|Chain	7UDS_1|Chains	65.000	120	259	226	2.201E-45	161
9VAV_6|Chain	7M74_6|Chain	64.200	126	259	228	5.616E-45	160
9VAV_6|Chain	7JHH_6|Chain	64.200	126	259	237	5.616E-45	160
9VAV_6|Chain	7PC2_1|Chains	62.400	131	259	240	7.673E-45	160
9VAV_6|Chain	7LUC_3|Chains	67.800	112	259	112	3.652E-44	158
9VAV_6|Chain	7L5J_3|Chains	61.100	121	259	221	2.374E-43	155
9VAV_6|Chain	8CYJ_3|Chain	60.600	127	259	128	6.050E-43	154
9VAV_6|Chain	8CYJ_4|Chain	59.500	126	259	127	4.203E-40	146
9VAV_6|Chain	6VTT_2|Chain	54.800	144	259	257	1.460E-39	144
9VAV_6|Chain	7JHH_7|Chain	58.300	120	259	159	6.920E-39	142
9VAV_6|Chain	7M74_7|Chain	57.900	119	259	120	1.759E-38	141
9VAV_6|Chain	7KKL_2|Chains	60.600	120	259	125	8.330E-38	139
9VAV_6|Chain	8CYJ_2|Chain	58.000	124	259	125	2.117E-37	138
9VAV_6|Chain	7L5J_2|Chains	57.500	113	259	211	3.941E-37	137
9VAV_6|Chain	6UKT_4|Chain	56.900	123	259	134	1.001E-36	136
9VAV_6|Chain	6OZC_4|Chains	57.300	122	259	224	6.452E-36	134
9VAV_6|Chain	6UKT_3|Chain	60.800	120	259	124	2.233E-35	132
9VAV_6|Chain	6VO1_4|Chains	55.300	112	259	107	4.154E-35	131
9VAV_6|Chain	8DZI_3|Chains	55.300	112	259	109	4.154E-35	131
9VAV_6|Chain	8CYJ_1|Chain	58.200	127	259	127	5.666E-35	131
9VAV_6|Chain	6UKT_6|Chain	58.800	123	259	134	7.727E-35	130
9VAV_6|Chain	6PZZ_3|Chains	50.800	120	259	224	1.437E-34	130
9VAV_6|Chain	7DKJ_2|Chains	53.200	123	259	203	2.672E-34	129
9VAV_6|Chain	7LG6_5|Chains	55.800	111	259	214	2.672E-34	129
9VAV_6|Chain	6XEY_2|Chains	48.800	121	259	122	1.259E-33	127
9VAV_6|Chain	6XDG_2|Chain	53.500	112	259	214	1.716E-33	126
9VAV_6|Chain	6PZZ_2|Chains	54.400	112	259	214	2.339E-33	126
9VAV_6|Chain	7LUC_5|Chains	53.500	112	259	107	4.346E-33	125
9VAV_6|Chain	7MY3_2|Chains	53.700	120	259	127	4.346E-33	125
9VAV_6|Chain	7WEC_2|Chains	54.000	111	259	107	5.924E-33	125
9VAV_6|Chain	7MFG_3|Chains	53.300	120	259	120	8.075E-33	124
9VAV_6|Chain	7DKJ_3|Chains	52.400	122	259	189	1.101E-32	124
9VAV_6|Chain	7LUC_2|Chains	47.500	120	259	121	1.500E-32	124
9VAV_6|Chain	7WS5_2|Chains	55.700	112	259	108	2.786E-32	123
9VAV_6|Chain	6UKT_5|Chain	57.000	120	259	131	3.796E-32	123
9VAV_6|Chain	6TYS_3|Chains	54.400	112	259	107	7.049E-32	122
9VAV_6|Chain	6U59_4|Chains	54.900	119	259	119	9.604E-32	121
9VAV_6|Chain	6OZC_3|Chains	49.100	112	259	213	9.604E-32	121
9VAV_6|Chain	6NQD_4|Chains	53.500	112	259	215	9.604E-32	121
9VAV_6|Chain	8DZI_2|Chains	49.500	121	259	118	1.309E-31	121
9VAV_6|Chain	7RA8_2|Chains	49.500	123	259	126	1.309E-31	121
9VAV_6|Chain	7JHH_5|Chain	53.000	113	259	215	2.429E-31	120
9VAV_6|Chain	6OPQ_2|Chains	50.800	112	259	214	8.364E-31	119
9VAV_6|Chain	6OPO_2|Chains	50.800	112	259	214	8.364E-31	119
9VAV_6|Chain	6X5B_3|Chains	50.800	112	259	214	8.364E-31	119
9VAV_6|Chain	6OPP_1|Chains	50.800	112	259	214	8.364E-31	119
9VAV_6|Chain	7UCG_2|Chains	33.200	257	259	234	1.552E-30	118
9VAV_6|Chain	6U59_3|Chains	53.400	112	259	112	2.878E-30	117
9VAV_6|Chain	7MFG_4|Chains	50.800	112	259	108	9.897E-30	115
9VAV_6|Chain	7M74_5|Chain	52.200	109	259	211	9.897E-30	115
9VAV_6|Chain	6V4N_3|Chains	50.800	112	259	214	9.897E-30	115
9VAV_6|Chain	7PC2_2|Chains	51.300	112	259	215	1.835E-29	115
9VAV_6|Chain	7LUC_4|Chains	43.900	129	259	129	2.162E-28	111
9VAV_6|Chain	6VO1_3|Chains	46.200	120	259	118	1.372E-27	109
9VAV_6|Chain	7LL1_4|Chains	44.100	111	259	214	1.372E-27	109
9VAV_6|Chain	7LG6_3|Chains	44.100	111	259	214	1.372E-27	109
9VAV_6|Chain	6DFH_3|Chains	47.300	129	259	233	8.692E-27	107
9VAV_6|Chain	7UCG_5|Chains	31.200	257	259	243	8.692E-27	107
9VAV_6|Chain	7U9G_3|Chains	47.600	122	259	265	8.692E-27	107
9VAV_6|Chain	7UDS_2|Chains	50.400	111	259	209	2.186E-26	106
9VAV_6|Chain	7LL2_4|Chains	47.400	112	259	217	5.493E-26	104
9VAV_6|Chain	7LG6_6|Chains	45.900	121	259	225	1.380E-25	103
9VAV_6|Chain	7WEC_1|Chains	45.000	122	259	123	1.875E-25	103
9VAV_6|Chain	6OPO_5|Chains	42.100	127	259	229	4.707E-25	102
9VAV_6|Chain	6OPQ_5|Chains	42.100	127	259	229	4.707E-25	102
9VAV_6|Chain	6X5B_5|Chains	42.100	127	259	229	4.707E-25	102
9VAV_6|Chain	6OPP_5|Chains	42.100	127	259	229	4.707E-25	102
9VAV_6|Chain	6V4N_2|Chains	31.100	256	259	244	2.959E-24	99
9VAV_6|Chain	7LL1_3|Chains	37.300	126	259	229	4.643E-23	96
9VAV_6|Chain	7LG6_2|Chains	37.300	126	259	231	4.643E-23	96
9VAV_6|Chain	7PC2_5|Chains	39.500	122	259	226	6.301E-23	95
9VAV_6|Chain	6XEY_3|Chains	49.400	96	259	110	1.575E-22	94
9VAV_6|Chain	7U9G_2|Chains	49.500	107	259	217	2.899E-22	93
9VAV_6|Chain	6VTT_3|Chain	45.400	107	259	217	6.096E-21	89
9VAV_6|Chain	6DFH_4|Chains	47.500	100	259	214	8.263E-21	89
9VAV_6|Chain	7LL2_3|Chains	38.500	121	259	225	3.774E-20	87
9VAV_6|Chain	7PC2_6|Chains	42.800	112	259	206	6.924E-20	86
9VAV_6|Chain	7RA8_3|Chains	49.100	108	259	113	9.378E-20	86
9VAV_6|Chain	6XDG_5|Chain	44.800	106	259	216	1.719E-19	85
9VAV_6|Chain	7UCG_3|Chains	46.000	100	259	205	1.183E-17	79
9VAV_6|Chain	6NQD_3|Chains	26.600	258	259	244	2.129E-14	70
9VAV_6|Chain	7UCG_6|Chains	39.800	98	259	216	1.708E-13	67
9VAV_6|Chain	7FJE_5|Chain	33.000	109	259	272	8.891E-05	40
9VAV_6|Chain	7FJE_6|Chain	29.300	109	259	312	2.091E-04	38
9VAV_6|Chain	6X29_1|Chains	39.500	43	259	1273	3.168E+00	25
9VAV_6|Chain	7UB6_1|Chains	39.500	43	259	1285	3.168E+00	25
9VAV_6|Chain	8DZI_1|Chains	39.500	43	259	1285	3.168E+00	25
9VAV_6|Chain	7TPH_1|Chains	39.500	43	259	1286	3.168E+00	25
9VAV_6|Chain	7TP7_1|Chains	39.500	43	259	1286	3.168E+00	25
9VAV_6|Chain	7KE7_1|Chains	39.500	43	259	1288	3.168E+00	25
9VAV_6|Chain	7KEC_1|Chains	39.500	43	259	1288	3.168E+00	25
9VAV_6|Chain	7KEA_1|Chains	39.500	43	259	1288	3.168E+00	25
9VAV_6|Chain	6VSB_1|Chains	39.500	43	259	1288	3.168E+00	25
9VAV_6|Chain	7KE9_1|Chains	39.500	43	259	1288	3.168E+00	25
9VAV_6|Chain	7RA8_1|Chains	39.500	43	259	1288	3.168E+00	25
9VAV_6|Chain	7KDH_1|Chains	39.500	43	259	1288	3.168E+00	25
9VAV_6|Chain	7KKL_1|Chains	39.500	43	259	1288	3.168E+00	25
9VAV_6|Chain	6XKL_1|Chains	39.500	43	259	1288	3.168E+00	25
9VAV_6|Chain	7KEB_1|Chains	39.500	43	259	1288	3.168E+00	25
9VAV_6|Chain	6XEY_1|Chains	39.500	43	259	1288	3.168E+00	25
9VAV_6|Chain	7LYL_1|Chains	39.500	43	259	1288	3.168E+00	25
9VAV_6|Chain	8CSA_1|Chains	39.500	43	259	1288	3.168E+00	25
9VAV_6|Chain	6ZP5_1|Chains	39.500	43	259	1288	3.168E+00	25
9VAV_6|Chain	7MY3_1|Chains	39.500	43	259	1288	3.168E+00	25
9VAV_6|Chain	7LYM_1|Chains	39.500	43	259	1288	3.168E+00	25
9VAV_6|Chain	7KDJ_1|Chains	39.500	43	259	1288	3.168E+00	25
9VAV_6|Chain	6FAY_1|Chain	31.700	41	259	1876	4.198E+00	25
9VAV_6|Chain	7L7B_5|Chain	46.600	15	259	390	1.715E+01	23
9VAV_6|Chain	6VW0_5|Chain	46.600	15	259	531	1.715E+01	23
9VAV_6|Chain	6EE8_5|Chain	46.600	15	259	531	1.715E+01	23
9VAV_6|Chain	6EEC_5|Chain	46.600	15	259	531	1.715E+01	23
9VAV_6|Chain	6VVX_5|Chain	46.600	15	259	531	1.715E+01	23
9VAV_6|Chain	6VVY_5|Chain	46.600	15	259	531	1.715E+01	23
9VAV_6|Chain	6VVZ_5|Chain	46.600	15	259	531	1.715E+01	23
9VAV_6|Chain	7MKD_5|Chain	46.600	15	259	613	1.715E+01	23
9VAV_6|Chain	7MKI_6|Chain	46.600	15	259	613	1.715E+01	23
9VAV_6|Chain	7MKJ_5|Chain	46.600	15	259	613	1.715E+01	23
9VAV_6|Chain	7MKE_5|Chain	46.600	15	259	613	1.715E+01	23
9VAV_6|Chain	7SZJ_5|Chain	46.600	15	259	613	1.715E+01	23
9VAV_6|Chain	6VVY_3|Chain	100.000	8	259	1326	1.715E+01	23
9VAV_6|Chain	6VW0_3|Chain	100.000	8	259	1326	1.715E+01	23
9VAV_6|Chain	6EEC_3|Chain	100.000	8	259	1326	1.715E+01	23
9VAV_6|Chain	6EE8_3|Chain	100.000	8	259	1326	1.715E+01	23
9VAV_6|Chain	6VVX_3|Chain	100.000	8	259	1326	1.715E+01	23
9VAV_6|Chain	6VVZ_3|Chain	100.000	8	259	1326	1.715E+01	23
9VAV_6|Chain	7CN4_1|Chains	31.700	80	259	1267	5.283E+01	21
9UNU_3|Chain	7E5Z_1|Chain	32.000	75	81	995	1.073E-05	38
9UNU_3|Chain	6TGA_1|Chains	38.100	55	81	958	1.736E-03	32
9UNU_3|Chain	6TG9_1|Chains	38.100	55	81	958	1.736E-03	32
9UNU_3|Chain	7Q4W_2|Chains	33.900	56	81	470	2.386E-03	31
9UNU_3|Chain	8A6T_1|Chains	36.000	60	81	571	8.492E-03	30
9UNU_3|Chain	8A6T_2|Chains	34.600	49	81	630	1.166E-02	29
9UNU_3|Chain	7SZ0_1|Chains	34.300	30	81	1210	9.752E-01	24
9UNU_3|Chain	6DBU_2|Chains	33.300	24	81	533	1.195E+01	21
9UNU_3|Chain	7D3E_1|Chains	50.000	10	81	1551	2.226E+01	20
9UNU_3|Chain	7D3F_1|Chains	50.000	10	81	1551	2.226E+01	20
9UNU_3|Chain	6NQD_1|Chains	32.200	30	81	486	5.631E+01	19
