9T3X_1|Chain	6URG_1|Chain	100.000	1443	0.000E+00	2929
9T3X_1|Chain	6BM0_1|Chain	100.000	1443	0.000E+00	2929
9T3X_1|Chain	6BLY_1|Chain	100.000	1443	0.000E+00	2929
9SGO_1|Chains	7AG8_1|Chains	99.800	740	0.000E+00	1556
9SGO_1|Chains	7A7A_1|Chains	99.700	740	0.000E+00	1551
11NJ_1|Chains	7KA3_1|Chains	100.000	343	1.611E-231	704
11NJ_1|Chains	7KA2_1|Chains	100.000	343	1.611E-231	704
11NJ_1|Chains	7K9X_1|Chains	100.000	343	1.611E-231	704
11NJ_1|Chains	7KA4_1|Chains	100.000	343	1.611E-231	704
11NJ_1|Chains	7VDC_1|Chains	100.000	343	1.611E-231	704
11NJ_1|Chains	8EHG_1|Chains	100.000	343	1.611E-231	704
11NJ_1|Chains	8D44_1|Chains	71.800	341	4.518E-164	509
9OVN_1|Chains	7CN4_1|Chains	34.200	1068	7.554E-165	553
9OVN_1|Chains	6ZOY_1|Chains	33.900	1068	1.022E-164	553
9OVN_1|Chains	6ZOZ_1|Chains	33.900	1068	1.022E-164	553
9OVN_1|Chains	8DZI_1|Chains	34.200	1068	1.022E-164	553
9OVN_1|Chains	6VSB_1|Chains	33.800	1068	1.383E-164	552
9OVN_1|Chains	7RA8_1|Chains	33.800	1068	1.383E-164	552
9OVN_1|Chains	7KKL_1|Chains	33.800	1068	1.383E-164	552
9OVN_1|Chains	6XKL_1|Chains	33.800	1068	1.383E-164	552
9OVN_1|Chains	6XEY_1|Chains	33.800	1068	1.383E-164	552
9OVN_1|Chains	6ZP5_1|Chains	33.800	1068	1.383E-164	552
9OVN_1|Chains	7MY3_1|Chains	33.800	1068	1.383E-164	552
9OVN_1|Chains	6ZGF_1|Chains	34.400	1068	3.426E-164	551
9OVN_1|Chains	6ZP0_1|Chains	33.800	1068	4.635E-164	551
9OVN_1|Chains	7TPH_1|Chains	33.800	1068	4.635E-164	551
9OVN_1|Chains	7TP7_1|Chains	33.800	1068	4.635E-164	551
9OVN_1|Chains	7KDJ_1|Chains	34.000	1068	1.553E-163	549
9OVN_1|Chains	7EB0_1|Chains	33.900	1057	2.843E-163	548
9OVN_1|Chains	6X29_1|Chains	33.700	1068	5.202E-163	548
9OVN_1|Chains	7UB6_1|Chains	34.000	1068	7.037E-163	547
9OVN_1|Chains	7LYL_1|Chains	33.700	1068	1.742E-162	546
9OVN_1|Chains	7LYM_1|Chains	33.700	1068	1.742E-162	546
9OVN_1|Chains	7KDH_1|Chains	33.600	1068	2.356E-162	546
9OVN_1|Chains	7KE7_1|Chains	33.600	1068	3.187E-162	545
9OVN_1|Chains	7KEC_1|Chains	33.600	1068	3.187E-162	545
9OVN_1|Chains	7KEA_1|Chains	33.600	1068	3.187E-162	545
9OVN_1|Chains	7KE9_1|Chains	33.600	1068	3.187E-162	545
9OVN_1|Chains	7KEB_1|Chains	33.600	1068	3.187E-162	545
9OVN_1|Chains	8CSA_1|Chains	33.600	1068	3.187E-162	545
9OVN_1|Chains	7X27_1|Chains	31.000	1188	7.610E-148	502
9OVN_1|Chains	7YQT_1|Chains	33.000	1033	1.386E-147	501
9OVN_1|Chains	8CYJ_5|Chain	32.600	1033	2.056E-146	497
9OVN_1|Chains	7SBP_1|Chains	32.300	1033	1.240E-145	495
9OVN_1|Chains	7JJI_1|Chains	32.200	1033	1.672E-145	495
9OVN_1|Chains	7SBL_1|Chains	32.300	1033	1.672E-145	495
9OVN_1|Chains	7SBK_1|Chains	32.300	1033	1.672E-145	495
9OVN_1|Chains	7SBS_1|Chains	30.400	1267	4.105E-145	494
9OVN_1|Chains	7E7D_1|Chains	32.200	1034	2.472E-144	491
9OVN_1|Chains	7WEC_3|Chains	32.700	1033	3.334E-144	491
9OVN_1|Chains	7N1T_1|Chains	32.400	1033	3.334E-144	491
9OVN_1|Chains	7N1Q_1|Chains	32.400	1033	3.334E-144	491
9OVN_1|Chains	7N1U_1|Chains	32.300	1033	4.497E-144	490
9OVN_1|Chains	7KRS_1|Chains	32.400	1033	4.497E-144	490
9OVN_1|Chains	7WS5_1|Chains	32.600	1024	1.103E-143	489
9OVN_1|Chains	7XO5_1|Chains	32.600	1024	1.103E-143	489
9OVN_1|Chains	7TLB_1|Chains	32.100	1024	5.371E-142	484
9OVN_1|Chains	7TLA_1|Chains	32.100	1024	5.371E-142	484
9OVN_1|Chains	7Y42_1|Chains	31.900	946	2.065E-127	439
9OVN_1|Chains	7XU2_1|Chains	31.700	946	7.147E-126	435
9OVN_1|Chains	7XU4_1|Chains	31.700	946	9.600E-126	434
9OVN_1|Chains	7XU5_1|Chains	31.700	946	9.600E-126	434
9MZE_4|Chain	8CYJ_3|Chain	71.700	128	7.147E-54	179
9MZE_4|Chain	6XDG_3|Chain	71.000	128	8.948E-53	176
9MZE_4|Chain	7WS5_3|Chains	70.300	128	8.168E-52	173
9MZE_4|Chain	6XDG_4|Chain	70.300	128	2.638E-50	169
9MZE_4|Chain	7UDS_1|Chains	64.800	128	1.169E-48	164
9MZE_4|Chain	7JHH_7|Chain	68.700	128	3.016E-48	163
9MZE_4|Chain	6UKT_4|Chain	67.900	128	4.136E-48	162
9MZE_4|Chain	7M74_7|Chain	68.500	127	1.067E-47	161
9MZE_4|Chain	6TYS_2|Chains	66.400	128	1.463E-47	161
9MZE_4|Chain	7KKL_2|Chains	67.400	128	1.336E-46	158
9MZE_4|Chain	7M74_6|Chain	65.600	128	4.727E-46	156
9MZE_4|Chain	7JHH_6|Chain	65.600	128	4.727E-46	156
9MZE_4|Chain	8CYJ_2|Chain	66.900	127	6.483E-46	156
9MZE_4|Chain	7L5J_3|Chains	61.500	128	1.673E-45	155
9MZE_4|Chain	7PC2_1|Chains	60.100	132	1.527E-44	152
9MZE_4|Chain	8CYJ_4|Chain	64.800	128	5.402E-44	151
9MZE_4|Chain	6UKT_6|Chain	66.400	128	3.596E-43	148
9MZE_4|Chain	6UKT_3|Chain	63.200	128	4.501E-42	145
9MZE_4|Chain	8CYJ_1|Chain	61.000	128	6.174E-42	145
9MZE_4|Chain	6UKT_5|Chain	65.100	128	1.454E-40	141
9MZE_4|Chain	7DKJ_2|Chains	55.300	128	4.694E-39	136
9MZE_4|Chain	7MY3_2|Chains	57.000	128	3.124E-38	134
9MZE_4|Chain	6OZC_4|Chains	52.700	127	2.374E-35	126
9MZE_4|Chain	6PZZ_3|Chains	47.600	128	4.073E-34	122
9MZE_4|Chain	7LUC_2|Chains	46.800	128	7.660E-34	121
9MZE_4|Chain	8DZI_2|Chains	48.400	128	1.199E-31	115
9MZE_4|Chain	6XEY_2|Chains	45.000	128	1.199E-31	115
9MZE_4|Chain	7MFG_3|Chains	47.600	128	2.254E-31	114
9MZE_4|Chain	6U59_4|Chains	51.100	125	5.812E-31	113
9MZE_4|Chain	7UCG_5|Chains	48.800	132	1.093E-30	112
9MZE_4|Chain	6DFH_3|Chains	51.100	130	2.055E-30	111
9MZE_4|Chain	6VO1_3|Chains	50.300	128	9.966E-30	109
9MZE_4|Chain	7RA8_2|Chains	43.300	128	3.524E-29	108
9MZE_4|Chain	7LUC_4|Chains	44.100	129	4.832E-29	108
9MZE_4|Chain	6V4N_2|Chains	45.300	128	2.134E-27	103
9MZE_4|Chain	6OPO_5|Chains	42.900	128	7.544E-27	101
9MZE_4|Chain	6OPQ_5|Chains	42.900	128	7.544E-27	101
9MZE_4|Chain	6X5B_5|Chains	42.900	128	7.544E-27	101
9MZE_4|Chain	6OPP_5|Chains	42.900	128	7.544E-27	101
9MZE_4|Chain	7UCG_2|Chains	42.300	128	2.666E-26	100
9MZE_4|Chain	7LL2_3|Chains	41.400	128	9.422E-26	98
9MZE_4|Chain	7WEC_1|Chains	43.400	127	1.292E-25	98
9MZE_4|Chain	7LG6_6|Chains	44.900	128	3.329E-25	96
9MZE_4|Chain	7PC2_5|Chains	40.100	128	4.155E-24	93
9MZE_4|Chain	7LL1_3|Chains	33.000	128	1.882E-19	80
9MZE_4|Chain	7LG6_2|Chains	33.000	128	1.882E-19	80
9MZE_4|Chain	6NQD_3|Chains	34.200	132	3.255E-15	68
9MZE_4|Chain	8DZI_3|Chains	38.100	96	2.816E-08	48
9MZE_4|Chain	7WEC_2|Chains	33.500	126	1.334E-07	46
9MZE_4|Chain	7WS5_2|Chains	33.000	95	4.042E-06	41
9MZE_4|Chain	7LUC_5|Chains	33.300	95	1.893E-05	39
9MZE_4|Chain	7MFG_4|Chains	34.000	96	1.631E-04	36
9MZE_4|Chain	6VO1_4|Chains	31.300	82	2.217E-04	36
9XGW_2|Chain	8DZI_3|Chains	95.400	109	1.846E-63	205
9XGW_2|Chain	7WEC_2|Chains	87.900	108	1.615E-58	191
9XGW_2|Chain	7MFG_4|Chains	86.200	109	5.226E-57	187
9XGW_2|Chain	6OPQ_2|Chains	77.200	109	3.052E-51	170
9XGW_2|Chain	6OPO_2|Chains	77.200	109	3.052E-51	170
9XGW_2|Chain	6X5B_3|Chains	77.200	109	3.052E-51	170
9XGW_2|Chain	6OPP_1|Chains	77.200	109	3.052E-51	170
9XGW_2|Chain	6PZZ_2|Chains	71.500	109	2.135E-47	159
9XGW_2|Chain	7WS5_2|Chains	68.800	109	1.423E-46	157
9XGW_2|Chain	7PC2_2|Chains	69.700	109	1.302E-45	154
9XGW_2|Chain	6XDG_2|Chain	66.000	109	4.219E-44	150
9XGW_2|Chain	6VO1_4|Chains	65.100	109	7.942E-44	149
9XGW_2|Chain	7LUC_5|Chains	66.000	109	2.051E-43	148
9XGW_2|Chain	6OZC_3|Chains	63.300	109	1.251E-41	143
9XGW_2|Chain	6V4N_3|Chains	64.200	109	8.345E-41	140
9XGW_2|Chain	7L5J_2|Chains	63.300	109	1.145E-40	140
9XGW_2|Chain	7LL1_4|Chains	62.300	109	2.957E-40	139
9XGW_2|Chain	7LG6_3|Chains	62.300	109	2.957E-40	139
9XGW_2|Chain	6NQD_4|Chains	57.700	109	1.972E-39	136
9XGW_2|Chain	6TYS_3|Chains	59.600	109	6.395E-38	132
9XGW_2|Chain	7LL2_4|Chains	59.200	110	4.266E-37	130
9XGW_2|Chain	7LUC_3|Chains	56.600	112	1.102E-36	128
9XGW_2|Chain	7DKJ_3|Chains	55.000	109	5.357E-36	126
9XGW_2|Chain	6U59_3|Chains	56.200	112	3.271E-34	121
9XGW_2|Chain	7RA8_3|Chains	52.200	112	1.117E-29	108
9XGW_2|Chain	6XEY_3|Chains	49.500	106	1.403E-28	105
9XGW_2|Chain	6UKT_4|Chain	30.000	122	8.959E-10	51
9XGW_2|Chain	7MFG_3|Chains	36.700	105	1.682E-09	50
9XGW_2|Chain	8CYJ_4|Chain	32.500	125	4.326E-09	49
9XGW_2|Chain	6UKT_5|Chain	31.600	119	4.326E-09	49
9XGW_2|Chain	7M74_7|Chain	31.600	119	8.118E-09	48
9XGW_2|Chain	6UKT_3|Chain	31.300	112	8.118E-09	48
9XGW_2|Chain	7JHH_7|Chain	31.600	119	8.118E-09	48
9XGW_2|Chain	7KKL_2|Chains	32.700	117	1.523E-08	48
9XGW_2|Chain	6TYS_2|Chains	33.300	116	5.358E-08	46
9XGW_2|Chain	6XEY_2|Chains	29.900	107	4.830E-07	43
9XGW_2|Chain	6UKT_6|Chain	32.200	122	4.830E-07	43
9XGW_2|Chain	8DZI_2|Chains	31.600	116	9.045E-07	42
9XGW_2|Chain	8CYJ_2|Chain	32.200	95	9.045E-07	42
9XGW_2|Chain	8CYJ_3|Chain	31.900	96	3.169E-06	41
9XGW_2|Chain	7MY3_2|Chains	30.200	86	5.929E-06	40
9XGW_2|Chain	7LUC_4|Chains	30.900	96	3.871E-05	38
9XGW_2|Chain	8CYJ_1|Chain	31.000	99	3.434E-04	35
9OI3_3|Chains	6V4N_2|Chains	74.400	134	2.460E-60	198
9OI3_3|Chains	6DFH_3|Chains	71.200	137	5.789E-59	194
9OI3_3|Chains	7UCG_5|Chains	68.300	139	2.562E-57	189
9OI3_3|Chains	7LL2_3|Chains	62.600	134	1.230E-49	167
9OI3_3|Chains	7LG6_6|Chains	66.900	134	8.181E-49	165
9OI3_3|Chains	6VO1_3|Chains	67.400	127	2.640E-47	160
9OI3_3|Chains	6XDG_3|Chain	54.000	134	1.580E-38	135
9OI3_3|Chains	7M74_6|Chain	53.500	134	5.094E-37	131
9OI3_3|Chains	7JHH_6|Chain	53.500	134	5.094E-37	131
9OI3_3|Chains	6XDG_4|Chain	52.200	134	9.578E-37	130
9OI3_3|Chains	7UDS_1|Chains	50.700	134	5.803E-35	125
9OI3_3|Chains	6PZZ_3|Chains	46.300	134	6.605E-33	119
9OI3_3|Chains	7PC2_1|Chains	46.400	138	1.242E-32	118
9OI3_3|Chains	7L5J_3|Chains	47.400	134	2.126E-31	115
9OI3_3|Chains	7WS5_3|Chains	46.800	127	3.997E-31	114
9OI3_3|Chains	8DZI_2|Chains	44.500	127	3.639E-30	111
9OI3_3|Chains	6XEY_2|Chains	45.300	127	4.989E-30	111
9OI3_3|Chains	7DKJ_2|Chains	43.100	129	4.989E-30	111
9OI3_3|Chains	8CYJ_3|Chain	45.700	128	6.840E-30	110
9OI3_3|Chains	7LUC_4|Chains	44.900	129	1.763E-29	109
9OI3_3|Chains	6U59_4|Chains	47.500	124	4.542E-29	108
9OI3_3|Chains	6TYS_2|Chains	44.600	129	2.199E-28	106
9OI3_3|Chains	6VTT_2|Chain	42.800	152	2.199E-28	106
9OI3_3|Chains	6UKT_4|Chain	47.600	127	1.065E-27	104
9OI3_3|Chains	7MFG_3|Chains	41.400	127	1.460E-27	104
9OI3_3|Chains	7JHH_7|Chain	46.800	127	2.743E-27	103
9OI3_3|Chains	6OZC_4|Chains	44.400	134	3.760E-27	102
9OI3_3|Chains	7UCG_2|Chains	40.700	134	5.154E-27	102
9OI3_3|Chains	7M74_7|Chain	46.400	126	9.684E-27	101
9OI3_3|Chains	8CYJ_2|Chain	44.800	126	6.424E-26	99
9OI3_3|Chains	6OPO_5|Chains	40.700	135	1.654E-25	98
9OI3_3|Chains	6OPQ_5|Chains	40.700	135	1.654E-25	98
9OI3_3|Chains	6X5B_5|Chains	40.700	135	1.654E-25	98
9OI3_3|Chains	6OPP_5|Chains	40.700	135	1.654E-25	98
9OI3_3|Chains	7LUC_2|Chains	40.600	127	2.267E-25	97
9OI3_3|Chains	7RA8_2|Chains	41.400	127	2.267E-25	97
9OI3_3|Chains	8CYJ_4|Chain	43.400	127	3.108E-25	97
9OI3_3|Chains	7PC2_5|Chains	39.700	134	8.002E-25	96
9OI3_3|Chains	6UKT_5|Chain	42.500	127	3.870E-24	94
9OI3_3|Chains	6UKT_3|Chain	40.900	127	1.871E-23	92
9OI3_3|Chains	8CYJ_1|Chain	41.100	127	1.124E-21	87
9OI3_3|Chains	7WEC_1|Chains	37.500	126	7.439E-21	84
9OI3_3|Chains	7KKL_2|Chains	42.100	127	7.439E-21	84
9OI3_3|Chains	6UKT_6|Chain	40.400	127	1.396E-20	83
9OI3_3|Chains	7LL1_3|Chains	36.800	134	6.738E-20	81
9OI3_3|Chains	7LG6_2|Chains	36.800	134	6.738E-20	81
9OI3_3|Chains	7MY3_2|Chains	38.500	127	1.144E-18	78
9OI3_3|Chains	6NQD_3|Chains	33.100	139	3.280E-16	71
9OI3_3|Chains	8DZI_3|Chains	28.500	98	8.589E-04	34
9OI3_3|Chains	6U59_3|Chains	31.700	82	8.589E-04	34
9NI3_2|Chain	7UPI_1|Chain	56.000	166	1.618E-53	181
9NI3_2|Chain	7USD_6|Chain	30.300	176	1.749E-19	83
10ZL_2|Chains	8ENO_1|Chains	71.400	480	1.219E-239	736
10ZL_2|Chains	8ENN_1|Chains	71.400	480	1.219E-239	736
10ZL_2|Chains	8CRS_1|Chains	71.400	480	1.219E-239	736
10ZL_2|Chains	8ENM_1|Chains	71.400	480	1.219E-239	736
9XH2_1|Chain	6UKT_2|Chain	54.400	322	4.334E-104	336
9WP6_1|Chains	7V4H_1|Chains	77.300	353	1.058E-199	616
9WP6_1|Chains	7V4L_1|Chains	76.400	353	1.187E-197	610
9WP6_1|Chains	7V4I_1|Chains	76.400	353	1.187E-197	610
9WP6_1|Chains	7U5N_1|Chains	55.800	341	5.347E-129	412
20ZD_1|Chain	6UKT_2|Chain	99.600	323	9.506E-218	664
9MZE_5|Chain	7S15_1|Chain	97.900	399	4.340E-268	818
32QB_1|Chain	7OCF_3|Chains	29.400	153	8.357E-15	67
9OSU_1|Chains	7MFG_1|Chains	96.000	326	3.884E-219	667
9OSU_1|Chains	7DKJ_1|Chains	56.400	326	3.170E-130	410
9NJ3_2|Chains	7JHH_6|Chain	79.800	239	1.204E-118	372
9NJ3_2|Chains	6XDG_3|Chain	79.400	238	9.931E-117	366
9NJ3_2|Chains	6XDG_4|Chain	79.700	237	8.188E-115	361
9NJ3_2|Chains	7M74_6|Chain	79.400	234	2.108E-114	360
9NJ3_2|Chains	6VTT_2|Chain	76.500	250	3.958E-114	359
9NJ3_2|Chains	7UDS_1|Chains	76.700	237	5.425E-114	359
9NJ3_2|Chains	7UCG_5|Chains	69.500	239	4.362E-102	324
9NJ3_2|Chains	6OZC_4|Chains	72.100	233	7.431E-101	321
9NJ3_2|Chains	7UCG_2|Chains	66.900	239	9.237E-100	317
9NJ3_2|Chains	6PZZ_3|Chains	68.500	235	4.462E-99	316
9NJ3_2|Chains	7U9G_3|Chains	69.900	236	1.148E-98	314
9NJ3_2|Chains	6DFH_3|Chains	71.100	235	2.679E-97	310
9NJ3_2|Chains	7PC2_5|Chains	64.000	235	1.811E-93	299
9NJ3_2|Chains	6V4N_2|Chains	68.000	235	2.482E-93	299
9NJ3_2|Chains	6OPO_5|Chains	65.800	233	1.198E-92	297
9NJ3_2|Chains	6OPQ_5|Chains	65.800	233	1.198E-92	297
9NJ3_2|Chains	6X5B_5|Chains	65.800	233	1.198E-92	297
9NJ3_2|Chains	6OPP_5|Chains	65.800	233	1.198E-92	297
9NJ3_2|Chains	7LG6_6|Chains	67.000	236	3.082E-92	296
9NJ3_2|Chains	7LL2_3|Chains	65.900	235	4.754E-90	289
9NJ3_2|Chains	7LG6_2|Chains	61.400	236	6.513E-90	289
9NJ3_2|Chains	7LL1_3|Chains	61.500	234	2.080E-88	285
9NJ3_2|Chains	6NQD_3|Chains	62.100	239	1.129E-85	277
9NJ3_2|Chains	7L5J_3|Chains	59.400	234	3.262E-83	270
9NJ3_2|Chains	7PC2_1|Chains	54.200	221	3.888E-66	220
9NJ3_2|Chains	7WS5_3|Chains	71.900	132	4.789E-53	183
9NJ3_2|Chains	8CYJ_3|Chain	63.700	132	1.191E-46	164
9NJ3_2|Chains	6TYS_2|Chains	61.100	134	1.539E-40	146
9NJ3_2|Chains	8CYJ_2|Chain	59.500	131	1.539E-40	146
9NJ3_2|Chains	7KKL_2|Chains	59.000	132	1.871E-39	143
9NJ3_2|Chains	8CYJ_1|Chain	58.800	132	6.519E-39	141
9NJ3_2|Chains	6UKT_4|Chain	57.500	132	1.217E-38	141
9NJ3_2|Chains	7JHH_7|Chain	56.800	132	7.908E-38	138
9NJ3_2|Chains	7M74_7|Chain	56.400	131	2.015E-37	137
9NJ3_2|Chains	8CYJ_4|Chain	56.700	132	2.753E-37	137
9NJ3_2|Chains	7DKJ_2|Chains	54.400	134	2.753E-37	137
9NJ3_2|Chains	6UKT_6|Chain	57.500	132	5.136E-37	136
9NJ3_2|Chains	6XEY_2|Chains	46.900	132	1.582E-35	132
9NJ3_2|Chains	6UKT_3|Chain	54.500	132	1.089E-32	123
9NJ3_2|Chains	6UKT_5|Chain	56.000	132	2.765E-32	122
9NJ3_2|Chains	7RA8_2|Chains	44.700	130	8.418E-31	118
9NJ3_2|Chains	7MY3_2|Chains	50.000	132	8.418E-31	118
9NJ3_2|Chains	7LUC_4|Chains	47.700	132	8.418E-31	118
9NJ3_2|Chains	7MFG_3|Chains	44.600	132	1.566E-30	117
9NJ3_2|Chains	7LUC_2|Chains	41.600	132	3.478E-29	113
9NJ3_2|Chains	7WEC_1|Chains	42.400	131	9.125E-27	106
9NJ3_2|Chains	7JHH_5|Chain	28.300	235	4.928E-14	68
9NJ3_2|Chains	6PZZ_2|Chains	30.100	221	1.212E-13	67
9NJ3_2|Chains	7M74_5|Chain	29.300	214	2.977E-13	66
9NJ3_2|Chains	7LL2_4|Chains	26.700	235	9.845E-13	64
9NJ3_2|Chains	7U9G_2|Chains	28.600	222	1.935E-11	60
9NJ3_2|Chains	7PC2_6|Chains	25.900	235	1.540E-10	57
9NJ3_2|Chains	7FJE_6|Chain	30.600	180	2.781E-10	57
9XWM_3|Chain	6XDG_2|Chain	61.200	111	5.816E-43	147
9XWM_3|Chain	7WS5_2|Chains	63.300	111	2.060E-42	145
9XWM_3|Chain	6PZZ_2|Chains	60.300	111	1.885E-41	142
9XWM_3|Chain	6OPQ_2|Chains	60.100	111	1.150E-39	137
9XWM_3|Chain	6OPO_2|Chains	60.100	111	1.150E-39	137
9XWM_3|Chain	6X5B_3|Chains	60.100	111	1.150E-39	137
9XWM_3|Chain	6OPP_1|Chains	60.100	111	1.150E-39	137
9XWM_3|Chain	7LUC_5|Chains	56.700	111	2.164E-39	136
9XWM_3|Chain	6V4N_3|Chains	58.500	111	2.164E-39	136
9XWM_3|Chain	7DKJ_3|Chains	57.600	111	1.052E-38	134
9XWM_3|Chain	8DZI_3|Chains	57.600	111	1.980E-38	134
9XWM_3|Chain	6TYS_3|Chains	55.800	111	1.320E-37	131
9XWM_3|Chain	6VO1_4|Chains	55.800	111	3.410E-37	130
9XWM_3|Chain	7WEC_2|Chains	54.500	110	2.274E-36	128
9XWM_3|Chain	7LUC_3|Chains	53.500	112	1.904E-34	122
9XWM_3|Chain	6OZC_3|Chains	54.000	111	2.612E-34	122
9XWM_3|Chain	7MFG_4|Chains	51.300	111	2.390E-33	119
9XWM_3|Chain	7PC2_2|Chains	52.600	111	1.459E-31	114
9XWM_3|Chain	7LL2_4|Chains	51.300	111	3.768E-31	113
9XWM_3|Chain	6NQD_4|Chains	47.700	111	7.094E-31	112
9XWM_3|Chain	6U59_3|Chains	48.600	112	1.832E-30	111
9XWM_3|Chain	7RA8_3|Chains	49.100	109	3.488E-23	90
9XWM_3|Chain	6XEY_3|Chains	44.400	107	2.326E-22	87
9XWM_3|Chain	6UKT_5|Chain	29.700	118	1.632E-08	48
9XWM_3|Chain	7LUC_2|Chains	31.000	95	7.053E-07	43
9XWM_3|Chain	6UKT_4|Chain	27.900	108	1.320E-06	42
9XWM_3|Chain	7M74_7|Chain	26.800	118	1.611E-05	39
9XWM_3|Chain	7JHH_7|Chain	26.800	118	1.611E-05	39
9XWM_3|Chain	8CYJ_4|Chain	26.400	103	2.201E-05	38
9XWM_3|Chain	6UKT_6|Chain	26.600	121	3.630E-04	35
11ND_1|Chains	8ENM_1|Chains	100.000	492	0.000E+00	1023
11ND_1|Chains	8CRS_1|Chains	100.000	480	0.000E+00	1003
11ND_1|Chains	8ENO_1|Chains	100.000	477	0.000E+00	996
11ND_1|Chains	8ENN_1|Chains	100.000	477	0.000E+00	996
9VAV_6|Chain	7WVF_4|Chain	49.000	258	9.692E-64	214
9VAV_6|Chain	7UCG_2|Chains	33.200	257	1.552E-30	118
9VAV_6|Chain	7UCG_5|Chains	31.200	257	8.692E-27	107
9VAV_6|Chain	6V4N_2|Chains	31.100	256	2.959E-24	99
9VAV_6|Chain	6NQD_3|Chains	26.600	258	2.129E-14	70
9OSU_2|Chains	7MFG_2|Chains	98.200	176	2.491E-114	359
9OI3_2|Chains	7MFG_2|Chains	98.200	176	2.491E-114	359
9XI7_4|Chains	6XDG_5|Chain	83.400	217	2.463E-113	355
9XI7_4|Chains	6VTT_3|Chain	82.500	217	5.765E-112	351
9XI7_4|Chains	6DFH_4|Chains	80.800	214	1.388E-107	339
9XI7_4|Chains	7UCG_3|Chains	79.700	217	1.728E-106	336
9XI7_4|Chains	7U9G_2|Chains	57.700	217	4.248E-73	239
9XI7_4|Chains	7RA8_3|Chains	92.000	113	5.009E-62	207
9XI7_4|Chains	7L5J_2|Chains	47.500	206	3.053E-51	176
9XI7_4|Chains	7UCG_6|Chains	46.400	206	2.477E-49	171
9XI7_4|Chains	6XDG_2|Chain	44.400	213	1.071E-47	166
9XI7_4|Chains	6OPQ_2|Chains	44.100	201	1.805E-46	162
9XI7_4|Chains	6OPO_2|Chains	44.100	201	1.805E-46	162
9XI7_4|Chains	6X5B_3|Chains	44.100	201	1.805E-46	162
9XI7_4|Chains	6OPP_1|Chains	44.100	201	1.805E-46	162
9XI7_4|Chains	6PZZ_2|Chains	45.400	214	2.470E-46	162
9XI7_4|Chains	7JHH_5|Chain	44.900	213	4.626E-46	161
9XI7_4|Chains	7M74_5|Chain	45.500	201	1.185E-45	160
9XI7_4|Chains	7UDS_2|Chains	44.600	201	2.220E-45	159
9XI7_4|Chains	6XEY_3|Chains	70.200	111	1.065E-44	157
9XI7_4|Chains	7PC2_2|Chains	42.000	214	4.586E-43	153
9XI7_4|Chains	6NQD_4|Chains	43.100	213	1.174E-42	151
9XI7_4|Chains	7LG6_5|Chains	41.500	213	3.007E-42	150
9XI7_4|Chains	6V4N_3|Chains	42.400	213	4.113E-42	150
9XI7_4|Chains	6OZC_3|Chains	42.400	202	5.627E-42	149
9XI7_4|Chains	7LL1_4|Chains	40.200	216	9.437E-41	146
9XI7_4|Chains	7LG6_3|Chains	40.200	216	9.437E-41	146
9XI7_4|Chains	7LL2_4|Chains	41.800	214	9.437E-41	146
9XI7_4|Chains	7PC2_6|Chains	40.300	213	6.760E-38	138
9XI7_4|Chains	6XDG_4|Chain	32.500	210	5.224E-21	88
9XI7_4|Chains	6NQD_3|Chains	31.400	222	5.283E-19	82
9XI7_4|Chains	7FJE_6|Chain	31.700	201	5.244E-17	76
10ZL_1|Chains	8ENM_2|Chains	52.600	523	1.563E-181	569
10ZL_1|Chains	8CRS_2|Chains	52.600	521	4.009E-181	567
10ZL_1|Chains	8ENO_2|Chains	52.600	521	4.009E-181	567
10ZL_1|Chains	8ENN_2|Chains	52.600	521	4.009E-181	567
9ZRY_1|Chain	6XDG_3|Chain	78.500	233	1.379E-111	352
9ZRY_1|Chain	6XDG_4|Chain	78.500	233	4.864E-111	350
9ZRY_1|Chain	7UDS_1|Chains	76.500	233	7.523E-109	344
9ZRY_1|Chain	7JHH_6|Chain	76.800	233	2.653E-108	342
9ZRY_1|Chain	7M74_6|Chain	76.700	232	4.520E-107	339
9ZRY_1|Chain	6VTT_2|Chain	71.300	248	6.987E-105	332
9ZRY_1|Chain	6OZC_4|Chains	70.100	231	3.528E-98	313
9ZRY_1|Chain	7UCG_5|Chains	65.900	243	2.383E-94	302
9ZRY_1|Chain	6DFH_3|Chains	68.300	233	1.151E-93	300
9ZRY_1|Chain	6V4N_2|Chains	64.200	244	2.160E-93	299
9ZRY_1|Chain	6PZZ_3|Chains	66.000	233	6.897E-92	295
9ZRY_1|Chain	7UCG_2|Chains	63.400	241	2.202E-90	291
9ZRY_1|Chain	7U9G_3|Chains	66.500	233	4.133E-90	290
9ZRY_1|Chain	7LG6_6|Chains	65.800	233	4.647E-88	284
9ZRY_1|Chain	7LL2_3|Chains	63.900	233	2.031E-86	279
9ZRY_1|Chain	6OPO_5|Chains	64.200	231	2.783E-86	279
9ZRY_1|Chain	6OPQ_5|Chains	64.200	231	2.783E-86	279
9ZRY_1|Chain	6X5B_5|Chains	64.200	231	2.783E-86	279
9ZRY_1|Chain	6OPP_5|Chains	64.200	231	2.783E-86	279
9ZRY_1|Chain	7PC2_5|Chains	62.400	233	5.222E-86	278
9ZRY_1|Chain	7LG6_2|Chains	60.500	233	3.876E-83	270
9ZRY_1|Chain	7LL1_3|Chains	59.900	232	1.692E-81	265
9ZRY_1|Chain	6NQD_3|Chains	60.200	244	8.160E-81	263
9ZRY_1|Chain	7L5J_3|Chains	62.200	228	1.253E-78	257
9ZRY_1|Chain	7PC2_1|Chains	47.900	240	2.448E-57	195
9ZRY_1|Chain	8CYJ_3|Chain	69.200	130	3.610E-49	171
9ZRY_1|Chain	7WS5_3|Chains	69.200	130	4.420E-48	168
9ZRY_1|Chain	7KKL_2|Chains	64.600	130	5.715E-42	151
9ZRY_1|Chain	8CYJ_4|Chain	60.400	130	6.949E-41	147
9ZRY_1|Chain	8CYJ_2|Chain	62.400	129	6.177E-40	145
9ZRY_1|Chain	6UKT_4|Chain	62.100	130	2.939E-39	143
9ZRY_1|Chain	7JHH_7|Chain	60.700	130	7.493E-39	141
9ZRY_1|Chain	8CYJ_1|Chain	60.900	130	2.311E-37	137
9ZRY_1|Chain	6UKT_3|Chain	60.700	130	8.037E-37	136
9ZRY_1|Chain	6UKT_6|Chain	61.500	130	1.498E-36	135
9ZRY_1|Chain	7DKJ_2|Chains	55.900	132	9.705E-36	132
9ZRY_1|Chain	6UKT_5|Chain	59.200	130	4.059E-34	128
9ZRY_1|Chain	7MY3_2|Chains	53.000	130	2.024E-31	120
9ZRY_1|Chain	6XEY_2|Chains	45.300	130	9.945E-29	112
9ZRY_1|Chain	7WVF_4|Chain	32.700	258	1.608E-27	108
9ZRY_1|Chain	7RA8_2|Chains	43.100	128	5.531E-27	107
9ZRY_1|Chain	7LUC_4|Chains	45.300	130	1.646E-25	102
9ZRY_1|Chain	7WEC_1|Chains	42.500	129	1.408E-20	88
9ZRY_1|Chain	6DFH_4|Chains	30.200	222	3.557E-15	72
9ZRY_1|Chain	7U9G_2|Chains	28.400	230	1.420E-12	64
9ZRY_1|Chain	7FJE_6|Chain	28.500	178	3.283E-07	47
9OI3_1|Chains	7MFG_1|Chains	96.000	326	3.884E-219	667
9OI3_1|Chains	7DKJ_1|Chains	56.400	326	3.170E-130	410
9XI7_3|Chains	6PZZ_3|Chains	85.000	227	2.330E-117	368
9XI7_3|Chains	6OPO_5|Chains	80.700	229	9.557E-112	351
9XI7_3|Chains	6OPQ_5|Chains	80.700	229	9.557E-112	351
9XI7_3|Chains	6X5B_5|Chains	80.700	229	9.557E-112	351
9XI7_3|Chains	6OPP_5|Chains	80.700	229	9.557E-112	351
9XI7_3|Chains	7UCG_2|Chains	78.900	228	2.526E-108	342
9XI7_3|Chains	7JHH_6|Chain	75.100	230	1.520E-106	336
9XI7_3|Chains	6XDG_3|Chain	75.800	228	1.381E-105	334
9XI7_3|Chains	7M74_6|Chain	74.800	228	1.254E-104	331
9XI7_3|Chains	6XDG_4|Chain	75.500	228	4.015E-103	327
9XI7_3|Chains	7PC2_5|Chains	74.800	227	2.415E-101	321
9XI7_3|Chains	7UDS_1|Chains	71.600	228	7.733E-100	317
9XI7_3|Chains	6VTT_2|Chain	67.000	249	4.220E-97	309
9XI7_3|Chains	6NQD_3|Chains	68.900	236	2.536E-95	304
9XI7_3|Chains	7LG6_2|Chains	69.000	231	3.154E-94	301
9XI7_3|Chains	6DFH_3|Chains	70.500	233	3.154E-94	301
9XI7_3|Chains	7LL1_3|Chains	69.200	229	1.009E-92	297
9XI7_3|Chains	7UCG_5|Chains	66.600	236	1.383E-92	296
9XI7_3|Chains	7U9G_3|Chains	68.200	228	1.383E-92	296
9XI7_3|Chains	7LL2_3|Chains	68.500	227	4.422E-91	292
9XI7_3|Chains	6OZC_4|Chains	67.500	225	2.136E-90	290
9XI7_3|Chains	7LG6_6|Chains	67.500	228	2.928E-90	289
9XI7_3|Chains	6V4N_2|Chains	66.000	228	9.361E-89	285
9XI7_3|Chains	7L5J_3|Chains	53.500	226	1.297E-69	230
9XI7_3|Chains	7MFG_3|Chains	80.600	124	5.829E-56	190
9XI7_3|Chains	7RA8_2|Chains	77.400	124	2.273E-53	183
9XI7_3|Chains	6XEY_2|Chains	70.100	124	2.501E-48	168
9XI7_3|Chains	7PC2_1|Chains	43.100	221	4.141E-44	156
9XI7_3|Chains	7LUC_2|Chains	64.500	124	2.425E-42	151
9XI7_3|Chains	8DZI_2|Chains	62.900	124	1.585E-41	149
9XI7_3|Chains	7WEC_1|Chains	66.100	123	3.229E-39	142
9XI7_3|Chains	7LUC_4|Chains	55.700	129	2.878E-38	139
9XI7_3|Chains	7WS5_3|Chains	52.400	124	2.456E-34	128
9XI7_3|Chains	6TYS_2|Chains	51.500	126	1.927E-32	122
9XI7_3|Chains	8CYJ_3|Chain	48.400	128	9.137E-32	120
9XI7_3|Chains	8CYJ_2|Chain	50.800	124	1.247E-31	120
9XI7_3|Chains	8CYJ_4|Chain	46.800	127	2.164E-28	110
9XI7_3|Chains	7JHH_7|Chain	47.600	124	3.529E-27	107
9XI7_3|Chains	7DKJ_2|Chains	44.500	126	6.558E-27	106
9XI7_3|Chains	7M74_7|Chain	47.200	123	8.940E-27	106
9XI7_3|Chains	7KKL_2|Chains	46.700	124	3.086E-26	104
9XI7_3|Chains	8CYJ_1|Chain	43.800	127	5.732E-26	103
9XI7_3|Chains	6UKT_4|Chain	46.700	124	1.064E-25	102
9XI7_3|Chains	6U59_4|Chains	46.200	121	4.997E-25	100
9XI7_3|Chains	6VO1_3|Chains	44.000	124	5.917E-24	97
9XI7_3|Chains	6UKT_6|Chain	44.800	124	8.058E-24	97
9XI7_3|Chains	7MY3_2|Chains	42.700	124	6.029E-22	91
9XI7_3|Chains	6UKT_3|Chain	42.700	124	9.593E-21	88
9XI7_3|Chains	6UKT_5|Chain	42.700	124	1.773E-20	87
9XI7_3|Chains	6OPQ_2|Chains	31.300	212	3.122E-16	74
9XI7_3|Chains	6OPO_2|Chains	31.300	212	3.122E-16	74
9XI7_3|Chains	7LG6_5|Chains	29.700	226	3.122E-16	74
9XI7_3|Chains	6X5B_3|Chains	31.300	212	3.122E-16	74
9XI7_3|Chains	6OPP_1|Chains	31.300	212	3.122E-16	74
9XI7_3|Chains	6PZZ_2|Chains	30.400	213	2.612E-15	72
9XI7_3|Chains	7JHH_5|Chain	28.800	226	3.536E-15	71
9XI7_3|Chains	7M74_5|Chain	30.000	198	1.605E-14	69
9XI7_3|Chains	7U9G_2|Chains	29.200	224	2.938E-14	68
9XI7_3|Chains	7LL2_4|Chains	28.000	226	3.973E-14	68
9XI7_3|Chains	7PC2_6|Chains	25.800	226	1.394E-09	54
11TD_3|Chain	7JHH_5|Chain	96.700	214	1.680E-127	396
11TD_3|Chain	7M74_5|Chain	96.600	211	1.013E-125	391
11TD_3|Chain	6PZZ_2|Chains	91.000	213	1.475E-119	373
11TD_3|Chain	6XDG_2|Chain	89.200	213	3.140E-117	366
11TD_3|Chain	6V4N_3|Chains	88.700	213	5.363E-116	363
11TD_3|Chain	6OZC_3|Chains	87.300	213	7.351E-116	362
11TD_3|Chain	7UDS_2|Chains	87.200	212	6.682E-115	360
11TD_3|Chain	7LL2_4|Chains	86.100	215	1.141E-113	356
11TD_3|Chain	6NQD_4|Chains	84.500	213	1.772E-111	350
11TD_3|Chain	6OPQ_2|Chains	82.200	214	3.025E-110	346
11TD_3|Chain	6OPO_2|Chains	82.200	214	3.025E-110	346
11TD_3|Chain	6X5B_3|Chains	82.200	214	3.025E-110	346
11TD_3|Chain	6OPP_1|Chains	82.200	214	3.025E-110	346
11TD_3|Chain	7LG6_5|Chains	82.500	212	6.435E-108	340
11TD_3|Chain	7PC2_2|Chains	80.200	213	2.064E-106	335
11TD_3|Chain	7LL1_4|Chains	78.700	212	1.130E-103	327
11TD_3|Chain	7LG6_3|Chains	78.700	212	1.130E-103	327
11TD_3|Chain	7PC2_6|Chains	79.300	213	6.808E-102	322
11TD_3|Chain	7U9G_2|Chains	74.600	212	6.879E-89	285
11TD_3|Chain	7UCG_6|Chains	68.400	209	1.014E-79	258
11TD_3|Chain	7L5J_2|Chains	61.600	211	6.859E-76	247
11TD_3|Chain	7WS5_2|Chains	84.200	108	4.574E-50	173
11TD_3|Chain	6VO1_4|Chains	79.600	108	1.605E-46	162
11TD_3|Chain	7LUC_5|Chains	75.900	108	3.702E-45	158
11TD_3|Chain	6XDG_5|Chain	43.400	203	2.431E-44	156
11TD_3|Chain	6DFH_4|Chains	42.600	205	2.683E-42	150
11TD_3|Chain	7UCG_3|Chains	41.500	200	6.872E-42	149
11TD_3|Chain	8DZI_3|Chains	71.800	109	4.506E-41	147
11TD_3|Chain	6VTT_3|Chain	41.200	204	6.164E-41	146
11TD_3|Chain	6TYS_3|Chains	68.500	108	1.414E-39	142
11TD_3|Chain	7DKJ_3|Chains	64.800	108	1.549E-37	136
11TD_3|Chain	7WEC_2|Chains	67.500	107	2.896E-37	136
11TD_3|Chain	7MFG_4|Chains	63.300	108	1.236E-35	131
11TD_3|Chain	6U59_3|Chains	59.200	112	8.356E-30	114
11TD_3|Chain	7LUC_3|Chains	51.300	112	3.094E-27	106
11TD_3|Chain	6XDG_4|Chain	33.900	202	1.667E-18	81
11TD_3|Chain	7M74_6|Chain	31.200	222	1.219E-16	75
11TD_3|Chain	6PZZ_3|Chains	28.300	203	2.948E-14	68
11TD_3|Chain	6VTT_2|Chain	30.300	227	1.820E-13	66
11TD_3|Chain	7FJE_5|Chain	34.200	138	2.047E-12	63
11TD_3|Chain	7PC2_1|Chains	28.600	186	7.573E-11	58
11TD_3|Chain	7JHH_7|Chain	32.200	120	1.401E-05	42
9W35_1|Chains	7Z19_5|Chain	35.100	199	2.285E-27	107
9W35_1|Chains	7D09_2|Chains	31.500	199	7.904E-27	106
11TL_3|Chain	7JHH_5|Chain	96.700	214	1.680E-127	396
11TL_3|Chain	7M74_5|Chain	96.600	211	1.013E-125	391
11TL_3|Chain	6PZZ_2|Chains	91.000	213	1.475E-119	373
11TL_3|Chain	6XDG_2|Chain	89.200	213	3.140E-117	366
11TL_3|Chain	6V4N_3|Chains	88.700	213	5.363E-116	363
11TL_3|Chain	6OZC_3|Chains	87.300	213	7.351E-116	362
11TL_3|Chain	7UDS_2|Chains	87.200	212	6.682E-115	360
11TL_3|Chain	7LL2_4|Chains	86.100	215	1.141E-113	356
11TL_3|Chain	6NQD_4|Chains	84.500	213	1.772E-111	350
11TL_3|Chain	6OPQ_2|Chains	82.200	214	3.025E-110	346
11TL_3|Chain	6OPO_2|Chains	82.200	214	3.025E-110	346
11TL_3|Chain	6X5B_3|Chains	82.200	214	3.025E-110	346
11TL_3|Chain	6OPP_1|Chains	82.200	214	3.025E-110	346
11TL_3|Chain	7LG6_5|Chains	82.500	212	6.435E-108	340
11TL_3|Chain	7PC2_2|Chains	80.200	213	2.064E-106	335
11TL_3|Chain	7LL1_4|Chains	78.700	212	1.130E-103	327
11TL_3|Chain	7LG6_3|Chains	78.700	212	1.130E-103	327
11TL_3|Chain	7PC2_6|Chains	79.300	213	6.808E-102	322
11TL_3|Chain	7U9G_2|Chains	74.600	212	6.879E-89	285
11TL_3|Chain	7UCG_6|Chains	68.400	209	1.014E-79	258
11TL_3|Chain	7L5J_2|Chains	61.600	211	6.859E-76	247
11TL_3|Chain	7WS5_2|Chains	84.200	108	4.574E-50	173
11TL_3|Chain	6VO1_4|Chains	79.600	108	1.605E-46	162
11TL_3|Chain	7LUC_5|Chains	75.900	108	3.702E-45	158
11TL_3|Chain	6XDG_5|Chain	43.400	203	2.431E-44	156
11TL_3|Chain	6DFH_4|Chains	42.600	205	2.683E-42	150
11TL_3|Chain	7UCG_3|Chains	41.500	200	6.872E-42	149
11TL_3|Chain	8DZI_3|Chains	71.800	109	4.506E-41	147
11TL_3|Chain	6VTT_3|Chain	41.200	204	6.164E-41	146
11TL_3|Chain	6TYS_3|Chains	68.500	108	1.414E-39	142
11TL_3|Chain	7DKJ_3|Chains	64.800	108	1.549E-37	136
11TL_3|Chain	7WEC_2|Chains	67.500	107	2.896E-37	136
11TL_3|Chain	7MFG_4|Chains	63.300	108	1.236E-35	131
11TL_3|Chain	6U59_3|Chains	59.200	112	8.356E-30	114
11TL_3|Chain	7LUC_3|Chains	51.300	112	3.094E-27	106
11TL_3|Chain	6XDG_4|Chain	33.900	202	1.667E-18	81
11TL_3|Chain	7M74_6|Chain	31.200	222	1.219E-16	75
11TL_3|Chain	6PZZ_3|Chains	28.300	203	2.948E-14	68
11TL_3|Chain	6VTT_2|Chain	30.300	227	1.820E-13	66
11TL_3|Chain	7FJE_5|Chain	34.200	138	2.047E-12	63
11TL_3|Chain	7PC2_1|Chains	28.600	186	7.573E-11	58
11TL_3|Chain	7JHH_7|Chain	32.200	120	1.401E-05	42
9RGD_2|Chains	7M6S_1|Chains	39.200	433	9.249E-84	281
9RGD_2|Chains	6Y5A_1|Chains	26.900	293	7.718E-17	80
9RGD_2|Chains	6Y5B_1|Chains	26.900	293	7.718E-17	80
9RGD_2|Chains	6Y59_1|Chains	26.900	293	7.718E-17	80
9OSU_4|Chains	6PZZ_2|Chains	86.900	107	2.011E-58	191
9OSU_4|Chains	7WS5_2|Chains	86.100	108	6.510E-57	186
9OSU_4|Chains	6XDG_2|Chain	82.200	107	1.405E-54	180
9OSU_4|Chains	6V4N_3|Chains	82.200	107	6.826E-54	178
9OSU_4|Chains	7LUC_5|Chains	80.300	107	9.364E-54	177
9OSU_4|Chains	6VO1_4|Chains	81.300	107	6.242E-53	175
9OSU_4|Chains	6OZC_3|Chains	77.500	107	1.849E-50	168
9OSU_4|Chains	8DZI_3|Chains	69.400	108	4.196E-45	153
9OSU_4|Chains	6TYS_3|Chains	69.100	107	2.040E-44	151
9OSU_4|Chains	7DKJ_3|Chains	65.400	107	2.561E-43	147
9OSU_4|Chains	7WEC_2|Chains	66.300	107	6.613E-43	146
9OSU_4|Chains	6OPQ_2|Chains	63.300	109	8.303E-42	143
9OSU_4|Chains	6OPO_2|Chains	63.300	109	8.303E-42	143
9OSU_4|Chains	6X5B_3|Chains	63.300	109	8.303E-42	143
9OSU_4|Chains	6OPP_1|Chains	63.300	109	8.303E-42	143
9OSU_4|Chains	7LL1_4|Chains	58.800	107	5.069E-40	138
9OSU_4|Chains	7LG6_3|Chains	58.800	107	5.069E-40	138
9OSU_4|Chains	7L5J_2|Chains	60.700	107	1.309E-39	137
9OSU_4|Chains	7MFG_4|Chains	60.100	108	1.198E-38	134
9OSU_4|Chains	6U59_3|Chains	60.700	112	5.335E-37	129
9OSU_4|Chains	7LUC_3|Chains	52.600	112	2.732E-33	119
9OSU_4|Chains	6XEY_3|Chains	50.400	106	6.581E-25	94
9OSU_4|Chains	7RA8_3|Chains	49.100	112	1.557E-23	91
9OSU_4|Chains	6UKT_4|Chain	29.600	108	6.852E-08	46
9OSU_4|Chains	6U59_4|Chains	34.800	82	1.760E-07	44
9OSU_4|Chains	7KKL_2|Chains	32.700	103	2.411E-07	44
9OSU_4|Chains	6UKT_5|Chain	28.500	105	2.973E-06	41
9OSU_4|Chains	7M74_7|Chain	29.600	105	2.665E-05	38
9OSU_4|Chains	8CYJ_4|Chain	29.700	111	2.665E-05	38
9OSU_4|Chains	7MY3_2|Chains	28.400	109	2.665E-05	38
9OSU_4|Chains	7JHH_7|Chain	29.600	105	2.665E-05	38
9OSU_4|Chains	6UKT_6|Chain	28.700	108	9.308E-05	36
9PB5_1|Chains	8E4N_1|Chains	93.700	1103	0.000E+00	2137
9PB5_1|Chains	8E4M_1|Chains	93.700	1103	0.000E+00	2137
9PB5_1|Chains	8E4L_1|Chains	93.700	1103	0.000E+00	2137
9PB5_1|Chains	6O6A_1|Chains	82.500	1097	0.000E+00	1901
9PB5_1|Chains	6O6R_1|Chains	82.500	1097	0.000E+00	1901
9PB5_1|Chains	6NR3_1|Chains	81.000	1075	0.000E+00	1821
9PB5_1|Chains	5ZX5_1|Chains	26.200	1214	5.787E-115	396
9Z8L_1|Chains	6MHQ_1|Chains	68.400	246	6.067E-107	349
9Z8L_1|Chains	7F94_1|Chains	52.800	244	3.669E-77	262
9Z8L_1|Chains	7XQG_1|Chains	52.800	244	3.669E-77	262
9Z8L_1|Chains	7QET_1|Chains	49.300	248	8.106E-69	237
9Z8L_1|Chains	7QEQ_1|Chains	49.300	248	8.106E-69	237
9Z8L_1|Chains	7QER_1|Chains	49.300	248	8.106E-69	237
9Z8L_1|Chains	7XNH_1|Chains	38.200	314	7.600E-62	217
9Z8L_1|Chains	6L3V_1|Chains	37.700	231	1.346E-36	141
9QJY_3|Chain	7M6S_1|Chains	35.800	389	2.833E-74	250
9VAV_3|Chain	6UKT_2|Chain	72.500	323	7.026E-154	480
9W90_5|Chains	7MEY_3|Chain	37.900	137	5.350E-30	114
9W90_5|Chains	7MEX_2|Chain	37.400	131	1.366E-29	113
32QA_1|Chains	7OCF_3|Chains	29.400	153	8.357E-15	67
9YGF_3|Chain	6OZC_3|Chains	77.500	107	4.550E-53	175
9YGF_3|Chain	6XDG_2|Chain	76.600	107	1.474E-51	171
9YGF_3|Chain	7WS5_2|Chains	77.700	108	5.220E-51	169
9YGF_3|Chain	6VO1_4|Chains	75.700	107	8.986E-50	166
9YGF_3|Chain	6PZZ_2|Chains	75.700	107	5.991E-49	164
9YGF_3|Chain	7LUC_5|Chains	71.900	107	8.219E-49	163
9YGF_3|Chain	6V4N_3|Chains	73.800	107	1.941E-47	159
9YGF_3|Chain	6TYS_3|Chains	68.200	107	7.898E-45	152
9YGF_3|Chain	8DZI_3|Chains	67.500	108	1.866E-43	148
9YGF_3|Chain	6OPQ_2|Chains	62.300	109	6.052E-42	143
9YGF_3|Chain	6OPO_2|Chains	62.300	109	6.052E-42	143
9YGF_3|Chain	6X5B_3|Chains	62.300	109	6.052E-42	143
9YGF_3|Chain	6OPP_1|Chains	62.300	109	6.052E-42	143
9YGF_3|Chain	7DKJ_3|Chains	63.500	107	5.539E-41	141
9YGF_3|Chain	7WEC_2|Chains	62.600	107	3.695E-40	138
9YGF_3|Chain	7MFG_4|Chains	59.200	108	3.095E-38	133
9YGF_3|Chain	7LUC_3|Chains	49.100	112	9.685E-33	117
9YGF_3|Chain	6U59_3|Chains	53.900	112	1.823E-32	116
9YGF_3|Chain	6XEY_3|Chains	47.600	106	4.796E-25	95
9YGF_3|Chain	7RA8_3|Chains	47.200	109	1.426E-22	88
9YGF_3|Chain	7KKL_2|Chains	33.300	116	1.890E-11	56
9YGF_3|Chain	6UKT_5|Chain	31.400	105	2.592E-11	55
9YGF_3|Chain	7M74_7|Chain	34.200	105	9.159E-11	54
9YGF_3|Chain	7JHH_7|Chain	34.200	105	9.159E-11	54
9YGF_3|Chain	6UKT_3|Chain	32.300	98	2.360E-10	53
9YGF_3|Chain	8CYJ_4|Chain	30.400	124	3.235E-10	52
9YGF_3|Chain	6UKT_4|Chain	30.500	108	1.565E-09	50
9YGF_3|Chain	8DZI_2|Chains	31.000	116	5.520E-09	49
9YGF_3|Chain	8CYJ_2|Chain	28.400	122	2.666E-08	47
9YGF_3|Chain	8CYJ_3|Chain	31.200	112	3.652E-08	46
9YGF_3|Chain	6UKT_6|Chain	30.200	108	1.760E-07	44
9YGF_3|Chain	7RA8_2|Chains	26.300	110	4.068E-06	40
9YGF_3|Chain	8CYJ_1|Chain	26.700	125	1.042E-05	39
9YGF_3|Chain	6XEY_2|Chains	27.300	106	1.425E-05	39
9QJY_2|Chains	7M6S_1|Chains	39.000	436	1.301E-83	281
9QJY_2|Chains	6Y5A_1|Chains	26.500	301	4.657E-17	81
9QJY_2|Chains	6Y5B_1|Chains	26.500	301	4.657E-17	81
9QJY_2|Chains	6Y59_1|Chains	26.500	301	4.657E-17	81
9Y5R_6|Chains	7NZM_1|Chain	100.000	186	5.508E-119	372
9XWM_5|Chain	6XEY_2|Chains	63.100	122	1.888E-46	157
9XWM_5|Chain	6PZZ_3|Chains	61.100	121	1.443E-43	149
9XWM_5|Chain	7MFG_3|Chains	60.000	120	2.847E-40	139
9XWM_5|Chain	7RA8_2|Chains	56.300	126	1.008E-39	138
9XWM_5|Chain	8DZI_2|Chains	56.700	118	1.898E-39	137
9XWM_5|Chain	7LUC_2|Chains	52.800	121	1.451E-36	128
9XWM_5|Chain	7WEC_1|Chains	53.600	123	9.671E-36	126
9XWM_5|Chain	7M74_6|Chain	50.700	126	3.426E-35	124
9XWM_5|Chain	7PC2_5|Chains	50.400	123	1.110E-33	120
9XWM_5|Chain	7L5J_3|Chains	49.500	119	2.865E-33	119
9XWM_5|Chain	7LUC_4|Chains	48.000	129	7.396E-33	118
9XWM_5|Chain	6XDG_3|Chain	47.500	120	2.620E-32	116
9XWM_5|Chain	7WS5_3|Chains	46.300	123	3.594E-32	116
9XWM_5|Chain	6TYS_2|Chains	48.300	118	4.930E-32	115
9XWM_5|Chain	6OPO_5|Chains	46.800	128	4.508E-31	113
9XWM_5|Chain	6OPQ_5|Chains	46.800	128	4.508E-31	113
9XWM_5|Chain	6X5B_5|Chains	46.800	128	4.508E-31	113
9XWM_5|Chain	6OPP_5|Chains	46.800	128	4.508E-31	113
9XWM_5|Chain	6XDG_4|Chain	46.600	120	2.191E-30	111
9XWM_5|Chain	7UDS_1|Chains	44.600	121	2.191E-30	111
9XWM_5|Chain	8CYJ_3|Chain	42.900	128	7.094E-29	106
9XWM_5|Chain	7DKJ_2|Chains	45.900	122	8.899E-28	103
9XWM_5|Chain	6UKT_4|Chain	42.700	124	8.136E-27	100
9XWM_5|Chain	7LG6_6|Chains	45.400	121	2.881E-26	99
9XWM_5|Chain	6OZC_4|Chains	40.900	122	1.920E-25	96
9XWM_5|Chain	7LL2_3|Chains	41.400	122	9.326E-25	94
9XWM_5|Chain	7LL1_3|Chains	41.700	127	1.755E-24	94
9XWM_5|Chain	8CYJ_2|Chain	42.700	124	2.407E-24	93
9XWM_5|Chain	7JHH_7|Chain	41.300	121	2.407E-24	93
9XWM_5|Chain	6VO1_3|Chains	42.300	118	3.302E-24	93
9XWM_5|Chain	7M74_7|Chain	40.800	120	8.523E-24	92
9XWM_5|Chain	6U59_4|Chains	42.100	119	2.200E-23	91
9XWM_5|Chain	7KKL_2|Chains	42.000	119	2.200E-23	91
9XWM_5|Chain	8CYJ_4|Chain	38.500	127	4.139E-23	90
9XWM_5|Chain	6UKT_3|Chain	41.700	115	1.465E-22	88
9XWM_5|Chain	6UKT_6|Chain	41.700	124	7.115E-22	86
9XWM_5|Chain	6UKT_5|Chain	39.300	121	2.099E-19	79
9XWM_5|Chain	8DZI_3|Chains	31.600	100	9.721E-06	40
9XWM_5|Chain	7WEC_2|Chains	32.300	100	1.327E-05	39
9XWM_5|Chain	6OPQ_2|Chains	30.800	113	1.327E-05	39
9XWM_5|Chain	6OPO_2|Chains	30.800	113	1.327E-05	39
9XWM_5|Chain	6X5B_3|Chains	30.800	113	1.327E-05	39
9XWM_5|Chain	6OPP_1|Chains	30.800	113	1.327E-05	39
9XWM_5|Chain	6U59_3|Chains	29.500	99	4.043E-04	35
9QJY_4|Chains	6UKT_4|Chain	79.100	138	4.697E-65	212
9QJY_4|Chains	8CYJ_2|Chain	79.600	127	2.964E-60	198
9QJY_4|Chains	7KKL_2|Chains	76.200	134	1.972E-59	196
9QJY_4|Chains	6UKT_6|Chain	71.000	138	4.229E-57	189
9QJY_4|Chains	8CYJ_4|Chain	76.700	128	5.800E-57	188
9QJY_4|Chains	6UKT_5|Chain	71.000	138	5.800E-57	188
9QJY_4|Chains	8CYJ_3|Chain	73.600	128	1.364E-55	184
9QJY_4|Chains	7JHH_7|Chain	72.000	128	6.034E-54	180
9QJY_4|Chains	7M74_7|Chain	71.800	127	2.134E-53	178
9QJY_4|Chains	6UKT_3|Chain	70.200	138	2.134E-53	178
9QJY_4|Chains	8CYJ_1|Chain	70.400	128	3.659E-52	175
9QJY_4|Chains	6XDG_3|Chain	68.200	128	3.470E-48	163
9QJY_4|Chains	7MY3_2|Chains	61.100	134	2.307E-47	161
9QJY_4|Chains	6TYS_2|Chains	65.800	128	3.164E-47	160
9QJY_4|Chains	7WS5_3|Chains	64.300	128	8.157E-47	159
9QJY_4|Chains	6XDG_4|Chain	66.400	128	8.157E-47	159
9QJY_4|Chains	7M74_6|Chain	64.300	128	6.780E-45	154
9QJY_4|Chains	7JHH_6|Chain	64.300	128	6.780E-45	154
9QJY_4|Chains	7PC2_1|Chains	59.000	132	7.726E-43	148
9QJY_4|Chains	7UDS_1|Chains	60.000	128	5.136E-42	145
9QJY_4|Chains	6VTT_2|Chain	55.100	145	3.887E-39	137
9QJY_4|Chains	7L5J_3|Chains	55.000	128	1.716E-37	132
9QJY_4|Chains	6OZC_4|Chains	52.700	127	2.676E-35	126
9QJY_4|Chains	7DKJ_2|Chains	53.400	128	9.455E-35	124
9QJY_4|Chains	6DFH_3|Chains	49.200	130	5.901E-30	111
9QJY_4|Chains	6PZZ_3|Chains	45.700	128	1.109E-29	110
9QJY_4|Chains	8DZI_2|Chains	47.200	128	1.520E-29	109
9QJY_4|Chains	7MFG_3|Chains	45.700	128	1.520E-29	109
9QJY_4|Chains	7LUC_4|Chains	45.000	129	2.083E-29	109
9QJY_4|Chains	6VO1_3|Chains	49.200	128	5.366E-29	108
9QJY_4|Chains	6U59_4|Chains	49.600	125	1.008E-28	107
9QJY_4|Chains	7LUC_2|Chains	42.600	128	1.894E-28	106
9QJY_4|Chains	7RA8_2|Chains	42.600	128	6.685E-28	105
9QJY_4|Chains	7UCG_5|Chains	42.400	132	8.324E-27	102
9QJY_4|Chains	6XEY_2|Chains	41.800	128	1.564E-26	101
9QJY_4|Chains	7WEC_1|Chains	41.800	127	5.516E-26	99
9QJY_4|Chains	6OPO_5|Chains	40.000	128	1.946E-25	98
9QJY_4|Chains	6OPQ_5|Chains	40.000	128	1.946E-25	98
9QJY_4|Chains	6X5B_5|Chains	40.000	128	1.946E-25	98
9QJY_4|Chains	6OPP_5|Chains	40.000	128	1.946E-25	98
9QJY_4|Chains	7UCG_2|Chains	41.200	128	1.946E-25	98
9QJY_4|Chains	6V4N_2|Chains	42.900	128	3.654E-25	97
9QJY_4|Chains	7LG6_6|Chains	43.800	128	4.118E-23	91
9QJY_4|Chains	7LL2_3|Chains	38.200	128	4.118E-23	91
9QJY_4|Chains	7PC2_5|Chains	39.000	128	3.378E-21	85
9QJY_4|Chains	6NQD_3|Chains	34.500	132	1.641E-17	75
9QJY_4|Chains	7LL1_3|Chains	30.500	128	5.183E-16	70
9QJY_4|Chains	7LG6_2|Chains	30.500	128	5.183E-16	70
9QJY_4|Chains	7WEC_2|Chains	31.400	126	1.762E-07	46
9QJY_4|Chains	8DZI_3|Chains	29.900	126	1.762E-07	46
9QJY_4|Chains	7WS5_2|Chains	29.300	125	3.835E-06	42
9QJY_4|Chains	6OPQ_2|Chains	30.800	126	9.629E-06	40
9QJY_4|Chains	6OPO_2|Chains	30.800	126	9.629E-06	40
9QJY_4|Chains	6X5B_3|Chains	30.800	126	9.629E-06	40
9QJY_4|Chains	6OPP_1|Chains	30.800	126	9.629E-06	40
9QJY_4|Chains	6VO1_4|Chains	31.700	81	2.768E-04	36
9QJY_4|Chains	7LUC_5|Chains	32.900	94	5.081E-04	35
9Y52_1|Chains	7NZM_3|Chain	100.000	375	3.302E-255	774
9Y52_1|Chains	7P1H_2|Chain	94.000	372	7.709E-241	732
9Y52_1|Chains	6UHC_2|Chain	47.300	380	2.698E-114	367
9Y52_1|Chains	7JPN_2|Chain	48.100	372	3.321E-113	364
9Y52_1|Chains	7JPN_1|Chain	37.000	401	7.120E-75	252
9Y52_1|Chains	6UHC_1|Chain	37.000	401	7.120E-75	252
9Y7X_1|Chains	7M6S_1|Chains	80.000	421	1.994E-224	690
9VQQ_1|Chains	6YSN_1|Chains	49.200	772	1.422E-231	743
9QJY_1|Chains	7M6S_1|Chains	36.800	399	2.430E-78	261
25SB_2|Chains	7U9G_3|Chains	83.100	227	2.696E-119	373
25SB_2|Chains	6DFH_3|Chains	82.300	231	1.304E-118	371
25SB_2|Chains	6V4N_2|Chains	79.400	227	5.350E-113	355
25SB_2|Chains	7LG6_6|Chains	82.000	227	6.661E-112	352
25SB_2|Chains	7UCG_5|Chains	76.700	233	1.761E-108	342
25SB_2|Chains	7LL2_3|Chains	75.800	227	3.005E-107	338
25SB_2|Chains	6XDG_3|Chain	74.100	227	8.969E-102	323
25SB_2|Chains	7UDS_1|Chains	72.000	227	1.568E-97	310
25SB_2|Chains	7M74_6|Chain	70.300	227	2.944E-97	310
25SB_2|Chains	7JHH_6|Chain	70.300	227	2.944E-97	310
25SB_2|Chains	6XDG_4|Chain	70.700	227	2.425E-95	304
25SB_2|Chains	6VTT_2|Chain	63.200	246	2.253E-91	293
25SB_2|Chains	6PZZ_3|Chains	67.900	227	7.206E-90	288
25SB_2|Chains	6OZC_4|Chains	66.200	227	2.090E-87	281
25SB_2|Chains	6OPO_5|Chains	64.800	229	2.090E-87	281
25SB_2|Chains	6OPQ_5|Chains	64.800	229	2.090E-87	281
25SB_2|Chains	6X5B_5|Chains	64.800	229	2.090E-87	281
25SB_2|Chains	6OPP_5|Chains	64.800	229	2.090E-87	281
25SB_2|Chains	7PC2_5|Chains	64.500	227	4.421E-85	274
25SB_2|Chains	7UCG_2|Chains	64.000	227	6.058E-85	274
25SB_2|Chains	7LG6_2|Chains	62.300	228	3.707E-80	260
25SB_2|Chains	7LL1_3|Chains	61.900	228	9.533E-80	259
25SB_2|Chains	6NQD_3|Chains	60.500	233	4.602E-79	257
25SB_2|Chains	7L5J_3|Chains	53.900	227	7.426E-68	225
25SB_2|Chains	6VO1_3|Chains	68.200	126	4.451E-45	159
25SB_2|Chains	7PC2_1|Chains	41.400	221	4.884E-43	153
25SB_2|Chains	7WS5_3|Chains	49.200	126	5.043E-30	115
25SB_2|Chains	6TYS_2|Chains	51.500	128	6.057E-29	112
25SB_2|Chains	8DZI_2|Chains	50.000	126	1.538E-28	111
25SB_2|Chains	8CYJ_3|Chain	42.900	128	2.509E-27	107
25SB_2|Chains	7LUC_4|Chains	44.100	129	3.421E-27	107
25SB_2|Chains	7MFG_3|Chains	46.400	126	1.611E-26	105
25SB_2|Chains	6U59_4|Chains	47.600	123	5.561E-26	103
25SB_2|Chains	7RA8_2|Chains	42.100	126	3.561E-25	101
25SB_2|Chains	6UKT_4|Chain	45.800	126	3.561E-25	101
25SB_2|Chains	8CYJ_2|Chain	44.200	125	6.610E-25	100
25SB_2|Chains	7JHH_7|Chain	46.000	126	2.276E-24	98
25SB_2|Chains	7M74_7|Chain	45.600	125	5.749E-24	97
25SB_2|Chains	7DKJ_2|Chains	43.800	128	5.749E-24	97
25SB_2|Chains	6UKT_3|Chain	46.000	126	1.452E-23	96
25SB_2|Chains	8CYJ_4|Chain	43.200	127	1.452E-23	96
25SB_2|Chains	6XEY_2|Chains	41.800	126	1.711E-22	93
25SB_2|Chains	7WEC_1|Chains	41.000	125	1.711E-22	93
25SB_2|Chains	7KKL_2|Chains	46.000	126	2.329E-22	93
25SB_2|Chains	7LUC_2|Chains	40.700	126	3.715E-21	89
25SB_2|Chains	6UKT_5|Chain	43.800	126	6.870E-21	88
25SB_2|Chains	6UKT_6|Chain	41.600	126	4.336E-20	86
25SB_2|Chains	8CYJ_1|Chain	38.900	127	1.452E-17	78
25SB_2|Chains	7PC2_2|Chains	30.400	211	1.888E-15	72
9YW0_1|Chains	7UB6_1|Chains	96.000	1285	0.000E+00	2510
9YW0_1|Chains	8DZI_1|Chains	95.300	1285	0.000E+00	2500
9YW0_1|Chains	7RA8_1|Chains	94.400	1288	0.000E+00	2468
9YW0_1|Chains	6XKL_1|Chains	94.400	1288	0.000E+00	2468
9YW0_1|Chains	7MY3_1|Chains	94.400	1288	0.000E+00	2468
9YW0_1|Chains	8CSA_1|Chains	94.200	1288	0.000E+00	2457
9YW0_1|Chains	6VSB_1|Chains	94.100	1288	0.000E+00	2454
9YW0_1|Chains	7KKL_1|Chains	94.100	1288	0.000E+00	2454
9YW0_1|Chains	6XEY_1|Chains	94.100	1288	0.000E+00	2454
9YW0_1|Chains	6ZP5_1|Chains	94.100	1288	0.000E+00	2454
9YW0_1|Chains	7TPH_1|Chains	94.100	1286	0.000E+00	2452
9YW0_1|Chains	7TP7_1|Chains	94.100	1286	0.000E+00	2452
9YW0_1|Chains	7KE7_1|Chains	94.000	1288	0.000E+00	2450
9YW0_1|Chains	7KEC_1|Chains	94.000	1288	0.000E+00	2450
9YW0_1|Chains	7KEA_1|Chains	94.000	1288	0.000E+00	2450
9YW0_1|Chains	7KE9_1|Chains	94.000	1288	0.000E+00	2450
9YW0_1|Chains	7KEB_1|Chains	94.000	1288	0.000E+00	2450
9YW0_1|Chains	7KDH_1|Chains	93.900	1288	0.000E+00	2447
9YW0_1|Chains	7LYL_1|Chains	93.800	1288	0.000E+00	2445
9YW0_1|Chains	7LYM_1|Chains	93.800	1288	0.000E+00	2445
9YW0_1|Chains	7KDJ_1|Chains	93.700	1288	0.000E+00	2441
9YW0_1|Chains	6X29_1|Chains	94.100	1272	0.000E+00	2428
9YW0_1|Chains	7YQT_1|Chains	95.900	1205	0.000E+00	2353
9YW0_1|Chains	7EB0_1|Chains	91.300	1283	0.000E+00	2347
9YW0_1|Chains	7WS5_1|Chains	95.000	1205	0.000E+00	2330
9YW0_1|Chains	7CN4_1|Chains	90.300	1267	0.000E+00	2328
9YW0_1|Chains	6ZGF_1|Chains	91.100	1252	0.000E+00	2319
9YW0_1|Chains	7XO5_1|Chains	94.700	1205	0.000E+00	2316
9YW0_1|Chains	6ZOY_1|Chains	91.300	1244	0.000E+00	2312
9YW0_1|Chains	6ZOZ_1|Chains	91.300	1244	0.000E+00	2312
9YW0_1|Chains	6ZP0_1|Chains	91.300	1244	0.000E+00	2311
9YW0_1|Chains	7N1U_1|Chains	88.700	1305	0.000E+00	2310
9YW0_1|Chains	7SBL_1|Chains	88.500	1308	0.000E+00	2309
9YW0_1|Chains	7SBK_1|Chains	88.500	1308	0.000E+00	2309
9YW0_1|Chains	7KRS_1|Chains	88.300	1310	0.000E+00	2307
9YW0_1|Chains	7SBS_1|Chains	88.300	1310	0.000E+00	2305
9YW0_1|Chains	7WEC_3|Chains	94.200	1205	0.000E+00	2302
9YW0_1|Chains	7SBP_1|Chains	88.100	1310	0.000E+00	2301
9YW0_1|Chains	7N1T_1|Chains	88.400	1305	0.000E+00	2293
9YW0_1|Chains	7N1Q_1|Chains	88.400	1305	0.000E+00	2293
9YW0_1|Chains	7TLB_1|Chains	93.500	1208	0.000E+00	2278
9YW0_1|Chains	7TLA_1|Chains	93.500	1208	0.000E+00	2278
9YW0_1|Chains	7JJI_1|Chains	93.400	1208	0.000E+00	2278
9YW0_1|Chains	8CYJ_5|Chain	93.400	1208	0.000E+00	2277
9YW0_1|Chains	7E7D_1|Chains	93.300	1208	0.000E+00	2270
9YW0_1|Chains	7Y42_1|Chains	93.600	1121	0.000E+00	2132
9YW0_1|Chains	7XU4_1|Chains	92.800	1124	0.000E+00	2122
9YW0_1|Chains	7XU5_1|Chains	92.800	1124	0.000E+00	2122
9YW0_1|Chains	7XU2_1|Chains	92.700	1124	0.000E+00	2119
9YW0_1|Chains	7X27_1|Chains	32.400	972	1.695E-132	454
9XI7_2|Chains	7XO5_2|Chain	83.800	600	0.000E+00	1080
9XI7_2|Chains	7WSF_1|Chain	82.600	600	0.000E+00	1060
9WMQ_3|Chain	6VO1_4|Chains	63.400	104	5.739E-43	146
9WMQ_3|Chain	6TYS_3|Chains	60.500	104	4.031E-39	135
9WMQ_3|Chain	7WS5_2|Chains	60.000	105	1.429E-38	134
9WMQ_3|Chain	8DZI_3|Chains	60.000	105	1.961E-38	133
9WMQ_3|Chain	7DKJ_3|Chains	56.700	104	1.309E-37	131
9WMQ_3|Chain	7LUC_5|Chains	55.700	104	2.257E-36	127
9WMQ_3|Chain	7WEC_2|Chains	56.100	105	2.067E-35	124
9WMQ_3|Chain	7MFG_4|Chains	55.200	105	1.380E-34	122
9WMQ_3|Chain	6U59_3|Chains	55.400	109	5.634E-32	115
9WMQ_3|Chain	7LUC_3|Chains	47.700	109	1.998E-31	113
9WMQ_3|Chain	6XEY_3|Chains	51.500	95	8.625E-26	97
9WMQ_3|Chain	7RA8_3|Chains	50.000	96	7.906E-25	94
9WMQ_3|Chain	7MFG_3|Chains	30.000	100	1.296E-05	39
11TD_2|Chain	7JHH_6|Chain	90.100	231	3.725E-128	399
11TD_2|Chain	7M74_6|Chain	90.000	228	2.244E-126	394
11TD_2|Chain	6XDG_3|Chain	84.000	226	1.780E-117	368
11TD_2|Chain	6XDG_4|Chain	84.000	226	1.335E-114	360
11TD_2|Chain	7UDS_1|Chains	80.500	226	4.837E-111	349
11TD_2|Chain	6VTT_2|Chain	74.400	247	4.966E-108	341
11TD_2|Chain	6PZZ_3|Chains	74.700	226	2.988E-106	336
11TD_2|Chain	6OZC_4|Chains	76.300	225	3.376E-104	330
11TD_2|Chain	7UCG_2|Chains	72.000	226	2.082E-99	316
11TD_2|Chain	7LG6_6|Chains	74.000	226	2.853E-99	316
11TD_2|Chain	6DFH_3|Chains	73.800	232	1.715E-97	310
11TD_2|Chain	6OPO_5|Chains	70.500	229	3.220E-97	310
11TD_2|Chain	6OPQ_5|Chains	70.500	229	3.220E-97	310
11TD_2|Chain	6X5B_5|Chains	70.500	229	3.220E-97	310
11TD_2|Chain	6OPP_5|Chains	70.500	229	3.220E-97	310
11TD_2|Chain	7U9G_3|Chains	73.400	226	1.556E-96	308
11TD_2|Chain	7PC2_5|Chains	68.600	226	4.005E-96	306
11TD_2|Chain	6V4N_2|Chains	71.400	227	7.520E-96	306
11TD_2|Chain	7UCG_5|Chains	69.300	234	1.593E-93	299
11TD_2|Chain	7LL2_3|Chains	70.300	226	6.983E-92	294
11TD_2|Chain	7LL1_3|Chains	63.900	229	1.216E-87	282
11TD_2|Chain	7LG6_2|Chains	63.500	229	3.128E-87	281
11TD_2|Chain	6NQD_3|Chains	63.900	234	8.213E-84	271
11TD_2|Chain	7L5J_3|Chains	60.100	226	2.154E-80	261
11TD_2|Chain	7PC2_1|Chains	51.900	221	2.895E-61	206
11TD_2|Chain	7WS5_3|Chains	75.200	124	2.619E-51	177
11TD_2|Chain	6TYS_2|Chains	69.000	126	8.171E-47	164
11TD_2|Chain	8CYJ_3|Chain	63.500	128	2.813E-43	154
11TD_2|Chain	8CYJ_2|Chain	64.600	124	1.644E-41	149
11TD_2|Chain	7JHH_7|Chain	61.900	125	7.857E-41	147
11TD_2|Chain	7DKJ_2|Chains	61.200	126	1.074E-40	146
11TD_2|Chain	7KKL_2|Chains	65.600	124	3.753E-40	145
11TD_2|Chain	7M74_7|Chain	61.200	123	7.013E-40	144
11TD_2|Chain	6UKT_4|Chain	63.700	124	7.013E-40	144
11TD_2|Chain	8CYJ_4|Chain	60.400	127	3.347E-39	142
11TD_2|Chain	8CYJ_1|Chain	62.500	127	2.098E-35	131
11TD_2|Chain	8DZI_2|Chains	54.800	124	2.865E-35	130
11TD_2|Chain	6UKT_3|Chain	59.600	124	9.975E-35	129
11TD_2|Chain	6UKT_6|Chain	61.600	124	9.975E-35	129
11TD_2|Chain	6XEY_2|Chains	50.000	124	1.362E-34	128
11TD_2|Chain	7MFG_3|Chains	52.400	124	3.471E-34	127
11TD_2|Chain	7RA8_2|Chains	52.700	126	6.475E-34	126
11TD_2|Chain	6UKT_5|Chain	62.000	124	1.207E-33	126
11TD_2|Chain	6VO1_3|Chains	54.400	124	3.075E-33	124
11TD_2|Chain	7MY3_2|Chains	56.600	124	5.732E-33	124
11TD_2|Chain	7LUC_2|Chains	48.300	124	1.459E-32	123
11TD_2|Chain	6U59_4|Chains	57.300	121	5.068E-32	121
11TD_2|Chain	7LUC_4|Chains	49.600	129	2.890E-30	116
11TD_2|Chain	7WEC_1|Chains	49.100	123	6.454E-29	112
11TD_2|Chain	7UCG_3|Chains	33.600	211	2.120E-21	90
11TD_2|Chain	6OPQ_2|Chains	33.100	212	6.206E-20	85
11TD_2|Chain	6OPO_2|Chains	33.100	212	6.206E-20	85
11TD_2|Chain	6X5B_3|Chains	33.100	212	6.206E-20	85
11TD_2|Chain	6OPP_1|Chains	33.100	212	6.206E-20	85
11TD_2|Chain	7PC2_2|Chains	32.600	201	1.798E-18	81
11TD_2|Chain	7U9G_2|Chains	32.600	199	2.441E-18	81
11TD_2|Chain	6VTT_3|Chain	29.900	211	6.983E-17	76
11TD_2|Chain	6NQD_4|Chains	30.400	212	1.971E-15	72
11TD_2|Chain	7LL1_4|Chains	30.200	201	6.618E-15	70
11TD_2|Chain	7LG6_3|Chains	30.200	201	6.618E-15	70
11TD_2|Chain	7UCG_6|Chains	28.000	198	4.964E-12	62
11TD_2|Chain	7FJE_6|Chain	31.100	172	8.316E-09	52
11UF_2|Chains	7OCF_3|Chains	66.000	159	2.411E-65	213
9W90_4|Chains	8G46_4|Chain	100.000	102	5.562E-65	209
9WMM_1|Chain	7SK2_1|Chain	46.200	542	5.235E-161	515
9YGF_2|Chains	6OZC_3|Chains	78.500	107	4.550E-53	175
9YGF_2|Chains	6XDG_2|Chain	77.500	107	1.474E-51	171
9YGF_2|Chains	7WS5_2|Chains	78.700	108	5.220E-51	169
9YGF_2|Chains	6VO1_4|Chains	76.600	107	8.986E-50	166
9YGF_2|Chains	6PZZ_2|Chains	76.600	107	5.991E-49	164
9YGF_2|Chains	7LUC_5|Chains	72.800	107	8.219E-49	163
9YGF_2|Chains	6V4N_3|Chains	74.700	107	1.941E-47	159
9YGF_2|Chains	6TYS_3|Chains	69.100	107	7.898E-45	152
9YGF_2|Chains	8DZI_3|Chains	67.500	108	4.820E-43	147
9YGF_2|Chains	6OPQ_2|Chains	62.300	109	1.563E-41	142
9YGF_2|Chains	6OPO_2|Chains	62.300	109	1.563E-41	142
9YGF_2|Chains	6X5B_3|Chains	62.300	109	1.563E-41	142
9YGF_2|Chains	6OPP_1|Chains	62.300	109	1.563E-41	142
9YGF_2|Chains	7DKJ_3|Chains	64.400	107	5.539E-41	141
9YGF_2|Chains	7WEC_2|Chains	62.600	107	9.543E-40	137
9YGF_2|Chains	7MFG_4|Chains	59.200	108	7.996E-38	132
9YGF_2|Chains	6U59_3|Chains	54.800	112	1.823E-32	116
9YGF_2|Chains	7LUC_3|Chains	49.100	112	2.502E-32	116
9YGF_2|Chains	6XEY_3|Chains	47.600	106	1.239E-24	94
9YGF_2|Chains	7RA8_3|Chains	47.200	109	3.685E-22	87
9YGF_2|Chains	7KKL_2|Chains	32.200	116	1.256E-10	53
9YGF_2|Chains	6UKT_5|Chain	30.400	105	6.078E-10	51
9YGF_2|Chains	7M74_7|Chain	33.300	105	2.145E-09	50
9YGF_2|Chains	7JHH_7|Chain	33.300	105	2.145E-09	50
9YGF_2|Chains	6UKT_3|Chain	31.300	98	5.520E-09	49
9YGF_2|Chains	8CYJ_4|Chain	29.600	124	7.564E-09	48
9YGF_2|Chains	8DZI_2|Chains	31.600	116	1.036E-08	48
9YGF_2|Chains	6UKT_4|Chain	29.600	108	3.652E-08	46
9YGF_2|Chains	8CYJ_2|Chain	27.600	122	6.188E-07	43
9YGF_2|Chains	8CYJ_3|Chain	30.300	112	8.471E-07	42
9YGF_2|Chains	6UKT_6|Chain	29.300	108	4.068E-06	40
9YGF_2|Chains	7RA8_2|Chains	28.500	110	1.042E-05	39
9YGF_2|Chains	6XEY_2|Chains	27.300	106	2.665E-05	38
9YGF_2|Chains	8CYJ_1|Chain	25.900	125	2.374E-04	35
9NJ3_5|Chain	6DFH_4|Chains	84.100	214	1.373E-113	356
9NJ3_5|Chain	6XDG_5|Chain	78.400	213	6.563E-103	325
9NJ3_5|Chain	6VTT_3|Chain	75.200	214	1.017E-100	319
9NJ3_5|Chain	7UCG_3|Chains	77.500	209	6.124E-99	314
9NJ3_5|Chain	7UCG_6|Chains	46.600	211	1.689E-54	186
9NJ3_5|Chain	7U9G_2|Chains	44.900	214	3.525E-52	179
9NJ3_5|Chain	7LL1_4|Chains	42.700	211	1.114E-47	166
9NJ3_5|Chain	7LG6_3|Chains	42.700	211	1.114E-47	166
9NJ3_5|Chain	7LG6_5|Chains	41.300	211	4.808E-46	161
9NJ3_5|Chain	7JHH_5|Chain	41.100	212	2.307E-45	159
9NJ3_5|Chain	6OPQ_2|Chains	43.000	200	4.320E-45	158
9NJ3_5|Chain	6OPO_2|Chains	43.000	200	4.320E-45	158
9NJ3_5|Chain	6XDG_2|Chain	41.100	212	4.320E-45	158
9NJ3_5|Chain	6X5B_3|Chains	43.000	200	4.320E-45	158
9NJ3_5|Chain	6OPP_1|Chains	43.000	200	4.320E-45	158
9NJ3_5|Chain	7M74_5|Chain	41.500	198	5.912E-45	158
9NJ3_5|Chain	7L5J_2|Chains	43.000	198	1.107E-44	157
9NJ3_5|Chain	6PZZ_2|Chains	41.300	211	1.860E-43	154
9NJ3_5|Chain	6OZC_3|Chains	41.700	197	2.545E-43	153
9NJ3_5|Chain	7UDS_2|Chains	42.000	197	8.915E-43	152
9NJ3_5|Chain	6V4N_3|Chains	40.600	212	1.220E-42	151
9NJ3_5|Chain	7PC2_2|Chains	39.700	212	4.688E-40	144
9NJ3_5|Chain	6NQD_4|Chains	37.600	213	6.412E-40	143
9NJ3_5|Chain	7LL2_4|Chains	39.400	215	5.736E-39	141
9NJ3_5|Chain	7PC2_6|Chains	37.800	209	5.128E-38	138
9NJ3_5|Chain	7FJE_6|Chain	31.300	213	5.375E-17	76
9NJ3_1|Chains	7DKJ_1|Chains	27.800	530	3.313E-48	179
9VQW_1|Chains	6YSN_1|Chains	49.200	772	1.422E-231	743
9XGW_3|Chain	6XDG_1|Chain	100.000	184	4.886E-130	402
9XGW_3|Chain	7WSF_2|Chain	72.600	183	2.564E-93	296
11VE_4|Chains	7JY5_1|Chains	100.000	806	0.000E+00	1608
11VE_4|Chains	7RLF_1|Chains	99.800	806	0.000E+00	1607
11VE_4|Chains	7RLH_1|Chains	99.800	806	0.000E+00	1606
11VE_4|Chains	7RLD_1|Chains	99.800	805	0.000E+00	1605
11VE_4|Chains	7RLB_1|Chains	99.800	805	0.000E+00	1604
11VE_4|Chains	7RLG_1|Chains	99.800	805	0.000E+00	1604
9T3X_3|Chain	7NZM_5|Chain	100.000	366	4.110E-248	758
9T3X_3|Chain	7M74_4|Chain	99.100	367	4.619E-246	752
9T3X_3|Chain	7JHH_4|Chain	99.100	367	4.619E-246	752
9VH5_2|Chains	7MFG_2|Chains	55.800	170	2.781E-63	209
31IC_2|Chain	8CYJ_2|Chain	75.000	123	1.128E-53	181
31IC_2|Chain	8CYJ_4|Chain	70.500	127	1.055E-49	169
31IC_2|Chain	7JHH_7|Chain	70.000	126	5.100E-49	167
31IC_2|Chain	7KKL_2|Chains	71.200	125	1.313E-48	166
31IC_2|Chain	7M74_7|Chain	70.400	124	2.466E-48	165
31IC_2|Chain	8CYJ_3|Chain	66.900	128	2.034E-46	160
31IC_2|Chain	6UKT_4|Chain	68.500	125	2.034E-46	160
31IC_2|Chain	8CYJ_1|Chain	66.600	125	7.175E-46	158
31IC_2|Chain	6UKT_6|Chain	68.200	125	3.468E-45	156
31IC_2|Chain	6XDG_4|Chain	64.600	133	8.926E-45	155
31IC_2|Chain	6XDG_3|Chain	64.400	133	2.857E-43	151
31IC_2|Chain	7JHH_6|Chain	61.700	134	3.551E-42	147
31IC_2|Chain	7M74_6|Chain	62.400	131	6.667E-42	147
31IC_2|Chain	7UDS_1|Chains	60.100	133	9.136E-42	146
31IC_2|Chain	6UKT_5|Chain	63.200	125	7.511E-40	141
31IC_2|Chain	7WS5_3|Chains	64.500	123	1.029E-39	140
31IC_2|Chain	6TYS_2|Chains	62.600	123	1.932E-39	139
31IC_2|Chain	7PC2_1|Chains	57.600	135	2.398E-38	136
31IC_2|Chain	6UKT_3|Chain	58.400	125	9.486E-36	129
31IC_2|Chain	7MY3_2|Chains	55.200	125	3.340E-35	127
31IC_2|Chain	6VTT_2|Chain	51.200	151	4.575E-35	127
31IC_2|Chain	7L5J_3|Chains	50.700	126	1.316E-32	120
31IC_2|Chain	7DKJ_2|Chains	49.600	134	1.802E-32	119
31IC_2|Chain	6OZC_4|Chains	51.800	131	5.722E-31	115
31IC_2|Chain	6U59_4|Chains	50.000	122	9.678E-27	103
31IC_2|Chain	6PZZ_3|Chains	42.500	133	3.395E-26	101
31IC_2|Chain	7MFG_3|Chains	42.400	125	3.745E-24	95
31IC_2|Chain	6VO1_3|Chains	46.800	125	7.008E-24	94
31IC_2|Chain	7LUC_2|Chains	40.400	125	1.794E-23	93
31IC_2|Chain	7UCG_5|Chains	42.200	138	1.794E-23	93
31IC_2|Chain	7RA8_2|Chains	41.700	124	2.453E-23	93
31IC_2|Chain	8DZI_2|Chains	45.100	123	3.356E-23	93
31IC_2|Chain	6DFH_3|Chains	42.800	136	3.356E-23	93
31IC_2|Chain	6XEY_2|Chains	41.600	125	8.586E-23	91
31IC_2|Chain	7LUC_4|Chains	41.000	127	5.616E-22	89
31IC_2|Chain	7LG6_6|Chains	43.200	131	6.857E-21	86
31IC_2|Chain	6OPO_5|Chains	35.700	134	6.112E-20	83
31IC_2|Chain	6OPQ_5|Chains	35.700	134	6.112E-20	83
31IC_2|Chain	6X5B_5|Chains	35.700	134	6.112E-20	83
31IC_2|Chain	6OPP_5|Chains	35.700	134	6.112E-20	83
31IC_2|Chain	6V4N_2|Chains	40.000	133	6.112E-20	83
31IC_2|Chain	7UCG_2|Chains	38.300	133	2.132E-19	81
31IC_2|Chain	7WEC_1|Chains	41.200	124	3.980E-19	81
31IC_2|Chain	7PC2_5|Chains	33.500	133	2.766E-16	72
31IC_2|Chain	6NQD_3|Chains	31.400	135	1.150E-14	68
31IC_2|Chain	8DZI_3|Chains	32.200	120	2.824E-06	43
31IC_2|Chain	7WEC_2|Chains	35.500	104	5.158E-06	42
31IC_2|Chain	6OPQ_2|Chains	33.300	122	2.315E-05	40
31IC_2|Chain	6OPO_2|Chains	33.300	122	2.315E-05	40
31IC_2|Chain	6X5B_3|Chains	33.300	122	2.315E-05	40
31IC_2|Chain	6OPP_1|Chains	33.300	122	2.315E-05	40
31IC_2|Chain	7MFG_4|Chains	31.700	104	1.032E-04	38
31IC_2|Chain	7WS5_2|Chains	33.700	83	6.153E-04	36
31IC_2|Chain	6VO1_4|Chains	28.300	109	8.277E-04	35
9O8R_2|Chains	7MFG_2|Chains	85.200	222	8.192E-131	407
9T3X_2|Chain	6URG_2|Chain	99.700	415	8.419E-296	896
9T3X_2|Chain	6BM0_2|Chain	99.700	415	8.419E-296	896
9T3X_2|Chain	6BLY_2|Chain	99.700	415	8.419E-296	896
9VH5_1|Chains	7MFG_1|Chains	35.600	324	5.409E-63	215
9VH5_1|Chains	7DKJ_1|Chains	33.800	319	6.329E-54	189
9NJ3_4|Chain	6PZZ_3|Chains	79.400	229	2.735E-113	356
9NJ3_4|Chain	6OPO_5|Chains	77.500	229	7.224E-110	346
9NJ3_4|Chain	6OPQ_5|Chains	77.500	229	7.224E-110	346
9NJ3_4|Chain	6X5B_5|Chains	77.500	229	7.224E-110	346
9NJ3_4|Chain	6OPP_5|Chains	77.500	229	7.224E-110	346
9NJ3_4|Chain	7UCG_2|Chains	76.800	233	4.786E-109	344
9NJ3_4|Chain	7JHH_6|Chain	70.800	233	1.295E-102	325
9NJ3_4|Chain	6XDG_3|Chain	69.800	232	2.491E-99	316
9NJ3_4|Chain	7M74_6|Chain	70.100	228	2.260E-98	313
9NJ3_4|Chain	7PC2_5|Chains	70.300	229	4.244E-98	312
9NJ3_4|Chain	7UDS_1|Chains	67.900	231	1.092E-97	311
9NJ3_4|Chain	6VTT_2|Chain	64.800	250	9.909E-97	308
9NJ3_4|Chain	6XDG_4|Chain	70.900	231	1.861E-96	308
9NJ3_4|Chain	6NQD_3|Chains	69.600	239	3.494E-96	307
9NJ3_4|Chain	7UCG_5|Chains	65.800	239	3.241E-92	295
9NJ3_4|Chain	7LG6_2|Chains	66.800	231	1.142E-91	294
9NJ3_4|Chain	7LL1_3|Chains	66.900	229	3.652E-90	289
9NJ3_4|Chain	7U9G_3|Chains	65.600	230	1.287E-89	288
9NJ3_4|Chain	6V4N_2|Chains	65.600	229	1.764E-89	287
9NJ3_4|Chain	6DFH_3|Chains	66.200	233	3.002E-88	284
9NJ3_4|Chain	7LL2_3|Chains	65.900	229	5.635E-88	283
9NJ3_4|Chain	6OZC_4|Chains	65.100	227	3.728E-87	281
9NJ3_4|Chain	7LG6_6|Chains	63.600	230	1.191E-85	276
9NJ3_4|Chain	7L5J_3|Chains	50.200	228	6.299E-67	222
9NJ3_4|Chain	7MFG_3|Chains	67.400	126	3.329E-46	162
9NJ3_4|Chain	7RA8_2|Chains	64.500	124	1.426E-44	158
9NJ3_4|Chain	6XEY_2|Chains	60.300	126	4.334E-40	145
9NJ3_4|Chain	7PC2_1|Chains	40.000	221	5.924E-40	144
9NJ3_4|Chain	7LUC_2|Chains	58.700	126	9.855E-39	141
9NJ3_4|Chain	8DZI_2|Chains	56.300	126	1.986E-36	134
9NJ3_4|Chain	7LUC_4|Chains	51.900	129	6.915E-36	132
9NJ3_4|Chain	7WEC_1|Chains	54.700	125	4.489E-35	130
9NJ3_4|Chain	8CYJ_3|Chain	42.100	128	1.855E-28	111
9NJ3_4|Chain	7WS5_3|Chains	42.800	126	3.016E-27	107
9NJ3_4|Chain	6TYS_2|Chains	42.900	128	6.653E-26	103
9NJ3_4|Chain	7JHH_7|Chain	43.600	126	3.684E-24	98
9NJ3_4|Chain	7M74_7|Chain	43.200	125	9.289E-24	97
9NJ3_4|Chain	8CYJ_2|Chain	40.600	125	9.289E-24	97
9NJ3_4|Chain	7KKL_2|Chains	42.800	126	8.022E-23	94
9NJ3_4|Chain	8CYJ_4|Chain	39.300	127	3.734E-22	92
9NJ3_4|Chain	6UKT_4|Chain	42.100	126	3.206E-21	89
9NJ3_4|Chain	6UKT_6|Chain	40.400	126	8.049E-21	88
9NJ3_4|Chain	7UCG_3|Chains	31.000	216	1.486E-20	87
9NJ3_4|Chain	8CYJ_1|Chain	39.800	127	2.743E-20	87
9NJ3_4|Chain	6VTT_3|Chain	30.500	216	2.743E-20	87
9NJ3_4|Chain	7DKJ_2|Chains	37.400	128	6.873E-20	85
9NJ3_4|Chain	7LG6_5|Chains	31.400	228	1.267E-19	85
9NJ3_4|Chain	6U59_4|Chains	41.600	123	1.721E-19	84
9NJ3_4|Chain	6UKT_3|Chain	39.600	126	1.721E-19	84
9NJ3_4|Chain	6VO1_3|Chains	36.200	126	1.076E-18	82
9NJ3_4|Chain	7U9G_2|Chains	31.300	226	6.708E-18	79
9NJ3_4|Chain	6V4N_3|Chains	31.900	208	9.097E-18	79
9NJ3_4|Chain	7JHH_5|Chain	29.100	228	4.165E-17	77
9NJ3_4|Chain	6UKT_5|Chain	37.300	126	5.645E-17	77
9NJ3_4|Chain	7MY3_2|Chains	35.700	126	1.902E-16	75
9NJ3_4|Chain	7M74_5|Chain	30.100	208	1.902E-16	75
9NJ3_4|Chain	6XDG_2|Chain	29.100	228	1.902E-16	75
9NJ3_4|Chain	7UDS_2|Chains	28.700	221	1.315E-14	70
9NJ3_4|Chain	6NQD_4|Chains	27.800	228	2.403E-14	69
9W90_1|Chains	7VGG_1|Chain	39.300	629	3.028E-137	450
9E9E_1|Chains	7OCF_2|Chains	98.500	823	0.000E+00	1651
9E9E_1|Chains	7OCF_1|Chains	72.500	819	0.000E+00	1258
9XGX_1|Chain	6XDG_3|Chain	78.000	120	3.722E-56	185
9XGX_1|Chain	6TYS_2|Chains	72.800	118	9.185E-52	172
9XGX_1|Chain	6XDG_4|Chain	73.500	120	3.252E-51	171
9XGX_1|Chain	7WS5_3|Chains	72.300	123	6.119E-51	170
9XGX_1|Chain	8CYJ_3|Chain	67.900	128	4.076E-50	168
9XGX_1|Chain	7M74_6|Chain	69.800	126	7.670E-50	167
9XGX_1|Chain	7UDS_1|Chains	68.500	121	7.010E-49	164
9XGX_1|Chain	7JHH_7|Chain	66.100	121	1.007E-45	155
9XGX_1|Chain	7M74_7|Chain	65.800	120	3.566E-45	153
9XGX_1|Chain	7KKL_2|Chains	68.000	119	3.566E-45	153
9XGX_1|Chain	8CYJ_2|Chain	64.500	124	6.133E-44	150
9XGX_1|Chain	6UKT_3|Chain	64.900	117	1.583E-43	149
9XGX_1|Chain	7L5J_3|Chains	62.800	119	4.086E-43	147
9XGX_1|Chain	7DKJ_2|Chains	60.800	122	5.606E-43	147
9XGX_1|Chain	6UKT_6|Chain	62.900	124	3.735E-42	145
9XGX_1|Chain	6UKT_4|Chain	63.700	124	3.735E-42	145
9XGX_1|Chain	8CYJ_4|Chain	60.600	127	2.489E-41	142
9XGX_1|Chain	8CYJ_1|Chain	61.400	127	1.105E-39	138
9XGX_1|Chain	6UKT_5|Chain	61.700	121	3.914E-39	136
9XGX_1|Chain	6OZC_4|Chains	56.900	122	1.386E-38	134
9XGX_1|Chain	6DFH_3|Chains	55.300	130	3.271E-37	130
9XGX_1|Chain	6PZZ_3|Chains	55.200	121	1.589E-36	128
9XGX_1|Chain	8DZI_2|Chains	55.400	118	2.990E-36	128
9XGX_1|Chain	7MY3_2|Chains	56.100	121	2.734E-35	125
9XGX_1|Chain	7MFG_3|Chains	54.100	120	1.822E-34	123
9XGX_1|Chain	6VO1_3|Chains	55.000	118	2.284E-33	119
9XGX_1|Chain	6XEY_2|Chains	50.000	122	2.284E-33	119
9XGX_1|Chain	7LUC_4|Chains	48.000	129	4.299E-33	119
9XGX_1|Chain	7LUC_2|Chains	49.500	121	1.110E-32	117
9XGX_1|Chain	6U59_4|Chains	54.100	119	2.865E-32	116
9XGX_1|Chain	7RA8_2|Chains	49.200	126	3.930E-32	116
9XGX_1|Chain	7LL2_3|Chains	46.700	122	1.392E-31	114
9XGX_1|Chain	7LG6_6|Chains	52.800	121	8.476E-30	109
9XGX_1|Chain	6OPO_5|Chains	45.300	128	3.001E-29	108
9XGX_1|Chain	6OPQ_5|Chains	45.300	128	3.001E-29	108
9XGX_1|Chain	6X5B_5|Chains	45.300	128	3.001E-29	108
9XGX_1|Chain	6OPP_5|Chains	45.300	128	3.001E-29	108
9XGX_1|Chain	7UCG_2|Chains	47.100	123	5.647E-29	107
9XGX_1|Chain	7WEC_1|Chains	48.700	123	1.458E-28	106
9XGX_1|Chain	7PC2_5|Chains	42.200	123	2.870E-25	96
9XGX_1|Chain	7LL1_3|Chains	36.200	127	4.285E-19	78
9XGX_1|Chain	7LG6_2|Chains	36.200	127	4.285E-19	78
9XGX_1|Chain	8DZI_3|Chains	37.000	115	5.667E-12	58
9XGX_1|Chain	7WEC_2|Chains	37.000	115	2.732E-11	56
9XGX_1|Chain	6OPQ_2|Chains	35.300	115	1.623E-09	51
9XGX_1|Chain	6OPO_2|Chains	35.300	115	1.623E-09	51
9XGX_1|Chain	6X5B_3|Chains	35.300	115	1.623E-09	51
9XGX_1|Chain	6OPP_1|Chains	35.300	115	1.623E-09	51
9XGX_1|Chain	6TYS_3|Chains	31.600	101	1.785E-07	45
9XGX_1|Chain	6U59_3|Chains	33.000	101	1.589E-06	42
9XWM_2|Chain	6XEY_2|Chains	65.500	122	5.612E-49	164
9XWM_2|Chain	6PZZ_3|Chains	64.400	121	1.516E-45	154
9XWM_2|Chain	7MFG_3|Chains	63.100	120	8.434E-43	147
9XWM_2|Chain	7LUC_2|Chains	57.800	121	2.494E-40	139
9XWM_2|Chain	7RA8_2|Chains	57.100	126	2.494E-40	139
9XWM_2|Chain	8DZI_2|Chains	56.300	119	1.661E-39	137
9XWM_2|Chain	7UCG_2|Chains	53.600	123	4.913E-37	130
9XWM_2|Chain	7M74_6|Chain	50.700	126	6.740E-37	130
9XWM_2|Chain	7JHH_6|Chain	50.700	126	6.740E-37	130
9XWM_2|Chain	7LUC_4|Chains	49.600	129	7.721E-35	124
9XWM_2|Chain	7WEC_1|Chains	53.600	123	1.059E-34	123
9XWM_2|Chain	6TYS_2|Chains	50.800	119	9.679E-34	121
9XWM_2|Chain	6XDG_3|Chain	49.100	120	9.679E-34	121
9XWM_2|Chain	6XDG_4|Chain	48.300	120	1.821E-33	120
9XWM_2|Chain	7PC2_5|Chains	47.900	123	2.283E-32	117
9XWM_2|Chain	8CYJ_3|Chain	44.500	128	8.082E-32	115
9XWM_2|Chain	7WS5_3|Chains	45.600	123	1.521E-31	114
9XWM_2|Chain	6OPO_5|Chains	47.600	128	3.925E-31	113
9XWM_2|Chain	6OPQ_5|Chains	47.600	128	3.925E-31	113
9XWM_2|Chain	6X5B_5|Chains	47.600	128	3.925E-31	113
9XWM_2|Chain	6OPP_5|Chains	47.600	128	3.925E-31	113
9XWM_2|Chain	7L5J_3|Chains	46.200	119	7.385E-31	112
9XWM_2|Chain	7UDS_1|Chains	43.800	121	2.388E-29	108
9XWM_2|Chain	6DFH_3|Chains	45.000	130	1.591E-28	106
9XWM_2|Chain	7DKJ_2|Chains	45.000	122	2.993E-28	105
9XWM_2|Chain	6UKT_4|Chain	43.500	124	2.734E-27	102
9XWM_2|Chain	6VO1_3|Chains	42.500	119	3.750E-27	102
9XWM_2|Chain	7KKL_2|Chains	45.300	119	9.676E-27	100
9XWM_2|Chain	7JHH_7|Chain	43.400	121	9.676E-27	100
9XWM_2|Chain	7M74_7|Chain	42.900	120	3.424E-26	99
9XWM_2|Chain	8CYJ_2|Chain	42.200	123	4.697E-26	98
9XWM_2|Chain	8CYJ_4|Chain	40.900	127	1.662E-25	97
9XWM_2|Chain	6U59_4|Chains	46.300	119	5.882E-25	95
9XWM_2|Chain	7LL2_3|Chains	41.100	122	1.106E-24	94
9XWM_2|Chain	7LG6_6|Chains	40.900	121	1.518E-24	94
9XWM_2|Chain	7LL1_3|Chains	43.300	127	3.915E-24	93
9XWM_2|Chain	7LG6_2|Chains	43.300	127	3.915E-24	93
9XWM_2|Chain	6UKT_6|Chain	42.400	124	4.901E-23	90
9XWM_2|Chain	6UKT_5|Chain	42.000	121	6.132E-22	87
9XWM_2|Chain	6OZC_4|Chains	36.800	122	1.581E-21	85
9XWM_2|Chain	6UKT_3|Chain	42.100	119	2.169E-21	85
9XWM_2|Chain	8CYJ_1|Chain	39.000	127	5.593E-21	84
9XWM_2|Chain	7MY3_2|Chains	38.500	121	7.669E-21	83
11UF_1|Chains	7OCF_2|Chains	98.500	847	0.000E+00	1696
11UF_1|Chains	7OCF_1|Chains	72.500	819	0.000E+00	1257
9YGF_1|Chains	6XDG_4|Chain	78.300	120	2.994E-59	194
9YGF_1|Chains	6XDG_3|Chain	73.300	120	8.840E-57	187
9YGF_1|Chains	7WS5_3|Chains	71.500	123	1.388E-54	181
9YGF_1|Chains	7PC2_1|Chains	65.100	132	8.442E-53	175
9YGF_1|Chains	8CYJ_3|Chain	64.000	128	1.451E-51	172
9YGF_1|Chains	7M74_6|Chain	67.400	126	5.136E-51	170
9YGF_1|Chains	7JHH_6|Chain	67.400	126	5.136E-51	170
9YGF_1|Chains	6TYS_2|Chains	67.500	120	5.881E-49	164
9YGF_1|Chains	7UDS_1|Chains	66.900	121	8.066E-49	164
9YGF_1|Chains	7KKL_2|Chains	68.800	120	9.236E-47	158
9YGF_1|Chains	7JHH_7|Chain	64.200	121	3.270E-46	156
9YGF_1|Chains	7M74_7|Chain	63.900	120	1.158E-45	155
9YGF_1|Chains	8CYJ_2|Chain	64.800	124	5.621E-45	153
9YGF_1|Chains	6UKT_4|Chain	62.000	124	1.326E-43	149
9YGF_1|Chains	7L5J_3|Chains	60.100	120	1.818E-43	149
9YGF_1|Chains	8CYJ_4|Chain	60.600	127	2.279E-42	145
9YGF_1|Chains	6UKT_3|Chain	65.000	120	1.518E-41	143
9YGF_1|Chains	8CYJ_1|Chain	58.200	127	2.385E-39	137
9YGF_1|Chains	7DKJ_2|Chains	60.000	122	2.385E-39	137
9YGF_1|Chains	6PZZ_3|Chains	54.000	121	8.445E-39	135
9YGF_1|Chains	6UKT_5|Chain	62.200	121	1.158E-38	135
9YGF_1|Chains	7RA8_2|Chains	53.900	126	2.180E-38	134
9YGF_1|Chains	6UKT_6|Chain	58.700	124	2.990E-38	134
9YGF_1|Chains	8DZI_2|Chains	52.500	120	5.626E-38	133
9YGF_1|Chains	6OZC_4|Chains	54.000	122	5.626E-38	133
9YGF_1|Chains	7MY3_2|Chains	57.300	121	1.992E-37	131
9YGF_1|Chains	6U59_4|Chains	57.000	119	1.820E-36	128
9YGF_1|Chains	7MFG_3|Chains	52.500	120	6.443E-36	127
9YGF_1|Chains	7LUC_2|Chains	48.700	121	8.075E-35	124
9YGF_1|Chains	6XEY_2|Chains	48.000	122	2.859E-34	122
9YGF_1|Chains	6VO1_3|Chains	52.800	120	5.379E-34	121
9YGF_1|Chains	6OPO_5|Chains	46.800	128	2.612E-33	119
9YGF_1|Chains	6OPQ_5|Chains	46.800	128	2.612E-33	119
9YGF_1|Chains	6X5B_5|Chains	46.800	128	2.612E-33	119
9YGF_1|Chains	6OPP_5|Chains	46.800	128	2.612E-33	119
9YGF_1|Chains	7UCG_2|Chains	48.700	123	1.740E-32	117
9YGF_1|Chains	7LUC_4|Chains	45.400	129	3.273E-32	116
9YGF_1|Chains	7WEC_1|Chains	47.900	123	3.747E-30	110
9YGF_1|Chains	6DFH_3|Chains	47.700	130	2.495E-29	108
9YGF_1|Chains	7LL1_3|Chains	40.900	127	1.661E-28	106
9YGF_1|Chains	7LG6_2|Chains	40.900	127	1.661E-28	106
9YGF_1|Chains	7PC2_5|Chains	44.300	123	2.854E-27	102
9YGF_1|Chains	7LG6_6|Chains	44.600	121	1.900E-26	100
9YGF_1|Chains	7LL2_3|Chains	41.400	122	7.681E-24	92
9YGF_1|Chains	6TYS_3|Chains	34.600	104	1.434E-07	45
9YGF_1|Chains	6VO1_4|Chains	33.000	104	4.417E-06	41
9YGF_1|Chains	7LUC_5|Chains	32.600	104	4.417E-06	41
9YGF_1|Chains	7WS5_2|Chains	28.800	104	2.845E-05	38
9XGX_3|Chain	6XDG_1|Chain	100.000	199	7.999E-141	434
9XGX_3|Chain	7WSF_2|Chain	72.600	183	7.016E-93	295
9XWM_4|Chain	6VO1_4|Chains	65.400	107	7.898E-45	152
9XWM_4|Chain	6XDG_2|Chain	64.400	107	9.915E-44	149
9XWM_4|Chain	6PZZ_2|Chains	58.800	107	1.043E-40	140
9XWM_4|Chain	6OZC_3|Chains	60.700	107	1.963E-40	139
9XWM_4|Chain	7WS5_2|Chains	61.100	108	5.069E-40	138
9XWM_4|Chain	7DKJ_3|Chains	56.000	107	4.640E-39	135
9XWM_4|Chain	7LUC_5|Chains	57.000	107	1.198E-38	134
9XWM_4|Chain	8DZI_3|Chains	58.800	107	4.247E-38	132
9XWM_4|Chain	6TYS_3|Chains	57.000	107	7.996E-38	132
9XWM_4|Chain	6V4N_3|Chains	57.000	107	7.996E-38	132
9XWM_4|Chain	7WEC_2|Chains	57.500	106	2.065E-37	130
9XWM_4|Chain	7MFG_4|Chains	52.300	107	1.991E-33	119
9XWM_4|Chain	7LUC_3|Chains	48.200	112	7.059E-33	117
9XWM_4|Chain	6U59_3|Chains	50.000	112	1.021E-29	108
9XWM_4|Chain	7RA8_3|Chains	47.900	98	7.575E-23	89
9XWM_4|Chain	6XEY_3|Chains	45.300	97	1.039E-22	88
9XWM_4|Chain	7KKL_2|Chains	26.600	104	6.049E-04	34
11ND_2|Chains	8ENM_2|Chains	100.000	523	0.000E+00	1108
11ND_2|Chains	8CRS_2|Chains	100.000	522	0.000E+00	1106
11ND_2|Chains	8ENO_2|Chains	100.000	522	0.000E+00	1106
11ND_2|Chains	8ENN_2|Chains	100.000	522	0.000E+00	1106
9RGD_3|Chain	7M6S_1|Chains	36.000	412	1.393E-76	259
9ZRY_4|Chains	7PC2_4|Chains	88.800	153	1.098E-86	275
9ZRY_4|Chains	6OZC_2|Chains	88.800	153	1.098E-86	275
9ZRY_4|Chains	6VO1_2|Chains	88.200	153	3.880E-86	273
9ZRY_4|Chains	7LG6_4|Chains	88.200	153	3.880E-86	273
9ZRY_4|Chains	6DFH_2|Chains	87.500	153	1.372E-85	272
9ZRY_4|Chains	7LL1_2|Chains	88.200	153	2.579E-85	271
9ZRY_4|Chains	7LL2_2|Chains	88.200	153	2.579E-85	271
9ZRY_4|Chains	7L6O_2|Chains	89.500	144	8.306E-84	267
9ZRY_4|Chains	7UCG_1|Chains	84.300	153	1.139E-83	266
9ZRY_4|Chains	6OPO_3|Chains	82.300	153	4.177E-80	256
9ZRY_4|Chains	6OPQ_3|Chains	82.300	153	4.177E-80	256
9ZRY_4|Chains	6U59_2|Chains	82.300	153	4.177E-80	256
9ZRY_4|Chains	6X5B_2|Chains	82.300	153	4.177E-80	256
9ZRY_4|Chains	6OPP_2|Chains	82.300	153	4.177E-80	256
9ZRY_4|Chains	6VTT_4|Chains	80.900	152	1.345E-78	252
9ZRY_4|Chains	6NQD_2|Chains	79.000	153	6.520E-78	250
9S3Q_2|Chains	7OCF_2|Chains	75.300	837	0.000E+00	1345
9S3Q_2|Chains	7OCF_1|Chains	70.600	826	0.000E+00	1233
9SGT_1|Chains	7AG8_1|Chains	99.800	740	0.000E+00	1555
9SGT_1|Chains	7A7A_1|Chains	99.700	740	0.000E+00	1549
9W90_2|Chains	8G46_1|Chain	73.000	1140	0.000E+00	1558
11MT_1|Chains	7DKJ_1|Chains	42.600	559	9.425E-146	467
11MT_1|Chains	7MFG_1|Chains	35.800	325	3.488E-65	231
9QGU_2|Chains	7OSF_2|Chains	27.700	197	2.102E-18	82
9QGU_2|Chains	7OSI_2|Chains	27.700	197	2.102E-18	82
9QGU_2|Chains	7OSG_2|Chains	27.700	197	2.102E-18	82
9QGU_2|Chains	7OSJ_2|Chains	27.700	197	2.102E-18	82
9QGU_2|Chains	7O12_1|Chains	27.700	197	2.102E-18	82
9QGU_2|Chains	7O11_2|Chains	27.700	197	2.102E-18	82
9QGU_2|Chains	7OSH_2|Chains	27.700	197	2.102E-18	82
9QGU_2|Chains	7D09_2|Chains	25.100	151	2.986E-07	48
9NJ3_3|Chains	6XDG_5|Chain	83.400	217	1.633E-112	353
9NJ3_3|Chains	6VTT_3|Chain	81.100	217	1.849E-110	347
9NJ3_3|Chains	7UCG_3|Chains	78.300	217	2.681E-104	329
9NJ3_3|Chains	6DFH_4|Chains	79.400	214	2.681E-104	329
9NJ3_3|Chains	7U9G_2|Chains	55.600	217	2.306E-70	231
9NJ3_3|Chains	7RA8_3|Chains	80.500	113	4.164E-54	184
9NJ3_3|Chains	7UCG_6|Chains	46.400	206	1.190E-48	169
9NJ3_3|Chains	7L5J_2|Chains	44.900	207	7.827E-48	166
9NJ3_3|Chains	6OPQ_2|Chains	42.900	202	1.065E-44	157
9NJ3_3|Chains	6OPO_2|Chains	42.900	202	1.065E-44	157
9NJ3_3|Chains	6X5B_3|Chains	42.900	202	1.065E-44	157
9NJ3_3|Chains	6OPP_1|Chains	42.900	202	1.065E-44	157
9NJ3_3|Chains	6XDG_2|Chain	43.800	214	1.994E-44	156
9NJ3_3|Chains	6PZZ_2|Chains	43.600	215	5.109E-44	155
9NJ3_3|Chains	6XEY_3|Chains	68.400	111	9.565E-44	154
9NJ3_3|Chains	7JHH_5|Chain	43.800	214	3.352E-43	153
9NJ3_3|Chains	7M74_5|Chain	44.300	202	1.174E-42	151
9NJ3_3|Chains	7LG6_5|Chains	41.500	214	3.007E-42	150
9NJ3_3|Chains	6OZC_3|Chains	42.200	203	4.113E-42	150
9NJ3_3|Chains	6V4N_3|Chains	42.000	214	5.627E-42	149
9NJ3_3|Chains	7UDS_2|Chains	42.900	202	1.971E-41	148
9NJ3_3|Chains	6NQD_4|Chains	41.500	214	1.971E-41	148
9NJ3_3|Chains	7PC2_2|Chains	40.900	215	5.044E-41	147
9NJ3_3|Chains	7LL1_4|Chains	39.600	217	9.437E-41	146
9NJ3_3|Chains	7LG6_3|Chains	39.600	217	9.437E-41	146
9NJ3_3|Chains	7PC2_6|Chains	40.600	214	2.956E-39	141
9NJ3_3|Chains	7LL2_4|Chains	39.900	214	1.414E-38	139
9NJ3_3|Chains	7DKJ_3|Chains	44.200	110	9.763E-19	81
9NJ3_3|Chains	6NQD_3|Chains	28.900	222	6.151E-18	79
9NJ3_3|Chains	7FJE_6|Chain	30.400	201	9.349E-15	70
9NJ3_3|Chains	7L5J_3|Chains	27.900	205	4.806E-13	64
25SB_3|Chains	6XDG_5|Chain	90.100	214	4.460E-124	386
25SB_3|Chains	7UCG_3|Chains	82.700	214	1.610E-110	347
25SB_3|Chains	6VTT_3|Chain	78.100	214	6.435E-108	340
25SB_3|Chains	6DFH_4|Chains	79.100	211	1.369E-105	333
25SB_3|Chains	7U9G_2|Chains	54.300	204	6.583E-66	218
25SB_3|Chains	6XEY_3|Chains	93.600	111	7.390E-64	213
25SB_3|Chains	7L5J_2|Chains	44.700	206	2.712E-48	168
25SB_3|Chains	7UCG_6|Chains	48.200	175	3.712E-48	167
25SB_3|Chains	6XDG_2|Chain	45.000	201	5.081E-48	167
25SB_3|Chains	6OZC_3|Chains	43.100	201	1.055E-45	160
25SB_3|Chains	6OPQ_2|Chains	44.100	201	1.444E-45	160
25SB_3|Chains	6OPO_2|Chains	44.100	201	1.444E-45	160
25SB_3|Chains	6X5B_3|Chains	44.100	201	1.444E-45	160
25SB_3|Chains	6OPP_1|Chains	44.100	201	1.444E-45	160
25SB_3|Chains	6PZZ_2|Chains	44.300	201	5.066E-45	158
25SB_3|Chains	7M74_5|Chain	43.100	201	1.777E-44	156
25SB_3|Chains	7JHH_5|Chain	43.100	201	1.777E-44	156
25SB_3|Chains	6NQD_4|Chains	42.100	201	7.657E-43	152
25SB_3|Chains	7LG6_5|Chains	40.600	201	6.872E-42	149
25SB_3|Chains	7UDS_2|Chains	42.600	201	3.294E-41	147
25SB_3|Chains	6V4N_3|Chains	44.200	171	4.506E-41	147
25SB_3|Chains	7RA8_3|Chains	65.400	113	8.433E-41	146
25SB_3|Chains	7PC2_2|Chains	43.200	201	1.154E-40	145
25SB_3|Chains	7LL1_4|Chains	41.400	204	1.578E-40	145
25SB_3|Chains	7LG6_3|Chains	41.400	204	1.578E-40	145
25SB_3|Chains	7PC2_6|Chains	41.100	201	2.953E-40	144
25SB_3|Chains	7LL2_4|Chains	40.300	201	2.953E-40	144
25SB_3|Chains	6TYS_3|Chains	47.200	107	2.186E-22	92
25SB_3|Chains	8DZI_3|Chains	47.200	107	2.186E-22	92
25SB_3|Chains	6U59_3|Chains	46.300	108	2.186E-22	92
25SB_3|Chains	6VO1_4|Chains	47.200	107	1.025E-21	90
25SB_3|Chains	7WS5_2|Chains	48.600	107	1.396E-21	90
25SB_3|Chains	6XDG_4|Chain	33.600	207	1.396E-21	90
25SB_3|Chains	7WEC_2|Chains	47.200	107	1.901E-21	89
25SB_3|Chains	7FJE_6|Chain	34.400	201	6.534E-21	88
25SB_3|Chains	7LUC_5|Chains	45.800	107	1.211E-20	87
25SB_3|Chains	7DKJ_3|Chains	44.400	107	1.648E-20	87
25SB_3|Chains	6NQD_3|Chains	29.100	219	2.637E-17	77
25SB_3|Chains	7LL1_3|Chains	27.900	214	5.411E-14	67
25SB_3|Chains	7LG6_2|Chains	27.900	214	5.411E-14	67
9O8R_4|Chains	6XEY_3|Chains	80.900	110	2.122E-54	179
9O8R_4|Chains	6XDG_5|Chain	82.700	110	7.514E-54	178
9O8R_4|Chains	7RA8_3|Chains	63.700	113	6.082E-41	141
9O8R_4|Chains	6VTT_3|Chain	58.000	111	1.204E-37	131
9O8R_4|Chains	7U9G_2|Chains	60.300	110	3.109E-37	130
9O8R_4|Chains	8DZI_3|Chains	49.000	105	1.699E-23	91
9O8R_4|Chains	7WS5_2|Chains	49.500	105	4.389E-23	89
9O8R_4|Chains	7WEC_2|Chains	49.000	105	1.424E-21	85
9O8R_4|Chains	7LUC_5|Chains	46.200	105	2.680E-21	84
9O8R_4|Chains	6TYS_3|Chains	45.200	105	2.680E-21	84
9O8R_4|Chains	7DKJ_3|Chains	43.300	105	1.303E-20	82
9O8R_4|Chains	6VO1_4|Chains	44.300	105	1.787E-20	82
9O8R_4|Chains	6U59_3|Chains	45.400	108	8.689E-20	80
9O8R_4|Chains	7MFG_4|Chains	45.100	103	1.192E-19	79
9O8R_4|Chains	7LUC_3|Chains	38.000	105	4.845E-17	72
9O8R_4|Chains	7M74_7|Chain	32.100	106	3.158E-09	49
9O8R_4|Chains	7JHH_7|Chain	32.100	106	3.158E-09	49
9O8R_4|Chains	6UKT_5|Chain	33.000	105	4.326E-09	49
9O8R_4|Chains	6UKT_3|Chain	33.600	99	1.523E-08	48
9O8R_4|Chains	8DZI_2|Chains	34.600	103	2.857E-08	47
9O8R_4|Chains	6UKT_4|Chain	29.300	108	3.529E-07	44
9O8R_4|Chains	6TYS_2|Chains	34.200	103	1.238E-06	42
9O8R_4|Chains	7KKL_2|Chains	30.400	103	1.694E-06	42
9O8R_4|Chains	7MFG_3|Chains	30.500	105	4.335E-06	40
9O8R_4|Chains	7WEC_1|Chains	29.200	109	5.929E-06	40
9O8R_4|Chains	8CYJ_2|Chain	29.000	109	1.109E-05	39
9O8R_4|Chains	7DKJ_2|Chains	30.200	107	1.109E-05	39
9O8R_4|Chains	8CYJ_4|Chain	28.200	84	3.871E-05	38
9O8R_4|Chains	8CYJ_3|Chain	29.700	83	4.687E-04	34
9LNO_1|Chain	7SK2_1|Chain	52.200	545	4.770E-193	607
9VH5_3|Chains	7KKL_2|Chains	76.000	117	2.261E-51	171
9VH5_3|Chains	8CYJ_2|Chain	68.800	122	1.259E-48	163
9VH5_3|Chains	6UKT_5|Chain	67.200	119	5.107E-46	156
9VH5_3|Chains	6UKT_3|Chain	69.800	116	2.481E-45	154
9VH5_3|Chains	7M74_7|Chain	66.300	119	4.268E-44	150
9VH5_3|Chains	8CYJ_3|Chain	63.400	126	4.268E-44	150
9VH5_3|Chains	7JHH_7|Chain	66.300	119	4.268E-44	150
9VH5_3|Chains	8CYJ_4|Chain	64.800	125	5.854E-44	150
9VH5_3|Chains	8CYJ_1|Chain	64.800	125	5.854E-44	150
9VH5_3|Chains	6UKT_4|Chain	65.800	122	1.102E-43	149
9VH5_3|Chains	6UKT_6|Chain	63.100	122	2.073E-43	148
9VH5_3|Chains	7M74_6|Chain	63.700	124	6.712E-42	144
9VH5_3|Chains	6XDG_4|Chain	65.200	118	1.263E-41	143
9VH5_3|Chains	6XDG_3|Chain	65.200	118	1.733E-41	143
9VH5_3|Chains	6TYS_2|Chains	65.800	116	2.377E-41	142
9VH5_3|Chains	7MY3_2|Chains	60.500	119	6.136E-41	141
9VH5_3|Chains	7WS5_3|Chains	62.800	121	5.610E-40	138
9VH5_3|Chains	7UDS_1|Chains	59.100	119	2.278E-37	131
9VH5_3|Chains	7L5J_3|Chains	54.700	117	2.184E-33	119
9VH5_3|Chains	7DKJ_2|Chains	53.300	120	1.456E-32	117
9VH5_3|Chains	7RA8_2|Chains	45.600	124	1.217E-30	111
9VH5_3|Chains	7MFG_3|Chains	47.400	118	4.309E-30	110
9VH5_3|Chains	8DZI_2|Chains	50.400	116	8.110E-30	109
9VH5_3|Chains	6PZZ_3|Chains	46.600	119	3.940E-29	107
9VH5_3|Chains	6OZC_4|Chains	47.900	121	4.940E-28	104
9VH5_3|Chains	7LUC_2|Chains	44.500	119	2.400E-27	102
9VH5_3|Chains	7LUC_4|Chains	46.000	127	3.292E-27	102
9VH5_3|Chains	6VO1_3|Chains	49.100	116	1.166E-26	100
9VH5_3|Chains	7WEC_1|Chains	42.600	122	5.662E-26	98
9VH5_3|Chains	6XEY_2|Chains	43.300	120	1.461E-25	97
9VH5_3|Chains	6OPO_5|Chains	39.600	126	5.923E-23	89
9VH5_3|Chains	6OPQ_5|Chains	39.600	126	5.923E-23	89
9VH5_3|Chains	6X5B_5|Chains	39.600	126	5.923E-23	89
9VH5_3|Chains	6OPP_5|Chains	39.600	126	5.923E-23	89
9VH5_3|Chains	7LG6_6|Chains	46.600	119	2.876E-22	87
9VH5_3|Chains	6U59_4|Chains	44.900	117	5.410E-22	87
9VH5_3|Chains	7LL2_3|Chains	38.300	120	9.291E-21	83
9VH5_3|Chains	7PC2_5|Chains	38.200	121	7.736E-19	78
9VH5_3|Chains	7WEC_2|Chains	39.300	116	1.209E-16	71
9VH5_3|Chains	8DZI_3|Chains	37.600	116	2.342E-13	62
9VH5_3|Chains	6OPQ_2|Chains	37.200	116	2.125E-12	59
9VH5_3|Chains	6OPO_2|Chains	37.200	116	2.125E-12	59
9VH5_3|Chains	6X5B_3|Chains	37.200	116	2.125E-12	59
9VH5_3|Chains	6OPP_1|Chains	37.200	116	2.125E-12	59
9VH5_3|Chains	7LL1_3|Chains	30.100	125	1.924E-11	56
9VH5_3|Chains	7LG6_2|Chains	30.100	125	1.924E-11	56
9VH5_3|Chains	6XEY_3|Chains	34.600	103	4.946E-11	55
9VH5_3|Chains	6VO1_4|Chains	32.000	106	1.569E-09	51
9VH5_3|Chains	6TYS_3|Chains	33.300	95	2.148E-09	50
9VH5_3|Chains	7WS5_2|Chains	30.700	116	2.148E-09	50
9VH5_3|Chains	7MFG_4|Chains	33.000	114	7.536E-09	49
9VH5_3|Chains	7LUC_5|Chains	33.300	95	2.641E-08	47
9VH5_3|Chains	6U59_3|Chains	33.000	102	9.246E-08	46
9O8R_3|Chains	6XDG_4|Chain	81.400	121	1.064E-61	201
9O8R_3|Chains	6XDG_3|Chain	77.000	121	2.090E-58	192
9O8R_3|Chains	7WS5_3|Chains	74.700	123	1.015E-57	190
9O8R_3|Chains	7PC2_1|Chains	70.400	132	8.465E-56	184
9O8R_3|Chains	8CYJ_3|Chain	68.700	128	4.296E-52	173
9O8R_3|Chains	6TYS_2|Chains	70.200	121	8.083E-52	173
9O8R_3|Chains	7M74_6|Chain	70.000	126	1.389E-50	169
9O8R_3|Chains	7JHH_6|Chain	70.000	126	1.389E-50	169
9O8R_3|Chains	7JHH_7|Chain	66.100	121	1.159E-48	164
9O8R_3|Chains	7UDS_1|Chains	65.200	121	1.159E-48	164
9O8R_3|Chains	7M74_7|Chain	65.800	120	4.104E-48	162
9O8R_3|Chains	7KKL_2|Chains	68.500	121	6.444E-46	156
9O8R_3|Chains	6UKT_4|Chain	63.700	124	2.281E-45	154
9O8R_3|Chains	8CYJ_2|Chain	63.700	124	5.887E-45	153
9O8R_3|Chains	7L5J_3|Chains	60.300	121	4.914E-43	147
9O8R_3|Chains	8CYJ_4|Chain	61.400	127	3.273E-42	145
9O8R_3|Chains	7DKJ_2|Chains	60.400	122	5.627E-41	141
9O8R_3|Chains	7LUC_2|Chains	52.800	121	7.718E-41	141
9O8R_3|Chains	6PZZ_3|Chains	53.700	121	3.748E-40	139
9O8R_3|Chains	8CYJ_1|Chain	61.200	127	5.141E-40	139
9O8R_3|Chains	6XEY_2|Chains	52.400	122	3.424E-39	136
9O8R_3|Chains	6UKT_3|Chain	62.800	121	3.424E-39	136
9O8R_3|Chains	6UKT_6|Chain	60.800	124	1.663E-38	134
9O8R_3|Chains	6OZC_4|Chains	55.700	122	2.281E-38	134
9O8R_3|Chains	8DZI_2|Chains	54.500	121	5.886E-38	133
9O8R_3|Chains	7MY3_2|Chains	58.100	121	1.519E-37	132
9O8R_3|Chains	7MFG_3|Chains	54.500	121	2.084E-37	131
9O8R_3|Chains	7RA8_2|Chains	50.700	126	3.272E-35	125
9O8R_3|Chains	6U59_4|Chains	55.300	119	2.989E-34	122
9O8R_3|Chains	6UKT_5|Chain	58.100	121	4.100E-34	122
9O8R_3|Chains	7LUC_4|Chains	48.000	129	3.745E-33	119
9O8R_3|Chains	6OPO_5|Chains	47.600	128	3.745E-33	119
9O8R_3|Chains	6OPQ_5|Chains	47.600	128	3.745E-33	119
9O8R_3|Chains	6X5B_5|Chains	47.600	128	3.745E-33	119
9O8R_3|Chains	6OPP_5|Chains	47.600	128	3.745E-33	119
9O8R_3|Chains	6VO1_3|Chains	51.600	121	6.437E-32	115
9O8R_3|Chains	7UCG_2|Chains	49.100	123	8.829E-32	115
9O8R_3|Chains	7WEC_1|Chains	47.900	123	5.879E-31	113
9O8R_3|Chains	7PC2_5|Chains	43.300	123	8.064E-31	112
9O8R_3|Chains	6DFH_3|Chains	48.400	130	1.900E-29	108
9O8R_3|Chains	7LG6_6|Chains	47.500	121	9.223E-29	106
9O8R_3|Chains	7LL2_3|Chains	42.200	122	5.605E-27	101
9O8R_3|Chains	7LL1_3|Chains	39.800	127	9.623E-26	98
9O8R_3|Chains	7LG6_2|Chains	39.800	127	9.623E-26	98
9O8R_3|Chains	6TYS_3|Chains	30.400	105	1.153E-05	40
9OVK_1|Chain	7CN4_1|Chains	33.700	1092	1.673E-171	574
9OVK_1|Chain	8DZI_1|Chains	33.700	1094	4.152E-171	572
9OVK_1|Chain	6VSB_1|Chains	33.500	1094	5.621E-171	572
9OVK_1|Chain	7RA8_1|Chains	33.500	1094	5.621E-171	572
9OVK_1|Chain	7KKL_1|Chains	33.500	1094	5.621E-171	572
9OVK_1|Chain	6XKL_1|Chains	33.500	1094	5.621E-171	572
9OVK_1|Chain	6XEY_1|Chains	33.500	1094	5.621E-171	572
9OVK_1|Chain	6ZP5_1|Chains	33.500	1094	5.621E-171	572
9OVK_1|Chain	7MY3_1|Chains	33.500	1094	5.621E-171	572
9OVK_1|Chain	6ZGF_1|Chains	33.900	1092	7.610E-171	572
9OVK_1|Chain	7TPH_1|Chains	33.500	1094	1.030E-170	571
9OVK_1|Chain	7TP7_1|Chains	33.500	1094	1.030E-170	571
9OVK_1|Chain	6ZOY_1|Chains	33.600	1092	1.888E-170	571
9OVK_1|Chain	6ZOZ_1|Chains	33.600	1092	1.888E-170	571
9OVK_1|Chain	6ZP0_1|Chains	33.500	1092	8.579E-170	569
9OVK_1|Chain	7EB0_1|Chains	33.200	1092	8.579E-170	569
9OVK_1|Chain	6X29_1|Chains	33.400	1094	2.127E-169	567
9OVK_1|Chain	7UB6_1|Chains	33.500	1094	5.274E-169	566
9OVK_1|Chain	7KDJ_1|Chains	33.600	1094	5.274E-169	566
9OVK_1|Chain	7KDH_1|Chains	33.300	1094	9.661E-169	565
9OVK_1|Chain	7KE7_1|Chains	33.300	1094	1.307E-168	565
9OVK_1|Chain	7KEC_1|Chains	33.300	1094	1.307E-168	565
9OVK_1|Chain	7KEA_1|Chains	33.300	1094	1.307E-168	565
9OVK_1|Chain	7KE9_1|Chains	33.300	1094	1.307E-168	565
9OVK_1|Chain	7KEB_1|Chains	33.300	1094	1.307E-168	565
9OVK_1|Chain	7LYL_1|Chains	33.800	1074	1.307E-168	565
9OVK_1|Chain	8CSA_1|Chains	33.600	1094	1.307E-168	565
9OVK_1|Chain	7LYM_1|Chains	33.800	1074	1.307E-168	565
9OVK_1|Chain	7YQT_1|Chains	32.400	1057	7.427E-152	514
9OVK_1|Chain	8CYJ_5|Chain	32.300	1057	2.466E-151	513
9OVK_1|Chain	7SBL_1|Chains	32.200	1057	2.013E-150	510
9OVK_1|Chain	7SBK_1|Chains	32.200	1057	2.013E-150	510
9OVK_1|Chain	7SBP_1|Chains	32.200	1057	2.717E-150	510
9OVK_1|Chain	7JJI_1|Chains	32.000	1057	6.679E-150	509
9OVK_1|Chain	7SBS_1|Chains	30.500	1231	6.679E-150	509
9OVK_1|Chain	7E7D_1|Chains	32.000	1058	2.989E-149	507
9OVK_1|Chain	7WS5_1|Chains	32.200	1048	4.033E-149	506
9OVK_1|Chain	7XO5_1|Chains	32.200	1048	4.033E-149	506
9OVK_1|Chain	7WEC_3|Chains	32.300	1057	5.442E-149	506
9OVK_1|Chain	7N1U_1|Chains	32.200	1057	5.442E-149	506
9OVK_1|Chain	7KRS_1|Chains	32.100	1057	5.442E-149	506
9OVK_1|Chain	7N1T_1|Chains	32.500	1037	9.908E-149	505
9OVK_1|Chain	7N1Q_1|Chains	32.500	1037	9.908E-149	505
9OVK_1|Chain	7TLB_1|Chains	31.900	1048	1.979E-147	501
9OVK_1|Chain	7TLA_1|Chains	31.900	1048	1.979E-147	501
9OVK_1|Chain	7X27_1|Chains	33.500	965	2.168E-146	498
9OVK_1|Chain	7Y42_1|Chains	31.600	970	4.871E-132	454
9OVK_1|Chain	7XU2_1|Chains	31.400	970	1.699E-130	449
9OVK_1|Chain	7XU4_1|Chains	31.400	970	2.284E-130	449
9OVK_1|Chain	7XU5_1|Chains	31.400	970	2.284E-130	449
11TL_2|Chain	7JHH_6|Chain	90.100	231	3.725E-128	399
11TL_2|Chain	7M74_6|Chain	90.000	228	2.244E-126	394
11TL_2|Chain	6XDG_3|Chain	84.000	226	1.780E-117	368
11TL_2|Chain	6XDG_4|Chain	84.000	226	1.335E-114	360
11TL_2|Chain	7UDS_1|Chains	80.500	226	4.837E-111	349
11TL_2|Chain	6VTT_2|Chain	74.400	247	4.966E-108	341
11TL_2|Chain	6PZZ_3|Chains	74.700	226	2.988E-106	336
11TL_2|Chain	6OZC_4|Chains	76.300	225	3.376E-104	330
11TL_2|Chain	7UCG_2|Chains	72.000	226	2.082E-99	316
11TL_2|Chain	7LG6_6|Chains	74.000	226	2.853E-99	316
11TL_2|Chain	6DFH_3|Chains	73.800	232	1.715E-97	310
11TL_2|Chain	6OPO_5|Chains	70.500	229	3.220E-97	310
11TL_2|Chain	6OPQ_5|Chains	70.500	229	3.220E-97	310
11TL_2|Chain	6X5B_5|Chains	70.500	229	3.220E-97	310
11TL_2|Chain	6OPP_5|Chains	70.500	229	3.220E-97	310
11TL_2|Chain	7U9G_3|Chains	73.400	226	1.556E-96	308
11TL_2|Chain	7PC2_5|Chains	68.600	226	4.005E-96	306
11TL_2|Chain	6V4N_2|Chains	71.400	227	7.520E-96	306
11TL_2|Chain	7UCG_5|Chains	69.300	234	1.593E-93	299
11TL_2|Chain	7LL2_3|Chains	70.300	226	6.983E-92	294
11TL_2|Chain	7LL1_3|Chains	63.900	229	1.216E-87	282
11TL_2|Chain	7LG6_2|Chains	63.500	229	3.128E-87	281
11TL_2|Chain	6NQD_3|Chains	63.900	234	8.213E-84	271
11TL_2|Chain	7L5J_3|Chains	60.100	226	2.154E-80	261
11TL_2|Chain	7PC2_1|Chains	51.900	221	2.895E-61	206
11TL_2|Chain	7WS5_3|Chains	75.200	124	2.619E-51	177
11TL_2|Chain	6TYS_2|Chains	69.000	126	8.171E-47	164
11TL_2|Chain	8CYJ_3|Chain	63.500	128	2.813E-43	154
11TL_2|Chain	8CYJ_2|Chain	64.600	124	1.644E-41	149
11TL_2|Chain	7JHH_7|Chain	61.900	125	7.857E-41	147
11TL_2|Chain	7DKJ_2|Chains	61.200	126	1.074E-40	146
11TL_2|Chain	7KKL_2|Chains	65.600	124	3.753E-40	145
11TL_2|Chain	7M74_7|Chain	61.200	123	7.013E-40	144
11TL_2|Chain	6UKT_4|Chain	63.700	124	7.013E-40	144
11TL_2|Chain	8CYJ_4|Chain	60.400	127	3.347E-39	142
11TL_2|Chain	8CYJ_1|Chain	62.500	127	2.098E-35	131
11TL_2|Chain	8DZI_2|Chains	54.800	124	2.865E-35	130
11TL_2|Chain	6UKT_3|Chain	59.600	124	9.975E-35	129
11TL_2|Chain	6UKT_6|Chain	61.600	124	9.975E-35	129
11TL_2|Chain	6XEY_2|Chains	50.000	124	1.362E-34	128
11TL_2|Chain	7MFG_3|Chains	52.400	124	3.471E-34	127
11TL_2|Chain	7RA8_2|Chains	52.700	126	6.475E-34	126
11TL_2|Chain	6UKT_5|Chain	62.000	124	1.207E-33	126
11TL_2|Chain	6VO1_3|Chains	54.400	124	3.075E-33	124
11TL_2|Chain	7MY3_2|Chains	56.600	124	5.732E-33	124
11TL_2|Chain	7LUC_2|Chains	48.300	124	1.459E-32	123
11TL_2|Chain	6U59_4|Chains	57.300	121	5.068E-32	121
11TL_2|Chain	7LUC_4|Chains	49.600	129	2.890E-30	116
11TL_2|Chain	7WEC_1|Chains	49.100	123	6.454E-29	112
11TL_2|Chain	7UCG_3|Chains	33.600	211	2.120E-21	90
11TL_2|Chain	6OPQ_2|Chains	33.100	212	6.206E-20	85
11TL_2|Chain	6OPO_2|Chains	33.100	212	6.206E-20	85
11TL_2|Chain	6X5B_3|Chains	33.100	212	6.206E-20	85
11TL_2|Chain	6OPP_1|Chains	33.100	212	6.206E-20	85
11TL_2|Chain	7PC2_2|Chains	32.600	201	1.798E-18	81
11TL_2|Chain	7U9G_2|Chains	32.600	199	2.441E-18	81
11TL_2|Chain	6VTT_3|Chain	29.900	211	6.983E-17	76
11TL_2|Chain	6NQD_4|Chains	30.400	212	1.971E-15	72
11TL_2|Chain	7LL1_4|Chains	30.200	201	6.618E-15	70
11TL_2|Chain	7LG6_3|Chains	30.200	201	6.618E-15	70
11TL_2|Chain	7UCG_6|Chains	28.000	198	4.964E-12	62
11TL_2|Chain	7FJE_6|Chain	31.100	172	8.316E-09	52
9RGD_1|Chains	7M6S_1|Chains	38.400	400	1.856E-80	270
36JL_1|Chain	7KVF_1|Chain	31.100	2325	8.954E-291	962
36JL_1|Chain	7KVE_1|Chain	31.100	2325	8.954E-291	962
31IC_1|Chains	6X17_1|Chains	31.600	445	7.095E-52	189
9O8R_1|Chains	7MFG_1|Chains	70.300	327	7.145E-165	511
9O8R_1|Chains	7DKJ_1|Chains	54.500	330	1.449E-127	404
9XH2_4|Chain	7WVF_4|Chain	48.200	249	7.688E-60	203
9YSK_1|Chains	7UB6_1|Chains	96.000	1285	0.000E+00	2510
9YSK_1|Chains	8DZI_1|Chains	95.300	1285	0.000E+00	2500
9YSK_1|Chains	7RA8_1|Chains	94.400	1288	0.000E+00	2468
9YSK_1|Chains	6XKL_1|Chains	94.400	1288	0.000E+00	2468
9YSK_1|Chains	7MY3_1|Chains	94.400	1288	0.000E+00	2468
9YSK_1|Chains	8CSA_1|Chains	94.200	1288	0.000E+00	2457
9YSK_1|Chains	6VSB_1|Chains	94.100	1288	0.000E+00	2454
9YSK_1|Chains	7KKL_1|Chains	94.100	1288	0.000E+00	2454
9YSK_1|Chains	6XEY_1|Chains	94.100	1288	0.000E+00	2454
9YSK_1|Chains	6ZP5_1|Chains	94.100	1288	0.000E+00	2454
9YSK_1|Chains	7TPH_1|Chains	94.100	1286	0.000E+00	2452
9YSK_1|Chains	7TP7_1|Chains	94.100	1286	0.000E+00	2452
9YSK_1|Chains	7KE7_1|Chains	94.000	1288	0.000E+00	2450
9YSK_1|Chains	7KEC_1|Chains	94.000	1288	0.000E+00	2450
9YSK_1|Chains	7KEA_1|Chains	94.000	1288	0.000E+00	2450
9YSK_1|Chains	7KE9_1|Chains	94.000	1288	0.000E+00	2450
9YSK_1|Chains	7KEB_1|Chains	94.000	1288	0.000E+00	2450
9YSK_1|Chains	7KDH_1|Chains	93.900	1288	0.000E+00	2447
9YSK_1|Chains	7LYL_1|Chains	93.800	1288	0.000E+00	2445
9YSK_1|Chains	7LYM_1|Chains	93.800	1288	0.000E+00	2445
9YSK_1|Chains	7KDJ_1|Chains	93.700	1288	0.000E+00	2441
9YSK_1|Chains	6X29_1|Chains	94.100	1272	0.000E+00	2428
9YSK_1|Chains	7YQT_1|Chains	95.900	1205	0.000E+00	2353
9YSK_1|Chains	7EB0_1|Chains	91.300	1283	0.000E+00	2347
9YSK_1|Chains	7WS5_1|Chains	95.000	1205	0.000E+00	2330
9YSK_1|Chains	7CN4_1|Chains	90.300	1267	0.000E+00	2328
9YSK_1|Chains	6ZGF_1|Chains	91.100	1252	0.000E+00	2319
9YSK_1|Chains	7XO5_1|Chains	94.700	1205	0.000E+00	2316
9YSK_1|Chains	6ZOY_1|Chains	91.300	1244	0.000E+00	2312
9YSK_1|Chains	6ZOZ_1|Chains	91.300	1244	0.000E+00	2312
9YSK_1|Chains	6ZP0_1|Chains	91.300	1244	0.000E+00	2311
9YSK_1|Chains	7N1U_1|Chains	88.700	1305	0.000E+00	2310
9YSK_1|Chains	7SBL_1|Chains	88.500	1308	0.000E+00	2309
9YSK_1|Chains	7SBK_1|Chains	88.500	1308	0.000E+00	2309
9YSK_1|Chains	7KRS_1|Chains	88.300	1310	0.000E+00	2307
9YSK_1|Chains	7SBS_1|Chains	88.300	1310	0.000E+00	2305
9YSK_1|Chains	7WEC_3|Chains	94.200	1205	0.000E+00	2302
9YSK_1|Chains	7SBP_1|Chains	88.100	1310	0.000E+00	2301
9YSK_1|Chains	7N1T_1|Chains	88.400	1305	0.000E+00	2293
9YSK_1|Chains	7N1Q_1|Chains	88.400	1305	0.000E+00	2293
9YSK_1|Chains	7TLB_1|Chains	93.500	1208	0.000E+00	2278
9YSK_1|Chains	7TLA_1|Chains	93.500	1208	0.000E+00	2278
9YSK_1|Chains	7JJI_1|Chains	93.400	1208	0.000E+00	2278
9YSK_1|Chains	8CYJ_5|Chain	93.400	1208	0.000E+00	2277
9YSK_1|Chains	7E7D_1|Chains	93.300	1208	0.000E+00	2270
9YSK_1|Chains	7Y42_1|Chains	93.600	1121	0.000E+00	2132
9YSK_1|Chains	7XU4_1|Chains	92.800	1124	0.000E+00	2122
9YSK_1|Chains	7XU5_1|Chains	92.800	1124	0.000E+00	2122
9YSK_1|Chains	7XU2_1|Chains	92.700	1124	0.000E+00	2119
9YSK_1|Chains	7X27_1|Chains	32.400	972	1.695E-132	454
9OI3_4|Chains	6OZC_3|Chains	82.400	114	1.194E-59	195
9OI3_4|Chains	7JHH_5|Chain	82.400	114	1.876E-57	188
9OI3_4|Chains	6XDG_2|Chain	78.900	114	1.715E-56	186
9OI3_4|Chains	7M74_5|Chain	82.100	112	4.426E-56	184
9OI3_4|Chains	6PZZ_2|Chains	79.800	114	4.044E-55	182
9OI3_4|Chains	7WS5_2|Chains	83.300	108	2.695E-54	179
9OI3_4|Chains	7UDS_2|Chains	79.600	113	1.795E-53	177
9OI3_4|Chains	7LL2_4|Chains	77.900	117	3.378E-53	176
9OI3_4|Chains	6V4N_3|Chains	75.400	114	2.251E-52	174
9OI3_4|Chains	6NQD_4|Chains	71.300	115	3.088E-52	173
9OI3_4|Chains	6VO1_4|Chains	77.500	107	2.822E-51	171
9OI3_4|Chains	6OPQ_2|Chains	71.500	116	2.822E-51	171
9OI3_4|Chains	6OPO_2|Chains	71.500	116	2.822E-51	171
9OI3_4|Chains	6X5B_3|Chains	71.500	116	2.822E-51	171
9OI3_4|Chains	6OPP_1|Chains	71.500	116	2.822E-51	171
9OI3_4|Chains	7LUC_5|Chains	73.800	107	1.253E-49	166
9OI3_4|Chains	7LG6_5|Chains	69.000	113	8.350E-49	164
9OI3_4|Chains	8DZI_3|Chains	69.700	109	9.573E-47	158
9OI3_4|Chains	6TYS_3|Chains	69.100	107	6.380E-46	155
9OI3_4|Chains	7PC2_2|Chains	66.000	115	2.260E-45	154
9OI3_4|Chains	7WEC_2|Chains	65.400	107	2.370E-42	145
9OI3_4|Chains	7MFG_4|Chains	63.800	108	3.251E-42	145
9OI3_4|Chains	7DKJ_3|Chains	65.400	107	6.118E-42	144
9OI3_4|Chains	7LL1_4|Chains	61.000	113	2.973E-41	142
9OI3_4|Chains	7LG6_3|Chains	61.000	113	2.973E-41	142
9OI3_4|Chains	7L5J_2|Chains	59.200	113	3.729E-40	139
9OI3_4|Chains	7PC2_6|Chains	63.100	114	6.419E-39	135
9OI3_4|Chains	6U59_3|Chains	58.400	112	4.491E-35	124
9OI3_4|Chains	7LUC_3|Chains	46.400	112	1.527E-30	111
9OI3_4|Chains	7U9G_2|Chains	51.300	114	5.677E-27	101
9OI3_4|Chains	6DFH_4|Chains	46.900	114	3.460E-25	96
9OI3_4|Chains	6XEY_3|Chains	47.600	106	1.681E-24	94
9OI3_4|Chains	6XDG_5|Chain	45.500	112	1.120E-23	91
9OI3_4|Chains	7RA8_3|Chains	48.100	109	1.404E-22	88
9OI3_4|Chains	7UCG_6|Chains	39.600	111	3.459E-18	76
9OI3_4|Chains	6UKT_5|Chain	31.400	105	1.465E-09	51
9OI3_4|Chains	6UKT_3|Chain	32.300	98	1.320E-08	48
9OI3_4|Chains	8CYJ_4|Chain	32.400	111	1.320E-08	48
9OI3_4|Chains	6UKT_4|Chain	31.400	108	1.807E-08	48
9OI3_4|Chains	7KKL_2|Chains	33.000	103	8.666E-08	46
9OI3_4|Chains	7M74_7|Chain	31.400	105	4.149E-07	44
9OI3_4|Chains	7JHH_7|Chain	31.400	105	4.149E-07	44
9OI3_4|Chains	6UKT_6|Chain	31.400	108	1.061E-06	42
9OI3_4|Chains	8CYJ_2|Chain	28.400	109	3.701E-06	41
9OI3_4|Chains	8CYJ_3|Chain	31.900	93	2.888E-04	35
9OI3_4|Chains	7MY3_2|Chains	30.200	86	7.315E-04	34
9XGW_1|Chain	7WS5_3|Chains	82.600	127	6.580E-64	208
9XGW_1|Chain	6XDG_3|Chain	70.800	127	1.406E-54	181
9XGW_1|Chain	8CYJ_3|Chain	72.000	128	2.644E-54	180
9XGW_1|Chain	6XDG_4|Chain	72.600	127	4.974E-54	179
9XGW_1|Chain	7PC2_1|Chains	64.700	132	2.519E-50	169
9XGW_1|Chain	7M74_6|Chain	66.100	127	2.880E-48	163
9XGW_1|Chain	7JHH_6|Chain	66.100	127	2.880E-48	163
9XGW_1|Chain	7UDS_1|Chains	66.100	127	3.950E-48	162
9XGW_1|Chain	7L5J_3|Chains	63.700	127	9.304E-47	158
9XGW_1|Chain	6TYS_2|Chains	66.100	127	2.400E-46	157
9XGW_1|Chain	8CYJ_2|Chain	63.800	126	1.598E-45	155
9XGW_1|Chain	7KKL_2|Chains	62.900	127	3.764E-44	151
9XGW_1|Chain	6UKT_6|Chain	65.300	127	3.764E-44	151
9XGW_1|Chain	8CYJ_4|Chain	59.700	127	9.710E-44	150
9XGW_1|Chain	6UKT_4|Chain	60.600	127	4.713E-43	148
9XGW_1|Chain	7JHH_7|Chain	61.400	127	1.216E-42	147
9XGW_1|Chain	7M74_7|Chain	61.100	126	4.302E-42	145
9XGW_1|Chain	8CYJ_1|Chain	59.200	127	5.387E-41	142
9XGW_1|Chain	6PZZ_3|Chains	49.600	127	2.178E-38	134
9XGW_1|Chain	6OZC_4|Chains	54.700	126	2.178E-38	134
9XGW_1|Chain	6UKT_3|Chain	59.000	127	2.987E-38	134
9XGW_1|Chain	7DKJ_2|Chains	55.800	127	5.619E-38	133
9XGW_1|Chain	6XEY_2|Chains	50.000	127	2.489E-36	128
9XGW_1|Chain	6UKT_5|Chain	59.000	127	2.489E-36	128
9XGW_1|Chain	7RA8_2|Chains	47.200	127	2.271E-35	126
9XGW_1|Chain	7MFG_3|Chains	50.700	127	3.115E-35	125
9XGW_1|Chain	7MY3_2|Chains	52.700	127	1.511E-34	123
9XGW_1|Chain	7UCG_2|Chains	46.400	127	3.557E-33	119
9XGW_1|Chain	7LUC_2|Chains	45.600	127	4.878E-33	119
9XGW_1|Chain	6OPO_5|Chains	47.200	128	4.878E-33	119
9XGW_1|Chain	6OPQ_5|Chains	47.200	128	4.878E-33	119
9XGW_1|Chain	6X5B_5|Chains	47.200	128	4.878E-33	119
9XGW_1|Chain	6OPP_5|Chains	47.200	128	4.878E-33	119
9XGW_1|Chain	6VO1_3|Chains	46.800	127	1.148E-31	115
9XGW_1|Chain	6U59_4|Chains	51.500	124	2.159E-31	114
9XGW_1|Chain	8DZI_2|Chains	45.600	127	1.436E-30	112
9XGW_1|Chain	6DFH_3|Chains	46.300	130	2.700E-30	111
9XGW_1|Chain	7UCG_5|Chains	46.600	132	2.700E-30	111
9XGW_1|Chain	6V4N_2|Chains	46.800	127	5.077E-30	110
9XGW_1|Chain	7LUC_4|Chains	43.600	129	6.962E-30	110
9XGW_1|Chain	7WEC_1|Chains	44.800	126	2.462E-29	108
9XGW_1|Chain	7LG6_6|Chains	43.700	127	5.275E-27	102
9XGW_1|Chain	7PC2_5|Chains	41.200	127	1.360E-26	100
9XGW_1|Chain	7LL2_3|Chains	41.700	127	2.329E-25	97
9XGW_1|Chain	7LL1_3|Chains	36.300	127	2.329E-25	97
9XGW_1|Chain	7LG6_2|Chains	36.300	127	2.329E-25	97
9XGW_1|Chain	6NQD_3|Chains	36.500	132	9.633E-20	81
9MZE_1|Chain	6UKT_2|Chain	41.300	348	4.115E-73	248
9ZRY_2|Chain	7LG6_5|Chains	71.600	219	4.765E-102	323
9ZRY_2|Chain	6XDG_2|Chain	69.000	220	2.605E-99	315
9ZRY_2|Chain	6PZZ_2|Chains	69.000	220	2.365E-98	312
9ZRY_2|Chain	7LL1_4|Chains	66.600	219	2.673E-96	306
9ZRY_2|Chain	7LG6_3|Chains	66.600	219	2.673E-96	306
9ZRY_2|Chain	7JHH_5|Chain	68.100	220	1.292E-95	304
9ZRY_2|Chain	7PC2_2|Chains	68.700	220	3.326E-95	303
9ZRY_2|Chain	6OPQ_2|Chains	68.100	218	8.562E-95	302
9ZRY_2|Chain	6OPO_2|Chains	68.100	218	8.562E-95	302
9ZRY_2|Chain	6X5B_3|Chains	68.100	218	8.562E-95	302
9ZRY_2|Chain	6OPP_1|Chains	68.100	218	8.562E-95	302
9ZRY_2|Chain	6V4N_3|Chains	67.200	220	1.173E-94	302
9ZRY_2|Chain	6NQD_4|Chains	66.800	220	5.672E-94	300
9ZRY_2|Chain	7M74_5|Chain	68.000	216	2.742E-93	298
9ZRY_2|Chain	6OZC_3|Chains	65.700	219	7.057E-93	297
9ZRY_2|Chain	7UDS_2|Chains	66.800	217	2.051E-90	289
9ZRY_2|Chain	7LL2_4|Chains	65.600	220	3.851E-90	289
9ZRY_2|Chain	7U9G_2|Chains	64.000	218	1.145E-84	273
9ZRY_2|Chain	7PC2_6|Chains	60.900	220	1.291E-82	267
9ZRY_2|Chain	7L5J_2|Chains	55.000	216	1.845E-76	249
9ZRY_2|Chain	7UCG_6|Chains	61.900	211	3.463E-76	248
9ZRY_2|Chain	7LUC_3|Chains	74.300	113	8.824E-51	175
9ZRY_2|Chain	6DFH_4|Chains	42.000	217	1.331E-45	160
9ZRY_2|Chain	6VTT_3|Chain	39.900	218	1.635E-44	157
9ZRY_2|Chain	6XDG_5|Chain	39.500	217	1.072E-43	154
9ZRY_2|Chain	7UCG_3|Chains	39.200	217	7.716E-41	146
9ZRY_2|Chain	7DKJ_3|Chains	50.400	113	1.780E-31	119
9ZRY_2|Chain	6U59_3|Chains	52.100	113	3.319E-31	118
9ZRY_2|Chain	7LL2_3|Chains	28.500	212	3.600E-20	86
9ZRY_2|Chain	7RA8_3|Chains	46.500	110	4.896E-20	85
9ZRY_2|Chain	7UCG_2|Chains	27.300	213	5.644E-17	76
9ZBK_5|Chain	7M74_1|Chain	38.500	253	3.893E-44	161
9ZBK_5|Chain	7JHH_1|Chain	38.500	253	3.893E-44	161
22ZO_1|Chain	6KLX_1|Chains	46.000	482	3.391E-116	389
9ZRY_3|Chains	7LL1_1|Chains	83.500	473	9.884E-274	835
9ZRY_3|Chains	7LL2_1|Chains	83.500	473	9.884E-274	835
9ZRY_3|Chains	6OZC_1|Chains	83.100	474	1.111E-271	829
9ZRY_3|Chains	7PC2_3|Chains	83.100	474	1.111E-271	829
9ZRY_3|Chains	6VO1_1|Chains	82.500	474	1.248E-269	823
9ZRY_3|Chains	7LG6_1|Chains	82.500	474	1.248E-269	823
9ZRY_3|Chains	6OPQ_1|Chains	74.400	518	1.290E-263	805
9ZRY_3|Chains	6OPO_1|Chains	74.400	518	1.290E-263	805
9ZRY_3|Chains	6U59_1|Chains	74.400	518	1.290E-263	805
9ZRY_3|Chains	6X5B_1|Chains	74.400	518	1.290E-263	805
9ZRY_3|Chains	6OPP_3|Chains	74.400	518	1.290E-263	805
9ZRY_3|Chains	6DFH_1|Chains	80.000	474	2.422E-263	805
9ZRY_3|Chains	7UCG_4|Chains	72.900	505	1.225E-253	777
9ZRY_3|Chains	7L6O_1|Chains	77.100	467	1.542E-249	765
9ZRY_3|Chains	6VTT_1|Chains	75.100	465	7.655E-243	745
9ZRY_3|Chains	6NQD_1|Chains	73.000	477	1.456E-239	736
9XI7_1|Chains	6ZOY_1|Chains	96.900	1247	0.000E+00	2485
9XI7_1|Chains	6ZOZ_1|Chains	96.900	1247	0.000E+00	2485
9XI7_1|Chains	6ZP0_1|Chains	96.900	1247	0.000E+00	2483
9XI7_1|Chains	7UB6_1|Chains	96.500	1247	0.000E+00	2483
9XI7_1|Chains	7RA8_1|Chains	95.300	1247	0.000E+00	2458
9XI7_1|Chains	6XKL_1|Chains	95.300	1247	0.000E+00	2458
9XI7_1|Chains	7MY3_1|Chains	95.300	1247	0.000E+00	2458
9XI7_1|Chains	8DZI_1|Chains	95.300	1247	0.000E+00	2454
9XI7_1|Chains	8CSA_1|Chains	95.100	1247	0.000E+00	2446
9XI7_1|Chains	7KDJ_1|Chains	95.100	1247	0.000E+00	2446
9XI7_1|Chains	6VSB_1|Chains	95.000	1247	0.000E+00	2444
9XI7_1|Chains	7KKL_1|Chains	95.000	1247	0.000E+00	2444
9XI7_1|Chains	6XEY_1|Chains	95.000	1247	0.000E+00	2444
9XI7_1|Chains	6ZP5_1|Chains	95.000	1247	0.000E+00	2444
9XI7_1|Chains	6ZGF_1|Chains	95.300	1247	0.000E+00	2440
9XI7_1|Chains	7KE7_1|Chains	94.900	1247	0.000E+00	2440
9XI7_1|Chains	7KEC_1|Chains	94.900	1247	0.000E+00	2440
9XI7_1|Chains	7KEA_1|Chains	94.900	1247	0.000E+00	2440
9XI7_1|Chains	7KE9_1|Chains	94.900	1247	0.000E+00	2440
9XI7_1|Chains	7KEB_1|Chains	94.900	1247	0.000E+00	2440
9XI7_1|Chains	7EB0_1|Chains	95.800	1240	0.000E+00	2437
9XI7_1|Chains	7KDH_1|Chains	94.900	1247	0.000E+00	2437
9XI7_1|Chains	7YQT_1|Chains	98.600	1198	0.000E+00	2434
9XI7_1|Chains	7LYL_1|Chains	94.700	1247	0.000E+00	2434
9XI7_1|Chains	7LYM_1|Chains	94.700	1247	0.000E+00	2434
9XI7_1|Chains	6X29_1|Chains	94.900	1245	0.000E+00	2433
9XI7_1|Chains	7TPH_1|Chains	94.800	1247	0.000E+00	2430
9XI7_1|Chains	7TP7_1|Chains	94.800	1247	0.000E+00	2430
9XI7_1|Chains	7CN4_1|Chains	94.500	1247	0.000E+00	2423
9XI7_1|Chains	8CYJ_5|Chain	97.300	1198	0.000E+00	2397
9XI7_1|Chains	7WS5_1|Chains	97.400	1195	0.000E+00	2393
9XI7_1|Chains	7JJI_1|Chains	97.000	1198	0.000E+00	2393
9XI7_1|Chains	7KRS_1|Chains	97.200	1198	0.000E+00	2393
9XI7_1|Chains	7E7D_1|Chains	97.000	1200	0.000E+00	2391
9XI7_1|Chains	7WEC_3|Chains	97.100	1198	0.000E+00	2387
9XI7_1|Chains	7SBP_1|Chains	96.900	1198	0.000E+00	2385
9XI7_1|Chains	7SBL_1|Chains	97.000	1198	0.000E+00	2383
9XI7_1|Chains	7SBK_1|Chains	97.000	1198	0.000E+00	2383
9XI7_1|Chains	7SBS_1|Chains	96.800	1198	0.000E+00	2382
9XI7_1|Chains	7XO5_1|Chains	97.000	1195	0.000E+00	2380
9XI7_1|Chains	7N1T_1|Chains	96.800	1198	0.000E+00	2380
9XI7_1|Chains	7N1Q_1|Chains	96.800	1198	0.000E+00	2380
9XI7_1|Chains	7TLB_1|Chains	96.900	1195	0.000E+00	2378
9XI7_1|Chains	7TLA_1|Chains	96.900	1195	0.000E+00	2378
9XI7_1|Chains	7N1U_1|Chains	96.600	1198	0.000E+00	2368
9XI7_1|Chains	7Y42_1|Chains	97.100	1121	0.000E+00	2242
9XI7_1|Chains	7XU4_1|Chains	96.600	1127	0.000E+00	2237
9XI7_1|Chains	7XU5_1|Chains	96.600	1127	0.000E+00	2237
9XI7_1|Chains	7XU2_1|Chains	96.500	1127	0.000E+00	2235
9XI7_1|Chains	7X27_1|Chains	32.300	983	3.999E-135	461
9WMQ_2|Chain	7MFG_3|Chains	58.100	120	2.385E-39	137
9WMQ_2|Chain	6PZZ_3|Chains	57.000	121	2.385E-39	137
9WMQ_2|Chain	7RA8_2|Chains	53.100	126	7.717E-38	132
9WMQ_2|Chain	6XEY_2|Chains	54.900	122	2.732E-37	131
9WMQ_2|Chain	8DZI_2|Chains	50.800	120	1.327E-36	129
9WMQ_2|Chain	7LUC_2|Chains	52.000	121	8.838E-36	126
9WMQ_2|Chain	6TYS_2|Chains	50.000	120	2.859E-34	122
9WMQ_2|Chain	6OPO_5|Chains	48.400	128	3.921E-34	122
9WMQ_2|Chain	6OPQ_5|Chains	48.400	128	3.921E-34	122
9WMQ_2|Chain	6X5B_5|Chains	48.400	128	3.921E-34	122
9WMQ_2|Chain	6OPP_5|Chains	48.400	128	3.921E-34	122
9WMQ_2|Chain	6XDG_4|Chain	48.700	120	2.612E-33	119
9WMQ_2|Chain	7LUC_4|Chains	45.300	129	3.583E-33	119
9WMQ_2|Chain	6XDG_3|Chain	45.800	120	4.914E-33	119
9WMQ_2|Chain	7L5J_3|Chains	45.800	120	6.741E-33	118
9WMQ_2|Chain	7WEC_1|Chains	50.800	123	2.180E-31	114
9WMQ_2|Chain	8CYJ_3|Chain	43.700	128	2.732E-30	111
9WMQ_2|Chain	7UCG_2|Chains	47.500	123	2.732E-30	111
9WMQ_2|Chain	7WS5_3|Chains	42.200	123	8.831E-29	106
9WMQ_2|Chain	7UDS_1|Chains	42.100	121	1.211E-28	106
9WMQ_2|Chain	7M74_6|Chain	42.000	126	1.211E-28	106
9WMQ_2|Chain	7JHH_6|Chain	42.000	126	1.211E-28	106
9WMQ_2|Chain	6DFH_3|Chains	43.600	130	1.661E-28	106
9WMQ_2|Chain	7PC2_5|Chains	41.900	123	1.385E-26	100
9WMQ_2|Chain	7PC2_1|Chains	38.600	132	1.900E-26	100
9WMQ_2|Chain	7LL2_3|Chains	40.000	122	2.606E-26	99
9WMQ_2|Chain	8CYJ_2|Chain	39.800	123	4.475E-25	96
9WMQ_2|Chain	7LL1_3|Chains	42.500	127	4.475E-25	96
9WMQ_2|Chain	7LG6_2|Chains	42.500	127	4.475E-25	96
9WMQ_2|Chain	7JHH_7|Chain	42.100	121	1.154E-24	94
9WMQ_2|Chain	8CYJ_4|Chain	40.100	127	1.583E-24	94
9WMQ_2|Chain	7M74_7|Chain	41.600	120	4.084E-24	93
9WMQ_2|Chain	7KKL_2|Chains	41.100	120	4.084E-24	93
9WMQ_2|Chain	6UKT_4|Chain	39.500	124	1.445E-23	91
9WMQ_2|Chain	7DKJ_2|Chains	40.000	122	1.445E-23	91
9WMQ_2|Chain	6VO1_3|Chains	38.000	120	7.008E-23	89
9WMQ_2|Chain	6U59_4|Chains	42.600	119	1.807E-22	88
9WMQ_2|Chain	6UKT_6|Chain	39.200	124	4.661E-22	87
9WMQ_2|Chain	6UKT_3|Chain	40.000	120	8.765E-22	86
9WMQ_2|Chain	7LG6_6|Chains	36.800	121	1.202E-21	86
9WMQ_2|Chain	6OZC_4|Chains	34.400	122	2.825E-20	82
9WMQ_2|Chain	8CYJ_1|Chain	36.200	127	9.983E-20	80
9WMQ_2|Chain	7MY3_2|Chains	34.400	121	2.343E-18	76
9WMQ_2|Chain	6UKT_5|Chain	37.700	121	1.134E-17	74
9S3Q_1|Chains	7OCF_1|Chains	98.800	888	0.000E+00	1805
9S3Q_1|Chains	7OCF_2|Chains	73.200	823	0.000E+00	1279
9OSU_3|Chains	7WS5_3|Chains	73.200	127	6.537E-57	188
9OSU_3|Chains	6XDG_3|Chain	70.000	127	1.686E-56	186
9OSU_3|Chains	7UDS_1|Chains	67.700	127	1.283E-53	178
9OSU_3|Chains	6XDG_4|Chain	70.000	127	2.414E-53	177
9OSU_3|Chains	8CYJ_3|Chain	67.400	128	2.204E-52	175
9OSU_3|Chains	7M74_6|Chain	70.000	127	3.785E-51	171
9OSU_3|Chains	7JHH_6|Chain	70.000	127	3.785E-51	171
9OSU_3|Chains	6TYS_2|Chains	65.300	127	1.837E-50	169
9OSU_3|Chains	7PC2_1|Chains	63.400	132	1.677E-49	166
9OSU_3|Chains	7KKL_2|Chains	63.700	127	1.276E-46	158
9OSU_3|Chains	6UKT_4|Chain	62.900	127	1.750E-46	158
9OSU_3|Chains	7JHH_7|Chain	60.600	127	4.516E-46	156
9OSU_3|Chains	8CYJ_2|Chain	63.700	126	1.165E-45	155
9OSU_3|Chains	7M74_7|Chain	60.300	126	1.598E-45	155
9OSU_3|Chains	7L5J_3|Chains	60.600	127	4.123E-45	154
9OSU_3|Chains	8CYJ_4|Chain	60.700	127	2.744E-44	151
9OSU_3|Chains	7DKJ_2|Chains	58.100	127	1.216E-42	147
9OSU_3|Chains	6UKT_6|Chain	62.500	127	3.927E-41	142
9OSU_3|Chains	8CYJ_1|Chain	61.500	127	1.906E-40	140
9OSU_3|Chains	6UKT_3|Chain	59.800	127	9.250E-40	138
9OSU_3|Chains	6OZC_4|Chains	54.700	126	1.740E-39	138
9OSU_3|Chains	6PZZ_3|Chains	49.200	127	2.386E-39	137
9OSU_3|Chains	6XEY_2|Chains	48.800	127	4.489E-39	136
9OSU_3|Chains	8DZI_2|Chains	52.700	127	2.987E-38	134
9OSU_3|Chains	7MY3_2|Chains	56.600	127	4.097E-38	134
9OSU_3|Chains	7RA8_2|Chains	48.800	127	1.988E-37	132
9OSU_3|Chains	7LUC_2|Chains	44.800	127	9.647E-37	130
9OSU_3|Chains	7LUC_4|Chains	48.800	129	9.647E-37	130
9OSU_3|Chains	6UKT_5|Chain	56.600	127	1.207E-35	126
9OSU_3|Chains	7MFG_3|Chains	48.800	127	4.272E-35	125
9OSU_3|Chains	6U59_4|Chains	54.400	124	2.842E-34	123
9OSU_3|Chains	6OPO_5|Chains	47.600	128	1.891E-33	120
9OSU_3|Chains	6OPQ_5|Chains	47.600	128	1.891E-33	120
9OSU_3|Chains	6X5B_5|Chains	47.600	128	1.891E-33	120
9OSU_3|Chains	6OPP_5|Chains	47.600	128	1.891E-33	120
9OSU_3|Chains	6DFH_3|Chains	52.200	130	1.891E-33	120
9OSU_3|Chains	7UCG_5|Chains	47.000	132	3.557E-33	119
9OSU_3|Chains	7LG6_6|Chains	50.000	127	1.725E-32	117
9OSU_3|Chains	7UCG_2|Chains	46.800	127	3.245E-32	117
9OSU_3|Chains	7WEC_1|Chains	45.600	126	8.369E-32	115
9OSU_3|Chains	6VO1_3|Chains	47.600	127	5.567E-31	113
9OSU_3|Chains	6V4N_2|Chains	44.800	127	3.702E-30	111
9OSU_3|Chains	7PC2_5|Chains	39.600	127	1.194E-28	106
9OSU_3|Chains	7LL2_3|Chains	43.300	127	5.788E-28	104
9OSU_3|Chains	7LL1_3|Chains	37.800	127	3.506E-26	99
9OSU_3|Chains	7LG6_2|Chains	37.800	127	3.506E-26	99
9OSU_3|Chains	6NQD_3|Chains	35.800	132	1.642E-18	77
9OSU_3|Chains	6XEY_3|Chains	33.300	93	1.140E-06	43
9OSU_3|Chains	6TYS_3|Chains	32.100	87	8.613E-05	37
9O8D_1|Chains	5ZX5_1|Chains	58.100	1228	0.000E+00	1441
9O8D_1|Chains	6BWD_1|Chains	52.600	794	8.767E-254	816
9O8D_1|Chains	6O6A_1|Chains	28.900	1122	1.207E-134	461
9O8D_1|Chains	6O6R_1|Chains	28.900	1122	1.207E-134	461
9O8D_1|Chains	8E4N_1|Chains	28.100	1121	1.302E-129	446
9O8D_1|Chains	8E4M_1|Chains	28.100	1121	1.302E-129	446
9O8D_1|Chains	8E4L_1|Chains	28.100	1121	1.302E-129	446
9O8D_1|Chains	6NR3_1|Chains	28.200	1122	5.881E-124	428
9XGX_2|Chain	6OPQ_2|Chains	91.700	109	3.033E-65	211
9XGX_2|Chain	6OPO_2|Chains	91.700	109	3.033E-65	211
9XGX_2|Chain	6X5B_3|Chains	91.700	109	3.033E-65	211
9XGX_2|Chain	6OPP_1|Chains	91.700	109	3.033E-65	211
9XGX_2|Chain	7PC2_2|Chains	83.400	109	5.226E-57	187
9XGX_2|Chain	8DZI_3|Chains	84.500	109	4.367E-55	181
9XGX_2|Chain	7WEC_2|Chains	79.800	108	7.880E-51	169
9XGX_2|Chain	7MFG_4|Chains	76.300	109	2.334E-48	162
9XGX_2|Chain	7WS5_2|Chains	70.600	109	1.134E-47	160
9XGX_2|Chain	6VO1_4|Chains	65.100	109	1.786E-45	154
9XGX_2|Chain	6PZZ_2|Chains	66.900	109	1.634E-44	151
9XGX_2|Chain	6OZC_3|Chains	66.000	109	2.242E-44	151
9XGX_2|Chain	7LL1_4|Chains	63.300	109	7.942E-44	149
9XGX_2|Chain	7LG6_3|Chains	63.300	109	7.942E-44	149
9XGX_2|Chain	6XDG_2|Chain	64.200	109	2.051E-43	148
9XGX_2|Chain	7DKJ_3|Chains	61.400	109	4.845E-42	144
9XGX_2|Chain	7LUC_5|Chains	64.200	109	9.120E-42	143
9XGX_2|Chain	6V4N_3|Chains	63.300	109	8.345E-41	140
9XGX_2|Chain	6NQD_4|Chains	59.000	109	2.155E-40	139
9XGX_2|Chain	6TYS_3|Chains	60.500	109	4.057E-40	138
9XGX_2|Chain	7L5J_2|Chains	60.500	109	1.048E-39	137
9XGX_2|Chain	7LL2_4|Chains	61.900	110	1.315E-38	134
9XGX_2|Chain	7LUC_3|Chains	53.500	112	7.350E-36	126
9XGX_2|Chain	6U59_3|Chains	53.500	112	2.384E-34	122
9XGX_2|Chain	7RA8_3|Chains	50.400	112	1.023E-28	106
9XGX_2|Chain	6XEY_3|Chains	48.600	106	2.782E-25	96
9XGX_2|Chain	6UKT_3|Chain	33.600	101	7.912E-12	57
9XGX_2|Chain	7MFG_3|Chains	32.700	105	3.158E-09	49
9XGX_2|Chain	6UKT_5|Chain	31.800	108	3.158E-09	49
9XGX_2|Chain	6UKT_4|Chain	32.100	108	1.112E-08	48
9XGX_2|Chain	7KKL_2|Chains	34.500	106	2.857E-08	47
9XGX_2|Chain	7RA8_2|Chains	29.700	111	3.913E-08	46
9XGX_2|Chain	8CYJ_4|Chain	34.400	114	1.375E-07	45
9XGX_2|Chain	7M74_7|Chain	29.800	108	2.578E-07	44
9XGX_2|Chain	7JHH_7|Chain	29.800	108	2.578E-07	44
9XGX_2|Chain	6XEY_2|Chains	28.000	107	4.830E-07	43
9XGX_2|Chain	6TYS_2|Chains	31.400	105	1.694E-06	42
9XGX_2|Chain	8CYJ_2|Chain	30.300	112	2.317E-06	41
9XGX_2|Chain	7WEC_1|Chains	33.000	109	8.109E-06	40
9XGX_2|Chain	7LUC_2|Chains	28.100	106	1.516E-05	39
9XGX_2|Chain	7LUC_4|Chains	28.100	127	1.516E-05	39
